opportunity_id,sales_agent,product,account,deal_stage,engage_date,close_date,close_value,account_missing,is_closed
1C1I7A6R,Moses Frase,GTX Plus Basic,Cancity,Won,2016-10-20,2017-03-01,1054,FALSE,TRUE
Z063OYW0,Darcel Schlecht,GTX Pro,Isdom,Won,2016-10-25,2017-03-11,4514,FALSE,TRUE
EC4QE1BX,Darcel Schlecht,MG Special,Cancity,Won,2016-10-25,2017-03-07,50,FALSE,TRUE
MV1LWRNH,Moses Frase,GTX Basic,Codehow,Won,2016-10-25,2017-03-09,588,FALSE,TRUE
PE84CX4O,Zane Levy,GTX Basic,Hatfan,Won,2016-10-25,2017-03-02,517,FALSE,TRUE
ZNBS69V1,Anna Snelling,MG Special,Ron-tech,Won,2016-10-29,2017-03-01,49,FALSE,TRUE
9ME3374G,Vicki Laflamme,MG Special,J-Texon,Won,2016-10-30,2017-03-02,57,FALSE,TRUE
7GN8Q4LL,Markita Hansen,GTX Basic,Cheers,Won,2016-11-01,2017-03-07,601,FALSE,TRUE
OLK9LKZB,Niesha Huffines,GTX Plus Basic,Zumgoity,Won,2016-11-01,2017-03-03,1026,FALSE,TRUE
HAXMC4IX,James Ascencio,MG Advanced,Unknown Account,Engaging,2016-11-03,NA,NA,TRUE,FALSE
NL3JZH1Z,Anna Snelling,MG Special,Bioholding,Won,2016-11-04,2017-03-10,53,FALSE,TRUE
KWVA7VR1,Gladys Colclough,GTX Pro,Genco Pura Olive Oil Company,Lost,2016-11-04,2017-03-18,0,FALSE,TRUE
S8DX3XOU,James Ascencio,GTX Plus Pro,Sunnamplex,Won,2016-11-04,2017-03-10,5169,FALSE,TRUE
ENB2XD8G,Maureen Marcano,GTX Plus Pro,Sonron,Won,2016-11-04,2017-03-06,4631,FALSE,TRUE
09YE9QOV,Hayden Neloms,MG Advanced,Finjob,Won,2016-11-05,2017-03-11,3393,FALSE,TRUE
3F5MZNEH,Rosalina Dieter,MG Special,Sonron,Lost,2016-11-05,2017-03-03,0,FALSE,TRUE
M6WEJXC0,Rosalina Dieter,MG Advanced,Scotfind,Won,2016-11-05,2017-03-06,3284,FALSE,TRUE
6PTR7VBR,Versie Hillebrand,MG Special,Treequote,Won,2016-11-06,2017-03-05,61,FALSE,TRUE
902REDPA,Daniell Hammack,GTX Pro,Xx-zobam,Lost,2016-11-07,2017-03-09,0,FALSE,TRUE
5J9CMGDV,Elease Gluck,MG Special,Rantouch,Won,2016-11-07,2017-03-08,46,FALSE,TRUE
JJXRR8R6,James Ascencio,GTX Plus Pro,Fasehatice,Lost,2016-11-07,2017-03-17,0,FALSE,TRUE
WF4HA5NW,Moses Frase,MG Special,Ron-tech,Won,2016-11-07,2017-03-18,50,FALSE,TRUE
C5K2JP1H,Violet Mclelland,GTX Plus Basic,Vehement Capital Partners,Won,2016-11-07,2017-03-11,1014,FALSE,TRUE
ADRB8OMB,Darcel Schlecht,GTX Basic,Warephase,Won,2016-11-08,2017-03-26,561,FALSE,TRUE
SBCR987L,Kami Bicknell,GTX Basic,Zoomit,Won,2016-11-10,2017-03-23,590,FALSE,TRUE
UP409DSB,Maureen Marcano,MG Advanced,Ganjaflex,Engaging,2016-11-10,NA,NA,FALSE,FALSE
JSD4APT2,Versie Hillebrand,MG Special,Bioholding,Won,2016-11-10,2017-03-12,61,FALSE,TRUE
AO9Z2D17,Violet Mclelland,GTX Plus Pro,Xx-zobam,Lost,2016-11-10,2017-03-11,0,FALSE,TRUE
5M58DTJK,Elease Gluck,MG Special,Cheers,Won,2016-11-11,2017-03-05,58,FALSE,TRUE
KNY1OSAB,Maureen Marcano,GTX Pro,Labdrill,Won,2016-11-11,2017-03-14,4899,FALSE,TRUE
EAZDUUM9,Rosie Papadopoulos,MG Advanced,Zotware,Lost,2016-11-11,2017-03-01,0,FALSE,TRUE
2STUSOFE,Versie Hillebrand,MG Special,dambase,Won,2016-11-11,2017-03-03,67,FALSE,TRUE
JYKM0B00,James Ascencio,GTX Pro,Xx-holding,Won,2016-11-12,2017-03-06,4338,FALSE,TRUE
KU28360J,Kary Hendrixson,GTX Basic,Fasehatice,Won,2016-11-12,2017-03-19,578,FALSE,TRUE
N4SD17JR,Reed Clapper,GTX Basic,Acme Corporation,Won,2016-11-12,2017-03-01,556,FALSE,TRUE
E67P9Y3Q,Rosalina Dieter,GTX Basic,Green-Plus,Won,2016-11-12,2017-03-03,635,FALSE,TRUE
AT3MMVIS,Wilburn Farren,MG Advanced,The New York Inquirer,Won,2016-11-12,2017-03-07,3045,FALSE,TRUE
REJ11LRY,Garret Kinder,GTX Plus Basic,Mathtouch,Won,2016-11-13,2017-03-14,1233,FALSE,TRUE
ERV0CAZ7,Versie Hillebrand,MG Special,Zumgoity,Won,2016-11-13,2017-03-09,60,FALSE,TRUE
8SOQADK7,Anna Snelling,MG Special,Gogozoom,Lost,2016-11-14,2017-03-30,0,FALSE,TRUE
TCHFT25B,Darcel Schlecht,GTX Basic,Stanredtax,Lost,2016-11-14,2017-03-08,0,FALSE,TRUE
CZVN09WN,Darcel Schlecht,GTX Plus Basic,Konmatfix,Won,2016-11-14,2017-03-20,1170,FALSE,TRUE
EG7OFLFR,Kami Bicknell,GTX Basic,Unknown Account,Engaging,2016-11-14,NA,NA,TRUE,FALSE
30UQWUKB,Marty Freudenburg,GTX Plus Basic,Genco Pura Olive Oil Company,Won,2016-11-15,2017-03-20,1162,FALSE,TRUE
OLVI7L8M,Cassey Cress,GTX Pro,Unknown Account,Engaging,2016-11-16,NA,NA,TRUE,FALSE
97UN20YY,Darcel Schlecht,MG Advanced,Conecom,Won,2016-11-16,2017-03-14,3725,FALSE,TRUE
JXLERZ9O,Kary Hendrixson,GTX Basic,Golddex,Won,2016-11-16,2017-03-31,559,FALSE,TRUE
6ROE69W5,Rosalina Dieter,GTX Basic,Plexzap,Lost,2016-11-16,2017-03-11,0,FALSE,TRUE
0DFXFKT7,Darcel Schlecht,GTX Plus Basic,Rundofase,Lost,2016-11-17,2017-03-21,0,FALSE,TRUE
XKMZVSN4,James Ascencio,GTX Plus Pro,Sonron,Won,2016-11-17,2017-03-05,4667,FALSE,TRUE
IU8V0BZK,Marty Freudenburg,GTX Plus Basic,Finhigh,Won,2016-11-17,2017-03-17,903,FALSE,TRUE
XY42936P,Maureen Marcano,GTX Plus Basic,Finjob,Won,2016-11-17,2017-03-13,1180,FALSE,TRUE
XRN54MBM,Niesha Huffines,GTX Basic,Ron-tech,Won,2016-11-17,2017-03-05,487,FALSE,TRUE
2V848WZD,Lajuana Vencill,MG Advanced,Stanredtax,Won,2016-11-18,2017-03-04,3180,FALSE,TRUE
ONYNTUCG,Darcel Schlecht,GTX Pro,Funholding,Lost,2016-11-19,2017-03-17,0,FALSE,TRUE
HIOHX80Y,Darcel Schlecht,MG Advanced,Gogozoom,Won,2016-11-19,2017-03-18,3563,FALSE,TRUE
F5U1ACDD,Kami Bicknell,GTX Plus Basic,Unknown Account,Engaging,2016-11-19,NA,NA,TRUE,FALSE
LPKT07PV,Boris Faz,GTX Pro,Opentech,Won,2016-11-20,2017-03-23,4704,FALSE,TRUE
WPB2SLIG,Donn Cantrell,GTX Plus Pro,Silis,Won,2016-11-20,2017-03-14,5585,FALSE,TRUE
XUSUEAV7,Elease Gluck,GTK 500,Zoomit,Won,2016-11-20,2017-03-09,25897,FALSE,TRUE
ZZY4516R,Hayden Neloms,MG Advanced,Unknown Account,Engaging,2016-11-20,NA,NA,TRUE,FALSE
3TYPII47,Kami Bicknell,GTX Plus Basic,Goodsilron,Won,2016-11-20,2017-03-03,1207,FALSE,TRUE
7WAX8Z8O,Lajuana Vencill,MG Advanced,Cancity,Lost,2016-11-20,2017-03-08,0,FALSE,TRUE
MYDUMR3R,Lajuana Vencill,GTX Basic,Rangreen,Won,2016-11-20,2017-03-04,559,FALSE,TRUE
0DRC1U9Q,Maureen Marcano,GTX Basic,Green-Plus,Engaging,2016-11-20,NA,NA,FALSE,FALSE
37JFKD4I,Niesha Huffines,GTX Plus Basic,dambase,Won,2016-11-20,2017-03-09,1033,FALSE,TRUE
25YKPHX8,Donn Cantrell,GTX Basic,Kan-code,Won,2016-11-21,2017-03-21,462,FALSE,TRUE
BXXMA7F3,Hayden Neloms,MG Advanced,Nam-zim,Lost,2016-11-21,2017-03-01,0,FALSE,TRUE
GIUUTBXM,Kary Hendrixson,GTX Pro,Y-corporation,Won,2016-11-21,2017-03-14,5539,FALSE,TRUE
MFX2LR1Q,Lajuana Vencill,MG Advanced,Ron-tech,Won,2016-11-21,2017-03-15,3573,FALSE,TRUE
DUHE9FLY,Marty Freudenburg,GTX Pro,Conecom,Won,2016-11-21,2017-03-01,4926,FALSE,TRUE
96BSG7R1,Zane Levy,GTX Plus Basic,Sunnamplex,Lost,2016-11-21,2017-03-17,0,FALSE,TRUE
7FQMSWIX,Corliss Cosme,MG Special,Bioplex,Won,2016-11-22,2017-03-04,62,FALSE,TRUE
C20AVXN7,Darcel Schlecht,GTX Pro,Gogozoom,Won,2016-11-22,2017-03-14,4359,FALSE,TRUE
GS1QVWCR,Kami Bicknell,GTX Basic,Plusstrip,Won,2016-11-22,2017-03-31,566,FALSE,TRUE
ZWH8FXY3,Marty Freudenburg,GTX Basic,Toughzap,Won,2016-11-22,2017-03-03,508,FALSE,TRUE
2U94Y3Q9,Rosie Papadopoulos,MG Advanced,Vehement Capital Partners,Lost,2016-11-22,2017-03-20,0,FALSE,TRUE
AAR79NOO,Versie Hillebrand,MG Special,Codehow,Won,2016-11-22,2017-03-11,51,FALSE,TRUE
B6B0PNR2,Vicki Laflamme,GTX Pro,Dalttechnology,Won,2016-11-22,2017-03-05,4899,FALSE,TRUE
M7I5O9YU,Corliss Cosme,GTX Basic,Cheers,Engaging,2016-11-23,NA,NA,FALSE,FALSE
LXZA2OSZ,Corliss Cosme,GTX Plus Pro,Ontomedia,Won,2016-11-23,2017-03-03,5790,FALSE,TRUE
N0ONCYVZ,Donn Cantrell,MG Special,Kinnamplus,Lost,2016-11-23,2017-03-30,0,FALSE,TRUE
GYB4W2AU,Elease Gluck,MG Advanced,Unknown Account,Engaging,2016-11-23,NA,NA,TRUE,FALSE
513DPFX5,Gladys Colclough,GTX Pro,Codehow,Won,2016-11-23,2017-03-03,4438,FALSE,TRUE
RU023K5W,Gladys Colclough,MG Advanced,Finhigh,Won,2016-11-23,2017-03-17,2972,FALSE,TRUE
VDIU10RV,Markita Hansen,MG Special,Lexiqvolax,Engaging,2016-11-23,NA,NA,FALSE,FALSE
BZCBQ514,Markita Hansen,GTX Basic,Y-corporation,Won,2016-11-23,2017-03-01,523,FALSE,TRUE
HEE6P0QH,Anna Snelling,MG Advanced,Statholdings,Won,2016-11-24,2017-03-25,3647,FALSE,TRUE
L8CHRJ2B,Cassey Cress,MG Advanced,Umbrella Corporation,Won,2016-11-24,2017-03-01,4200,FALSE,TRUE
579LZ3F9,Daniell Hammack,GTX Plus Basic,J-Texon,Engaging,2016-11-24,NA,NA,FALSE,FALSE
SU8JNMP4,Kami Bicknell,GTX Plus Basic,Bubba Gump,Engaging,2016-11-24,NA,NA,FALSE,FALSE
V2X2KMUR,Kami Bicknell,GTX Plus Basic,Faxquote,Won,2016-11-24,2017-03-28,1059,FALSE,TRUE
AJIPJP75,Marty Freudenburg,GTX Plus Basic,Codehow,Lost,2016-11-24,2017-03-05,0,FALSE,TRUE
NYVA2G6U,Versie Hillebrand,MG Special,Dontechi,Won,2016-11-24,2017-03-02,57,FALSE,TRUE
FF45BXTL,Vicki Laflamme,MG Advanced,Konex,Won,2016-11-24,2017-03-27,3671,FALSE,TRUE
TTA9LYBS,Anna Snelling,MG Special,Treequote,Won,2016-11-25,2017-03-01,58,FALSE,TRUE
PAGZQH8L,Cecily Lampkin,MG Advanced,Treequote,Won,2016-11-25,2017-03-06,3956,FALSE,TRUE
J7YF6DS7,Corliss Cosme,GTX Plus Pro,Betasoloin,Won,2016-11-25,2017-03-01,5964,FALSE,TRUE
S5IXY4Z9,Corliss Cosme,GTX Pro,Betasoloin,Won,2016-11-25,2017-03-06,4570,FALSE,TRUE
JQBJMETQ,Darcel Schlecht,MG Special,Domzoom,Won,2016-11-25,2017-03-27,49,FALSE,TRUE
0LVWSWEW,Violet Mclelland,MG Special,Donquadtech,Won,2016-11-25,2017-03-06,65,FALSE,TRUE
K53BC1T9,Anna Snelling,MG Special,Domzoom,Lost,2016-11-26,2017-03-27,0,FALSE,TRUE
D40N5I9Y,Darcel Schlecht,GTX Pro,Finhigh,Won,2016-11-26,2017-03-08,4739,FALSE,TRUE
051QTX8Z,Niesha Huffines,GTX Plus Basic,Globex Corporation,Won,2016-11-26,2017-03-21,1080,FALSE,TRUE
5D2XH04S,Reed Clapper,MG Special,Plussunin,Won,2016-11-26,2017-03-12,57,FALSE,TRUE
V9E582SK,Garret Kinder,GTX Basic,Konex,Won,2016-11-27,2017-03-16,469,FALSE,TRUE
UK0LEZRJ,Kary Hendrixson,GTX Basic,Condax,Won,2016-11-27,2017-03-03,532,FALSE,TRUE
PFFHM7HR,Markita Hansen,MG Advanced,Opentech,Engaging,2016-11-27,NA,NA,FALSE,FALSE
IT10CFQH,Rosalina Dieter,GTX Basic,Konex,Won,2016-11-27,2017-03-26,538,FALSE,TRUE
8VKD2CCH,Rosie Papadopoulos,GTX Pro,Massive Dynamic,Won,2016-11-27,2017-03-21,4829,FALSE,TRUE
2XQAKBXH,Zane Levy,GTX Plus Pro,Doncon,Won,2016-11-27,2017-03-11,5370,FALSE,TRUE
7G7YLGJO,Zane Levy,GTX Plus Pro,Hatfan,Won,2016-11-27,2017-03-21,6499,FALSE,TRUE
GCA97W27,Darcel Schlecht,GTX Plus Basic,Genco Pura Olive Oil Company,Won,2016-11-28,2017-03-06,1161,FALSE,TRUE
K8FUZHOG,Kary Hendrixson,GTX Basic,Scotfind,Won,2016-11-28,2017-03-26,576,FALSE,TRUE
5WJZMULK,Maureen Marcano,GTX Plus Basic,Hatfan,Won,2016-11-28,2017-03-19,979,FALSE,TRUE
ZPYD4T9W,Versie Hillebrand,MG Special,Stanredtax,Won,2016-11-28,2017-03-07,43,FALSE,TRUE
KE9ZEDS8,Gladys Colclough,MG Special,Scottech,Won,2016-11-29,2017-03-07,57,FALSE,TRUE
7KK0HQ4C,Lajuana Vencill,MG Special,Ron-tech,Lost,2016-11-29,2017-03-28,0,FALSE,TRUE
FP7014Z0,Lajuana Vencill,GTX Plus Basic,Funholding,Won,2016-11-29,2017-03-12,948,FALSE,TRUE
N4HFHDMW,Wilburn Farren,MG Advanced,Plussunin,Won,2016-11-29,2017-03-10,3012,FALSE,TRUE
2HFLKREC,Cassey Cress,MG Advanced,Zotware,Won,2016-11-30,2017-03-15,3665,FALSE,TRUE
7JVTTVCO,Violet Mclelland,GTX Basic,Gekko & Co,Won,2016-11-30,2017-03-24,564,FALSE,TRUE
3X13866U,Anna Snelling,GTX Plus Basic,dambase,Lost,2016-12-01,2017-03-06,0,FALSE,TRUE
7LE19SYE,Cassey Cress,MG Advanced,Initech,Won,2016-12-01,2017-03-22,3463,FALSE,TRUE
J5V2M7Y1,Corliss Cosme,GTX Basic,Gekko & Co,Won,2016-12-01,2017-03-26,513,FALSE,TRUE
41MURAI5,Corliss Cosme,GTX Basic,Konex,Won,2016-12-01,2017-03-28,590,FALSE,TRUE
QHI8WRIA,Darcel Schlecht,GTX Pro,Dontechi,Won,2016-12-01,2017-03-30,4511,FALSE,TRUE
AJXAXV4W,Lajuana Vencill,MG Advanced,Finhigh,Lost,2016-12-01,2017-03-02,0,FALSE,TRUE
VPDXX5PJ,Niesha Huffines,GTX Basic,Cancity,Won,2016-12-01,2017-03-26,546,FALSE,TRUE
PZB9NUK8,Vicki Laflamme,MG Special,Y-corporation,Won,2016-12-01,2017-03-05,46,FALSE,TRUE
A0ANOYPF,Darcel Schlecht,GTX Pro,Ron-tech,Won,2016-12-02,2017-03-09,4891,FALSE,TRUE
0P4AAPYX,Hayden Neloms,GTX Plus Basic,Golddex,Won,2016-12-02,2017-03-03,1040,FALSE,TRUE
O6T5WC3W,Hayden Neloms,GTX Plus Basic,Sonron,Won,2016-12-02,2017-03-04,1108,FALSE,TRUE
0NO04P6C,Hayden Neloms,MG Special,Nam-zim,Won,2016-12-02,2017-03-04,59,FALSE,TRUE
22OFSXBT,Jonathan Berthelot,GTX Pro,Statholdings,Won,2016-12-02,2017-03-30,5406,FALSE,TRUE
MRXZTMM6,Kary Hendrixson,GTX Basic,Cheers,Won,2016-12-02,2017-03-20,515,FALSE,TRUE
LGI8QEC2,Moses Frase,GTX Basic,Treequote,Won,2016-12-02,2017-03-06,583,FALSE,TRUE
6KZ0NCFX,Versie Hillebrand,MG Special,Funholding,Won,2016-12-02,2017-03-14,54,FALSE,TRUE
3SF8O9S6,Vicki Laflamme,MG Special,Plusstrip,Won,2016-12-02,2017-03-27,60,FALSE,TRUE
CNM0H9FR,Zane Levy,GTX Basic,Unknown Account,Engaging,2016-12-02,NA,NA,TRUE,FALSE
XK668R7C,Darcel Schlecht,GTX Basic,Dontechi,Lost,2016-12-03,2017-03-12,0,FALSE,TRUE
TZCAQWL3,Darcel Schlecht,GTX Pro,Funholding,Lost,2016-12-03,2017-03-19,0,FALSE,TRUE
BADC6A9H,Darcel Schlecht,GTX Basic,Globex Corporation,Won,2016-12-03,2017-03-23,516,FALSE,TRUE
B8E0UUZR,Darcel Schlecht,GTX Pro,Rangreen,Won,2016-12-03,2017-03-22,4829,FALSE,TRUE
I043RXJV,Moses Frase,GTX Plus Basic,Dontechi,Lost,2016-12-03,2017-03-17,0,FALSE,TRUE
MWWB44CC,Reed Clapper,GTX Plus Basic,Donquadtech,Won,2016-12-03,2017-03-02,950,FALSE,TRUE
HBTINPDG,Vicki Laflamme,GTX Plus Basic,Xx-holding,Lost,2016-12-03,2017-03-09,0,FALSE,TRUE
DZ3KHZSX,Corliss Cosme,GTX Basic,Initech,Won,2016-12-04,2017-03-20,513,FALSE,TRUE
3W1K7X5F,Darcel Schlecht,GTX Pro,Condax,Lost,2016-12-04,2017-03-09,0,FALSE,TRUE
45A57X68,Darcel Schlecht,GTX Plus Pro,Ron-tech,Won,2016-12-04,2017-03-12,5522,FALSE,TRUE
9SLYC4TR,Gladys Colclough,MG Special,Cancity,Won,2016-12-04,2017-03-09,56,FALSE,TRUE
JLWKWQYC,James Ascencio,GTX Pro,Doncon,Won,2016-12-04,2017-03-08,5673,FALSE,TRUE
7QC6FOKW,Kami Bicknell,GTX Basic,Xx-holding,Won,2016-12-04,2017-03-10,598,FALSE,TRUE
XA184CMW,Marty Freudenburg,GTX Plus Pro,Rangreen,Won,2016-12-04,2017-03-16,5787,FALSE,TRUE
S0N7BYU3,Maureen Marcano,GTX Plus Basic,Singletechno,Won,2016-12-04,2017-03-08,1070,FALSE,TRUE
6WOMHAJM,Boris Faz,MG Advanced,Donquadtech,Won,2016-12-05,2017-03-14,3677,FALSE,TRUE
G1QGATKV,Cassey Cress,GTX Plus Pro,Ontomedia,Won,2016-12-05,2017-03-30,5425,FALSE,TRUE
UAE5ZC7O,Daniell Hammack,GTX Plus Pro,Unknown Account,Engaging,2016-12-05,NA,NA,TRUE,FALSE
6XFVQI32,Donn Cantrell,MG Advanced,Yearin,Won,2016-12-05,2017-03-23,3415,FALSE,TRUE
JUCNIG4H,James Ascencio,GTX Basic,Unknown Account,Engaging,2016-12-05,NA,NA,TRUE,FALSE
OGD4MDJ9,Maureen Marcano,GTX Plus Basic,Lexiqvolax,Won,2016-12-05,2017-03-21,891,FALSE,TRUE
4NGBUZWJ,Lajuana Vencill,GTX Basic,Codehow,Won,2016-12-06,2017-03-12,609,FALSE,TRUE
EFG5DGV5,Markita Hansen,MG Special,Plusstrip,Won,2016-12-06,2017-03-16,54,FALSE,TRUE
82MM4H33,Zane Levy,GTX Plus Basic,Labdrill,Won,2016-12-06,2017-03-09,1049,FALSE,TRUE
14PM641K,Cassey Cress,GTX Plus Basic,Gekko & Co,Won,2016-12-07,2017-03-07,1152,FALSE,TRUE
DSBGHOPN,Daniell Hammack,MG Special,Plussunin,Lost,2016-12-07,2017-03-20,0,FALSE,TRUE
1YSOZLHF,Daniell Hammack,GTX Pro,Umbrella Corporation,Won,2016-12-07,2017-03-28,4799,FALSE,TRUE
E8RP9FRW,Gladys Colclough,MG Special,dambase,Won,2016-12-07,2017-03-12,51,FALSE,TRUE
787IRG9Q,Hayden Neloms,MG Advanced,J-Texon,Won,2016-12-07,2017-03-03,3426,FALSE,TRUE
0TUS4NAC,Jonathan Berthelot,MG Special,Rangreen,Won,2016-12-07,2017-03-11,51,FALSE,TRUE
FAJTQMUM,Kami Bicknell,GTX Basic,Finjob,Won,2016-12-07,2017-03-20,564,FALSE,TRUE
TWF0J0DF,Cecily Lampkin,GTX Plus Pro,Isdom,Won,2016-12-08,2017-03-01,5882,FALSE,TRUE
ICMXZOVL,Daniell Hammack,GTX Pro,Stanredtax,Engaging,2016-12-08,NA,NA,FALSE,FALSE
UQ14O415,Donn Cantrell,GTX Pro,Plussunin,Won,2016-12-08,2017-03-20,5059,FALSE,TRUE
IBEUTCSW,James Ascencio,MG Advanced,Unknown Account,Engaging,2016-12-08,NA,NA,TRUE,FALSE
O3KC8QI8,Kami Bicknell,GTX Plus Basic,Unknown Account,Engaging,2016-12-08,NA,NA,TRUE,FALSE
BOJSLNDG,Kami Bicknell,MG Advanced,Singletechno,Won,2016-12-08,2017-03-11,3388,FALSE,TRUE
WALNFJ70,Kary Hendrixson,GTX Plus Pro,Unknown Account,Engaging,2016-12-08,NA,NA,TRUE,FALSE
DASMR0EK,Markita Hansen,GTX Plus Pro,Zoomit,Won,2016-12-08,2017-03-10,5410,FALSE,TRUE
A76M0OOH,Reed Clapper,GTX Plus Basic,Zathunicon,Won,2016-12-08,2017-03-28,978,FALSE,TRUE
E1VKE2PH,Vicki Laflamme,MG Special,Scotfind,Won,2016-12-08,2017-03-26,54,FALSE,TRUE
SKY95DVG,Anna Snelling,MG Special,Betatech,Lost,2016-12-09,2017-03-22,0,FALSE,TRUE
V5OK4V5I,Cassey Cress,GTX Basic,Bubba Gump,Won,2016-12-09,2017-03-14,549,FALSE,TRUE
GJ4L5HHN,Corliss Cosme,GTX Plus Basic,Mathtouch,Won,2016-12-09,2017-03-14,1034,FALSE,TRUE
9R8JWY3J,Donn Cantrell,GTX Pro,Vehement Capital Partners,Won,2016-12-09,2017-03-03,4998,FALSE,TRUE
0EOFVU05,Donn Cantrell,MG Advanced,Ontomedia,Won,2016-12-09,2017-03-28,3421,FALSE,TRUE
HNHOPL7M,Kary Hendrixson,GTX Plus Pro,Doncon,Won,2016-12-09,2017-03-04,5425,FALSE,TRUE
Y0NYI17R,Vicki Laflamme,MG Special,Dalttechnology,Won,2016-12-09,2017-03-15,55,FALSE,TRUE
R4F4RGAL,Violet Mclelland,MG Advanced,Silis,Won,2016-12-09,2017-03-14,3558,FALSE,TRUE
MNVMY83P,Cassey Cress,GTX Pro,Plussunin,Engaging,2016-12-10,NA,NA,FALSE,FALSE
0ZHLQFGU,Kami Bicknell,GTX Pro,Blackzim,Won,2016-12-10,2017-03-22,4839,FALSE,TRUE
40DPY158,Markita Hansen,MG Special,Hottechi,Won,2016-12-10,2017-03-25,47,FALSE,TRUE
DP9E525R,Maureen Marcano,GTX Plus Basic,Fasehatice,Won,2016-12-10,2017-03-24,1007,FALSE,TRUE
DBDUMQQK,Niesha Huffines,MG Special,Inity,Won,2016-12-10,2017-03-24,48,FALSE,TRUE
CNBN12RL,Versie Hillebrand,MG Special,Treequote,Won,2016-12-10,2017-03-07,49,FALSE,TRUE
OXL0YWEE,Violet Mclelland,GTX Basic,Mathtouch,Won,2016-12-10,2017-03-18,504,FALSE,TRUE
ZOBJHMAF,Cassey Cress,MG Advanced,Unknown Account,Engaging,2016-12-11,NA,NA,TRUE,FALSE
KD6MB4AP,Elease Gluck,MG Special,Unknown Account,Engaging,2016-12-11,NA,NA,TRUE,FALSE
5CSSZJF4,Jonathan Berthelot,GTX Basic,Finhigh,Won,2016-12-11,2017-03-21,543,FALSE,TRUE
0XG8TOJF,Kary Hendrixson,GTX Plus Pro,Fasehatice,Lost,2016-12-11,2017-03-18,0,FALSE,TRUE
IIS0O91J,Kary Hendrixson,GTX Pro,Fasehatice,Won,2016-12-11,2017-03-28,5149,FALSE,TRUE
2LP5SUR5,Lajuana Vencill,GTX Basic,Treequote,Lost,2016-12-11,2017-03-09,0,FALSE,TRUE
PYZZ3IS6,Markita Hansen,GTX Plus Basic,Blackzim,Won,2016-12-11,2017-03-11,1043,FALSE,TRUE
5I4K5TQE,Cassey Cress,GTX Plus Pro,Sumace,Lost,2016-12-12,2017-03-09,0,FALSE,TRUE
RV3LPOYP,James Ascencio,GTX Basic,Condax,Won,2016-12-12,2017-03-29,437,FALSE,TRUE
A194RP0I,Rosalina Dieter,MG Advanced,Unknown Account,Engaging,2016-12-12,NA,NA,TRUE,FALSE
1HVNTEPV,Rosie Papadopoulos,GTX Pro,Kinnamplus,Won,2016-12-12,2017-03-11,4465,FALSE,TRUE
LC85AQ1I,Vicki Laflamme,GTX Basic,Konex,Won,2016-12-12,2017-03-18,443,FALSE,TRUE
TBV972NP,Violet Mclelland,MG Special,Sumace,Lost,2016-12-12,2017-03-23,0,FALSE,TRUE
EJMX0EIJ,Darcel Schlecht,GTX Plus Pro,Betatech,Won,2016-12-13,2017-03-20,4278,FALSE,TRUE
VR9NYBOV,Garret Kinder,MG Special,Kinnamplus,Won,2016-12-13,2017-03-06,41,FALSE,TRUE
3U25FK08,Jonathan Berthelot,GTX Basic,Isdom,Won,2016-12-13,2017-03-28,519,FALSE,TRUE
KV2OFRJT,Kami Bicknell,GTX Pro,Unknown Account,Engaging,2016-12-13,NA,NA,TRUE,FALSE
CRLK4Z1P,Maureen Marcano,GTX Basic,Kan-code,Won,2016-12-13,2017-03-04,524,FALSE,TRUE
OGENAT0L,Zane Levy,GTX Basic,Singletechno,Won,2016-12-13,2017-03-27,552,FALSE,TRUE
F57JWIDF,Gladys Colclough,GTX Plus Basic,Konmatfix,Won,2016-12-14,2017-03-02,970,FALSE,TRUE
ERFRHR3Z,Hayden Neloms,MG Advanced,Unknown Account,Engaging,2016-12-14,NA,NA,TRUE,FALSE
J53D8EOL,Kary Hendrixson,GTX Plus Basic,Hottechi,Engaging,2016-12-14,NA,NA,FALSE,FALSE
LF8JZ3Q5,Kary Hendrixson,GTX Plus Basic,Hatfan,Won,2016-12-14,2017-03-13,1046,FALSE,TRUE
MRGBSMQ5,Kary Hendrixson,GTX Plus Basic,Sunnamplex,Won,2016-12-14,2017-03-14,988,FALSE,TRUE
CBAV8ZJL,Lajuana Vencill,GTX Basic,Codehow,Won,2016-12-14,2017-03-22,547,FALSE,TRUE
J32XDDAW,Markita Hansen,GTX Basic,Unknown Account,Engaging,2016-12-14,NA,NA,TRUE,FALSE
NN4DWBVN,Maureen Marcano,GTX Pro,Singletechno,Lost,2016-12-14,2017-03-04,0,FALSE,TRUE
6JXHEZYK,Versie Hillebrand,MG Special,Isdom,Won,2016-12-14,2017-03-31,54,FALSE,TRUE
WDHNR2EI,Violet Mclelland,MG Special,Silis,Won,2016-12-14,2017-03-20,57,FALSE,TRUE
4K750D6F,Violet Mclelland,MG Special,Yearin,Won,2016-12-14,2017-03-18,55,FALSE,TRUE
94GI0ZJ7,Anna Snelling,GTX Plus Pro,Stanredtax,Won,2016-12-15,2017-03-15,5765,FALSE,TRUE
TODG6DEK,Daniell Hammack,GTX Basic,Bioplex,Won,2016-12-15,2017-03-16,639,FALSE,TRUE
G0ECB8FS,Kary Hendrixson,GTX Pro,Labdrill,Won,2016-12-15,2017-03-15,5100,FALSE,TRUE
1ZDDZD8B,Markita Hansen,MG Special,Unknown Account,Engaging,2016-12-15,NA,NA,TRUE,FALSE
96MZYUY0,Vicki Laflamme,GTX Pro,Fasehatice,Won,2016-12-15,2017-03-07,4906,FALSE,TRUE
EZVKSQ9C,Boris Faz,GTX Plus Pro,Genco Pura Olive Oil Company,Engaging,2016-12-16,NA,NA,FALSE,FALSE
RJYG004O,Daniell Hammack,GTX Basic,Domzoom,Engaging,2016-12-16,NA,NA,FALSE,FALSE
JZOKHHWN,Donn Cantrell,GTX Plus Basic,Opentech,Won,2016-12-16,2017-03-07,1037,FALSE,TRUE
EH6I67I0,James Ascencio,GTX Basic,Plexzap,Won,2016-12-16,2017-03-15,537,FALSE,TRUE
JUUXF02Z,Kary Hendrixson,GTX Pro,Hatfan,Won,2016-12-16,2017-03-09,4694,FALSE,TRUE
OT87JDWO,Lajuana Vencill,GTX Basic,Konmatfix,Won,2016-12-16,2017-03-24,560,FALSE,TRUE
YHKT6YJ7,Moses Frase,GTX Basic,dambase,Won,2016-12-16,2017-03-13,589,FALSE,TRUE
H78I3TAY,Reed Clapper,GTX Basic,Mathtouch,Won,2016-12-16,2017-03-14,493,FALSE,TRUE
1ROC43JK,Versie Hillebrand,MG Special,Betatech,Won,2016-12-16,2017-03-08,50,FALSE,TRUE
LPZLQL48,Vicki Laflamme,GTX Basic,Y-corporation,Won,2016-12-16,2017-03-28,492,FALSE,TRUE
PYOFK7ZD,Cassey Cress,GTX Basic,Unknown Account,Engaging,2016-12-17,NA,NA,TRUE,FALSE
DWUXMAGZ,Corliss Cosme,GTX Plus Pro,Unknown Account,Engaging,2016-12-17,NA,NA,TRUE,FALSE
3KR50X38,Corliss Cosme,GTX Plus Basic,Konex,Won,2016-12-17,2017-03-13,1255,FALSE,TRUE
Q3WLHRE9,Darcel Schlecht,GTX Basic,Statholdings,Won,2016-12-17,2017-03-04,463,FALSE,TRUE
IX7UEOAP,Donn Cantrell,GTX Plus Basic,Initech,Lost,2016-12-17,2017-03-27,0,FALSE,TRUE
NQU62K1H,Donn Cantrell,GTX Basic,Zencorporation,Won,2016-12-17,2017-03-12,605,FALSE,TRUE
NAQKOU0T,Hayden Neloms,GTX Plus Basic,Fasehatice,Won,2016-12-17,2017-03-20,1315,FALSE,TRUE
I3V3GUAI,Lajuana Vencill,GTX Basic,Zumgoity,Won,2016-12-17,2017-03-02,559,FALSE,TRUE
PN4VJDXY,Moses Frase,GTX Basic,Rundofase,Won,2016-12-17,2017-03-28,557,FALSE,TRUE
K9D4DQ3R,Rosie Papadopoulos,MG Special,Vehement Capital Partners,Won,2016-12-17,2017-03-02,48,FALSE,TRUE
9X6V79KE,Versie Hillebrand,GTX Plus Pro,Isdom,Won,2016-12-17,2017-03-25,6282,FALSE,TRUE
6SN2RQJX,Vicki Laflamme,MG Special,Unknown Account,Engaging,2016-12-17,NA,NA,TRUE,FALSE
W1KLFNE4,Anna Snelling,MG Advanced,Isdom,Won,2016-12-18,2017-03-02,3246,FALSE,TRUE
NKPH3EFG,Cassey Cress,MG Advanced,Unknown Account,Engaging,2016-12-18,NA,NA,TRUE,FALSE
GD2OCW12,Darcel Schlecht,GTX Basic,Finhigh,Won,2016-12-18,2017-03-14,514,FALSE,TRUE
6XO4RYXK,Donn Cantrell,GTX Plus Basic,Silis,Won,2016-12-18,2017-03-15,1132,FALSE,TRUE
18Y7GRPW,Garret Kinder,GTX Plus Pro,Silis,Won,2016-12-18,2017-03-21,5918,FALSE,TRUE
127ZPLXQ,Kary Hendrixson,GTX Pro,Hottechi,Lost,2016-12-18,2017-03-18,0,FALSE,TRUE
U07C2HEG,Maureen Marcano,MG Special,Kan-code,Lost,2016-12-18,2017-03-14,0,FALSE,TRUE
RNTOJ78L,Rosalina Dieter,MG Special,Hatfan,Lost,2016-12-18,2017-03-13,0,FALSE,TRUE
N07K7DR7,Rosie Papadopoulos,MG Special,Plexzap,Engaging,2016-12-18,NA,NA,FALSE,FALSE
NLB4D5BQ,Versie Hillebrand,MG Advanced,Gogozoom,Won,2016-12-18,2017-03-24,2955,FALSE,TRUE
FCFDJIEZ,Vicki Laflamme,GTX Pro,Fasehatice,Won,2016-12-18,2017-03-21,3742,FALSE,TRUE
YZGDW4G1,Violet Mclelland,MG Special,Initech,Won,2016-12-18,2017-03-14,64,FALSE,TRUE
G8AO5FA2,Wilburn Farren,MG Advanced,Initech,Lost,2016-12-18,2017-03-27,0,FALSE,TRUE
125VIRMX,Elease Gluck,GTK 500,Warephase,Engaging,2016-12-19,NA,NA,FALSE,FALSE
LXXW3TRW,Elease Gluck,GTX Plus Basic,Scotfind,Won,2016-12-19,2017-03-18,1164,FALSE,TRUE
8KJ3H262,Elease Gluck,MG Special,Singletechno,Won,2016-12-19,2017-03-07,65,FALSE,TRUE
88POGNEL,Gladys Colclough,GTX Plus Basic,Cancity,Lost,2016-12-19,2017-03-07,0,FALSE,TRUE
UYP3NNU6,Kami Bicknell,GTX Basic,Groovestreet,Won,2016-12-19,2017-03-16,441,FALSE,TRUE
S1V8684Y,Marty Freudenburg,GTX Plus Basic,Finhigh,Lost,2016-12-19,2017-03-12,0,FALSE,TRUE
MOPWEMB5,Vicki Laflamme,GTX Pro,Hatfan,Won,2016-12-19,2017-03-16,4907,FALSE,TRUE
L62MDI48,Anna Snelling,MG Advanced,Isdom,Lost,2016-12-20,2017-03-01,0,FALSE,TRUE
3ECHUPQY,Daniell Hammack,GTX Plus Basic,Unknown Account,Engaging,2016-12-20,NA,NA,TRUE,FALSE
3EL8D4WO,Darcel Schlecht,MG Advanced,Codehow,Won,2016-12-20,2017-03-25,3269,FALSE,TRUE
VOAN1NXG,Donn Cantrell,GTX Basic,Kinnamplus,Won,2016-12-20,2017-03-12,579,FALSE,TRUE
ALW92XQL,Gladys Colclough,GTX Basic,Isdom,Lost,2016-12-20,2017-03-25,0,FALSE,TRUE
TJ6ZA1M3,Kary Hendrixson,GTX Basic,Dalttechnology,Lost,2016-12-20,2017-03-07,0,FALSE,TRUE
FKAFO8O9,Kary Hendrixson,MG Special,Xx-holding,Won,2016-12-20,2017-03-31,51,FALSE,TRUE
1XBC7M9F,Markita Hansen,MG Special,Faxquote,Won,2016-12-20,2017-03-08,64,FALSE,TRUE
8IXBS90G,Rosie Papadopoulos,MG Special,Donware,Won,2016-12-20,2017-03-08,60,FALSE,TRUE
2X45BEOS,Cassey Cress,GTX Plus Basic,Ganjaflex,Won,2016-12-21,2017-03-27,1186,FALSE,TRUE
EQ8X0QTL,Corliss Cosme,MG Advanced,Yearin,Won,2016-12-21,2017-03-09,3577,FALSE,TRUE
5QD53WHF,Daniell Hammack,GTX Plus Basic,Donquadtech,Won,2016-12-21,2017-03-07,1020,FALSE,TRUE
K5CWSFCW,Elease Gluck,GTX Pro,Blackzim,Engaging,2016-12-21,NA,NA,FALSE,FALSE
79EABK3X,Hayden Neloms,MG Special,Zoomit,Won,2016-12-21,2017-03-23,53,FALSE,TRUE
2DKO9X1T,Jonathan Berthelot,GTX Basic,Rundofase,Lost,2016-12-21,2017-03-10,0,FALSE,TRUE
IBDEQVBN,Kary Hendrixson,GTX Basic,Faxquote,Lost,2016-12-21,2017-03-28,0,FALSE,TRUE
QZ3VV4C1,Kary Hendrixson,GTX Pro,Sunnamplex,Won,2016-12-21,2017-03-08,4719,FALSE,TRUE
62AK8UWX,Moses Frase,GTX Basic,Codehow,Won,2016-12-21,2017-03-22,546,FALSE,TRUE
5QM4ORNT,Niesha Huffines,GTX Plus Basic,Domzoom,Won,2016-12-21,2017-03-21,1212,FALSE,TRUE
4H2QMS78,Vicki Laflamme,GTX Basic,Unknown Account,Engaging,2016-12-21,NA,NA,TRUE,FALSE
S91N9YBL,Vicki Laflamme,GTX Basic,Sunnamplex,Lost,2016-12-21,2017-03-08,0,FALSE,TRUE
44H0FJMH,Anna Snelling,GTX Plus Pro,Bioholding,Lost,2016-12-22,2017-03-27,0,FALSE,TRUE
N5AZLQZR,Gladys Colclough,GTX Plus Pro,Dontechi,Won,2016-12-22,2017-03-14,5533,FALSE,TRUE
4T295XQL,Kami Bicknell,MG Advanced,Finjob,Won,2016-12-22,2017-03-01,3295,FALSE,TRUE
YFS5KLJJ,Rosalina Dieter,MG Special,Finjob,Won,2016-12-22,2017-03-31,45,FALSE,TRUE
S8GLKDB9,Violet Mclelland,MG Special,Bioplex,Won,2016-12-22,2017-03-04,56,FALSE,TRUE
SQLYCFGV,Zane Levy,GTX Pro,Opentech,Engaging,2016-12-22,NA,NA,FALSE,FALSE
EUG019AS,Corliss Cosme,GTX Basic,Unknown Account,Engaging,2016-12-23,NA,NA,TRUE,FALSE
IE7VQ5BA,Daniell Hammack,GTX Plus Basic,Finhigh,Engaging,2016-12-23,NA,NA,FALSE,FALSE
01QKN578,Darcel Schlecht,GTX Pro,Funholding,Won,2016-12-23,2017-03-20,4247,FALSE,TRUE
M0JKP0HT,Gladys Colclough,MG Advanced,Isdom,Won,2016-12-23,2017-03-13,3440,FALSE,TRUE
ZC3KKSUK,James Ascencio,GTX Pro,Plexzap,Won,2016-12-23,2017-03-02,5040,FALSE,TRUE
3X8VLQ5G,Jonathan Berthelot,GTX Basic,Cancity,Won,2016-12-23,2017-03-12,469,FALSE,TRUE
EZLXL6GL,Moses Frase,MG Special,Isdom,Won,2016-12-23,2017-03-07,58,FALSE,TRUE
R8PEL8V8,Cecily Lampkin,MG Advanced,Isdom,Won,2016-12-24,2017-03-16,2955,FALSE,TRUE
L1R32S8H,Corliss Cosme,GTX Plus Pro,Condax,Won,2016-12-24,2017-03-26,5228,FALSE,TRUE
J7N8J8NM,Darcel Schlecht,MG Advanced,Toughzap,Won,2016-12-24,2017-03-14,3358,FALSE,TRUE
TO7PGVP1,Elease Gluck,GTX Plus Pro,Green-Plus,Lost,2016-12-24,2017-03-29,0,FALSE,TRUE
A051G1B4,Jonathan Berthelot,GTX Basic,Codehow,Won,2016-12-24,2017-03-31,517,FALSE,TRUE
NMDMM5YJ,Moses Frase,GTX Basic,Dontechi,Won,2016-12-24,2017-03-03,615,FALSE,TRUE
LWPJEV3U,Niesha Huffines,GTX Basic,Domzoom,Lost,2016-12-24,2017-03-10,0,FALSE,TRUE
I93ZFHEM,Versie Hillebrand,MG Special,Condax,Won,2016-12-24,2017-03-08,62,FALSE,TRUE
B2VJCVBB,Darcel Schlecht,GTX Plus Pro,Isdom,Won,2016-12-25,2017-03-13,4711,FALSE,TRUE
F90O03ZH,Donn Cantrell,GTX Pro,Kinnamplus,Lost,2016-12-25,2017-03-23,0,FALSE,TRUE
PC78RLUX,Garret Kinder,GTX Basic,Yearin,Won,2016-12-25,2017-03-30,510,FALSE,TRUE
X6GL64T5,Gladys Colclough,GTX Pro,Warephase,Won,2016-12-25,2017-03-25,4891,FALSE,TRUE
OWM3BPGW,Hayden Neloms,GTX Plus Basic,Green-Plus,Won,2016-12-25,2017-03-17,926,FALSE,TRUE
RP5PS9A5,Lajuana Vencill,MG Special,Betatech,Won,2016-12-25,2017-03-10,56,FALSE,TRUE
AI76U58A,Maureen Marcano,GTX Basic,Treequote,Engaging,2016-12-25,NA,NA,FALSE,FALSE
KFPM2LJW,Rosalina Dieter,GTX Basic,Unknown Account,Engaging,2016-12-25,NA,NA,TRUE,FALSE
F2PW7WP2,Violet Mclelland,MG Special,Ontomedia,Won,2016-12-25,2017-03-05,47,FALSE,TRUE
GK8YD2XW,Darcel Schlecht,GTX Basic,Rangreen,Lost,2016-12-26,2017-03-23,0,FALSE,TRUE
U4LRR9E9,James Ascencio,GTX Plus Pro,Nam-zim,Won,2016-12-26,2017-03-10,6490,FALSE,TRUE
B00UMAV4,Kami Bicknell,MG Advanced,Gogozoom,Engaging,2016-12-26,NA,NA,FALSE,FALSE
C8TV7R8A,Kary Hendrixson,GTX Pro,Unknown Account,Engaging,2016-12-26,NA,NA,TRUE,FALSE
9N55D1AH,Niesha Huffines,MG Advanced,Treequote,Won,2016-12-26,2017-03-02,3841,FALSE,TRUE
2VCDVCIZ,Kary Hendrixson,GTX Basic,Unknown Account,Engaging,2016-12-27,NA,NA,TRUE,FALSE
WI4PODA2,Kary Hendrixson,GTX Plus Pro,Faxquote,Won,2016-12-27,2017-03-15,5256,FALSE,TRUE
VF1V41RI,Markita Hansen,MG Special,Kan-code,Lost,2016-12-27,2017-03-28,0,FALSE,TRUE
1B4L7TNG,Markita Hansen,MG Advanced,Sonron,Lost,2016-12-27,2017-03-25,0,FALSE,TRUE
MZAN11FT,Anna Snelling,GTX Basic,Conecom,Won,2016-12-28,2017-03-01,625,FALSE,TRUE
0U3WVJO0,Corliss Cosme,GTX Pro,Unknown Account,Engaging,2016-12-28,NA,NA,TRUE,FALSE
0IO00FNS,Darcel Schlecht,GTX Pro,Warephase,Lost,2016-12-28,2017-03-16,0,FALSE,TRUE
8S6TNXYB,Darcel Schlecht,GTX Pro,Conecom,Won,2016-12-28,2017-03-22,3952,FALSE,TRUE
PMMW9JX3,Kary Hendrixson,GTX Basic,Unknown Account,Engaging,2016-12-28,NA,NA,TRUE,FALSE
MOLGOSGE,Kary Hendrixson,GTX Plus Pro,Konex,Won,2016-12-28,2017-03-13,5515,FALSE,TRUE
FA1VHZSV,Reed Clapper,MG Special,Vehement Capital Partners,Won,2016-12-28,2017-03-16,57,FALSE,TRUE
PXQEX039,Versie Hillebrand,MG Special,Konmatfix,Won,2016-12-28,2017-03-28,51,FALSE,TRUE
RX56S6G3,Vicki Laflamme,MG Advanced,Fasehatice,Won,2016-12-28,2017-03-13,3803,FALSE,TRUE
G4F8W039,Anna Snelling,GTX Plus Pro,Rundofase,Won,2016-12-29,2017-03-27,5459,FALSE,TRUE
4T31MWVO,Anna Snelling,MG Advanced,Stanredtax,Won,2016-12-29,2017-03-23,4148,FALSE,TRUE
2HT2R2GY,Cassey Cress,GTX Plus Pro,Unknown Account,Engaging,2016-12-29,NA,NA,TRUE,FALSE
83XN082U,Corliss Cosme,GTX Plus Pro,Ganjaflex,Won,2016-12-29,2017-03-23,5002,FALSE,TRUE
J21W3WIW,Corliss Cosme,MG Advanced,Gekko & Co,Won,2016-12-29,2017-03-03,3351,FALSE,TRUE
52UPJFYI,Gladys Colclough,GTX Basic,Domzoom,Won,2016-12-29,2017-03-19,571,FALSE,TRUE
QOL51JIB,James Ascencio,GTX Basic,Goodsilron,Won,2016-12-29,2017-03-10,601,FALSE,TRUE
13GM5I6M,Kami Bicknell,GTX Pro,Unknown Account,Engaging,2016-12-29,NA,NA,TRUE,FALSE
93AGN8A6,Markita Hansen,GTX Basic,Zoomit,Won,2016-12-29,2017-03-13,576,FALSE,TRUE
J7UNJFJL,Marty Freudenburg,MG Special,Funholding,Won,2016-12-29,2017-03-03,52,FALSE,TRUE
A4H5ESTU,Maureen Marcano,GTX Plus Basic,Fasehatice,Won,2016-12-29,2017-03-13,1185,FALSE,TRUE
8EZ04VQB,Reed Clapper,GTX Plus Basic,Gekko & Co,Lost,2016-12-29,2017-03-28,0,FALSE,TRUE
4501T63I,Rosalina Dieter,MG Special,Plexzap,Won,2016-12-29,2017-03-14,56,FALSE,TRUE
9IA34L8S,Vicki Laflamme,GTX Basic,Unknown Account,Engaging,2016-12-29,NA,NA,TRUE,FALSE
FPNGEJRC,Violet Mclelland,MG Special,Opentech,Won,2016-12-29,2017-03-29,54,FALSE,TRUE
S33WRL0Y,Zane Levy,GTX Pro,Xx-holding,Won,2016-12-29,2017-03-13,4818,FALSE,TRUE
Q7IRUJK7,Anna Snelling,GTX Plus Pro,Codehow,Won,2017-01-01,2017-03-01,5087,FALSE,TRUE
DTZPYISJ,Daniell Hammack,GTX Plus Basic,Opentech,Won,2017-01-01,2017-03-19,1116,FALSE,TRUE
Y9HWSG8Z,Darcel Schlecht,GTX Basic,Gogozoom,Won,2017-01-01,2017-03-20,510,FALSE,TRUE
5T8Q2YID,Elease Gluck,MG Special,Unknown Account,Engaging,2017-01-01,NA,NA,TRUE,FALSE
JOQCXC9Z,Jonathan Berthelot,GTX Basic,Streethex,Won,2017-01-01,2017-03-16,565,FALSE,TRUE
AP7PCLAZ,Kami Bicknell,GTX Basic,Finjob,Won,2017-01-01,2017-03-26,633,FALSE,TRUE
BIE471SO,Reed Clapper,MG Advanced,Xx-zobam,Won,2017-01-01,2017-03-29,3962,FALSE,TRUE
UA8AWDG4,Vicki Laflamme,MG Advanced,Y-corporation,Won,2017-01-01,2017-03-22,3672,FALSE,TRUE
BTT6YAVZ,Zane Levy,GTX Plus Basic,Green-Plus,Engaging,2017-01-01,NA,NA,FALSE,FALSE
FZDRB789,Zane Levy,GTX Pro,Goodsilron,Won,2017-01-01,2017-03-18,4586,FALSE,TRUE
PC1NUL8Q,Anna Snelling,MG Special,Hottechi,Won,2017-01-02,2017-03-02,60,FALSE,TRUE
O7UUAK3Y,Corliss Cosme,GTX Plus Basic,dambase,Engaging,2017-01-02,NA,NA,FALSE,FALSE
TLOHEQ18,Corliss Cosme,GTX Plus Basic,Unknown Account,Engaging,2017-01-02,NA,NA,TRUE,FALSE
F1X5ZJ7V,Jonathan Berthelot,GTX Basic,Dontechi,Won,2017-01-02,2017-05-04,572,FALSE,TRUE
IF7MJ88P,Kary Hendrixson,GTX Basic,Goodsilron,Won,2017-01-02,2017-03-01,550,FALSE,TRUE
06B7XWPC,Kary Hendrixson,GTX Pro,Sonron,Won,2017-01-02,2017-03-17,4125,FALSE,TRUE
12MQ3WM8,Marty Freudenburg,MG Advanced,Zumgoity,Won,2017-01-02,2017-03-10,3647,FALSE,TRUE
91M6FY8S,Moses Frase,GTX Basic,Dontechi,Won,2017-01-02,2017-03-21,573,FALSE,TRUE
0LNZRNEU,Violet Mclelland,GTX Basic,Zencorporation,Won,2017-01-02,2017-03-29,542,FALSE,TRUE
NKOKUS7D,Cassey Cress,MG Advanced,Donware,Won,2017-01-03,2017-03-12,3479,FALSE,TRUE
NF6GCTMV,Daniell Hammack,MG Advanced,Ganjaflex,Lost,2017-01-03,2017-03-22,0,FALSE,TRUE
I4UCA7CU,Darcel Schlecht,GTX Plus Basic,Stanredtax,Won,2017-01-03,2017-03-21,1012,FALSE,TRUE
EWDOBEM6,Hayden Neloms,MG Special,Unknown Account,Engaging,2017-01-03,NA,NA,TRUE,FALSE
1LI7ETNZ,James Ascencio,GTX Plus Basic,Doncon,Won,2017-01-03,2017-03-06,990,FALSE,TRUE
N36DEZBR,James Ascencio,GTX Pro,Sunnamplex,Won,2017-01-03,2017-03-18,4374,FALSE,TRUE
77ZECYVJ,Kary Hendrixson,GTX Basic,Finjob,Lost,2017-01-03,2017-03-17,0,FALSE,TRUE
IRB461Y7,Kary Hendrixson,GTX Plus Basic,Xx-holding,Won,2017-01-03,2017-03-30,1054,FALSE,TRUE
NM2Q3CGW,Vicki Laflamme,MG Special,Scotfind,Won,2017-01-03,2017-03-15,55,FALSE,TRUE
OEEUEIPJ,Violet Mclelland,MG Special,Ganjaflex,Lost,2017-01-03,2017-03-05,0,FALSE,TRUE
5E14LG51,Boris Faz,GTX Plus Basic,Iselectrics,Won,2017-01-04,2017-03-25,1073,FALSE,TRUE
TIAGZQ54,Cecily Lampkin,MG Advanced,Genco Pura Olive Oil Company,Lost,2017-01-04,2017-03-20,0,FALSE,TRUE
QM6VR1H5,Daniell Hammack,GTX Plus Pro,Unknown Account,Engaging,2017-01-04,NA,NA,TRUE,FALSE
QR2BDRAI,James Ascencio,MG Advanced,Unknown Account,Engaging,2017-01-04,NA,NA,TRUE,FALSE
Z75ND4JF,Kary Hendrixson,GTX Basic,Unknown Account,Engaging,2017-01-04,NA,NA,TRUE,FALSE
CRX91A45,Kary Hendrixson,GTX Basic,Faxquote,Won,2017-01-04,2017-03-16,586,FALSE,TRUE
ZOQ8RC86,Marty Freudenburg,GTX Pro,Treequote,Won,2017-01-04,2017-05-05,4667,FALSE,TRUE
SV4SOO2K,Vicki Laflamme,GTX Plus Basic,Hottechi,Won,2017-01-04,2017-03-28,880,FALSE,TRUE
ITHR5WLF,Vicki Laflamme,MG Advanced,Plexzap,Won,2017-01-04,2017-03-12,3676,FALSE,TRUE
CGWJ1WHI,Wilburn Farren,MG Special,Unknown Account,Engaging,2017-01-04,NA,NA,TRUE,FALSE
279625VN,Anna Snelling,MG Advanced,Funholding,Lost,2017-01-05,2017-03-25,0,FALSE,TRUE
M16D8PYH,Daniell Hammack,GTX Plus Pro,Unknown Account,Engaging,2017-01-05,NA,NA,TRUE,FALSE
RK52YU8S,Darcel Schlecht,GTX Pro,Treequote,Lost,2017-01-05,2017-03-09,0,FALSE,TRUE
E8EY51IC,Garret Kinder,GTX Plus Basic,Opentech,Lost,2017-01-05,2017-03-26,0,FALSE,TRUE
HG07LMHI,Jonathan Berthelot,GTX Pro,Treequote,Won,2017-01-05,2017-03-19,4716,FALSE,TRUE
VPXW8RJS,Kami Bicknell,MG Advanced,Unknown Account,Engaging,2017-01-05,NA,NA,TRUE,FALSE
85XNDIK1,Kary Hendrixson,GTX Basic,Blackzim,Lost,2017-01-05,2017-03-30,0,FALSE,TRUE
2U54WYQ1,Vicki Laflamme,GTX Pro,Goodsilron,Won,2017-01-05,2017-03-23,4211,FALSE,TRUE
VCA1WAB0,Anna Snelling,MG Advanced,Funholding,Lost,2017-01-06,2017-03-21,0,FALSE,TRUE
T7T1YIM7,Boris Faz,GTX Plus Pro,Unknown Account,Engaging,2017-01-06,NA,NA,TRUE,FALSE
MXNVX2AM,Darcel Schlecht,GTX Pro,Codehow,Lost,2017-01-06,2017-03-18,0,FALSE,TRUE
1G866GH4,Darcel Schlecht,MG Special,Toughzap,Won,2017-01-06,2017-03-17,56,FALSE,TRUE
WDG0B1IR,Gladys Colclough,MG Special,Rundofase,Lost,2017-01-06,2017-03-23,0,FALSE,TRUE
Q5CABPMO,Gladys Colclough,MG Special,Funholding,Won,2017-01-06,2017-03-23,44,FALSE,TRUE
HHBA93J5,Kary Hendrixson,GTX Basic,Konex,Won,2017-01-06,2017-03-27,532,FALSE,TRUE
R0W6A9BG,Lajuana Vencill,GTX Basic,Treequote,Lost,2017-01-06,2017-05-10,0,FALSE,TRUE
P5EGQ0HI,Lajuana Vencill,GTX Basic,Zumgoity,Lost,2017-01-06,2017-03-20,0,FALSE,TRUE
L1EJIE5L,Reed Clapper,GTX Pro,Kinnamplus,Lost,2017-01-06,2017-03-17,0,FALSE,TRUE
S3XI6YB3,Versie Hillebrand,GTX Basic,Domzoom,Lost,2017-01-06,2017-03-24,0,FALSE,TRUE
BBC3JB3H,Anna Snelling,GTX Basic,Isdom,Won,2017-01-07,2017-03-08,622,FALSE,TRUE
4JHY98UG,Cassey Cress,GTX Basic,Unknown Account,Engaging,2017-01-07,NA,NA,TRUE,FALSE
7XVLKX8G,Cecily Lampkin,GTX Plus Pro,Cancity,Lost,2017-01-07,2017-03-05,0,FALSE,TRUE
G39V1X3G,Corliss Cosme,MG Special,Unknown Account,Engaging,2017-01-07,NA,NA,TRUE,FALSE
OX4P78HP,Corliss Cosme,GTX Plus Basic,Xx-zobam,Won,2017-01-07,2017-03-16,1257,FALSE,TRUE
72LNJRY9,Maureen Marcano,GTX Plus Basic,Lexiqvolax,Won,2017-01-07,2017-03-25,1135,FALSE,TRUE
8C2WG2FB,Zane Levy,MG Advanced,Hottechi,Lost,2017-01-07,2017-03-28,0,FALSE,TRUE
L0345WKB,Zane Levy,GTX Pro,Newex,Won,2017-01-07,2017-03-14,4313,FALSE,TRUE
S24L8LVR,Anna Snelling,GTX Plus Pro,dambase,Won,2017-01-08,2017-03-18,5210,FALSE,TRUE
JXWXEJXE,Lajuana Vencill,MG Special,Ron-tech,Won,2017-01-08,2017-03-27,47,FALSE,TRUE
W2JCRPLX,Markita Hansen,MG Advanced,Konex,Won,2017-01-08,2017-03-22,3220,FALSE,TRUE
EQCD7G7Q,Rosalina Dieter,GTX Basic,Initech,Engaging,2017-01-08,NA,NA,FALSE,FALSE
1M2I2NXQ,Rosie Papadopoulos,MG Special,Donware,Won,2017-01-08,2017-03-26,47,FALSE,TRUE
XYNTWPN1,Violet Mclelland,MG Special,Rundofase,Engaging,2017-01-08,NA,NA,FALSE,FALSE
54EGR0AD,Violet Mclelland,MG Special,Yearin,Won,2017-01-08,2017-03-25,63,FALSE,TRUE
VT5Y73GX,Anna Snelling,MG Special,Betatech,Won,2017-01-09,2017-03-15,56,FALSE,TRUE
8O9V7UOZ,Anna Snelling,MG Special,Rundofase,Won,2017-01-09,2017-03-01,65,FALSE,TRUE
GIIC5H9X,Boris Faz,GTX Plus Pro,Donquadtech,Won,2017-01-09,2017-03-19,5743,FALSE,TRUE
9WMU7YHD,Cassey Cress,MG Special,Mathtouch,Won,2017-01-09,2017-03-03,53,FALSE,TRUE
8BQMFR86,Corliss Cosme,GTX Plus Pro,Betasoloin,Won,2017-01-09,2017-03-30,4974,FALSE,TRUE
DDCC6ZPK,Donn Cantrell,MG Advanced,Ontomedia,Won,2017-01-09,2017-03-25,3892,FALSE,TRUE
YMGWLEHY,Garret Kinder,GTX Pro,Betasoloin,Won,2017-01-09,2017-03-21,3822,FALSE,TRUE
FKS9MVF6,Jonathan Berthelot,GTX Basic,Inity,Won,2017-01-09,2017-03-02,504,FALSE,TRUE
6Q67ZUJ1,Maureen Marcano,MG Special,Unknown Account,Engaging,2017-01-09,NA,NA,TRUE,FALSE
HF8ABDF6,Rosalina Dieter,MG Advanced,Xx-holding,Won,2017-01-09,2017-03-29,3145,FALSE,TRUE
Y6UBZM6P,Vicki Laflamme,GTX Plus Pro,Unknown Account,Engaging,2017-01-09,NA,NA,TRUE,FALSE
SIRC44NM,Vicki Laflamme,GTX Basic,Finjob,Won,2017-01-09,2017-03-27,564,FALSE,TRUE
7S6SHJJG,Zane Levy,GTX Plus Basic,Fasehatice,Won,2017-01-09,2017-03-14,1117,FALSE,TRUE
ZE84UHHB,Anna Snelling,MG Special,Inity,Won,2017-01-10,2017-03-26,59,FALSE,TRUE
2R3ZA84D,Darcel Schlecht,MG Special,Finhigh,Won,2017-01-10,2017-03-28,52,FALSE,TRUE
LTTYTAXA,Donn Cantrell,GTX Pro,Kan-code,Won,2017-01-10,2017-03-24,4694,FALSE,TRUE
RIW4VWBW,Hayden Neloms,GTX Plus Pro,Unknown Account,Engaging,2017-01-10,NA,NA,TRUE,FALSE
ZWFPD71J,Kami Bicknell,GTX Pro,Plusstrip,Won,2017-01-10,2017-03-06,5620,FALSE,TRUE
T5C527Z9,Kary Hendrixson,GTX Plus Basic,Singletechno,Won,2017-01-10,2017-03-08,1095,FALSE,TRUE
XC4LTIEO,Lajuana Vencill,GTX Basic,Conecom,Lost,2017-01-10,2017-05-02,0,FALSE,TRUE
AEBF9M5T,Lajuana Vencill,GTX Basic,Ron-tech,Won,2017-01-10,2017-03-30,489,FALSE,TRUE
DWUD4S0P,Markita Hansen,GTX Basic,Unknown Account,Engaging,2017-01-10,NA,NA,TRUE,FALSE
MCE5DKD1,Markita Hansen,MG Special,Bioholding,Engaging,2017-01-10,NA,NA,FALSE,FALSE
EV46ES18,Markita Hansen,GTX Plus Pro,Golddex,Won,2017-01-10,2017-03-16,5908,FALSE,TRUE
ID3IJHUS,Markita Hansen,MG Advanced,Xx-holding,Won,2017-01-10,2017-03-11,3820,FALSE,TRUE
YBJ72HKE,Maureen Marcano,GTX Plus Basic,Hottechi,Lost,2017-01-10,2017-03-12,0,FALSE,TRUE
RW39Y63V,Vicki Laflamme,GTX Pro,Unknown Account,Engaging,2017-01-10,NA,NA,TRUE,FALSE
5DEO8EDS,Vicki Laflamme,GTX Basic,Rantouch,Won,2017-01-10,2017-03-20,581,FALSE,TRUE
8LW65NDL,Violet Mclelland,GTX Plus Pro,Unknown Account,Engaging,2017-01-10,NA,NA,TRUE,FALSE
CJ2ON1LV,Corliss Cosme,GTX Pro,Nam-zim,Engaging,2017-01-11,NA,NA,FALSE,FALSE
4I8X7EMW,Corliss Cosme,GTX Pro,Unknown Account,Engaging,2017-01-11,NA,NA,TRUE,FALSE
WPXAMXD2,Darcel Schlecht,GTX Plus Pro,Funholding,Lost,2017-01-11,2017-03-10,0,FALSE,TRUE
A4BBDK82,Jonathan Berthelot,GTX Basic,Gogozoom,Won,2017-01-11,2017-03-28,585,FALSE,TRUE
LMOAYCUK,Kami Bicknell,GTX Plus Basic,Plusstrip,Engaging,2017-01-11,NA,NA,FALSE,FALSE
4XCJP60W,Kami Bicknell,GTX Basic,Nam-zim,Won,2017-01-11,2017-05-06,572,FALSE,TRUE
CDKX2A19,Lajuana Vencill,MG Advanced,Zumgoity,Won,2017-01-11,2017-03-12,3669,FALSE,TRUE
344I60EI,Markita Hansen,GTX Plus Basic,Golddex,Won,2017-01-11,2017-03-16,1091,FALSE,TRUE
YI30GSB5,Marty Freudenburg,GTX Plus Basic,Rangreen,Lost,2017-01-11,2017-03-31,0,FALSE,TRUE
0IYQX303,Reed Clapper,GTX Pro,Donquadtech,Won,2017-01-11,2017-03-17,4905,FALSE,TRUE
6IMUQYMN,Corliss Cosme,GTX Basic,Vehement Capital Partners,Won,2017-01-12,2017-03-10,540,FALSE,TRUE
N9GAZ6B6,Gladys Colclough,MG Special,Zumgoity,Won,2017-01-12,2017-03-20,49,FALSE,TRUE
8O3IYWSM,Jonathan Berthelot,GTX Basic,Globex Corporation,Won,2017-01-12,2017-05-17,513,FALSE,TRUE
R3OR0J5C,Lajuana Vencill,MG Special,Gogozoom,Won,2017-01-12,2017-03-30,54,FALSE,TRUE
VCSHYIU8,Maureen Marcano,GTX Plus Basic,Unknown Account,Engaging,2017-01-12,NA,NA,TRUE,FALSE
0I6U3MQ6,Violet Mclelland,GTX Basic,Funholding,Engaging,2017-01-12,NA,NA,FALSE,FALSE
RXV4UXRE,Violet Mclelland,MG Special,Yearin,Won,2017-01-12,2017-03-23,56,FALSE,TRUE
5AKGNKX1,Anna Snelling,MG Special,Konmatfix,Won,2017-01-13,2017-03-16,58,FALSE,TRUE
KNLMLTJH,Anna Snelling,MG Special,Treequote,Won,2017-01-13,2017-03-27,58,FALSE,TRUE
WRUG19FZ,Hayden Neloms,MG Advanced,Vehement Capital Partners,Engaging,2017-01-13,NA,NA,FALSE,FALSE
UQQE9ILV,James Ascencio,GTX Pro,Iselectrics,Engaging,2017-01-13,NA,NA,FALSE,FALSE
G9GH5KV5,Kami Bicknell,GTX Pro,Nam-zim,Won,2017-01-13,2017-03-21,4453,FALSE,TRUE
H06UZJH8,Kary Hendrixson,MG Special,Plusstrip,Lost,2017-01-13,2017-05-08,0,FALSE,TRUE
K1RXVUG9,Kary Hendrixson,GTX Basic,Nam-zim,Won,2017-01-13,2017-03-14,619,FALSE,TRUE
1QT3STIA,Maureen Marcano,GTX Plus Pro,Xx-holding,Won,2017-01-13,2017-05-14,5163,FALSE,TRUE
070M5M6X,Maureen Marcano,GTX Pro,Green-Plus,Won,2017-01-13,2017-03-25,4071,FALSE,TRUE
DFTR2O9K,Reed Clapper,MG Special,Donquadtech,Won,2017-01-13,2017-05-08,56,FALSE,TRUE
W8CXDBQN,Vicki Laflamme,MG Special,Unknown Account,Engaging,2017-01-13,NA,NA,TRUE,FALSE
S9MECO24,Violet Mclelland,MG Advanced,Sumace,Lost,2017-01-13,2017-03-31,0,FALSE,TRUE
EJSFO67U,Donn Cantrell,GTX Pro,Zotware,Won,2017-01-14,2017-03-29,4375,FALSE,TRUE
VKT0UN11,James Ascencio,MG Advanced,Codehow,Engaging,2017-01-14,NA,NA,FALSE,FALSE
SKTD4GGU,Kami Bicknell,GTX Basic,Golddex,Won,2017-01-14,2017-03-28,610,FALSE,TRUE
JIACLB24,Vicki Laflamme,GTX Basic,Scottech,Engaging,2017-01-14,NA,NA,FALSE,FALSE
SNAPG5KC,Vicki Laflamme,MG Advanced,Hatfan,Lost,2017-01-14,2017-05-05,0,FALSE,TRUE
561707V4,Vicki Laflamme,GTX Pro,Xx-holding,Won,2017-01-14,2017-03-17,4554,FALSE,TRUE
J28ZRO9G,Wilburn Farren,MG Advanced,Konex,Won,2017-01-14,2017-05-18,2880,FALSE,TRUE
5VYJCJAE,Corliss Cosme,GTX Plus Pro,Zoomit,Engaging,2017-01-15,NA,NA,FALSE,FALSE
BTUG5VDL,Corliss Cosme,GTX Pro,Inity,Engaging,2017-01-15,NA,NA,FALSE,FALSE
KZ8Q0AFX,Corliss Cosme,GTX Plus Basic,Initech,Lost,2017-01-15,2017-05-02,0,FALSE,TRUE
CT3HBBI2,Elease Gluck,MG Special,Mathtouch,Engaging,2017-01-15,NA,NA,FALSE,FALSE
AOOFHH6F,Markita Hansen,MG Special,Scotfind,Won,2017-01-15,2017-05-18,60,FALSE,TRUE
5U9Y1P87,Maureen Marcano,GTX Basic,Condax,Won,2017-01-15,2017-03-21,688,FALSE,TRUE
J0Y91LUA,Maureen Marcano,GTX Plus Pro,Goodsilron,Won,2017-01-15,2017-03-22,6142,FALSE,TRUE
YBRZQFEO,Maureen Marcano,GTX Pro,Green-Plus,Won,2017-01-15,2017-03-31,4939,FALSE,TRUE
PHR8KB1Y,Niesha Huffines,GTX Plus Pro,Warephase,Won,2017-01-15,2017-05-15,6270,FALSE,TRUE
GR2X90DZ,Vicki Laflamme,GTX Basic,Unknown Account,Engaging,2017-01-15,NA,NA,TRUE,FALSE
TBZMXKH4,Wilburn Farren,MG Advanced,Acme Corporation,Won,2017-01-15,2017-03-29,3833,FALSE,TRUE
WNXZ1FGS,Daniell Hammack,GTX Plus Basic,Bubba Gump,Lost,2017-01-16,2017-03-28,0,FALSE,TRUE
S3W6Q07M,Kami Bicknell,GTX Plus Pro,Acme Corporation,Engaging,2017-01-16,NA,NA,FALSE,FALSE
K64TY8LU,Maureen Marcano,MG Special,Unknown Account,Engaging,2017-01-16,NA,NA,TRUE,FALSE
6389JY2H,Moses Frase,MG Special,Hottechi,Won,2017-01-16,2017-06-02,57,FALSE,TRUE
SZ81H1PM,Versie Hillebrand,MG Special,Cancity,Won,2017-01-16,2017-03-17,47,FALSE,TRUE
M842E8JB,Violet Mclelland,MG Special,Donware,Lost,2017-01-16,2017-03-13,0,FALSE,TRUE
JRJ7DBW5,Daniell Hammack,MG Advanced,Plussunin,Lost,2017-01-17,2017-03-19,0,FALSE,TRUE
N9C0OCYY,Gladys Colclough,MG Special,Inity,Won,2017-01-17,2017-05-04,57,FALSE,TRUE
0OESOJNN,James Ascencio,GTX Plus Basic,Warephase,Engaging,2017-01-17,NA,NA,FALSE,FALSE
R7XZAIWS,Jonathan Berthelot,MG Advanced,Genco Pura Olive Oil Company,Won,2017-01-17,2017-03-14,3257,FALSE,TRUE
FFO5WOHT,Kami Bicknell,GTX Basic,Sunnamplex,Won,2017-01-17,2017-05-08,511,FALSE,TRUE
XHHJ48MJ,Kami Bicknell,GTX Basic,Y-corporation,Won,2017-01-17,2017-03-14,607,FALSE,TRUE
YAR5GGA4,Markita Hansen,GTX Plus Pro,Cheers,Won,2017-01-17,2017-03-29,5120,FALSE,TRUE
NOVPMLOV,Niesha Huffines,GTX Plus Basic,Hottechi,Won,2017-01-17,2017-03-23,1343,FALSE,TRUE
UPHN2I1Q,Niesha Huffines,MG Special,Rundofase,Won,2017-01-17,2017-05-14,55,FALSE,TRUE
NN9R2Y4W,Vicki Laflamme,MG Special,Faxquote,Won,2017-01-17,2017-03-30,49,FALSE,TRUE
977FJ9QQ,Boris Faz,GTX Basic,The New York Inquirer,Lost,2017-01-18,2017-03-29,0,FALSE,TRUE
DZ57QIQN,Daniell Hammack,GTX Plus Pro,Unknown Account,Engaging,2017-01-18,NA,NA,TRUE,FALSE
A6Y1V5Z0,Garret Kinder,GTX Pro,Zotware,Won,2017-01-18,2017-06-04,4426,FALSE,TRUE
NU8LWEWU,James Ascencio,GTX Plus Pro,Groovestreet,Won,2017-01-18,2017-05-03,5264,FALSE,TRUE
PFHS80CR,Jonathan Berthelot,GTX Pro,Conecom,Lost,2017-01-18,2017-05-20,0,FALSE,TRUE
OZ5S8NCK,Kary Hendrixson,GTX Pro,Unknown Account,Engaging,2017-01-18,NA,NA,TRUE,FALSE
904203D6,Moses Frase,MG Special,Dontechi,Won,2017-01-18,2017-03-29,59,FALSE,TRUE
Z0TSV030,Garret Kinder,GTX Basic,Opentech,Won,2017-01-19,2017-03-30,617,FALSE,TRUE
8C4QM1X6,Gladys Colclough,GTX Basic,Codehow,Won,2017-01-19,2017-06-04,565,FALSE,TRUE
NOPI41RP,James Ascencio,GTX Basic,Sonron,Won,2017-01-19,2017-03-01,511,FALSE,TRUE
2536CW3V,Kami Bicknell,GTX Plus Basic,Rantouch,Lost,2017-01-19,2017-05-08,0,FALSE,TRUE
AC5YXLIR,Kary Hendrixson,MG Special,Faxquote,Won,2017-01-19,2017-03-30,60,FALSE,TRUE
HSGJKH6U,Kary Hendrixson,MG Advanced,Plexzap,Won,2017-01-19,2017-03-29,3407,FALSE,TRUE
4TZF9N1D,Kary Hendrixson,MG Advanced,Xx-holding,Won,2017-01-19,2017-03-28,3273,FALSE,TRUE
HNKZ2IC6,Markita Hansen,GTX Plus Basic,Y-corporation,Lost,2017-01-19,2017-03-26,0,FALSE,TRUE
BB6TCH8B,Markita Hansen,MG Special,Sunnamplex,Lost,2017-01-19,2017-05-05,0,FALSE,TRUE
IMTPZV7J,Moses Frase,MG Advanced,Gogozoom,Won,2017-01-19,2017-05-01,3363,FALSE,TRUE
A4JROIDO,Vicki Laflamme,MG Special,Unknown Account,Engaging,2017-01-19,NA,NA,TRUE,FALSE
6NXY7144,Vicki Laflamme,GTX Basic,Xx-holding,Won,2017-01-19,2017-03-31,365,FALSE,TRUE
KBKHKULU,Zane Levy,GTX Plus Pro,Lexiqvolax,Won,2017-01-19,2017-03-18,4869,FALSE,TRUE
INMJIFTF,Corliss Cosme,GTX Basic,Ontomedia,Won,2017-01-20,2017-06-06,599,FALSE,TRUE
FUVQ5UKB,Daniell Hammack,MG Advanced,Konex,Won,2017-01-20,2017-05-20,3194,FALSE,TRUE
O462ARMZ,Garret Kinder,GTX Plus Pro,Condax,Won,2017-01-20,2017-06-05,5429,FALSE,TRUE
6DCKCXDC,Jonathan Berthelot,GTX Pro,Hottechi,Won,2017-01-20,2017-05-05,5008,FALSE,TRUE
QVF0JRM5,Jonathan Berthelot,MG Advanced,Domzoom,Won,2017-01-20,2017-03-28,3459,FALSE,TRUE
7QGG2LO3,Kary Hendrixson,GTX Pro,Xx-holding,Lost,2017-01-20,2017-05-25,0,FALSE,TRUE
Y6HNPIIT,Kary Hendrixson,GTX Pro,Hottechi,Won,2017-01-20,2017-03-07,4559,FALSE,TRUE
IBKRO1AN,Kary Hendrixson,GTX Pro,Labdrill,Won,2017-01-20,2017-03-28,4221,FALSE,TRUE
3TDWLPMV,Lajuana Vencill,MG Advanced,Warephase,Lost,2017-01-20,2017-03-11,0,FALSE,TRUE
JN1ZFD18,Lajuana Vencill,MG Special,Domzoom,Won,2017-01-20,2017-03-06,56,FALSE,TRUE
ZE7ILYKB,Markita Hansen,GTX Pro,Nam-zim,Won,2017-01-20,2017-05-03,5508,FALSE,TRUE
SRFVQ0HG,Moses Frase,GTX Plus Basic,Codehow,Lost,2017-01-20,2017-03-24,0,FALSE,TRUE
D7H1EGS9,Zane Levy,GTX Basic,Lexiqvolax,Lost,2017-01-20,2017-03-20,0,FALSE,TRUE
1DDW2GQW,Anna Snelling,MG Advanced,Cancity,Lost,2017-01-21,2017-03-09,0,FALSE,TRUE
PMEENWD5,Corliss Cosme,GTX Pro,Globex Corporation,Engaging,2017-01-21,NA,NA,FALSE,FALSE
WPGTHV8V,Darcel Schlecht,GTX Basic,Ron-tech,Won,2017-01-21,2017-03-19,657,FALSE,TRUE
Z1WLLL1H,Kami Bicknell,GTX Basic,Unknown Account,Engaging,2017-01-21,NA,NA,TRUE,FALSE
6GNJMYMO,Kami Bicknell,GTX Pro,J-Texon,Lost,2017-01-21,2017-05-05,0,FALSE,TRUE
GWAT8UWK,Lajuana Vencill,GTX Basic,Scottech,Won,2017-01-21,2017-03-25,638,FALSE,TRUE
ETZKANFZ,Markita Hansen,GTX Basic,Unknown Account,Engaging,2017-01-21,NA,NA,TRUE,FALSE
IZD69C5Q,Marty Freudenburg,MG Special,Betatech,Won,2017-01-21,2017-06-06,41,FALSE,TRUE
QFU565JJ,Rosie Papadopoulos,GTX Plus Pro,Initech,Won,2017-01-21,2017-05-07,5582,FALSE,TRUE
Z5BCBTAO,Versie Hillebrand,MG Special,Konmatfix,Won,2017-01-21,2017-05-20,60,FALSE,TRUE
2KKRRM1G,Zane Levy,GTX Plus Basic,Y-corporation,Won,2017-01-21,2017-05-03,1036,FALSE,TRUE
RLUGVSNV,Darcel Schlecht,GTX Plus Basic,Funholding,Won,2017-01-22,2017-05-12,943,FALSE,TRUE
ZKSJ1DOK,Elease Gluck,GTX Basic,Kan-code,Won,2017-01-22,2017-06-07,581,FALSE,TRUE
K8RQWTP4,Jonathan Berthelot,MG Special,Codehow,Lost,2017-01-22,2017-05-15,0,FALSE,TRUE
RSZC6BMW,Moses Frase,GTX Basic,Toughzap,Won,2017-01-22,2017-05-07,538,FALSE,TRUE
O7YNBRX0,Reed Clapper,GTX Plus Basic,Donquadtech,Won,2017-01-22,2017-03-28,1100,FALSE,TRUE
PK1PS0KR,Rosie Papadopoulos,MG Advanced,Unknown Account,Engaging,2017-01-22,NA,NA,TRUE,FALSE
AAYV8GV4,Anna Snelling,MG Advanced,Inity,Lost,2017-01-23,2017-05-05,0,FALSE,TRUE
EDEBWIOX,Cecily Lampkin,MG Advanced,Finhigh,Lost,2017-01-23,2017-05-28,0,FALSE,TRUE
VAH6Y3F6,Jonathan Berthelot,GTX Plus Basic,Hottechi,Won,2017-01-23,2017-05-17,1039,FALSE,TRUE
4U431MNA,Lajuana Vencill,MG Special,dambase,Lost,2017-01-23,2017-05-11,0,FALSE,TRUE
5HKAT5GS,Reed Clapper,GTX Plus Basic,Umbrella Corporation,Won,2017-01-23,2017-05-10,1076,FALSE,TRUE
F5VDTC4M,Rosalina Dieter,MG Special,Konex,Lost,2017-01-23,2017-05-06,0,FALSE,TRUE
UO4KXDBC,Rosalina Dieter,MG Special,Rantouch,Lost,2017-01-23,2017-05-23,0,FALSE,TRUE
TBIW957T,Versie Hillebrand,MG Special,Rundofase,Won,2017-01-23,2017-03-16,53,FALSE,TRUE
MSEIIH95,Versie Hillebrand,MG Advanced,Statholdings,Won,2017-01-23,2017-03-23,3046,FALSE,TRUE
RPONINLM,Vicki Laflamme,GTX Plus Basic,Unknown Account,Engaging,2017-01-23,NA,NA,TRUE,FALSE
V4324HG4,Violet Mclelland,MG Special,Acme Corporation,Lost,2017-01-23,2017-05-06,0,FALSE,TRUE
N852D2Z8,Zane Levy,GTX Basic,Scotfind,Lost,2017-01-23,2017-03-30,0,FALSE,TRUE
CF1CSNPX,Daniell Hammack,GTX Pro,Kan-code,Won,2017-01-24,2017-03-31,5140,FALSE,TRUE
NOXNFJ2L,Darcel Schlecht,GTX Plus Basic,Warephase,Won,2017-01-24,2017-05-17,1067,FALSE,TRUE
F569KUVC,Kami Bicknell,GTX Basic,Unknown Account,Engaging,2017-01-24,NA,NA,TRUE,FALSE
PKDJTR06,Kami Bicknell,GTX Plus Basic,Hatfan,Engaging,2017-01-24,NA,NA,FALSE,FALSE
VYPYVO8V,Vicki Laflamme,GTX Basic,Unknown Account,Engaging,2017-01-24,NA,NA,TRUE,FALSE
3LJAJVHR,Cassey Cress,GTX Pro,Opentech,Lost,2017-01-25,2017-05-29,0,FALSE,TRUE
NN6CSUWT,Daniell Hammack,GTX Plus Basic,Zathunicon,Won,2017-01-25,2017-03-21,1065,FALSE,TRUE
X69POZIN,Kary Hendrixson,GTX Basic,Lexiqvolax,Won,2017-01-25,2017-05-06,481,FALSE,TRUE
4FAEDB16,Markita Hansen,GTX Basic,J-Texon,Lost,2017-01-25,2017-05-22,0,FALSE,TRUE
CPGCT81C,Maureen Marcano,GTX Basic,Dalttechnology,Won,2017-01-25,2017-03-06,499,FALSE,TRUE
TK9T01QM,Reed Clapper,GTX Pro,Acme Corporation,Lost,2017-01-25,2017-05-07,0,FALSE,TRUE
P13DDOTM,Rosie Papadopoulos,MG Special,Bioplex,Won,2017-01-25,2017-03-08,59,FALSE,TRUE
1PN7TVPX,Vicki Laflamme,MG Special,Hottechi,Lost,2017-01-25,2017-05-01,0,FALSE,TRUE
9ZKORPL2,Violet Mclelland,MG Special,Initech,Won,2017-01-25,2017-05-09,45,FALSE,TRUE
1D54L027,Wilburn Farren,MG Advanced,Unknown Account,Engaging,2017-01-25,NA,NA,TRUE,FALSE
1ZCOKNNI,Zane Levy,GTX Pro,Sonron,Won,2017-01-25,2017-05-14,5743,FALSE,TRUE
BVYMJ6TD,Cassey Cress,GTX Plus Pro,Vehement Capital Partners,Won,2017-01-26,2017-05-13,6117,FALSE,TRUE
W5ADQ9SH,Darcel Schlecht,GTX Pro,Domzoom,Lost,2017-01-26,2017-05-26,0,FALSE,TRUE
VXX8GJGY,Donn Cantrell,GTX Plus Basic,The New York Inquirer,Won,2017-01-26,2017-03-19,1158,FALSE,TRUE
ES9L0DXE,Garret Kinder,MG Special,Kinnamplus,Won,2017-01-26,2017-05-22,59,FALSE,TRUE
AANB25RH,Kami Bicknell,GTX Plus Basic,Dalttechnology,Lost,2017-01-26,2017-05-24,0,FALSE,TRUE
36PTGLTW,Maureen Marcano,MG Advanced,Xx-holding,Won,2017-01-26,2017-03-24,3106,FALSE,TRUE
6WTNSL1T,Rosalina Dieter,MG Advanced,Newex,Won,2017-01-26,2017-03-19,2982,FALSE,TRUE
PV1DISEC,Zane Levy,GTX Plus Pro,Hottechi,Won,2017-01-26,2017-03-16,6101,FALSE,TRUE
S6BG03TB,Anna Snelling,GTX Plus Pro,Treequote,Won,2017-01-27,2017-05-08,5883,FALSE,TRUE
2YOW2BI0,Corliss Cosme,GTX Plus Pro,Xx-zobam,Won,2017-01-27,2017-05-22,5051,FALSE,TRUE
IQ9KYZCG,Darcel Schlecht,GTX Plus Basic,Statholdings,Won,2017-01-27,2017-05-11,1155,FALSE,TRUE
AWDOKG69,Garret Kinder,GTX Basic,Bluth Company,Lost,2017-01-27,2017-05-10,0,FALSE,TRUE
C4AFMVFM,James Ascencio,GTX Plus Pro,Cheers,Won,2017-01-27,2017-03-06,5616,FALSE,TRUE
WK6ERCGR,James Ascencio,GTX Plus Pro,Golddex,Won,2017-01-27,2017-06-06,5116,FALSE,TRUE
64DJ954O,Kary Hendrixson,GTX Plus Basic,Condax,Won,2017-01-27,2017-03-30,1136,FALSE,TRUE
84V18DBW,Anna Snelling,GTX Plus Basic,Finhigh,Won,2017-01-28,2017-06-01,1216,FALSE,TRUE
WFY0S4WW,Anna Snelling,GTX Plus Basic,Hottechi,Won,2017-01-28,2017-05-02,1089,FALSE,TRUE
HA1KXAIS,Cassey Cress,MG Advanced,Condax,Won,2017-01-28,2017-06-04,3908,FALSE,TRUE
CENVLTFH,Corliss Cosme,GTX Plus Basic,Toughzap,Engaging,2017-01-28,NA,NA,FALSE,FALSE
EAYD98X2,Darcel Schlecht,GTX Pro,Dontechi,Lost,2017-01-28,2017-05-27,0,FALSE,TRUE
YR4W59KS,Darcel Schlecht,GTX Pro,Finhigh,Lost,2017-01-28,2017-05-18,0,FALSE,TRUE
SNFW1FD7,Darcel Schlecht,MG Advanced,Streethex,Won,2017-01-28,2017-05-07,3369,FALSE,TRUE
4NGSQODD,James Ascencio,GTX Pro,Blackzim,Engaging,2017-01-28,NA,NA,FALSE,FALSE
2EOF1QCY,James Ascencio,GTX Plus Pro,J-Texon,Won,2017-01-28,2017-05-20,5259,FALSE,TRUE
5BE27MLY,Maureen Marcano,GTX Pro,Unknown Account,Engaging,2017-01-28,NA,NA,TRUE,FALSE
O5O4ZAAC,Maureen Marcano,GTX Plus Basic,Y-corporation,Lost,2017-01-28,2017-05-08,0,FALSE,TRUE
YBAKNQ8Z,Reed Clapper,MG Advanced,Bubba Gump,Lost,2017-01-28,2017-03-30,0,FALSE,TRUE
N5UIZYIV,Zane Levy,MG Special,Konmatfix,Engaging,2017-01-28,NA,NA,FALSE,FALSE
QY6HCHDH,Anna Snelling,MG Special,Condax,Won,2017-01-29,2017-05-25,52,FALSE,TRUE
CZ3XOD03,Boris Faz,GTX Plus Pro,Acme Corporation,Won,2017-01-29,2017-05-11,5772,FALSE,TRUE
LQ44KCMI,Cassey Cress,GTX Pro,Umbrella Corporation,Lost,2017-01-29,2017-03-13,0,FALSE,TRUE
WVJBVA61,Cecily Lampkin,MG Advanced,Domzoom,Won,2017-01-29,2017-03-21,3496,FALSE,TRUE
MV9AO6WU,Elease Gluck,MG Advanced,Finjob,Won,2017-01-29,2017-03-12,3602,FALSE,TRUE
VS2G74XQ,Garret Kinder,MG Special,Yearin,Won,2017-01-29,2017-03-09,57,FALSE,TRUE
Q37IWCG1,Gladys Colclough,MG Special,Funholding,Won,2017-01-29,2017-05-11,51,FALSE,TRUE
CUR03RXO,Hayden Neloms,MG Advanced,Sonron,Won,2017-01-29,2017-06-14,3689,FALSE,TRUE
81APSLDP,James Ascencio,GTX Plus Basic,Xx-holding,Won,2017-01-29,2017-05-03,1170,FALSE,TRUE
RBXWRHBJ,Jonathan Berthelot,GTX Basic,Rundofase,Lost,2017-01-29,2017-03-06,0,FALSE,TRUE
G2GU9DYX,Jonathan Berthelot,GTX Pro,Rangreen,Won,2017-01-29,2017-05-06,4736,FALSE,TRUE
KBR253C0,Kami Bicknell,MG Advanced,Unknown Account,Engaging,2017-01-29,NA,NA,TRUE,FALSE
379DUF2N,Markita Hansen,GTX Basic,Unknown Account,Engaging,2017-01-29,NA,NA,TRUE,FALSE
67IKZGGJ,Maureen Marcano,GTX Plus Basic,Unknown Account,Engaging,2017-01-29,NA,NA,TRUE,FALSE
05DTWSVC,Niesha Huffines,MG Special,Genco Pura Olive Oil Company,Lost,2017-01-29,2017-05-05,0,FALSE,TRUE
2YQHHWJ3,Versie Hillebrand,MG Special,Zumgoity,Lost,2017-01-29,2017-05-22,0,FALSE,TRUE
ZW58VIDI,Vicki Laflamme,MG Special,Hatfan,Won,2017-01-29,2017-05-25,64,FALSE,TRUE
Q7IIF1IP,Vicki Laflamme,MG Special,J-Texon,Won,2017-01-29,2017-06-05,55,FALSE,TRUE
AALARPLH,Vicki Laflamme,MG Advanced,Goodsilron,Won,2017-01-29,2017-03-13,2970,FALSE,TRUE
8YIANRVX,Zane Levy,GTX Pro,Unknown Account,Engaging,2017-01-29,NA,NA,TRUE,FALSE
5FFY13G5,Cecily Lampkin,MG Special,Scottech,Lost,2017-01-30,2017-05-19,0,FALSE,TRUE
01X8H9SO,Corliss Cosme,GTX Pro,Bubba Gump,Won,2017-01-30,2017-05-13,5035,FALSE,TRUE
VLADQZ43,Darcel Schlecht,GTX Pro,Domzoom,Lost,2017-01-30,2017-05-31,0,FALSE,TRUE
N9VYMV3W,Darcel Schlecht,GTX Pro,Funholding,Won,2017-01-30,2017-03-10,4774,FALSE,TRUE
A7SA2L21,Elease Gluck,GTK 500,Unknown Account,Engaging,2017-01-30,NA,NA,TRUE,FALSE
2FTB6A7I,James Ascencio,GTX Plus Pro,Kan-code,Won,2017-01-30,2017-05-16,5390,FALSE,TRUE
7V9A9TXZ,Marty Freudenburg,GTX Plus Basic,Codehow,Won,2017-01-30,2017-06-06,1190,FALSE,TRUE
HWDRCUYU,Moses Frase,GTX Plus Pro,Betatech,Won,2017-01-30,2017-05-14,5755,FALSE,TRUE
GFV4W89I,Rosalina Dieter,GTX Pro,Scotfind,Won,2017-01-30,2017-06-13,4933,FALSE,TRUE
7A4AC5BC,Versie Hillebrand,MG Advanced,Ron-tech,Won,2017-01-30,2017-06-04,3642,FALSE,TRUE
3B6HWK65,Vicki Laflamme,MG Special,Blackzim,Lost,2017-01-30,2017-05-07,0,FALSE,TRUE
A3BK99P6,Cassey Cress,MG Advanced,Kan-code,Won,2017-01-31,2017-03-17,2923,FALSE,TRUE
9W7PFSNX,Corliss Cosme,GTX Basic,Unknown Account,Engaging,2017-01-31,NA,NA,TRUE,FALSE
XYLNH45V,Daniell Hammack,GTX Plus Basic,Zathunicon,Engaging,2017-01-31,NA,NA,FALSE,FALSE
GVBWTDI3,Daniell Hammack,GTX Plus Basic,Unknown Account,Engaging,2017-01-31,NA,NA,TRUE,FALSE
NY21X16G,Darcel Schlecht,GTX Pro,Zumgoity,Won,2017-01-31,2017-03-10,5035,FALSE,TRUE
O5BC64NW,Maureen Marcano,GTX Pro,Zoomit,Lost,2017-01-31,2017-05-26,0,FALSE,TRUE
4DW2FDX4,Versie Hillebrand,MG Special,dambase,Won,2017-01-31,2017-05-20,54,FALSE,TRUE
A66X4Q2J,Versie Hillebrand,MG Special,Konmatfix,Won,2017-01-31,2017-05-01,54,FALSE,TRUE
VFEV5XBS,Violet Mclelland,GTX Plus Basic,Unknown Account,Engaging,2017-01-31,NA,NA,TRUE,FALSE
IT9YW5RP,Wilburn Farren,GTX Basic,Initech,Won,2017-01-31,2017-05-26,592,FALSE,TRUE
7IZ2GMYK,Darcel Schlecht,GTX Basic,Toughzap,Won,2017-02-01,2017-05-16,640,FALSE,TRUE
TTY0X4TG,Darcel Schlecht,GTX Pro,Dontechi,Won,2017-02-01,2017-05-05,5127,FALSE,TRUE
L8D22SSW,Darcel Schlecht,MG Advanced,Betatech,Won,2017-02-01,2017-06-17,3822,FALSE,TRUE
ZDDZ64A2,Gladys Colclough,MG Advanced,Dontechi,Lost,2017-02-01,2017-06-17,0,FALSE,TRUE
RDJFZGM9,Kami Bicknell,MG Special,Blackzim,Lost,2017-02-01,2017-06-13,0,FALSE,TRUE
4563ENEB,Lajuana Vencill,GTX Basic,Gogozoom,Won,2017-02-01,2017-05-02,574,FALSE,TRUE
4WP0VJAS,Lajuana Vencill,MG Advanced,Codehow,Won,2017-02-01,2017-06-18,2525,FALSE,TRUE
60UOBOEM,Rosalina Dieter,GTK 500,Groovestreet,Won,2017-02-01,2017-06-07,30288,FALSE,TRUE
AJZB6F22,Vicki Laflamme,GTX Plus Pro,Goodsilron,Lost,2017-02-01,2017-05-18,0,FALSE,TRUE
W4K39GNG,Zane Levy,GTX Basic,Scotfind,Lost,2017-02-01,2017-03-29,0,FALSE,TRUE
VN8LKQN3,Boris Faz,GTX Plus Basic,Unknown Account,Engaging,2017-02-02,NA,NA,TRUE,FALSE
IXOHJYRM,Elease Gluck,GTK 500,Cheers,Lost,2017-02-02,2017-05-09,0,FALSE,TRUE
RMNHSNW9,Elease Gluck,MG Special,Kan-code,Lost,2017-02-02,2017-05-01,0,FALSE,TRUE
QPFNQYMV,Gladys Colclough,MG Advanced,Inity,Won,2017-02-02,2017-05-14,3581,FALSE,TRUE
D77SFTS4,Jonathan Berthelot,GTX Plus Basic,Warephase,Lost,2017-02-02,2017-03-12,0,FALSE,TRUE
ZHY9C8OO,Kami Bicknell,GTX Plus Basic,Unknown Account,Engaging,2017-02-02,NA,NA,TRUE,FALSE
WRBWZRFD,Niesha Huffines,GTX Pro,Conecom,Lost,2017-02-02,2017-05-05,0,FALSE,TRUE
031BBF1I,Versie Hillebrand,MG Special,Finhigh,Won,2017-02-02,2017-03-30,54,FALSE,TRUE
H2MC2E7K,Vicki Laflamme,GTX Plus Basic,Condax,Engaging,2017-02-02,NA,NA,FALSE,FALSE
O11S2R63,Boris Faz,GTX Plus Basic,Konex,Won,2017-02-03,2017-06-03,1121,FALSE,TRUE
G13DD850,Cassey Cress,GTX Basic,Silis,Won,2017-02-03,2017-06-04,477,FALSE,TRUE
WZU2OHYU,Corliss Cosme,GTX Basic,Condax,Won,2017-02-03,2017-05-05,515,FALSE,TRUE
HVODWXRO,Daniell Hammack,MG Special,Ganjaflex,Lost,2017-02-03,2017-05-01,0,FALSE,TRUE
N3JIVUNY,Donn Cantrell,MG Advanced,Umbrella Corporation,Lost,2017-02-03,2017-05-11,0,FALSE,TRUE
RGCH6CUF,Hayden Neloms,GTX Plus Basic,Goodsilron,Won,2017-02-03,2017-06-20,975,FALSE,TRUE
JX7WZ9UP,Hayden Neloms,MG Advanced,Sunnamplex,Won,2017-02-03,2017-05-01,3376,FALSE,TRUE
FDCEBWRI,James Ascencio,GTX Basic,Fasehatice,Won,2017-02-03,2017-03-12,458,FALSE,TRUE
ZL6TJDPG,Jonathan Berthelot,GTX Basic,Globex Corporation,Lost,2017-02-03,2017-05-16,0,FALSE,TRUE
DWBSHB8M,Kami Bicknell,GTX Basic,Golddex,Lost,2017-02-03,2017-05-23,0,FALSE,TRUE
0AJ6LTZ0,Kami Bicknell,GTX Basic,Golddex,Won,2017-02-03,2017-03-14,622,FALSE,TRUE
SVMB8M7E,Kami Bicknell,GTX Basic,Lexiqvolax,Won,2017-02-03,2017-06-09,441,FALSE,TRUE
6AWEAWCM,Kary Hendrixson,GTX Pro,Konex,Lost,2017-02-03,2017-05-15,0,FALSE,TRUE
4Q4NBPD6,Marty Freudenburg,GTX Basic,Ron-tech,Won,2017-02-03,2017-05-21,538,FALSE,TRUE
K8VSDOP8,Maureen Marcano,GTX Plus Pro,Goodsilron,Won,2017-02-03,2017-03-29,4667,FALSE,TRUE
YNP9PI1X,Niesha Huffines,GTX Plus Basic,Codehow,Won,2017-02-03,2017-06-15,1018,FALSE,TRUE
3XVY4LEU,Reed Clapper,GTX Pro,Bluth Company,Won,2017-02-03,2017-05-09,4671,FALSE,TRUE
OCGXWE8H,Vicki Laflamme,MG Special,Unknown Account,Engaging,2017-02-03,NA,NA,TRUE,FALSE
8K1OGB0R,Violet Mclelland,GTX Pro,Bubba Gump,Won,2017-02-03,2017-05-16,4634,FALSE,TRUE
RTKUPEX7,Zane Levy,GTX Plus Basic,J-Texon,Lost,2017-02-03,2017-06-10,0,FALSE,TRUE
QQDO45YR,Cecily Lampkin,MG Advanced,Warephase,Won,2017-02-04,2017-05-09,3470,FALSE,TRUE
USVLKDF4,Corliss Cosme,GTX Basic,Dontechi,Engaging,2017-02-04,NA,NA,FALSE,FALSE
HT25XIAV,Daniell Hammack,GTX Plus Basic,Silis,Lost,2017-02-04,2017-05-18,0,FALSE,TRUE
88KUDE6J,Donn Cantrell,GTX Plus Pro,Acme Corporation,Won,2017-02-04,2017-05-30,5366,FALSE,TRUE
AOOD3MWW,Gladys Colclough,GTX Plus Basic,Rundofase,Lost,2017-02-04,2017-05-26,0,FALSE,TRUE
JCPQZ2SN,Hayden Neloms,GTX Plus Basic,Cheers,Engaging,2017-02-04,NA,NA,FALSE,FALSE
HZIU2NOT,Kary Hendrixson,GTX Plus Pro,Unknown Account,Engaging,2017-02-04,NA,NA,TRUE,FALSE
RZ2PUH86,Kary Hendrixson,GTX Basic,Groovestreet,Won,2017-02-04,2017-05-17,582,FALSE,TRUE
GLVSDQQT,Kary Hendrixson,GTX Basic,Sunnamplex,Won,2017-02-04,2017-05-02,583,FALSE,TRUE
107BPCAS,Niesha Huffines,GTX Basic,dambase,Lost,2017-02-04,2017-05-16,0,FALSE,TRUE
OCLEO3CD,Vicki Laflamme,GTX Plus Pro,Fasehatice,Won,2017-02-04,2017-05-19,6079,FALSE,TRUE
FTVCNH87,Zane Levy,GTX Plus Basic,Fasehatice,Lost,2017-02-04,2017-05-07,0,FALSE,TRUE
GQCRMEIL,Zane Levy,GTX Plus Basic,Konex,Won,2017-02-04,2017-06-02,1068,FALSE,TRUE
UK2JIE61,Anna Snelling,MG Special,Cancity,Won,2017-02-05,2017-05-04,55,FALSE,TRUE
YM8DBAFV,Cassey Cress,GTX Basic,Sumace,Engaging,2017-02-05,NA,NA,FALSE,FALSE
AEDL7EC6,Cassey Cress,MG Advanced,Yearin,Lost,2017-02-05,2017-05-02,0,FALSE,TRUE
OV5X3O5I,Cassey Cress,GTX Basic,Betasoloin,Won,2017-02-05,2017-03-27,493,FALSE,TRUE
MMWX1A4H,Darcel Schlecht,GTX Plus Basic,Ron-tech,Lost,2017-02-05,2017-06-20,0,FALSE,TRUE
LSVMMUJ0,Darcel Schlecht,GTX Pro,Condax,Won,2017-02-05,2017-03-25,5559,FALSE,TRUE
RP7KA6HS,Elease Gluck,MG Special,Mathtouch,Engaging,2017-02-05,NA,NA,FALSE,FALSE
97KFQSX1,Elease Gluck,MG Advanced,Scotfind,Won,2017-02-05,2017-05-09,3351,FALSE,TRUE
08APB75Q,Lajuana Vencill,GTX Basic,Isdom,Won,2017-02-05,2017-05-13,501,FALSE,TRUE
P9PFSLS6,Maureen Marcano,MG Special,Unknown Account,Engaging,2017-02-05,NA,NA,TRUE,FALSE
6RL97BR9,Moses Frase,MG Special,Inity,Lost,2017-02-05,2017-05-08,0,FALSE,TRUE
TPVFA5B8,Reed Clapper,GTX Basic,Mathtouch,Won,2017-02-05,2017-05-07,532,FALSE,TRUE
FHLOUD3V,Vicki Laflamme,MG Special,Sonron,Lost,2017-02-05,2017-05-24,0,FALSE,TRUE
4E01ALB0,Vicki Laflamme,MG Advanced,Green-Plus,Won,2017-02-05,2017-05-04,3103,FALSE,TRUE
E4THD359,Wilburn Farren,GTX Basic,Unknown Account,Engaging,2017-02-05,NA,NA,TRUE,FALSE
K4HVGBVH,Corliss Cosme,GTX Plus Pro,Gekko & Co,Won,2017-02-06,2017-05-22,5505,FALSE,TRUE
6VIK2VX8,Hayden Neloms,MG Special,Isdom,Engaging,2017-02-06,NA,NA,FALSE,FALSE
30R81VZX,Kami Bicknell,GTX Pro,Zoomit,Engaging,2017-02-06,NA,NA,FALSE,FALSE
XDLQ71X4,Kami Bicknell,GTX Plus Basic,Y-corporation,Lost,2017-02-06,2017-05-22,0,FALSE,TRUE
TH9RV79M,Maureen Marcano,MG Special,Unknown Account,Engaging,2017-02-06,NA,NA,TRUE,FALSE
L33YUX9V,Moses Frase,GTX Plus Basic,Rangreen,Won,2017-02-06,2017-05-15,1068,FALSE,TRUE
QT7LRWTN,Vicki Laflamme,MG Advanced,Cheers,Won,2017-02-06,2017-05-04,3357,FALSE,TRUE
Q1JKHY7H,Violet Mclelland,MG Special,Mathtouch,Lost,2017-02-06,2017-05-06,0,FALSE,TRUE
BY0O646G,Zane Levy,GTX Basic,Sonron,Lost,2017-02-06,2017-05-27,0,FALSE,TRUE
5831YZMT,Zane Levy,GTX Basic,Finjob,Won,2017-02-06,2017-06-23,532,FALSE,TRUE
7VOW7BUJ,Cassey Cress,GTX Pro,Unknown Account,Engaging,2017-02-07,NA,NA,TRUE,FALSE
2J5E145N,Daniell Hammack,GTX Pro,Unknown Account,Engaging,2017-02-07,NA,NA,TRUE,FALSE
AZUBCO7L,Daniell Hammack,MG Advanced,Condax,Lost,2017-02-07,2017-05-06,0,FALSE,TRUE
FOWAY95L,Darcel Schlecht,GTX Plus Pro,Funholding,Won,2017-02-07,2017-05-05,5786,FALSE,TRUE
YFB7Y92U,Elease Gluck,GTK 500,Unknown Account,Engaging,2017-02-07,NA,NA,TRUE,FALSE
KGZL60NI,Hayden Neloms,GTX Plus Basic,Sonron,Lost,2017-02-07,2017-05-11,0,FALSE,TRUE
SRZMNS79,Jonathan Berthelot,GTX Plus Basic,Streethex,Won,2017-02-07,2017-05-19,1131,FALSE,TRUE
S6645YWA,Kami Bicknell,GTX Basic,Y-corporation,Engaging,2017-02-07,NA,NA,FALSE,FALSE
B5A1BERF,Kami Bicknell,GTX Pro,Umbrella Corporation,Engaging,2017-02-07,NA,NA,FALSE,FALSE
0XMB83YO,Kami Bicknell,GTX Plus Pro,Scotfind,Won,2017-02-07,2017-05-15,5401,FALSE,TRUE
4TEO0LE1,Marty Freudenburg,GTX Plus Basic,Konmatfix,Won,2017-02-07,2017-03-28,1062,FALSE,TRUE
IEAPJ5X1,Maureen Marcano,GTX Plus Basic,Unknown Account,Engaging,2017-02-07,NA,NA,TRUE,FALSE
5P82H5AA,Reed Clapper,MG Advanced,Zotware,Won,2017-02-07,2017-03-23,3695,FALSE,TRUE
BN8UTT8O,Rosie Papadopoulos,MG Special,Condax,Lost,2017-02-07,2017-06-04,0,FALSE,TRUE
V751HK8R,Versie Hillebrand,MG Special,Finhigh,Won,2017-02-07,2017-06-03,60,FALSE,TRUE
H4TBCR80,Vicki Laflamme,GTX Pro,Groovestreet,Lost,2017-02-07,2017-05-28,0,FALSE,TRUE
QWL218JV,Vicki Laflamme,MG Advanced,Singletechno,Won,2017-02-07,2017-06-13,2919,FALSE,TRUE
L2S4T3VA,Cassey Cress,GTX Plus Pro,Unknown Account,Engaging,2017-02-08,NA,NA,TRUE,FALSE
AF8NG5JC,Cassey Cress,MG Special,Betatech,Engaging,2017-02-08,NA,NA,FALSE,FALSE
IVJP36UT,Cassey Cress,MG Advanced,Unknown Account,Engaging,2017-02-08,NA,NA,TRUE,FALSE
12M4HB7G,Cassey Cress,GTX Basic,Plussunin,Won,2017-02-08,2017-05-01,623,FALSE,TRUE
1XVTUE5J,Corliss Cosme,MG Special,Umbrella Corporation,Lost,2017-02-08,2017-03-31,0,FALSE,TRUE
3VKO28KR,Darcel Schlecht,MG Advanced,Scottech,Lost,2017-02-08,2017-05-04,0,FALSE,TRUE
9A9E1KPG,Elease Gluck,GTX Basic,Genco Pura Olive Oil Company,Engaging,2017-02-08,NA,NA,FALSE,FALSE
5IES0B4B,James Ascencio,MG Special,Scotfind,Won,2017-02-08,2017-05-04,49,FALSE,TRUE
HUFYU0AT,Jonathan Berthelot,GTX Basic,Stanredtax,Lost,2017-02-08,2017-05-24,0,FALSE,TRUE
GMI6XZ4O,Jonathan Berthelot,GTX Basic,Codehow,Won,2017-02-08,2017-05-04,612,FALSE,TRUE
TF19VML9,Kami Bicknell,GTX Plus Basic,Unknown Account,Engaging,2017-02-08,NA,NA,TRUE,FALSE
YOQCQ4UO,Kami Bicknell,GTX Basic,Hottechi,Won,2017-02-08,2017-03-18,534,FALSE,TRUE
KOZTDBJ5,Kami Bicknell,GTX Plus Basic,Condax,Won,2017-02-08,2017-06-07,1103,FALSE,TRUE
ZHXIDZNI,Kary Hendrixson,GTX Pro,Unknown Account,Engaging,2017-02-08,NA,NA,TRUE,FALSE
8NMPO9K3,Lajuana Vencill,GTX Basic,Conecom,Won,2017-02-08,2017-05-10,582,FALSE,TRUE
PU7GV4MK,Marty Freudenburg,MG Advanced,Condax,Lost,2017-02-08,2017-05-13,0,FALSE,TRUE
RCQDGE4W,Marty Freudenburg,GTX Plus Pro,Cancity,Won,2017-02-08,2017-05-04,6292,FALSE,TRUE
ZT832XIR,Niesha Huffines,MG Special,Funholding,Lost,2017-02-08,2017-06-25,0,FALSE,TRUE
I995O4XJ,Rosalina Dieter,MG Special,Groovestreet,Won,2017-02-08,2017-05-24,63,FALSE,TRUE
EOXZGSX9,Versie Hillebrand,MG Advanced,Globex Corporation,Won,2017-02-08,2017-05-13,3522,FALSE,TRUE
PW5OGY78,Vicki Laflamme,MG Special,Konex,Lost,2017-02-08,2017-05-29,0,FALSE,TRUE
NJCSG7MX,Vicki Laflamme,GTX Basic,Plexzap,Won,2017-02-08,2017-05-04,532,FALSE,TRUE
ZYRF768H,Violet Mclelland,MG Special,Iselectrics,Lost,2017-02-08,2017-05-04,0,FALSE,TRUE
5Q8BQ64R,Wilburn Farren,MG Advanced,Kinnamplus,Won,2017-02-08,2017-05-22,3645,FALSE,TRUE
ZNNBFAKF,Zane Levy,GTX Pro,Y-corporation,Lost,2017-02-08,2017-05-10,0,FALSE,TRUE
L47EPGVT,Anna Snelling,GTX Plus Pro,Gogozoom,Won,2017-02-09,2017-03-01,4760,FALSE,TRUE
9GENDMWA,Corliss Cosme,GTX Basic,Betasoloin,Won,2017-02-09,2017-05-25,603,FALSE,TRUE
DHACLHPS,Daniell Hammack,GTX Basic,Bioplex,Lost,2017-02-09,2017-05-22,0,FALSE,TRUE
GKLE0CDI,Daniell Hammack,MG Advanced,Yearin,Won,2017-02-09,2017-03-02,3249,FALSE,TRUE
E9DJS1D8,Darcel Schlecht,GTX Pro,Dontechi,Lost,2017-02-09,2017-03-17,0,FALSE,TRUE
22ZJM20V,Darcel Schlecht,GTX Pro,Statholdings,Lost,2017-02-09,2017-05-18,0,FALSE,TRUE
C47Z92AG,Darcel Schlecht,GTX Pro,Zumgoity,Lost,2017-02-09,2017-05-09,0,FALSE,TRUE
XT9YNOV2,Donn Cantrell,GTX Plus Pro,Acme Corporation,Won,2017-02-09,2017-06-11,5724,FALSE,TRUE
TMZQX7F8,Hayden Neloms,GTX Plus Basic,Groovestreet,Lost,2017-02-09,2017-05-02,0,FALSE,TRUE
5JHSTFEZ,Hayden Neloms,GTX Plus Basic,Plexzap,Lost,2017-02-09,2017-05-11,0,FALSE,TRUE
BAOSO1I2,Kary Hendrixson,GTX Basic,Faxquote,Won,2017-02-09,2017-05-02,516,FALSE,TRUE
IZDF2RTL,Marty Freudenburg,GTX Plus Basic,Rangreen,Won,2017-02-09,2017-05-27,1050,FALSE,TRUE
F61DLVRS,Maureen Marcano,GTX Plus Pro,Plexzap,Won,2017-02-09,2017-05-23,4519,FALSE,TRUE
80F0J70G,Niesha Huffines,GTX Basic,Funholding,Lost,2017-02-09,2017-05-25,0,FALSE,TRUE
S9W53L4L,Niesha Huffines,GTX Basic,Dontechi,Won,2017-02-09,2017-06-05,672,FALSE,TRUE
12OQKSVK,Reed Clapper,GTX Plus Basic,Mathtouch,Won,2017-02-09,2017-03-20,896,FALSE,TRUE
VC94R5H8,Vicki Laflamme,GTX Basic,Konex,Won,2017-02-09,2017-03-23,587,FALSE,TRUE
XTKIX6I4,Vicki Laflamme,MG Advanced,Sonron,Won,2017-02-09,2017-06-13,3426,FALSE,TRUE
5P3NH791,Boris Faz,MG Advanced,Golddex,Engaging,2017-02-10,NA,NA,FALSE,FALSE
MSE1UXKU,Cassey Cress,GTX Pro,Ontomedia,Won,2017-02-10,2017-03-20,5021,FALSE,TRUE
HM334UL2,Darcel Schlecht,GTX Plus Basic,Rangreen,Won,2017-02-10,2017-03-30,1126,FALSE,TRUE
L4124UJG,Donn Cantrell,GTX Pro,Umbrella Corporation,Won,2017-02-10,2017-05-15,5473,FALSE,TRUE
DR2QE1RW,Elease Gluck,MG Special,Sunnamplex,Lost,2017-02-10,2017-05-30,0,FALSE,TRUE
FD8YL177,Elease Gluck,MG Special,Rantouch,Won,2017-02-10,2017-05-09,51,FALSE,TRUE
X3ZSQCH8,Kami Bicknell,GTX Basic,Scotfind,Engaging,2017-02-10,NA,NA,FALSE,FALSE
UU21EYFN,Kami Bicknell,GTX Basic,Sonron,Won,2017-02-10,2017-03-06,563,FALSE,TRUE
OBDRD0AD,Lajuana Vencill,GTX Basic,Isdom,Lost,2017-02-10,2017-05-26,0,FALSE,TRUE
NSGEM06J,Reed Clapper,GTX Basic,Opentech,Lost,2017-02-10,2017-05-14,0,FALSE,TRUE
QSQ42Q6M,Reed Clapper,MG Advanced,Kan-code,Won,2017-02-10,2017-06-15,2928,FALSE,TRUE
PCBA3KAV,Reed Clapper,MG Advanced,Zathunicon,Won,2017-02-10,2017-06-05,3618,FALSE,TRUE
ZBBMGEV4,Darcel Schlecht,GTX Plus Basic,Inity,Won,2017-02-11,2017-05-16,1189,FALSE,TRUE
TYSORYA9,Donn Cantrell,GTX Basic,Donquadtech,Lost,2017-02-11,2017-05-07,0,FALSE,TRUE
ULVXOPG3,Elease Gluck,MG Special,Hatfan,Won,2017-02-11,2017-05-22,60,FALSE,TRUE
5BXUKFPR,James Ascencio,GTX Plus Pro,Unknown Account,Engaging,2017-02-11,NA,NA,TRUE,FALSE
G0R305KO,Jonathan Berthelot,GTX Plus Basic,Statholdings,Lost,2017-02-11,2017-05-11,0,FALSE,TRUE
ZDZGCWX7,Kami Bicknell,GTX Basic,Cheers,Won,2017-02-11,2017-06-22,545,FALSE,TRUE
PQJZ5Z3R,Kami Bicknell,MG Advanced,Labdrill,Won,2017-02-11,2017-05-12,3035,FALSE,TRUE
8AJG1YLJ,Kary Hendrixson,GTX Basic,Unknown Account,Engaging,2017-02-11,NA,NA,TRUE,FALSE
7KXTF2Q6,Kary Hendrixson,GTX Basic,Konex,Won,2017-02-11,2017-06-23,584,FALSE,TRUE
WZVE1NTM,Markita Hansen,MG Special,Scotfind,Lost,2017-02-11,2017-05-15,0,FALSE,TRUE
M6UEZLOQ,Maureen Marcano,GTX Plus Basic,Cheers,Won,2017-02-11,2017-06-23,1069,FALSE,TRUE
D6T5MM04,Maureen Marcano,GTX Plus Basic,Xx-holding,Won,2017-02-11,2017-06-22,1035,FALSE,TRUE
5RNWV17L,Rosalina Dieter,MG Advanced,Golddex,Engaging,2017-02-11,NA,NA,FALSE,FALSE
9GCJGVY7,Rosie Papadopoulos,GTX Pro,Ganjaflex,Lost,2017-02-11,2017-03-02,0,FALSE,TRUE
5QBQMEY5,Vicki Laflamme,GTX Pro,Scotfind,Won,2017-02-11,2017-03-24,4510,FALSE,TRUE
9JKVM4BK,Violet Mclelland,GTX Plus Basic,Vehement Capital Partners,Lost,2017-02-11,2017-06-05,0,FALSE,TRUE
14PBBHSE,Violet Mclelland,MG Special,Zotware,Won,2017-02-11,2017-05-08,49,FALSE,TRUE
P1KS5YFX,Anna Snelling,MG Special,Rundofase,Won,2017-02-12,2017-06-07,59,FALSE,TRUE
7R4VL3Q8,Cassey Cress,GTX Pro,Kan-code,Won,2017-02-12,2017-03-04,4705,FALSE,TRUE
3MNZF5ZK,Cecily Lampkin,GTX Plus Pro,Zumgoity,Won,2017-02-12,2017-06-03,5148,FALSE,TRUE
52SANIGE,Corliss Cosme,GTX Pro,Ganjaflex,Won,2017-02-12,2017-05-08,4833,FALSE,TRUE
73SY9EU8,Daniell Hammack,GTX Pro,Mathtouch,Won,2017-02-12,2017-05-31,4664,FALSE,TRUE
HVM656P3,Donn Cantrell,GTX Basic,Plussunin,Won,2017-02-12,2017-05-12,475,FALSE,TRUE
LXM6CTMS,Hayden Neloms,GTX Plus Basic,Unknown Account,Engaging,2017-02-12,NA,NA,TRUE,FALSE
U2SW8DT1,Hayden Neloms,MG Advanced,Labdrill,Won,2017-02-12,2017-06-13,3807,FALSE,TRUE
VXMFL425,James Ascencio,GTX Basic,Faxquote,Engaging,2017-02-12,NA,NA,FALSE,FALSE
XMH4CH4Q,Jonathan Berthelot,GTX Basic,Stanredtax,Won,2017-02-12,2017-05-21,518,FALSE,TRUE
UNLIS3RY,Kami Bicknell,GTX Plus Basic,Dalttechnology,Won,2017-02-12,2017-05-09,1050,FALSE,TRUE
GVFQXZLL,Maureen Marcano,GTX Pro,Y-corporation,Won,2017-02-12,2017-05-24,4596,FALSE,TRUE
E887HZT1,Rosalina Dieter,MG Advanced,Cheers,Engaging,2017-02-12,NA,NA,FALSE,FALSE
CGJ7NRZH,Violet Mclelland,MG Special,Unknown Account,Engaging,2017-02-12,NA,NA,TRUE,FALSE
NRYC7T45,Zane Levy,GTX Basic,Y-corporation,Won,2017-02-12,2017-05-05,618,FALSE,TRUE
ZVR3I3F0,Zane Levy,MG Advanced,Singletechno,Won,2017-02-12,2017-05-02,3460,FALSE,TRUE
2TKQ8B78,Daniell Hammack,GTX Plus Pro,Ontomedia,Won,2017-02-13,2017-05-21,5751,FALSE,TRUE
OZ5O64KJ,Darcel Schlecht,GTX Plus Pro,Konmatfix,Won,2017-02-13,2017-05-28,5639,FALSE,TRUE
WXCW16QT,Donn Cantrell,GTX Plus Pro,Bioplex,Lost,2017-02-13,2017-06-02,0,FALSE,TRUE
UCXCUP1U,Garret Kinder,GTX Plus Pro,Zencorporation,Won,2017-02-13,2017-05-18,4766,FALSE,TRUE
SWJ9OOZU,Hayden Neloms,MG Advanced,Opentech,Engaging,2017-02-13,NA,NA,FALSE,FALSE
9ERRIZKG,Kami Bicknell,GTX Plus Basic,Scotfind,Lost,2017-02-13,2017-05-09,0,FALSE,TRUE
CKLYIFLY,Kary Hendrixson,GTX Basic,Singletechno,Won,2017-02-13,2017-05-11,589,FALSE,TRUE
6VDLCBYU,Marty Freudenburg,GTX Plus Pro,Finhigh,Lost,2017-02-13,2017-05-31,0,FALSE,TRUE
XYBPUC2H,Moses Frase,GTX Basic,Hottechi,Lost,2017-02-13,2017-05-16,0,FALSE,TRUE
B06D1F9M,Vicki Laflamme,GTX Pro,Faxquote,Engaging,2017-02-13,NA,NA,FALSE,FALSE
OZ761BUJ,Violet Mclelland,GTX Basic,Unknown Account,Engaging,2017-02-13,NA,NA,TRUE,FALSE
I3MC9XZC,Violet Mclelland,GTX Basic,Massive Dynamic,Won,2017-02-13,2017-05-18,533,FALSE,TRUE
L5T2HKKO,Anna Snelling,GTX Basic,Conecom,Lost,2017-02-14,2017-05-05,0,FALSE,TRUE
6CEEGQ8I,Anna Snelling,MG Special,Domzoom,Won,2017-02-14,2017-05-30,63,FALSE,TRUE
P2LY9NFN,Cassey Cress,GTX Pro,Bioplex,Won,2017-02-14,2017-05-08,4942,FALSE,TRUE
94GCWI08,Darcel Schlecht,GTX Pro,dambase,Won,2017-02-14,2017-06-12,4650,FALSE,TRUE
GUMQTC3J,Darcel Schlecht,GTX Pro,Konmatfix,Won,2017-02-14,2017-06-16,4829,FALSE,TRUE
U64RT0UF,Donn Cantrell,GTX Plus Basic,Betasoloin,Won,2017-02-14,2017-05-29,987,FALSE,TRUE
RWGSCFHR,Donn Cantrell,GTX Plus Pro,Gekko & Co,Won,2017-02-14,2017-03-02,4246,FALSE,TRUE
GEBVQH17,Donn Cantrell,GTX Plus Pro,Iselectrics,Won,2017-02-14,2017-05-06,5702,FALSE,TRUE
3OVJXUSB,Donn Cantrell,MG Advanced,Silis,Won,2017-02-14,2017-06-14,2981,FALSE,TRUE
KQPY8LLI,Gladys Colclough,MG Advanced,Hottechi,Lost,2017-02-14,2017-05-13,0,FALSE,TRUE
DC7COE9W,Hayden Neloms,MG Advanced,Konex,Won,2017-02-14,2017-05-01,2873,FALSE,TRUE
3LED0EK3,Jonathan Berthelot,MG Advanced,Treequote,Lost,2017-02-14,2017-05-11,0,FALSE,TRUE
SCS5H8V1,Markita Hansen,GTK 500,Vehement Capital Partners,Engaging,2017-02-14,NA,NA,FALSE,FALSE
81MXE1H7,Markita Hansen,MG Advanced,Bioholding,Engaging,2017-02-14,NA,NA,FALSE,FALSE
G4MKT3AE,Rosie Papadopoulos,MG Special,The New York Inquirer,Lost,2017-02-14,2017-05-07,0,FALSE,TRUE
GQ125FX0,Versie Hillebrand,GTX Basic,Gogozoom,Won,2017-02-14,2017-06-03,528,FALSE,TRUE
JO52QXJ0,Versie Hillebrand,GTX Plus Basic,Scottech,Won,2017-02-14,2017-06-18,1199,FALSE,TRUE
PQ2VF873,Zane Levy,GTX Pro,Zoomit,Lost,2017-02-14,2017-03-01,0,FALSE,TRUE
N6H58J55,Anna Snelling,GTX Basic,Streethex,Lost,2017-02-15,2017-05-13,0,FALSE,TRUE
W24IDMVV,Corliss Cosme,GTX Plus Pro,Unknown Account,Engaging,2017-02-15,NA,NA,TRUE,FALSE
WR6Q2X53,Darcel Schlecht,GTX Plus Pro,Streethex,Lost,2017-02-15,2017-05-08,0,FALSE,TRUE
8O1WNJBA,Garret Kinder,GTX Basic,Bluth Company,Lost,2017-02-15,2017-03-23,0,FALSE,TRUE
X1LAD57Y,Garret Kinder,GTX Plus Pro,Ontomedia,Lost,2017-02-15,2017-03-04,0,FALSE,TRUE
E2NXQUWO,Garret Kinder,MG Advanced,Ganjaflex,Won,2017-02-15,2017-03-06,3507,FALSE,TRUE
MEZLJGRB,James Ascencio,GTX Basic,Fasehatice,Lost,2017-02-15,2017-05-20,0,FALSE,TRUE
M1QKPX6R,James Ascencio,GTX Pro,Green-Plus,Won,2017-02-15,2017-05-21,4542,FALSE,TRUE
X6LO8WPD,Jonathan Berthelot,GTX Basic,Globex Corporation,Won,2017-02-15,2017-05-28,505,FALSE,TRUE
JQA8H6M5,Kami Bicknell,GTX Plus Pro,Unknown Account,Engaging,2017-02-15,NA,NA,TRUE,FALSE
92G1TO7L,Kary Hendrixson,GTX Basic,Unknown Account,Engaging,2017-02-15,NA,NA,TRUE,FALSE
S8WV5MUC,Kary Hendrixson,GTX Plus Basic,Cheers,Lost,2017-02-15,2017-05-07,0,FALSE,TRUE
FW2XJG9S,Markita Hansen,GTX Plus Basic,Unknown Account,Engaging,2017-02-15,NA,NA,TRUE,FALSE
R7JI95HZ,Markita Hansen,GTX Pro,Sonron,Lost,2017-02-15,2017-05-31,0,FALSE,TRUE
SVCKI631,Maureen Marcano,GTX Basic,Unknown Account,Engaging,2017-02-15,NA,NA,TRUE,FALSE
VJ5QGP8Z,Maureen Marcano,MG Advanced,Unknown Account,Engaging,2017-02-15,NA,NA,TRUE,FALSE
CVKLHZEO,Moses Frase,GTX Basic,Genco Pura Olive Oil Company,Won,2017-02-15,2017-05-13,455,FALSE,TRUE
8KJZJFJ1,Reed Clapper,GTX Basic,Initech,Won,2017-02-15,2017-03-03,537,FALSE,TRUE
W560QFJL,Reed Clapper,GTX Plus Basic,Opentech,Won,2017-02-15,2017-03-04,1090,FALSE,TRUE
TA3PW6ZQ,Versie Hillebrand,MG Advanced,Stanredtax,Lost,2017-02-15,2017-05-24,0,FALSE,TRUE
2DVE0XCM,Versie Hillebrand,MG Special,Genco Pura Olive Oil Company,Won,2017-02-15,2017-03-17,60,FALSE,TRUE
L3UMWAX7,Vicki Laflamme,GTX Plus Basic,Faxquote,Lost,2017-02-15,2017-05-17,0,FALSE,TRUE
R2W96FGX,Zane Levy,GTX Basic,Unknown Account,Engaging,2017-02-15,NA,NA,TRUE,FALSE
VOTOT8MK,Cassey Cress,GTX Plus Pro,Plussunin,Won,2017-02-16,2017-06-15,6509,FALSE,TRUE
Y3ULGUD8,Cecily Lampkin,GTX Plus Basic,Ron-tech,Won,2017-02-16,2017-05-18,1079,FALSE,TRUE
7350YGG4,Corliss Cosme,GTX Plus Basic,Silis,Won,2017-02-16,2017-05-29,1111,FALSE,TRUE
2J16RN99,Donn Cantrell,GTX Pro,Mathtouch,Lost,2017-02-16,2017-05-21,0,FALSE,TRUE
BRQRF65L,Donn Cantrell,GTX Basic,Donquadtech,Won,2017-02-16,2017-03-02,462,FALSE,TRUE
LB6XW39X,Donn Cantrell,GTX Basic,Xx-zobam,Won,2017-02-16,2017-03-04,555,FALSE,TRUE
WS9CXY7E,Gladys Colclough,GTX Plus Pro,Conecom,Won,2017-02-16,2017-03-01,6719,FALSE,TRUE
CK0MDHHM,Hayden Neloms,MG Advanced,Faxquote,Won,2017-02-16,2017-06-02,3281,FALSE,TRUE
KM1D04JS,James Ascencio,GTX Plus Basic,Unknown Account,Engaging,2017-02-16,NA,NA,TRUE,FALSE
RNUH1SI8,James Ascencio,MG Advanced,Kan-code,Won,2017-02-16,2017-05-07,3398,FALSE,TRUE
BNY8MJ6L,Kary Hendrixson,GTX Basic,Labdrill,Engaging,2017-02-16,NA,NA,FALSE,FALSE
INBGKE14,Kary Hendrixson,GTX Pro,Unknown Account,Engaging,2017-02-16,NA,NA,TRUE,FALSE
D54HETSI,Kary Hendrixson,GTX Pro,Hottechi,Lost,2017-02-16,2017-05-14,0,FALSE,TRUE
JOQQZ5RH,Marty Freudenburg,GTX Basic,Domzoom,Won,2017-02-16,2017-03-01,608,FALSE,TRUE
90V75MDV,Niesha Huffines,GTX Pro,Globex Corporation,Lost,2017-02-16,2017-05-17,0,FALSE,TRUE
LIIBOUUQ,Reed Clapper,GTX Plus Basic,Donquadtech,Won,2017-02-16,2017-05-30,1187,FALSE,TRUE
5KK2SSSB,Rosie Papadopoulos,GTX Basic,Unknown Account,Engaging,2017-02-16,NA,NA,TRUE,FALSE
UDYSM42B,Violet Mclelland,GTX Plus Pro,Initech,Won,2017-02-16,2017-06-22,5855,FALSE,TRUE
V3HVIJLL,Zane Levy,GTX Basic,Unknown Account,Engaging,2017-02-16,NA,NA,TRUE,FALSE
F835LA4P,Darcel Schlecht,GTX Pro,Cancity,Won,2017-02-17,2017-05-10,5068,FALSE,TRUE
75Q82XU7,Donn Cantrell,GTX Plus Basic,Gekko & Co,Lost,2017-02-17,2017-06-13,0,FALSE,TRUE
AMNKCM1H,Elease Gluck,MG Special,Betasoloin,Engaging,2017-02-17,NA,NA,FALSE,FALSE
2U6QQHCC,James Ascencio,GTX Plus Pro,J-Texon,Won,2017-02-17,2017-06-19,4066,FALSE,TRUE
MMKMJ0WC,Jonathan Berthelot,GTX Pro,Isdom,Won,2017-02-17,2017-06-07,4494,FALSE,TRUE
CZIXINO2,Kami Bicknell,GTX Basic,Finjob,Lost,2017-02-17,2017-05-04,0,FALSE,TRUE
HV7Y6184,Kami Bicknell,GTX Pro,Nam-zim,Lost,2017-02-17,2017-05-28,0,FALSE,TRUE
KIHC1QJQ,Kami Bicknell,GTX Basic,Plexzap,Won,2017-02-17,2017-05-09,540,FALSE,TRUE
VBWQO6BM,Niesha Huffines,MG Advanced,Conecom,Lost,2017-02-17,2017-05-14,0,FALSE,TRUE
LTZCN1RA,Versie Hillebrand,MG Special,Domzoom,Won,2017-02-17,2017-05-19,54,FALSE,TRUE
84LN84VM,Vicki Laflamme,MG Advanced,Unknown Account,Engaging,2017-02-17,NA,NA,TRUE,FALSE
YO32O3T9,Zane Levy,GTX Pro,Lexiqvolax,Lost,2017-02-17,2017-05-28,0,FALSE,TRUE
MU7JWTP6,Cassey Cress,MG Special,Unknown Account,Engaging,2017-02-18,NA,NA,TRUE,FALSE
8638OV6W,Corliss Cosme,MG Special,Zathunicon,Lost,2017-02-18,2017-05-26,0,FALSE,TRUE
TTJXSO57,Darcel Schlecht,GTX Pro,Hottechi,Lost,2017-02-18,2017-05-20,0,FALSE,TRUE
K4VP5HK4,Donn Cantrell,MG Advanced,Betasoloin,Won,2017-02-18,2017-05-08,3602,FALSE,TRUE
10R46CSK,Lajuana Vencill,MG Advanced,Betatech,Won,2017-02-18,2017-05-07,2904,FALSE,TRUE
VBA34LWX,Markita Hansen,GTX Basic,Sonron,Won,2017-02-18,2017-05-31,571,FALSE,TRUE
DLJN7WG0,Marty Freudenburg,MG Special,Genco Pura Olive Oil Company,Lost,2017-02-18,2017-05-30,0,FALSE,TRUE
FJCCTOPN,Reed Clapper,GTX Basic,Zathunicon,Won,2017-02-18,2017-06-18,492,FALSE,TRUE
LR6USOHL,Reed Clapper,GTX Pro,Zathunicon,Won,2017-02-18,2017-05-27,4545,FALSE,TRUE
5VAV2TUY,Versie Hillebrand,GTX Plus Pro,Cancity,Won,2017-02-18,2017-03-25,5614,FALSE,TRUE
HTD2ME9C,Anna Snelling,GTX Plus Pro,Betatech,Won,2017-02-19,2017-06-12,5370,FALSE,TRUE
GHUCMUPL,Boris Faz,GTX Basic,Zencorporation,Won,2017-02-19,2017-05-02,550,FALSE,TRUE
1LKY3B4X,Cassey Cress,GTX Plus Basic,Yearin,Won,2017-02-19,2017-03-02,1011,FALSE,TRUE
7Y5E0RDL,Corliss Cosme,MG Special,Sumace,Won,2017-02-19,2017-06-18,56,FALSE,TRUE
9HRMW8SL,Daniell Hammack,MG Special,Unknown Account,Engaging,2017-02-19,NA,NA,TRUE,FALSE
BEQIZZ7W,Darcel Schlecht,GTX Plus Basic,Codehow,Won,2017-02-19,2017-03-04,1217,FALSE,TRUE
44F8ZE41,Donn Cantrell,GTX Basic,Bubba Gump,Lost,2017-02-19,2017-05-19,0,FALSE,TRUE
YJIH415V,Donn Cantrell,MG Advanced,Kan-code,Won,2017-02-19,2017-05-10,3222,FALSE,TRUE
K3DQJ796,Garret Kinder,GTX Basic,Bioplex,Lost,2017-02-19,2017-05-14,0,FALSE,TRUE
6QF3D2RI,Garret Kinder,GTX Basic,Massive Dynamic,Lost,2017-02-19,2017-05-05,0,FALSE,TRUE
G9565UWZ,Garret Kinder,MG Advanced,Opentech,Won,2017-02-19,2017-03-01,3348,FALSE,TRUE
RFKIN7FG,Jonathan Berthelot,GTX Basic,Conecom,Lost,2017-02-19,2017-05-25,0,FALSE,TRUE
WJQ8VD51,Kami Bicknell,GTX Basic,Faxquote,Engaging,2017-02-19,NA,NA,FALSE,FALSE
2BWZLXZ8,Kami Bicknell,GTX Pro,Newex,Won,2017-02-19,2017-03-05,4216,FALSE,TRUE
1WHXI2RW,Markita Hansen,GTX Plus Basic,Unknown Account,Engaging,2017-02-19,NA,NA,TRUE,FALSE
G5JP0G7Q,Markita Hansen,MG Advanced,Unknown Account,Engaging,2017-02-19,NA,NA,TRUE,FALSE
2QHRL8CW,Moses Frase,GTX Basic,Stanredtax,Won,2017-02-19,2017-05-28,404,FALSE,TRUE
RFYAI0WA,Rosie Papadopoulos,GTX Plus Pro,Initech,Lost,2017-02-19,2017-06-08,0,FALSE,TRUE
WH0DJCGL,Rosie Papadopoulos,MG Special,Zathunicon,Lost,2017-02-19,2017-06-14,0,FALSE,TRUE
LCW83256,Rosie Papadopoulos,GTX Pro,Sumace,Won,2017-02-19,2017-03-04,5260,FALSE,TRUE
RVH3UUKY,Vicki Laflamme,MG Advanced,Unknown Account,Engaging,2017-02-19,NA,NA,TRUE,FALSE
IHFM8QXN,Vicki Laflamme,GTX Plus Basic,Kan-code,Lost,2017-02-19,2017-03-07,0,FALSE,TRUE
QCY951QA,Violet Mclelland,MG Special,Donquadtech,Won,2017-02-19,2017-05-06,51,FALSE,TRUE
CG9VXPV1,Zane Levy,GTX Basic,Unknown Account,Engaging,2017-02-19,NA,NA,TRUE,FALSE
09BVA55J,Zane Levy,GTX Basic,Scotfind,Won,2017-02-19,2017-06-25,598,FALSE,TRUE
2R9HXKXT,Boris Faz,GTX Plus Basic,Konex,Lost,2017-02-20,2017-05-25,0,FALSE,TRUE
JLK8KCNN,Boris Faz,MG Special,Zathunicon,Won,2017-02-20,2017-05-24,42,FALSE,TRUE
SZQUBIMH,Cassey Cress,GTX Pro,Vehement Capital Partners,Won,2017-02-20,2017-06-07,4689,FALSE,TRUE
8ZYVKQ27,Cecily Lampkin,GTX Plus Pro,Statholdings,Won,2017-02-20,2017-06-26,5154,FALSE,TRUE
25A51PWG,Darcel Schlecht,GTX Pro,Gogozoom,Lost,2017-02-20,2017-05-16,0,FALSE,TRUE
4B4XCPHT,Donn Cantrell,GTX Pro,Zencorporation,Won,2017-02-20,2017-05-05,5010,FALSE,TRUE
5JFOA4XC,Gladys Colclough,MG Advanced,Finhigh,Won,2017-02-20,2017-06-14,3215,FALSE,TRUE
N5FOEJZ9,Kami Bicknell,GTX Basic,Nam-zim,Lost,2017-02-20,2017-06-03,0,FALSE,TRUE
CYWZJ2AI,Kary Hendrixson,GTX Plus Basic,Donquadtech,Engaging,2017-02-20,NA,NA,FALSE,FALSE
QTNPGKJ7,Kary Hendrixson,GTX Pro,Hatfan,Won,2017-02-20,2017-06-26,3169,FALSE,TRUE
EBRWSMI0,Markita Hansen,GTX Plus Basic,Scotfind,Lost,2017-02-20,2017-06-27,0,FALSE,TRUE
4PKHDQOQ,Marty Freudenburg,GTX Plus Pro,Funholding,Won,2017-02-20,2017-06-03,5015,FALSE,TRUE
3Y9SB2QK,Maureen Marcano,GTX Basic,Dalttechnology,Won,2017-02-20,2017-03-01,571,FALSE,TRUE
5MZ0O77T,Reed Clapper,GTX Pro,Bubba Gump,Won,2017-02-20,2017-05-16,4839,FALSE,TRUE
2EILEDKF,Reed Clapper,MG Advanced,Massive Dynamic,Won,2017-02-20,2017-03-05,3315,FALSE,TRUE
J4NX9TK5,Versie Hillebrand,MG Special,Warephase,Won,2017-02-20,2017-05-24,60,FALSE,TRUE
Y7N97FW8,Vicki Laflamme,GTX Pro,Unknown Account,Engaging,2017-02-20,NA,NA,TRUE,FALSE
0IO43YMS,Wilburn Farren,MG Advanced,Unknown Account,Engaging,2017-02-20,NA,NA,TRUE,FALSE
5ITSLO0E,Anna Snelling,GTX Plus Basic,Treequote,Won,2017-02-21,2017-03-04,999,FALSE,TRUE
6HG76L6U,Boris Faz,GTX Pro,Unknown Account,Engaging,2017-02-21,NA,NA,TRUE,FALSE
QGW0TI1U,Darcel Schlecht,GTX Basic,Statholdings,Lost,2017-02-21,2017-06-11,0,FALSE,TRUE
WJC5J533,Lajuana Vencill,GTX Plus Pro,Finhigh,Won,2017-02-21,2017-06-04,5401,FALSE,TRUE
9SLINQY5,Markita Hansen,MG Advanced,Newex,Engaging,2017-02-21,NA,NA,FALSE,FALSE
1GIP77EP,Maureen Marcano,GTX Plus Pro,Unknown Account,Engaging,2017-02-21,NA,NA,TRUE,FALSE
XGLMCTLG,Moses Frase,GTX Basic,Rundofase,Won,2017-02-21,2017-06-18,551,FALSE,TRUE
X6RLT30X,Reed Clapper,GTX Plus Pro,Mathtouch,Lost,2017-02-21,2017-05-23,0,FALSE,TRUE
IVT0S1N1,Vicki Laflamme,GTX Basic,Faxquote,Won,2017-02-21,2017-03-20,600,FALSE,TRUE
NOLCZMV6,Violet Mclelland,GTX Pro,Goodsilron,Engaging,2017-02-21,NA,NA,FALSE,FALSE
JEPGSQC9,Violet Mclelland,GTX Plus Pro,Bioplex,Lost,2017-02-21,2017-05-05,0,FALSE,TRUE
EEDHCEVZ,Boris Faz,MG Special,The New York Inquirer,Lost,2017-02-22,2017-05-22,0,FALSE,TRUE
NHDTSMX2,Cassey Cress,GTX Pro,Sumace,Won,2017-02-22,2017-03-02,4711,FALSE,TRUE
E36CR33F,Corliss Cosme,MG Advanced,Vehement Capital Partners,Lost,2017-02-22,2017-06-08,0,FALSE,TRUE
PNL17RE9,Corliss Cosme,GTX Pro,Zencorporation,Won,2017-02-22,2017-06-28,5133,FALSE,TRUE
B4SIVH1O,Daniell Hammack,GTX Basic,Fasehatice,Engaging,2017-02-22,NA,NA,FALSE,FALSE
VMEVOJVL,Daniell Hammack,GTX Plus Pro,Sumace,Lost,2017-02-22,2017-05-17,0,FALSE,TRUE
5EKN0BFN,Daniell Hammack,GTX Plus Pro,Zathunicon,Won,2017-02-22,2017-05-15,4848,FALSE,TRUE
R4LH95QS,Daniell Hammack,GTX Pro,Mathtouch,Won,2017-02-22,2017-03-03,4475,FALSE,TRUE
52CROFH2,Darcel Schlecht,GTX Basic,Betatech,Lost,2017-02-22,2017-03-05,0,FALSE,TRUE
REDGEUCP,Darcel Schlecht,GTX Pro,Genco Pura Olive Oil Company,Won,2017-02-22,2017-03-10,3763,FALSE,TRUE
6KT5HAR6,Darcel Schlecht,GTX Pro,Ron-tech,Won,2017-02-22,2017-03-05,5006,FALSE,TRUE
48AJ0X9E,Gladys Colclough,GTX Pro,Toughzap,Won,2017-02-22,2017-06-15,4498,FALSE,TRUE
RA1UBXY9,Gladys Colclough,GTX Pro,Warephase,Won,2017-02-22,2017-03-24,4375,FALSE,TRUE
ESZY10SI,Hayden Neloms,MG Advanced,Unknown Account,Engaging,2017-02-22,NA,NA,TRUE,FALSE
WGI2GSKJ,Hayden Neloms,GTX Plus Basic,J-Texon,Lost,2017-02-22,2017-05-27,0,FALSE,TRUE
W4BNO6UL,Hayden Neloms,MG Advanced,Fasehatice,Won,2017-02-22,2017-06-04,3763,FALSE,TRUE
S50A0C2S,Kami Bicknell,GTX Pro,J-Texon,Lost,2017-02-22,2017-03-14,0,FALSE,TRUE
3H80RIHV,Kami Bicknell,GTX Plus Pro,Sonron,Won,2017-02-22,2017-05-10,5491,FALSE,TRUE
KATNS4R4,Lajuana Vencill,GTX Basic,Bioholding,Lost,2017-02-22,2017-05-22,0,FALSE,TRUE
L5U7OT6O,Markita Hansen,GTX Plus Pro,Y-corporation,Won,2017-02-22,2017-06-17,5503,FALSE,TRUE
QKVUGRN9,Moses Frase,GTX Plus Basic,Rangreen,Lost,2017-02-22,2017-05-30,0,FALSE,TRUE
FNY6F0KF,Moses Frase,MG Special,Statholdings,Won,2017-02-22,2017-05-15,58,FALSE,TRUE
1W23LEWK,Niesha Huffines,GTX Plus Basic,Genco Pura Olive Oil Company,Won,2017-02-22,2017-05-27,1051,FALSE,TRUE
JHJEQ1U3,Niesha Huffines,GTX Plus Pro,Conecom,Won,2017-02-22,2017-03-07,5604,FALSE,TRUE
CPJAA632,Reed Clapper,MG Advanced,Xx-zobam,Won,2017-02-22,2017-05-15,3273,FALSE,TRUE
Y3CYQGPH,Rosalina Dieter,GTX Basic,Unknown Account,Engaging,2017-02-22,NA,NA,TRUE,FALSE
Q19RWR17,Vicki Laflamme,GTX Basic,Rundofase,Engaging,2017-02-22,NA,NA,FALSE,FALSE
GVC0RLQE,Vicki Laflamme,GTX Plus Basic,Scotfind,Lost,2017-02-22,2017-05-11,0,FALSE,TRUE
9OLYBVNE,Zane Levy,GTX Plus Basic,Scotfind,Won,2017-02-22,2017-06-02,1220,FALSE,TRUE
R8N49PHN,Zane Levy,GTX Plus Pro,Singletechno,Won,2017-02-22,2017-03-02,5497,FALSE,TRUE
P5EVJUKQ,Anna Snelling,GTX Plus Basic,Conecom,Won,2017-02-23,2017-06-10,1056,FALSE,TRUE
XF4648CO,Boris Faz,GTX Basic,Kan-code,Lost,2017-02-23,2017-06-16,0,FALSE,TRUE
24UTFDPK,Cassey Cress,GTX Basic,Massive Dynamic,Won,2017-02-23,2017-03-12,572,FALSE,TRUE
ERYLM04D,Cecily Lampkin,MG Advanced,Funholding,Won,2017-02-23,2017-05-23,3668,FALSE,TRUE
6PW6ZQEE,Corliss Cosme,GTX Basic,Unknown Account,Engaging,2017-02-23,NA,NA,TRUE,FALSE
IQ9W1X36,Corliss Cosme,MG Special,Kinnamplus,Won,2017-02-23,2017-03-02,50,FALSE,TRUE
GSR9PIF0,Daniell Hammack,MG Advanced,Silis,Won,2017-02-23,2017-05-22,3509,FALSE,TRUE
8477482V,Darcel Schlecht,GTX Pro,Gogozoom,Won,2017-02-23,2017-06-28,5643,FALSE,TRUE
VFZOL6CB,Elease Gluck,MG Special,Dalttechnology,Won,2017-02-23,2017-03-10,47,FALSE,TRUE
75ZOJ3O7,Hayden Neloms,MG Advanced,Finjob,Won,2017-02-23,2017-03-08,3312,FALSE,TRUE
1QQR82TP,James Ascencio,GTX Plus Pro,Goodsilron,Lost,2017-02-23,2017-06-23,0,FALSE,TRUE
4E5A84H1,Kami Bicknell,MG Advanced,Unknown Account,Engaging,2017-02-23,NA,NA,TRUE,FALSE
DR6MQSWL,Kami Bicknell,GTX Basic,Labdrill,Won,2017-02-23,2017-03-11,480,FALSE,TRUE
KAV5TU8X,Kami Bicknell,MG Advanced,Nam-zim,Won,2017-02-23,2017-05-06,3208,FALSE,TRUE
UQ86UOWY,Kary Hendrixson,GTX Basic,Y-corporation,Lost,2017-02-23,2017-05-04,0,FALSE,TRUE
A82DG6R5,Kary Hendrixson,GTX Plus Pro,Kan-code,Won,2017-02-23,2017-05-04,5782,FALSE,TRUE
37FKT2ZP,Lajuana Vencill,GTX Plus Pro,Rangreen,Won,2017-02-23,2017-05-23,5827,FALSE,TRUE
03VCDZEE,Maureen Marcano,GTX Pro,Unknown Account,Engaging,2017-02-23,NA,NA,TRUE,FALSE
MVXB9PS5,Maureen Marcano,GTX Basic,Newex,Lost,2017-02-23,2017-06-17,0,FALSE,TRUE
M2TZSYTN,Moses Frase,GTX Basic,Bioholding,Won,2017-02-23,2017-06-16,516,FALSE,TRUE
KGJL5GHX,Moses Frase,GTX Plus Basic,Condax,Won,2017-02-23,2017-06-06,956,FALSE,TRUE
IF7DSONM,Moses Frase,MG Special,Stanredtax,Won,2017-02-23,2017-03-15,52,FALSE,TRUE
RR4FWSVB,Moses Frase,MG Advanced,Toughzap,Won,2017-02-23,2017-05-11,3025,FALSE,TRUE
C5IWM5VJ,Reed Clapper,GTX Pro,The New York Inquirer,Won,2017-02-23,2017-06-10,5618,FALSE,TRUE
9WZ3I1TF,Rosie Papadopoulos,GTX Pro,Umbrella Corporation,Won,2017-02-23,2017-05-09,4867,FALSE,TRUE
IO4GTLAB,Zane Levy,GTX Plus Basic,Kan-code,Won,2017-02-23,2017-03-14,929,FALSE,TRUE
7ONH55WT,Cassey Cress,GTX Basic,Unknown Account,Engaging,2017-02-24,NA,NA,TRUE,FALSE
06T2UPDG,Cecily Lampkin,MG Special,dambase,Lost,2017-02-24,2017-06-05,0,FALSE,TRUE
CMKXOOJQ,Corliss Cosme,GTX Basic,Unknown Account,Engaging,2017-02-24,NA,NA,TRUE,FALSE
9L6ADU5C,Corliss Cosme,MG Advanced,Xx-zobam,Lost,2017-02-24,2017-05-11,0,FALSE,TRUE
U185INDA,Darcel Schlecht,GTX Pro,Toughzap,Won,2017-02-24,2017-05-05,5010,FALSE,TRUE
2AGLONC4,Donn Cantrell,GTX Pro,Bluth Company,Won,2017-02-24,2017-05-15,5621,FALSE,TRUE
TBDUMBLA,Donn Cantrell,MG Advanced,Iselectrics,Won,2017-02-24,2017-05-02,3233,FALSE,TRUE
0AXGVKN8,Garret Kinder,MG Special,Acme Corporation,Won,2017-02-24,2017-05-28,55,FALSE,TRUE
TAPNNL1W,Garret Kinder,MG Advanced,Bioplex,Won,2017-02-24,2017-03-07,3278,FALSE,TRUE
R9ZAKBFE,Gladys Colclough,GTX Plus Basic,Domzoom,Won,2017-02-24,2017-03-10,1155,FALSE,TRUE
Y40ADYX7,Hayden Neloms,MG Advanced,Goodsilron,Won,2017-02-24,2017-03-11,3550,FALSE,TRUE
R7GVZT8J,Jonathan Berthelot,MG Advanced,Stanredtax,Lost,2017-02-24,2017-05-10,0,FALSE,TRUE
RSEDY99J,Jonathan Berthelot,GTX Plus Basic,Hottechi,Won,2017-02-24,2017-06-16,1055,FALSE,TRUE
NR947OAB,Kami Bicknell,GTX Pro,Unknown Account,Engaging,2017-02-24,NA,NA,TRUE,FALSE
LMKNU8IZ,Markita Hansen,GTX Pro,Unknown Account,Engaging,2017-02-24,NA,NA,TRUE,FALSE
D5NZQIWU,Markita Hansen,GTX Plus Basic,Sonron,Lost,2017-02-24,2017-06-20,0,FALSE,TRUE
Z0BGG6IJ,Markita Hansen,GTX Basic,Y-corporation,Won,2017-02-24,2017-05-05,595,FALSE,TRUE
ZCA1IRGD,Moses Frase,MG Advanced,Warephase,Won,2017-02-24,2017-05-06,3063,FALSE,TRUE
NPB8ZLEO,Vicki Laflamme,MG Advanced,Konex,Lost,2017-02-24,2017-05-13,0,FALSE,TRUE
HJIO57TA,Violet Mclelland,MG Advanced,Massive Dynamic,Won,2017-02-24,2017-06-06,3246,FALSE,TRUE
U6N053E1,Anna Snelling,GTX Basic,Scottech,Won,2017-02-25,2017-03-02,423,FALSE,TRUE
R5RSH4JV,Boris Faz,GTX Plus Pro,Unknown Account,Engaging,2017-02-25,NA,NA,TRUE,FALSE
MTKCJVFO,Cassey Cress,GTX Basic,Initech,Won,2017-02-25,2017-06-18,542,FALSE,TRUE
KIP060D0,Cassey Cress,GTX Pro,Ontomedia,Won,2017-02-25,2017-03-08,5040,FALSE,TRUE
YOISPUC6,Corliss Cosme,GTX Plus Basic,Kan-code,Lost,2017-02-25,2017-05-21,0,FALSE,TRUE
2MHTTXX0,Darcel Schlecht,GTX Plus Pro,Rangreen,Lost,2017-02-25,2017-06-17,0,FALSE,TRUE
QU4FNKZL,Darcel Schlecht,GTX Pro,Statholdings,Won,2017-02-25,2017-05-09,5423,FALSE,TRUE
GZUKDP7F,Darcel Schlecht,MG Advanced,Cancity,Won,2017-02-25,2017-06-13,3295,FALSE,TRUE
S519S1EK,Donn Cantrell,GTX Basic,Plussunin,Won,2017-02-25,2017-06-02,568,FALSE,TRUE
AL554AUI,Donn Cantrell,GTX Basic,Xx-zobam,Won,2017-02-25,2017-05-26,640,FALSE,TRUE
MCWDHOBT,Elease Gluck,GTX Pro,Plusstrip,Won,2017-02-25,2017-05-19,4612,FALSE,TRUE
GDZV8N5W,Gladys Colclough,GTX Pro,Domzoom,Lost,2017-02-25,2017-05-26,0,FALSE,TRUE
X1D1HYMM,James Ascencio,GTX Plus Pro,Unknown Account,Engaging,2017-02-25,NA,NA,TRUE,FALSE
F4FLJ0WW,James Ascencio,GTX Plus Basic,Goodsilron,Lost,2017-02-25,2017-05-26,0,FALSE,TRUE
P3VM7655,Jonathan Berthelot,MG Advanced,Dontechi,Won,2017-02-25,2017-05-06,3281,FALSE,TRUE
5QU60VGE,Kami Bicknell,GTX Basic,Finjob,Lost,2017-02-25,2017-03-12,0,FALSE,TRUE
3CLBPMYZ,Kami Bicknell,GTX Plus Basic,Labdrill,Lost,2017-02-25,2017-03-08,0,FALSE,TRUE
G17JEA75,Kami Bicknell,MG Special,Rantouch,Won,2017-02-25,2017-03-11,59,FALSE,TRUE
BGU0JJ9X,Marty Freudenburg,GTX Plus Basic,Scottech,Won,2017-02-25,2017-06-30,1081,FALSE,TRUE
U02OIJGK,Marty Freudenburg,GTX Plus Basic,Zumgoity,Won,2017-02-25,2017-05-09,962,FALSE,TRUE
3N7ZXGMF,Niesha Huffines,GTX Plus Basic,Codehow,Won,2017-02-25,2017-03-06,1123,FALSE,TRUE
0QHI3KG5,Reed Clapper,MG Advanced,Xx-zobam,Won,2017-02-25,2017-06-10,3075,FALSE,TRUE
0WWDVOM3,Rosalina Dieter,MG Special,Condax,Won,2017-02-25,2017-05-09,50,FALSE,TRUE
QPPUCKFM,Rosalina Dieter,MG Special,Dalttechnology,Won,2017-02-25,2017-03-06,47,FALSE,TRUE
VGE4M1C9,Versie Hillebrand,MG Special,Globex Corporation,Lost,2017-02-25,2017-03-08,0,FALSE,TRUE
56XQOTXV,Versie Hillebrand,GTX Plus Pro,Betatech,Won,2017-02-25,2017-05-17,4494,FALSE,TRUE
1JC9DMNJ,Vicki Laflamme,MG Special,Hottechi,Lost,2017-02-25,2017-05-06,0,FALSE,TRUE
AK2LRFXF,Vicki Laflamme,MG Special,Singletechno,Won,2017-02-25,2017-03-11,61,FALSE,TRUE
UCK7JRXG,Vicki Laflamme,MG Advanced,Goodsilron,Won,2017-02-25,2017-05-13,3418,FALSE,TRUE
GVYF29NM,Violet Mclelland,MG Advanced,Unknown Account,Engaging,2017-02-25,NA,NA,TRUE,FALSE
DN6SG3US,Wilburn Farren,GTX Plus Pro,Unknown Account,Engaging,2017-02-25,NA,NA,TRUE,FALSE
WM30CUBE,Wilburn Farren,MG Advanced,Konex,Won,2017-02-25,2017-06-02,3336,FALSE,TRUE
EW28ZONV,Zane Levy,GTX Plus Basic,Unknown Account,Engaging,2017-02-25,NA,NA,TRUE,FALSE
8DWOWB6Y,Anna Snelling,GTX Basic,Betatech,Lost,2017-02-26,2017-03-16,0,FALSE,TRUE
BGNB966A,Boris Faz,GTX Plus Pro,Mathtouch,Won,2017-02-26,2017-03-13,4766,FALSE,TRUE
4Q4CLZCH,Corliss Cosme,MG Advanced,Plussunin,Lost,2017-02-26,2017-06-10,0,FALSE,TRUE
YQ24IWRQ,Daniell Hammack,GTX Basic,Ganjaflex,Won,2017-02-26,2017-05-27,592,FALSE,TRUE
Z30RS0CL,Donn Cantrell,GTX Basic,Iselectrics,Lost,2017-02-26,2017-06-01,0,FALSE,TRUE
FRB34F3W,Elease Gluck,MG Special,Green-Plus,Lost,2017-02-26,2017-05-24,0,FALSE,TRUE
CGEHFK9N,Gladys Colclough,GTX Pro,Treequote,Lost,2017-02-26,2017-05-29,0,FALSE,TRUE
4A189ZAB,Gladys Colclough,GTX Pro,Dontechi,Won,2017-02-26,2017-06-08,5142,FALSE,TRUE
0HELH2Q0,James Ascencio,GTX Plus Basic,Cheers,Lost,2017-02-26,2017-05-29,0,FALSE,TRUE
9E8A7MQ8,Kary Hendrixson,GTX Plus Pro,Blackzim,Engaging,2017-02-26,NA,NA,FALSE,FALSE
HG5P21RO,Lajuana Vencill,MG Advanced,Gogozoom,Lost,2017-02-26,2017-05-08,0,FALSE,TRUE
MGP9HCUL,Markita Hansen,GTX Plus Basic,Plexzap,Lost,2017-02-26,2017-06-16,0,FALSE,TRUE
HVZMZW96,Maureen Marcano,GTX Plus Basic,Unknown Account,Engaging,2017-02-26,NA,NA,TRUE,FALSE
1H1YDS7C,Maureen Marcano,GTX Plus Basic,Unknown Account,Engaging,2017-02-26,NA,NA,TRUE,FALSE
FZC2J90W,Maureen Marcano,MG Advanced,Bluth Company,Engaging,2017-02-26,NA,NA,FALSE,FALSE
XX84TIMO,Maureen Marcano,GTX Plus Basic,Faxquote,Lost,2017-02-26,2017-06-26,0,FALSE,TRUE
2JFS8EGS,Maureen Marcano,MG Special,Nam-zim,Lost,2017-02-26,2017-05-03,0,FALSE,TRUE
GBMHNLRO,Moses Frase,GTX Basic,Dontechi,Won,2017-02-26,2017-03-15,660,FALSE,TRUE
NAVG0P26,Moses Frase,GTX Basic,Rundofase,Won,2017-02-26,2017-05-26,443,FALSE,TRUE
DK955UBP,Niesha Huffines,MG Special,Codehow,Lost,2017-02-26,2017-05-20,0,FALSE,TRUE
0OOZE4GN,Rosie Papadopoulos,GTX Plus Pro,Zotware,Lost,2017-02-26,2017-03-03,0,FALSE,TRUE
3P0T15VX,Rosie Papadopoulos,MG Special,The New York Inquirer,Lost,2017-02-26,2017-05-18,0,FALSE,TRUE
GK0A4IQW,Versie Hillebrand,MG Special,Domzoom,Won,2017-02-26,2017-06-18,61,FALSE,TRUE
UI3DE2C4,Zane Levy,GTX Plus Basic,Unknown Account,Engaging,2017-02-26,NA,NA,TRUE,FALSE
UXJSIAVS,Zane Levy,GTX Plus Pro,Y-corporation,Won,2017-02-26,2017-03-14,4846,FALSE,TRUE
KR4K652E,Anna Snelling,GTX Basic,dambase,Won,2017-02-27,2017-06-04,574,FALSE,TRUE
J2SR2H1Y,Cassey Cress,GTX Basic,Ganjaflex,Lost,2017-02-27,2017-06-18,0,FALSE,TRUE
4U5VTUJL,Cassey Cress,GTX Pro,Sumace,Lost,2017-02-27,2017-05-22,0,FALSE,TRUE
VTT447YT,Cecily Lampkin,GTX Basic,Conecom,Won,2017-02-27,2017-05-03,497,FALSE,TRUE
8JJY9B08,Corliss Cosme,GTX Basic,Xx-zobam,Lost,2017-02-27,2017-05-04,0,FALSE,TRUE
STTAXKIU,Corliss Cosme,GTX Plus Pro,Konex,Won,2017-02-27,2017-05-30,5159,FALSE,TRUE
25FUROM1,Daniell Hammack,GTX Plus Basic,Y-corporation,Engaging,2017-02-27,NA,NA,FALSE,FALSE
PX4OW5SC,Darcel Schlecht,MG Special,Codehow,Lost,2017-02-27,2017-05-02,0,FALSE,TRUE
87MEZS8G,Darcel Schlecht,GTX Pro,Conecom,Won,2017-02-27,2017-05-13,4311,FALSE,TRUE
SLIWHUIM,Donn Cantrell,GTX Basic,Ganjaflex,Won,2017-02-27,2017-05-22,609,FALSE,TRUE
XBVFZ1IR,Gladys Colclough,GTX Plus Basic,Cancity,Won,2017-02-27,2017-06-24,1008,FALSE,TRUE
7B3J333S,Gladys Colclough,GTX Pro,Zumgoity,Won,2017-02-27,2017-06-22,4458,FALSE,TRUE
9X2S0K15,Hayden Neloms,MG Advanced,Unknown Account,Engaging,2017-02-27,NA,NA,TRUE,FALSE
3N9I1WH7,Hayden Neloms,MG Advanced,Plexzap,Won,2017-02-27,2017-05-26,2964,FALSE,TRUE
TMW4J6NA,James Ascencio,GTX Plus Pro,Lexiqvolax,Lost,2017-02-27,2017-06-04,0,FALSE,TRUE
ZI1MPYF3,James Ascencio,MG Advanced,Dalttechnology,Won,2017-02-27,2017-06-05,3813,FALSE,TRUE
L6KOBEBZ,Jonathan Berthelot,GTX Basic,Rundofase,Won,2017-02-27,2017-05-27,528,FALSE,TRUE
Z2S4KUPO,Kary Hendrixson,GTX Plus Basic,Rantouch,Won,2017-02-27,2017-03-10,1173,FALSE,TRUE
GIW1PN4L,Kary Hendrixson,GTX Pro,Kan-code,Won,2017-02-27,2017-06-19,3893,FALSE,TRUE
E57F5Z2K,Kary Hendrixson,GTX Pro,Sonron,Won,2017-02-27,2017-03-15,4678,FALSE,TRUE
38KKSE72,Lajuana Vencill,GTX Basic,Bioholding,Won,2017-02-27,2017-06-01,530,FALSE,TRUE
0GJ586J0,Markita Hansen,MG Special,Sunnamplex,Lost,2017-02-27,2017-03-14,0,FALSE,TRUE
4V0S4BA3,Markita Hansen,GTK 500,Goodsilron,Won,2017-02-27,2017-06-27,29617,FALSE,TRUE
1LTD5TKV,Marty Freudenburg,GTX Plus Basic,Isdom,Won,2017-02-27,2017-05-09,1028,FALSE,TRUE
VBM56CIF,Marty Freudenburg,MG Advanced,Domzoom,Won,2017-02-27,2017-06-28,2863,FALSE,TRUE
XRZVJPD5,Maureen Marcano,GTX Plus Basic,Unknown Account,Engaging,2017-02-27,NA,NA,TRUE,FALSE
PDH2NPE1,Moses Frase,MG Advanced,Codehow,Won,2017-02-27,2017-06-28,4109,FALSE,TRUE
OV60VIBB,Niesha Huffines,GTX Basic,Betatech,Lost,2017-02-27,2017-05-08,0,FALSE,TRUE
2OAIXF3A,Reed Clapper,GTX Plus Basic,Kan-code,Won,2017-02-27,2017-03-13,1106,FALSE,TRUE
QDGUWTLU,Rosalina Dieter,MG Special,Unknown Account,Engaging,2017-02-27,NA,NA,TRUE,FALSE
FBSEA94D,Rosie Papadopoulos,MG Special,Bubba Gump,Won,2017-02-27,2017-06-30,53,FALSE,TRUE
EOB01PRO,Versie Hillebrand,MG Special,Globex Corporation,Won,2017-02-27,2017-05-14,47,FALSE,TRUE
5QC9H4C2,Violet Mclelland,MG Advanced,Kan-code,Won,2017-02-27,2017-05-23,3749,FALSE,TRUE
3HGQ3BOY,Violet Mclelland,MG Advanced,Ontomedia,Won,2017-02-27,2017-05-27,4204,FALSE,TRUE
CO6ZPH1W,Cassey Cress,MG Advanced,Umbrella Corporation,Won,2017-02-28,2017-06-15,3986,FALSE,TRUE
M3WTE943,Daniell Hammack,GTX Pro,Donquadtech,Won,2017-02-28,2017-06-05,5105,FALSE,TRUE
X914SMX7,Darcel Schlecht,GTX Basic,Genco Pura Olive Oil Company,Won,2017-02-28,2017-06-22,516,FALSE,TRUE
1MCE2AOV,Darcel Schlecht,GTX Pro,Rundofase,Won,2017-02-28,2017-06-02,4407,FALSE,TRUE
8061HKKB,Donn Cantrell,MG Advanced,Zathunicon,Won,2017-02-28,2017-06-19,3087,FALSE,TRUE
T1HIH384,Gladys Colclough,GTX Plus Pro,Inity,Won,2017-02-28,2017-05-15,5331,FALSE,TRUE
FM2NX2GB,Hayden Neloms,MG Advanced,Condax,Won,2017-02-28,2017-05-05,4069,FALSE,TRUE
JSZZN48S,James Ascencio,GTX Plus Pro,Unknown Account,Engaging,2017-02-28,NA,NA,TRUE,FALSE
SJ45HNHM,James Ascencio,GTX Basic,Hatfan,Won,2017-02-28,2017-06-29,463,FALSE,TRUE
NYGZJYCJ,James Ascencio,GTX Plus Pro,Faxquote,Won,2017-02-28,2017-05-26,5625,FALSE,TRUE
6MMFIIGE,Lajuana Vencill,GTX Basic,Rundofase,Won,2017-02-28,2017-06-15,524,FALSE,TRUE
IJ817GQJ,Markita Hansen,GTX Basic,Cheers,Lost,2017-02-28,2017-05-12,0,FALSE,TRUE
F2B62IW4,Maureen Marcano,MG Special,Bioplex,Engaging,2017-02-28,NA,NA,FALSE,FALSE
PCRRS6JP,Moses Frase,MG Special,Genco Pura Olive Oil Company,Lost,2017-02-28,2017-05-28,0,FALSE,TRUE
NKL5SWX3,Reed Clapper,GTX Plus Basic,Zencorporation,Won,2017-02-28,2017-06-01,1161,FALSE,TRUE
WVG1CIHX,Reed Clapper,GTX Plus Pro,Mathtouch,Won,2017-02-28,2017-06-03,6046,FALSE,TRUE
7GRNFO6D,Versie Hillebrand,MG Special,Dontechi,Won,2017-02-28,2017-05-18,49,FALSE,TRUE
G0QKNVIJ,Anna Snelling,MG Special,Conecom,Won,2017-03-01,2017-05-28,51,FALSE,TRUE
6HRIX06M,Anna Snelling,MG Advanced,Hottechi,Won,2017-03-01,2017-06-26,3415,FALSE,TRUE
DEHQTB8B,Boris Faz,MG Special,Kinnamplus,Engaging,2017-03-01,NA,NA,FALSE,FALSE
AM5YTMH3,Boris Faz,GTX Plus Basic,Kan-code,Won,2017-03-01,2017-03-10,1053,FALSE,TRUE
2L5ZWLI7,Cassey Cress,GTX Plus Basic,Betasoloin,Lost,2017-03-01,2017-05-25,0,FALSE,TRUE
6B6Q8C5S,Cassey Cress,GTX Pro,Donquadtech,Won,2017-03-01,2017-03-15,5068,FALSE,TRUE
DF4KYH5H,Cassey Cress,GTX Pro,Massive Dynamic,Won,2017-03-01,2017-06-30,4256,FALSE,TRUE
KVR52YDI,Corliss Cosme,GTX Pro,Unknown Account,Engaging,2017-03-01,NA,NA,TRUE,FALSE
JTDV6H65,Darcel Schlecht,MG Advanced,Treequote,Lost,2017-03-01,2017-05-08,0,FALSE,TRUE
O8JF46GT,Darcel Schlecht,GTX Basic,Genco Pura Olive Oil Company,Won,2017-03-01,2017-03-12,657,FALSE,TRUE
RK5Y67V6,Darcel Schlecht,MG Special,Stanredtax,Won,2017-03-01,2017-03-08,60,FALSE,TRUE
COWOZH43,Donn Cantrell,GTX Basic,Opentech,Lost,2017-03-01,2017-05-29,0,FALSE,TRUE
DGIYD342,Elease Gluck,GTX Plus Pro,Hottechi,Lost,2017-03-01,2017-05-10,0,FALSE,TRUE
JSSGVBVS,Garret Kinder,GTX Basic,Silis,Lost,2017-03-01,2017-05-05,0,FALSE,TRUE
V28NVD6A,Garret Kinder,GTX Basic,Plussunin,Won,2017-03-01,2017-05-01,629,FALSE,TRUE
I1IAVDQM,Gladys Colclough,MG Advanced,Hottechi,Lost,2017-03-01,2017-05-23,0,FALSE,TRUE
4MC584U5,Gladys Colclough,MG Advanced,Treequote,Won,2017-03-01,2017-06-02,4082,FALSE,TRUE
MCYLHUCZ,Lajuana Vencill,GTX Plus Basic,Rundofase,Won,2017-03-01,2017-05-31,1044,FALSE,TRUE
5E4DTWHV,Marty Freudenburg,MG Advanced,Inity,Lost,2017-03-01,2017-06-11,0,FALSE,TRUE
1VUBYV53,Maureen Marcano,GTX Plus Basic,Rantouch,Won,2017-03-01,2017-03-21,1025,FALSE,TRUE
W03CXYET,Moses Frase,GTX Basic,Streethex,Won,2017-03-01,2017-06-17,465,FALSE,TRUE
LZVFFQLN,Moses Frase,MG Special,Konmatfix,Won,2017-03-01,2017-06-14,50,FALSE,TRUE
MFV0C5RN,Reed Clapper,GTX Plus Pro,Vehement Capital Partners,Won,2017-03-01,2017-03-09,5548,FALSE,TRUE
A1WZEK7U,Reed Clapper,MG Advanced,Kan-code,Won,2017-03-01,2017-06-03,3558,FALSE,TRUE
516FJUNB,Rosalina Dieter,MG Advanced,Singletechno,Won,2017-03-01,2017-03-07,3959,FALSE,TRUE
PE8DK02A,Versie Hillebrand,MG Special,Ron-tech,Won,2017-03-01,2017-03-17,49,FALSE,TRUE
10NTPQUY,Versie Hillebrand,MG Special,Warephase,Won,2017-03-01,2017-06-16,50,FALSE,TRUE
X2EXSMPR,Vicki Laflamme,GTX Basic,Xx-holding,Won,2017-03-01,2017-03-08,523,FALSE,TRUE
JCFQVIEG,Vicki Laflamme,GTX Plus Basic,Zoomit,Won,2017-03-01,2017-06-01,1086,FALSE,TRUE
XIWKGJOW,Vicki Laflamme,GTX Pro,Goodsilron,Won,2017-03-01,2017-03-09,4445,FALSE,TRUE
STT3X4NB,Violet Mclelland,GTX Basic,Xx-holding,Engaging,2017-03-01,NA,NA,FALSE,FALSE
DHGLWIDZ,Violet Mclelland,GTX Pro,Umbrella Corporation,Won,2017-03-01,2017-06-24,4756,FALSE,TRUE
74VGCEEW,Violet Mclelland,MG Special,Gekko & Co,Won,2017-03-01,2017-06-19,67,FALSE,TRUE
MXTAIS4Q,Wilburn Farren,MG Advanced,Iselectrics,Won,2017-03-01,2017-06-09,3783,FALSE,TRUE
XRDF1NAB,Zane Levy,GTX Pro,Unknown Account,Engaging,2017-03-01,NA,NA,TRUE,FALSE
YP8QKKEZ,Zane Levy,GTX Basic,Doncon,Lost,2017-03-01,2017-05-31,0,FALSE,TRUE
3TSOEM5K,Zane Levy,GTX Plus Pro,Rantouch,Lost,2017-03-01,2017-06-27,0,FALSE,TRUE
G7RCJBVL,Anna Snelling,MG Advanced,Dontechi,Lost,2017-03-02,2017-05-31,0,FALSE,TRUE
G20IQSA3,Anna Snelling,GTX Basic,Conecom,Won,2017-03-02,2017-03-12,522,FALSE,TRUE
Q16BQCEL,Boris Faz,GTX Plus Basic,Kinnamplus,Won,2017-03-02,2017-03-18,1001,FALSE,TRUE
9924I5ZF,Cecily Lampkin,GTX Plus Pro,Betatech,Won,2017-03-02,2017-05-25,5728,FALSE,TRUE
SLLJT3T1,Darcel Schlecht,GTX Plus Pro,Codehow,Won,2017-03-02,2017-06-19,4856,FALSE,TRUE
AAEUN73V,Darcel Schlecht,GTX Pro,Cancity,Won,2017-03-02,2017-05-26,5570,FALSE,TRUE
32LY2D1K,Darcel Schlecht,MG Advanced,Conecom,Won,2017-03-02,2017-05-26,3647,FALSE,TRUE
S2UWELRW,Donn Cantrell,GTX Basic,Mathtouch,Won,2017-03-02,2017-06-11,487,FALSE,TRUE
5VQRLIEZ,Donn Cantrell,GTX Plus Basic,Donquadtech,Won,2017-03-02,2017-06-12,1166,FALSE,TRUE
WUNMIJW9,Elease Gluck,MG Advanced,Unknown Account,Engaging,2017-03-02,NA,NA,TRUE,FALSE
6U0CT07B,Jonathan Berthelot,GTX Basic,Scottech,Won,2017-03-02,2017-06-06,595,FALSE,TRUE
DFN1V29L,Kami Bicknell,MG Special,Condax,Won,2017-03-02,2017-06-04,49,FALSE,TRUE
VBZ862OS,Kary Hendrixson,GTX Basic,Xx-holding,Won,2017-03-02,2017-03-19,599,FALSE,TRUE
VFKKSJT2,Kary Hendrixson,GTX Pro,Kan-code,Won,2017-03-02,2017-05-15,4506,FALSE,TRUE
FJMFXCTD,Kary Hendrixson,GTX Pro,Sunnamplex,Won,2017-03-02,2017-05-06,4512,FALSE,TRUE
LGLIB8TR,Lajuana Vencill,GTX Basic,Gogozoom,Lost,2017-03-02,2017-05-01,0,FALSE,TRUE
JREGYB42,Maureen Marcano,GTX Plus Basic,Nam-zim,Won,2017-03-02,2017-05-06,1102,FALSE,TRUE
4V9NMGEA,Rosalina Dieter,GTX Basic,Unknown Account,Engaging,2017-03-02,NA,NA,TRUE,FALSE
9PWM6RYC,Rosalina Dieter,GTX Basic,Rantouch,Lost,2017-03-02,2017-06-10,0,FALSE,TRUE
EMUA57Q2,Versie Hillebrand,MG Special,Condax,Won,2017-03-02,2017-05-12,54,FALSE,TRUE
DB3N4CHN,Versie Hillebrand,MG Special,Hottechi,Won,2017-03-02,2017-03-17,62,FALSE,TRUE
4CXUC4VR,Vicki Laflamme,GTX Basic,Rantouch,Engaging,2017-03-02,NA,NA,FALSE,FALSE
79EHWR35,Vicki Laflamme,GTX Basic,Unknown Account,Engaging,2017-03-02,NA,NA,TRUE,FALSE
L0GMLGRR,Vicki Laflamme,MG Special,Unknown Account,Engaging,2017-03-02,NA,NA,TRUE,FALSE
OF7GY5F4,Violet Mclelland,MG Special,The New York Inquirer,Won,2017-03-02,2017-03-09,61,FALSE,TRUE
D3ZC338T,Zane Levy,GTX Basic,Unknown Account,Engaging,2017-03-02,NA,NA,TRUE,FALSE
CVFJUYPM,Zane Levy,GTX Pro,Singletechno,Lost,2017-03-02,2017-05-23,0,FALSE,TRUE
L5807I4N,Zane Levy,GTX Pro,Labdrill,Won,2017-03-02,2017-03-16,4277,FALSE,TRUE
Q1ZKBGV5,Anna Snelling,MG Special,Globex Corporation,Won,2017-03-03,2017-05-23,46,FALSE,TRUE
9JKODCAU,Anna Snelling,MG Special,Rundofase,Won,2017-03-03,2017-06-22,54,FALSE,TRUE
LELWKXDX,Boris Faz,GTX Plus Pro,Donquadtech,Won,2017-03-03,2017-06-08,6173,FALSE,TRUE
QRQ8C6MQ,Cassey Cress,GTX Pro,Globex Corporation,Engaging,2017-03-03,NA,NA,FALSE,FALSE
DA95Q0VE,Cassey Cress,MG Advanced,Ganjaflex,Lost,2017-03-03,2017-03-21,0,FALSE,TRUE
5HMZH1Z9,Daniell Hammack,GTX Pro,Sumace,Lost,2017-03-03,2017-06-11,0,FALSE,TRUE
05QMFSF0,Darcel Schlecht,GTX Pro,Toughzap,Lost,2017-03-03,2017-05-16,0,FALSE,TRUE
JE245P8R,Darcel Schlecht,GTX Plus Basic,Konmatfix,Won,2017-03-03,2017-05-28,1149,FALSE,TRUE
SFQMEZIW,Garret Kinder,GTX Basic,Silis,Lost,2017-03-03,2017-05-04,0,FALSE,TRUE
B8RR21XP,Jonathan Berthelot,GTX Plus Basic,Dontechi,Lost,2017-03-03,2017-03-16,0,FALSE,TRUE
ZG8WPG99,Kary Hendrixson,GTX Pro,Unknown Account,Engaging,2017-03-03,NA,NA,TRUE,FALSE
U85VV1BU,Kary Hendrixson,GTX Basic,Goodsilron,Won,2017-03-03,2017-05-22,568,FALSE,TRUE
V6HB68BL,Kary Hendrixson,GTX Basic,J-Texon,Won,2017-03-03,2017-05-30,567,FALSE,TRUE
H9JPB7GW,Lajuana Vencill,GTX Basic,Genco Pura Olive Oil Company,Won,2017-03-03,2017-03-09,542,FALSE,TRUE
8LFNU39A,Marty Freudenburg,GTX Basic,Conecom,Lost,2017-03-03,2017-05-28,0,FALSE,TRUE
SWPTTVQZ,Marty Freudenburg,GTX Plus Basic,Funholding,Won,2017-03-03,2017-03-16,1062,FALSE,TRUE
GKJLM1UR,Maureen Marcano,GTX Plus Basic,Fasehatice,Won,2017-03-03,2017-03-13,1057,FALSE,TRUE
8L1ZHTPL,Moses Frase,GTX Plus Basic,Globex Corporation,Won,2017-03-03,2017-06-01,1020,FALSE,TRUE
U7M26UZV,Vicki Laflamme,MG Special,Unknown Account,Engaging,2017-03-03,NA,NA,TRUE,FALSE
TV300INP,Wilburn Farren,GTX Plus Pro,Unknown Account,Engaging,2017-03-03,NA,NA,TRUE,FALSE
KBQ16F1I,Zane Levy,GTX Basic,Unknown Account,Engaging,2017-03-03,NA,NA,TRUE,FALSE
4XX690SP,Zane Levy,GTX Basic,Green-Plus,Won,2017-03-03,2017-05-11,535,FALSE,TRUE
JSDGELLK,Anna Snelling,GTX Basic,Codehow,Won,2017-03-04,2017-06-13,522,FALSE,TRUE
LV1754PS,Anna Snelling,GTX Basic,Rangreen,Won,2017-03-04,2017-05-14,544,FALSE,TRUE
JIYYV11P,Anna Snelling,MG Advanced,Genco Pura Olive Oil Company,Won,2017-03-04,2017-06-07,3081,FALSE,TRUE
FYN7C0CV,Cassey Cress,MG Advanced,Unknown Account,Engaging,2017-03-04,NA,NA,TRUE,FALSE
6TB7XA83,Cecily Lampkin,MG Special,dambase,Won,2017-03-04,2017-05-18,51,FALSE,TRUE
U5UM9W8V,Corliss Cosme,GTX Plus Basic,Zencorporation,Lost,2017-03-04,2017-05-09,0,FALSE,TRUE
5JDWBOLS,Daniell Hammack,GTX Basic,Unknown Account,Engaging,2017-03-04,NA,NA,TRUE,FALSE
POB32WHJ,Daniell Hammack,GTX Plus Basic,Acme Corporation,Lost,2017-03-04,2017-05-06,0,FALSE,TRUE
4T8KR12S,Darcel Schlecht,GTX Plus Basic,Streethex,Won,2017-03-04,2017-03-20,1076,FALSE,TRUE
JA0D4V57,James Ascencio,MG Advanced,Y-corporation,Won,2017-03-04,2017-05-09,3685,FALSE,TRUE
6CKB8I8U,Jonathan Berthelot,GTX Plus Basic,Hottechi,Lost,2017-03-04,2017-05-13,0,FALSE,TRUE
HKBAON9X,Kami Bicknell,GTX Pro,Golddex,Won,2017-03-04,2017-05-18,3997,FALSE,TRUE
7S1N6QHI,Kami Bicknell,MG Special,Y-corporation,Won,2017-03-04,2017-03-18,51,FALSE,TRUE
CHI2T3IH,Kami Bicknell,MG Advanced,Sunnamplex,Won,2017-03-04,2017-03-21,3164,FALSE,TRUE
X7HK448T,Lajuana Vencill,GTX Basic,Funholding,Won,2017-03-04,2017-06-22,496,FALSE,TRUE
1YYN3PBU,Markita Hansen,MG Advanced,Faxquote,Lost,2017-03-04,2017-05-13,0,FALSE,TRUE
R4L36Y0P,Marty Freudenburg,GTX Basic,Stanredtax,Won,2017-03-04,2017-03-26,579,FALSE,TRUE
CPTEPYPZ,Maureen Marcano,GTX Basic,Xx-holding,Lost,2017-03-04,2017-05-20,0,FALSE,TRUE
AJJ7VJWA,Niesha Huffines,GTX Pro,Bioholding,Lost,2017-03-04,2017-05-02,0,FALSE,TRUE
8BR6E4S6,Niesha Huffines,GTX Pro,Treequote,Lost,2017-03-04,2017-05-27,0,FALSE,TRUE
YNKWBEEN,Reed Clapper,GTX Basic,Kan-code,Won,2017-03-04,2017-06-27,521,FALSE,TRUE
SARVIBLS,Reed Clapper,MG Advanced,Gekko & Co,Won,2017-03-04,2017-03-07,3889,FALSE,TRUE
M4ZNQTEQ,Rosie Papadopoulos,MG Advanced,Plussunin,Won,2017-03-04,2017-03-12,3340,FALSE,TRUE
K0GWTWYL,Versie Hillebrand,MG Special,Finhigh,Lost,2017-03-04,2017-03-20,0,FALSE,TRUE
TCSQO748,Vicki Laflamme,GTX Pro,Cheers,Lost,2017-03-04,2017-05-11,0,FALSE,TRUE
7TI1WTV9,Zane Levy,GTX Pro,Acme Corporation,Engaging,2017-03-04,NA,NA,FALSE,FALSE
01EH41WA,Zane Levy,GTX Pro,Unknown Account,Engaging,2017-03-04,NA,NA,TRUE,FALSE
ITCY8YV0,Zane Levy,GTX Pro,Blackzim,Won,2017-03-04,2017-06-11,5876,FALSE,TRUE
SAUAOZVO,Anna Snelling,GTX Plus Pro,Toughzap,Won,2017-03-05,2017-05-29,5092,FALSE,TRUE
1XHLB0Q5,Boris Faz,GTX Plus Basic,Massive Dynamic,Lost,2017-03-05,2017-05-09,0,FALSE,TRUE
71GQNH5T,Cassey Cress,MG Advanced,Unknown Account,Engaging,2017-03-05,NA,NA,TRUE,FALSE
LSA39JBG,Daniell Hammack,GTX Basic,Unknown Account,Engaging,2017-03-05,NA,NA,TRUE,FALSE
OJVA8ZEK,Daniell Hammack,GTX Plus Basic,Acme Corporation,Won,2017-03-05,2017-06-08,966,FALSE,TRUE
UAX3F7D4,Daniell Hammack,GTX Plus Pro,Opentech,Won,2017-03-05,2017-03-21,6024,FALSE,TRUE
7PDUWDGT,Daniell Hammack,MG Advanced,Condax,Won,2017-03-05,2017-03-14,3759,FALSE,TRUE
QWJ2TRQM,Darcel Schlecht,GTX Pro,Streethex,Lost,2017-03-05,2017-05-24,0,FALSE,TRUE
3AU5SZ3V,Donn Cantrell,GTX Pro,Donquadtech,Won,2017-03-05,2017-03-23,4443,FALSE,TRUE
BVOO33UA,Hayden Neloms,MG Advanced,Cheers,Won,2017-03-05,2017-06-28,3397,FALSE,TRUE
SC7XGQVA,James Ascencio,GTX Plus Pro,Singletechno,Lost,2017-03-05,2017-03-15,0,FALSE,TRUE
UY45Y7AM,James Ascencio,MG Special,Sunnamplex,Lost,2017-03-05,2017-05-14,0,FALSE,TRUE
M92Y63Q3,Jonathan Berthelot,MG Special,Domzoom,Won,2017-03-05,2017-05-05,59,FALSE,TRUE
AKTPC3M1,Kami Bicknell,GTX Basic,Unknown Account,Engaging,2017-03-05,NA,NA,TRUE,FALSE
JXAYTFNI,Lajuana Vencill,GTX Basic,Cancity,Lost,2017-03-05,2017-05-12,0,FALSE,TRUE
BMM5D5R4,Lajuana Vencill,GTX Basic,dambase,Lost,2017-03-05,2017-05-21,0,FALSE,TRUE
PSGTTYUT,Lajuana Vencill,GTX Basic,Rangreen,Won,2017-03-05,2017-06-06,494,FALSE,TRUE
JRC2PMKX,Lajuana Vencill,GTX Plus Basic,Codehow,Won,2017-03-05,2017-05-16,1060,FALSE,TRUE
JA5G7YBO,Markita Hansen,MG Special,Blackzim,Engaging,2017-03-05,NA,NA,FALSE,FALSE
6M5LV1ZE,Marty Freudenburg,MG Special,Scottech,Lost,2017-03-05,2017-05-26,0,FALSE,TRUE
CZ8PPZTC,Rosie Papadopoulos,MG Special,Bioplex,Engaging,2017-03-05,NA,NA,FALSE,FALSE
IBZQBCSU,Rosie Papadopoulos,MG Special,Vehement Capital Partners,Lost,2017-03-05,2017-05-19,0,FALSE,TRUE
YABTM1G5,Versie Hillebrand,GTX Basic,Domzoom,Lost,2017-03-05,2017-05-30,0,FALSE,TRUE
FPTH6URQ,Vicki Laflamme,GTX Basic,Faxquote,Won,2017-03-05,2017-05-11,624,FALSE,TRUE
S3XE14XP,Vicki Laflamme,GTX Basic,Goodsilron,Won,2017-03-05,2017-05-08,565,FALSE,TRUE
U6Q0T9KV,Vicki Laflamme,GTX Basic,Konex,Won,2017-03-05,2017-06-14,642,FALSE,TRUE
YQ0Y0YQS,Violet Mclelland,MG Advanced,Newex,Engaging,2017-03-05,NA,NA,FALSE,FALSE
HRWHRCH8,Violet Mclelland,MG Special,Betasoloin,Won,2017-03-05,2017-03-14,48,FALSE,TRUE
8B29CRQL,Violet Mclelland,MG Special,Donware,Won,2017-03-05,2017-05-19,60,FALSE,TRUE
3KM8WN7L,Boris Faz,GTX Basic,Kan-code,Won,2017-03-06,2017-05-18,522,FALSE,TRUE
5Z8S8UHK,Cassey Cress,GTX Basic,Unknown Account,Engaging,2017-03-06,NA,NA,TRUE,FALSE
S0XILDHQ,Cassey Cress,GTX Plus Pro,Umbrella Corporation,Won,2017-03-06,2017-03-18,4701,FALSE,TRUE
ZVR3CS7N,Darcel Schlecht,GTX Plus Pro,Scottech,Lost,2017-03-06,2017-05-20,0,FALSE,TRUE
AZH0INTS,Elease Gluck,GTX Pro,Singletechno,Won,2017-03-06,2017-03-13,4987,FALSE,TRUE
9AMJKJX6,Jonathan Berthelot,GTX Basic,Inity,Won,2017-03-06,2017-05-31,579,FALSE,TRUE
NMKAJZJ4,Kary Hendrixson,MG Special,Unknown Account,Engaging,2017-03-06,NA,NA,TRUE,FALSE
3NQBMKOK,Kary Hendrixson,GTX Basic,Kan-code,Won,2017-03-06,2017-06-29,494,FALSE,TRUE
VBG91TQH,Marty Freudenburg,GTX Basic,Isdom,Won,2017-03-06,2017-06-11,545,FALSE,TRUE
QZE24X2H,Maureen Marcano,GTX Basic,Y-corporation,Won,2017-03-06,2017-06-01,584,FALSE,TRUE
WSPBQ5YR,Moses Frase,MG Advanced,dambase,Won,2017-03-06,2017-06-09,3714,FALSE,TRUE
YJJ1BLPQ,Niesha Huffines,MG Advanced,Finhigh,Won,2017-03-06,2017-05-15,3423,FALSE,TRUE
XUGTSB00,Niesha Huffines,MG Advanced,Ron-tech,Won,2017-03-06,2017-03-19,3167,FALSE,TRUE
3DKK3JF3,Reed Clapper,GTX Basic,Acme Corporation,Lost,2017-03-06,2017-05-29,0,FALSE,TRUE
I0TSIELX,Rosalina Dieter,GTX Plus Basic,Xx-holding,Won,2017-03-06,2017-05-29,987,FALSE,TRUE
SX0SSL0H,Rosie Papadopoulos,GTX Plus Basic,Unknown Account,Engaging,2017-03-06,NA,NA,TRUE,FALSE
420PORSF,Rosie Papadopoulos,MG Advanced,Konex,Lost,2017-03-06,2017-06-06,0,FALSE,TRUE
DVCPCBMJ,Versie Hillebrand,MG Advanced,Domzoom,Lost,2017-03-06,2017-05-21,0,FALSE,TRUE
UMZ986GC,Versie Hillebrand,MG Advanced,Dontechi,Won,2017-03-06,2017-05-24,3428,FALSE,TRUE
I7BWM5O0,Violet Mclelland,MG Special,Warephase,Engaging,2017-03-06,NA,NA,FALSE,FALSE
UPQRP36U,Violet Mclelland,MG Special,Gekko & Co,Lost,2017-03-06,2017-05-22,0,FALSE,TRUE
RZI9HX5X,Zane Levy,GTX Plus Basic,Hottechi,Won,2017-03-06,2017-05-31,1149,FALSE,TRUE
WFJPWN9O,Anna Snelling,GTX Plus Pro,Globex Corporation,Won,2017-03-07,2017-06-11,6023,FALSE,TRUE
6F79VYH8,Boris Faz,GTX Basic,Unknown Account,Engaging,2017-03-07,NA,NA,TRUE,FALSE
ZQ4QTT1Z,Boris Faz,GTX Plus Basic,Unknown Account,Engaging,2017-03-07,NA,NA,TRUE,FALSE
2WH4NUR9,Cassey Cress,GTX Basic,Bluth Company,Lost,2017-03-07,2017-06-04,0,FALSE,TRUE
S93L97VV,Cecily Lampkin,MG Special,Scottech,Won,2017-03-07,2017-03-17,47,FALSE,TRUE
HRU8FNE1,Corliss Cosme,GTX Basic,Donquadtech,Won,2017-03-07,2017-03-10,542,FALSE,TRUE
JDFN8AZI,Corliss Cosme,GTX Pro,Xx-zobam,Won,2017-03-07,2017-03-16,4980,FALSE,TRUE
11EK1VP7,Darcel Schlecht,GTX Pro,Funholding,Won,2017-03-07,2017-05-28,4978,FALSE,TRUE
50HQRWGJ,Donn Cantrell,GTX Pro,Vehement Capital Partners,Won,2017-03-07,2017-06-10,5256,FALSE,TRUE
N90VSHI2,Elease Gluck,GTX Pro,Hottechi,Won,2017-03-07,2017-06-07,4327,FALSE,TRUE
21PRD9FN,Garret Kinder,GTX Pro,Donware,Won,2017-03-07,2017-05-15,5022,FALSE,TRUE
ITIQJARB,Gladys Colclough,GTX Plus Pro,Bioholding,Won,2017-03-07,2017-03-11,4887,FALSE,TRUE
EAUV9J9L,Gladys Colclough,MG Advanced,Stanredtax,Won,2017-03-07,2017-03-21,3724,FALSE,TRUE
9A4H9IAC,James Ascencio,GTX Plus Basic,Unknown Account,Engaging,2017-03-07,NA,NA,TRUE,FALSE
XWEZ1WNK,James Ascencio,GTX Basic,Y-corporation,Won,2017-03-07,2017-03-11,535,FALSE,TRUE
ZTLLHCBU,Kary Hendrixson,GTX Basic,Dontechi,Engaging,2017-03-07,NA,NA,FALSE,FALSE
JTSUYWUD,Kary Hendrixson,GTX Plus Pro,Blackzim,Lost,2017-03-07,2017-05-24,0,FALSE,TRUE
CJ5U6GX3,Markita Hansen,MG Advanced,Singletechno,Won,2017-03-07,2017-03-15,3969,FALSE,TRUE
SLYFFVBE,Maureen Marcano,GTX Plus Basic,Blackzim,Engaging,2017-03-07,NA,NA,FALSE,FALSE
HDUV7VJN,Moses Frase,GTX Plus Pro,Toughzap,Won,2017-03-07,2017-03-13,6805,FALSE,TRUE
5OCY2XME,Niesha Huffines,GTX Plus Basic,Isdom,Won,2017-03-07,2017-06-12,1190,FALSE,TRUE
1YB00UYY,Rosie Papadopoulos,GTX Plus Pro,Condax,Won,2017-03-07,2017-05-29,4821,FALSE,TRUE
NCMT5KK3,Vicki Laflamme,GTX Basic,Dalttechnology,Engaging,2017-03-07,NA,NA,FALSE,FALSE
Y23HQJRG,Violet Mclelland,MG Special,Kinnamplus,Won,2017-03-07,2017-05-06,53,FALSE,TRUE
81FNO0VM,Wilburn Farren,GTX Plus Basic,Unknown Account,Engaging,2017-03-07,NA,NA,TRUE,FALSE
RFQP9VCW,Wilburn Farren,MG Advanced,Unknown Account,Engaging,2017-03-07,NA,NA,TRUE,FALSE
NGCM47PC,Zane Levy,GTX Pro,Unknown Account,Engaging,2017-03-07,NA,NA,TRUE,FALSE
9HXSC391,Cassey Cress,MG Advanced,Vehement Capital Partners,Won,2017-03-08,2017-05-22,3087,FALSE,TRUE
ENOMNCOJ,Cecily Lampkin,MG Special,Bioholding,Won,2017-03-08,2017-06-03,59,FALSE,TRUE
CG4TWLUR,Corliss Cosme,GTX Plus Basic,Bubba Gump,Won,2017-03-08,2017-06-02,857,FALSE,TRUE
0FIG6ZP2,Daniell Hammack,GTX Plus Basic,Massive Dynamic,Won,2017-03-08,2017-06-27,1142,FALSE,TRUE
IA62KQBO,Donn Cantrell,GTX Basic,Ganjaflex,Won,2017-03-08,2017-05-14,566,FALSE,TRUE
C54ZXDLT,Garret Kinder,MG Advanced,Xx-zobam,Won,2017-03-08,2017-03-18,4291,FALSE,TRUE
X96MMTCI,Hayden Neloms,GTX Plus Basic,Rantouch,Won,2017-03-08,2017-06-16,1039,FALSE,TRUE
P4RDU8QM,Hayden Neloms,MG Advanced,Xx-holding,Won,2017-03-08,2017-05-19,3151,FALSE,TRUE
7C9Q2ZA3,Jonathan Berthelot,GTX Basic,Gogozoom,Won,2017-03-08,2017-03-24,590,FALSE,TRUE
YZ1EYM3Y,Jonathan Berthelot,MG Advanced,Ron-tech,Won,2017-03-08,2017-03-18,3217,FALSE,TRUE
M7J5BV9Q,Kami Bicknell,GTX Basic,Zoomit,Won,2017-03-08,2017-03-11,597,FALSE,TRUE
MDRX39D8,Kary Hendrixson,GTX Pro,Newex,Won,2017-03-08,2017-05-11,4918,FALSE,TRUE
7GRFWF1U,Kary Hendrixson,GTX Pro,Scotfind,Won,2017-03-08,2017-03-19,5266,FALSE,TRUE
EHP6OQ69,Lajuana Vencill,MG Advanced,Finhigh,Lost,2017-03-08,2017-05-14,0,FALSE,TRUE
JDXSS1HT,Markita Hansen,GTX Basic,Silis,Engaging,2017-03-08,NA,NA,FALSE,FALSE
4R1NMA9E,Markita Hansen,GTX Basic,Singletechno,Lost,2017-03-08,2017-05-17,0,FALSE,TRUE
CDA8Y12G,Markita Hansen,MG Special,Blackzim,Won,2017-03-08,2017-05-07,61,FALSE,TRUE
RYLLRATF,Markita Hansen,MG Advanced,Faxquote,Won,2017-03-08,2017-05-31,3470,FALSE,TRUE
KEF5O2Q6,Moses Frase,GTX Basic,Betatech,Lost,2017-03-08,2017-06-26,0,FALSE,TRUE
Y38ULZPM,Rosalina Dieter,MG Special,Newex,Won,2017-03-08,2017-05-28,48,FALSE,TRUE
YFP8IZ98,Rosie Papadopoulos,MG Special,Acme Corporation,Won,2017-03-08,2017-06-22,61,FALSE,TRUE
U9CDTLZM,Vicki Laflamme,MG Special,Blackzim,Lost,2017-03-08,2017-05-26,0,FALSE,TRUE
V5AN4BZF,Violet Mclelland,GTX Basic,Silis,Lost,2017-03-08,2017-05-29,0,FALSE,TRUE
58J6HCYK,Zane Levy,GTX Basic,Y-corporation,Lost,2017-03-08,2017-06-05,0,FALSE,TRUE
GDGR4C37,Zane Levy,GTX Plus Basic,Plusstrip,Lost,2017-03-08,2017-05-27,0,FALSE,TRUE
COOYICXU,Anna Snelling,GTX Basic,Inity,Lost,2017-03-09,2017-05-22,0,FALSE,TRUE
UALNIVAY,Anna Snelling,GTX Plus Pro,Hottechi,Lost,2017-03-09,2017-05-11,0,FALSE,TRUE
E5UW8AGQ,Anna Snelling,GTX Basic,Streethex,Won,2017-03-09,2017-06-11,595,FALSE,TRUE
EWA9JFBA,Anna Snelling,MG Special,Zumgoity,Won,2017-03-09,2017-06-01,51,FALSE,TRUE
99DK6OHX,Boris Faz,MG Special,Opentech,Lost,2017-03-09,2017-06-08,0,FALSE,TRUE
MK57PHV1,Cassey Cress,GTX Pro,Kan-code,Won,2017-03-09,2017-05-25,4624,FALSE,TRUE
T1F2I8ED,Corliss Cosme,GTX Plus Basic,Unknown Account,Engaging,2017-03-09,NA,NA,TRUE,FALSE
26CH1NDR,Daniell Hammack,GTX Basic,Mathtouch,Engaging,2017-03-09,NA,NA,FALSE,FALSE
ISAWVDYZ,Daniell Hammack,GTX Basic,Unknown Account,Engaging,2017-03-09,NA,NA,TRUE,FALSE
ZGZSYIJV,Darcel Schlecht,GTX Plus Basic,Finhigh,Lost,2017-03-09,2017-05-15,0,FALSE,TRUE
6LI7FXQT,Darcel Schlecht,MG Special,Bioholding,Lost,2017-03-09,2017-05-28,0,FALSE,TRUE
D01U0UR8,Darcel Schlecht,GTX Basic,Funholding,Won,2017-03-09,2017-06-17,571,FALSE,TRUE
9LFX3HBC,Elease Gluck,MG Advanced,Lexiqvolax,Won,2017-03-09,2017-03-25,3333,FALSE,TRUE
JP3IMU5X,Gladys Colclough,GTX Plus Pro,Isdom,Won,2017-03-09,2017-05-16,4853,FALSE,TRUE
5I8WOI8P,Gladys Colclough,MG Special,Toughzap,Won,2017-03-09,2017-06-08,51,FALSE,TRUE
LJBQ7P0V,James Ascencio,MG Special,Zotware,Engaging,2017-03-09,NA,NA,FALSE,FALSE
ZRYPU2QW,James Ascencio,MG Advanced,Unknown Account,Engaging,2017-03-09,NA,NA,TRUE,FALSE
7C9BUYV0,James Ascencio,GTX Basic,Cheers,Lost,2017-03-09,2017-05-23,0,FALSE,TRUE
GMVW87C4,Kami Bicknell,GTX Pro,Cheers,Won,2017-03-09,2017-06-17,5035,FALSE,TRUE
NY9ARKRE,Marty Freudenburg,MG Special,Codehow,Won,2017-03-09,2017-06-01,51,FALSE,TRUE
XO3XXR9X,Maureen Marcano,GTX Pro,Dalttechnology,Won,2017-03-09,2017-06-09,4342,FALSE,TRUE
8QBIFURM,Versie Hillebrand,MG Advanced,Codehow,Lost,2017-03-09,2017-03-13,0,FALSE,TRUE
0A1LN7GB,Violet Mclelland,MG Special,Unknown Account,Engaging,2017-03-09,NA,NA,TRUE,FALSE
ZWAJWK40,Violet Mclelland,MG Special,Vehement Capital Partners,Won,2017-03-09,2017-06-22,48,FALSE,TRUE
WQ0C723A,Zane Levy,GTX Plus Pro,Kan-code,Won,2017-03-09,2017-05-18,5215,FALSE,TRUE
RCQ32MXL,Anna Snelling,GTX Plus Basic,Streethex,Lost,2017-03-10,2017-05-12,0,FALSE,TRUE
396WP6JS,Anna Snelling,MG Special,Gogozoom,Won,2017-03-10,2017-03-19,58,FALSE,TRUE
57689GK9,Cecily Lampkin,MG Advanced,Finhigh,Won,2017-03-10,2017-03-20,3587,FALSE,TRUE
S2WDGIHL,Cecily Lampkin,MG Advanced,Warephase,Won,2017-03-10,2017-05-29,2915,FALSE,TRUE
8VG88HMH,Daniell Hammack,GTX Pro,Konex,Won,2017-03-10,2017-06-28,4762,FALSE,TRUE
TF7HCU69,Garret Kinder,GTX Plus Basic,Gekko & Co,Won,2017-03-10,2017-06-12,1062,FALSE,TRUE
0EX7ML4W,Gladys Colclough,GTX Plus Pro,Finhigh,Lost,2017-03-10,2017-05-10,0,FALSE,TRUE
1B27CZ2M,James Ascencio,GTX Plus Pro,Unknown Account,Engaging,2017-03-10,NA,NA,TRUE,FALSE
839AMI93,Kary Hendrixson,GTX Basic,Unknown Account,Engaging,2017-03-10,NA,NA,TRUE,FALSE
BFGASJAW,Kary Hendrixson,GTX Basic,Unknown Account,Engaging,2017-03-10,NA,NA,TRUE,FALSE
5BSHJG7W,Kary Hendrixson,GTX Basic,Kan-code,Lost,2017-03-10,2017-05-30,0,FALSE,TRUE
HW38EMKM,Maureen Marcano,GTX Plus Pro,Kan-code,Lost,2017-03-10,2017-03-20,0,FALSE,TRUE
5XPYFICK,Rosie Papadopoulos,MG Special,Inity,Engaging,2017-03-10,NA,NA,FALSE,FALSE
B5QCN9H7,Violet Mclelland,MG Special,Massive Dynamic,Lost,2017-03-10,2017-05-29,0,FALSE,TRUE
X7M4GO0J,Violet Mclelland,GTX Plus Basic,Zencorporation,Won,2017-03-10,2017-06-28,1074,FALSE,TRUE
JYI35PPE,Zane Levy,MG Special,Newex,Lost,2017-03-10,2017-05-05,0,FALSE,TRUE
6XHE52MV,Anna Snelling,MG Special,Inity,Lost,2017-03-11,2017-05-30,0,FALSE,TRUE
0YN6EALP,Anna Snelling,MG Special,Scottech,Won,2017-03-11,2017-03-17,57,FALSE,TRUE
A4LUP6W6,Cassey Cress,GTX Basic,Zotware,Won,2017-03-11,2017-05-22,586,FALSE,TRUE
KUK2H5MD,Cecily Lampkin,GTX Plus Basic,Rundofase,Won,2017-03-11,2017-06-13,1184,FALSE,TRUE
HTW9348H,Donn Cantrell,GTX Basic,Silis,Lost,2017-03-11,2017-05-19,0,FALSE,TRUE
ILR33OAV,James Ascencio,MG Advanced,Unknown Account,Engaging,2017-03-11,NA,NA,TRUE,FALSE
A6CE8BHR,James Ascencio,GTX Plus Basic,Lexiqvolax,Lost,2017-03-11,2017-06-08,0,FALSE,TRUE
UI1UION3,James Ascencio,GTX Basic,J-Texon,Won,2017-03-11,2017-06-10,526,FALSE,TRUE
ZPX96Q40,James Ascencio,GTX Plus Pro,Condax,Won,2017-03-11,2017-06-12,5344,FALSE,TRUE
I0CYLPNE,James Ascencio,GTX Pro,Konex,Won,2017-03-11,2017-05-22,4125,FALSE,TRUE
FGH181PC,Kami Bicknell,GTX Basic,Dalttechnology,Won,2017-03-11,2017-06-06,528,FALSE,TRUE
8OBC9CQE,Kami Bicknell,MG Advanced,Singletechno,Won,2017-03-11,2017-03-26,3254,FALSE,TRUE
G3KFZ8KX,Kary Hendrixson,GTX Pro,Green-Plus,Lost,2017-03-11,2017-05-07,0,FALSE,TRUE
2Y84YR3K,Kary Hendrixson,GTX Basic,J-Texon,Won,2017-03-11,2017-05-24,516,FALSE,TRUE
97QHOOWD,Kary Hendrixson,GTX Basic,Y-corporation,Won,2017-03-11,2017-03-27,538,FALSE,TRUE
YL7XWUYO,Lajuana Vencill,GTX Basic,Codehow,Won,2017-03-11,2017-06-17,459,FALSE,TRUE
VO8TFB31,Maureen Marcano,GTX Basic,Cheers,Lost,2017-03-11,2017-06-26,0,FALSE,TRUE
Q949MQ5W,Maureen Marcano,GTX Pro,Sunnamplex,Won,2017-03-11,2017-05-22,5137,FALSE,TRUE
HZU0L5GS,Moses Frase,MG Advanced,Konmatfix,Won,2017-03-11,2017-06-04,3330,FALSE,TRUE
8RF8XVYF,Versie Hillebrand,GTX Basic,Conecom,Won,2017-03-11,2017-05-10,589,FALSE,TRUE
ZILYYA1V,Vicki Laflamme,MG Special,Goodsilron,Won,2017-03-11,2017-03-30,45,FALSE,TRUE
BY2L60V1,Zane Levy,MG Special,Unknown Account,Engaging,2017-03-11,NA,NA,TRUE,FALSE
NH0WGTR4,Anna Snelling,MG Special,Funholding,Lost,2017-03-12,2017-05-25,0,FALSE,TRUE
73HO9OZC,Cassey Cress,GTX Basic,Finjob,Engaging,2017-03-12,NA,NA,FALSE,FALSE
WBJX6O2D,Cassey Cress,GTX Plus Pro,Opentech,Won,2017-03-12,2017-06-11,5664,FALSE,TRUE
1IHNDN80,Cecily Lampkin,MG Advanced,Streethex,Lost,2017-03-12,2017-05-02,0,FALSE,TRUE
T14K7M5G,Corliss Cosme,GTX Plus Basic,Initech,Won,2017-03-12,2017-06-11,1074,FALSE,TRUE
XPP2Q5WQ,Darcel Schlecht,GTX Plus Basic,Globex Corporation,Lost,2017-03-12,2017-05-02,0,FALSE,TRUE
FM4LX5O0,Darcel Schlecht,GTX Pro,Treequote,Lost,2017-03-12,2017-05-26,0,FALSE,TRUE
HG07756D,Elease Gluck,GTX Basic,Finjob,Won,2017-03-12,2017-03-31,481,FALSE,TRUE
E7YSM99K,Elease Gluck,GTX Plus Basic,Labdrill,Won,2017-03-12,2017-06-02,1101,FALSE,TRUE
4D1FP59D,Gladys Colclough,GTX Basic,Warephase,Won,2017-03-12,2017-06-23,522,FALSE,TRUE
3E4VTH6E,Hayden Neloms,MG Special,Hatfan,Engaging,2017-03-12,NA,NA,FALSE,FALSE
TK29F68V,Hayden Neloms,MG Special,Y-corporation,Won,2017-03-12,2017-06-13,49,FALSE,TRUE
QHJ3W8FW,Kami Bicknell,GTX Pro,Unknown Account,Engaging,2017-03-12,NA,NA,TRUE,FALSE
N3H82NHO,Kami Bicknell,GTX Pro,Newex,Won,2017-03-12,2017-06-02,4865,FALSE,TRUE
GTANESSU,Lajuana Vencill,GTX Plus Basic,Isdom,Won,2017-03-12,2017-05-22,991,FALSE,TRUE
LA0O6BHX,Lajuana Vencill,GTX Plus Pro,Dontechi,Won,2017-03-12,2017-05-27,4509,FALSE,TRUE
RRKQ0P07,Markita Hansen,GTX Pro,Nam-zim,Won,2017-03-12,2017-05-03,5169,FALSE,TRUE
J4V3VKQ5,Maureen Marcano,GTX Basic,Sonron,Won,2017-03-12,2017-03-27,491,FALSE,TRUE
17U8549G,Maureen Marcano,GTX Pro,Labdrill,Won,2017-03-12,2017-06-15,4281,FALSE,TRUE
G281LUYF,Niesha Huffines,GTX Plus Basic,Finhigh,Lost,2017-03-12,2017-05-08,0,FALSE,TRUE
4NAK1XFV,Rosie Papadopoulos,MG Special,Umbrella Corporation,Lost,2017-03-12,2017-05-18,0,FALSE,TRUE
Y34MVXP3,Rosie Papadopoulos,MG Advanced,Kinnamplus,Won,2017-03-12,2017-06-27,3443,FALSE,TRUE
N8G3G1UF,Versie Hillebrand,MG Special,Gogozoom,Won,2017-03-12,2017-05-29,60,FALSE,TRUE
SDXZB8MC,Versie Hillebrand,MG Special,Hottechi,Won,2017-03-12,2017-06-20,53,FALSE,TRUE
PFUE2JYB,Vicki Laflamme,MG Special,Finjob,Won,2017-03-12,2017-05-26,56,FALSE,TRUE
4A8SFEJ2,Zane Levy,GTX Basic,Scotfind,Won,2017-03-12,2017-03-17,665,FALSE,TRUE
HEG8WPQF,Anna Snelling,GTX Plus Basic,Inity,Won,2017-03-13,2017-05-09,1140,FALSE,TRUE
0FST40LV,Anna Snelling,MG Special,Streethex,Won,2017-03-13,2017-05-25,52,FALSE,TRUE
I7WERQ6B,Anna Snelling,MG Special,Warephase,Won,2017-03-13,2017-06-08,52,FALSE,TRUE
T7UYHDUN,Boris Faz,GTX Plus Pro,Donquadtech,Lost,2017-03-13,2017-03-24,0,FALSE,TRUE
Y28VHZKQ,Cassey Cress,MG Advanced,Unknown Account,Engaging,2017-03-13,NA,NA,TRUE,FALSE
V0EIMVES,Cecily Lampkin,GTX Plus Pro,Konmatfix,Won,2017-03-13,2017-05-13,5121,FALSE,TRUE
DL4SZAGH,Cecily Lampkin,MG Advanced,Rundofase,Won,2017-03-13,2017-03-31,3611,FALSE,TRUE
RVIU1YQ8,Corliss Cosme,MG Special,Massive Dynamic,Won,2017-03-13,2017-03-24,50,FALSE,TRUE
ZNSWDHTJ,Darcel Schlecht,GTX Basic,Rundofase,Won,2017-03-13,2017-05-15,618,FALSE,TRUE
A2G8VYZY,Darcel Schlecht,GTX Plus Basic,Globex Corporation,Won,2017-03-13,2017-03-17,1247,FALSE,TRUE
F5I33E1I,Elease Gluck,MG Special,Sumace,Engaging,2017-03-13,NA,NA,FALSE,FALSE
Y9B94N72,Garret Kinder,MG Special,Donware,Won,2017-03-13,2017-05-03,55,FALSE,TRUE
34MBPHRL,Hayden Neloms,GTX Plus Basic,Singletechno,Won,2017-03-13,2017-06-17,1157,FALSE,TRUE
K73K8IQ3,Kary Hendrixson,GTX Basic,Hottechi,Won,2017-03-13,2017-05-22,537,FALSE,TRUE
8L5WBK75,Kary Hendrixson,GTX Pro,Dalttechnology,Won,2017-03-13,2017-03-30,4955,FALSE,TRUE
Z1RN8D42,Kary Hendrixson,GTX Pro,Singletechno,Won,2017-03-13,2017-06-02,5606,FALSE,TRUE
4IT33RBO,Markita Hansen,GTX Basic,Unknown Account,Engaging,2017-03-13,NA,NA,TRUE,FALSE
JV1NCDKP,Moses Frase,MG Special,Isdom,Won,2017-03-13,2017-05-11,57,FALSE,TRUE
ECCVMNUZ,Rosalina Dieter,MG Special,Sunnamplex,Won,2017-03-13,2017-05-20,66,FALSE,TRUE
A3GVFKYP,Zane Levy,GTX Pro,Dalttechnology,Won,2017-03-13,2017-06-27,5113,FALSE,TRUE
COTHR6F7,Zane Levy,GTX Pro,Sunnamplex,Won,2017-03-13,2017-05-22,4595,FALSE,TRUE
7VKQWIXD,Boris Faz,GTX Plus Basic,Unknown Account,Engaging,2017-03-14,NA,NA,TRUE,FALSE
3OAEEV0S,Cassey Cress,MG Advanced,Gekko & Co,Won,2017-03-14,2017-03-21,3503,FALSE,TRUE
RTH5O6ZW,Cassey Cress,MG Advanced,Mathtouch,Won,2017-03-14,2017-06-13,3600,FALSE,TRUE
V74O6XQT,Daniell Hammack,GTX Pro,Unknown Account,Engaging,2017-03-14,NA,NA,TRUE,FALSE
GH6U8WWN,Daniell Hammack,GTX Basic,Massive Dynamic,Won,2017-03-14,2017-03-19,425,FALSE,TRUE
GVNI96XB,Darcel Schlecht,GTX Pro,Dontechi,Won,2017-03-14,2017-06-20,4565,FALSE,TRUE
KC324LPK,Darcel Schlecht,GTX Pro,Ron-tech,Won,2017-03-14,2017-05-22,4754,FALSE,TRUE
2Y2R082L,Darcel Schlecht,MG Special,dambase,Won,2017-03-14,2017-05-06,62,FALSE,TRUE
HALGOQ5D,Donn Cantrell,GTX Pro,Betasoloin,Won,2017-03-14,2017-05-30,4688,FALSE,TRUE
1R38Y0C1,Elease Gluck,MG Advanced,Golddex,Won,2017-03-14,2017-03-20,3386,FALSE,TRUE
3QQW8VJ2,Garret Kinder,GTX Pro,Xx-zobam,Won,2017-03-14,2017-06-06,3869,FALSE,TRUE
8JS4BWQ7,Gladys Colclough,GTX Basic,Streethex,Won,2017-03-14,2017-03-24,615,FALSE,TRUE
78TOITP2,Gladys Colclough,MG Special,Finhigh,Won,2017-03-14,2017-05-18,55,FALSE,TRUE
MRCYKUX4,Hayden Neloms,MG Advanced,Unknown Account,Engaging,2017-03-14,NA,NA,TRUE,FALSE
3PVNGGBX,Markita Hansen,GTX Basic,The New York Inquirer,Engaging,2017-03-14,NA,NA,FALSE,FALSE
MN6E59H6,Markita Hansen,GTX Plus Pro,Unknown Account,Engaging,2017-03-14,NA,NA,TRUE,FALSE
BSA76OL5,Marty Freudenburg,GTX Basic,Isdom,Lost,2017-03-14,2017-05-17,0,FALSE,TRUE
YHNBSXPN,Maureen Marcano,GTX Plus Basic,Hatfan,Won,2017-03-14,2017-03-25,1019,FALSE,TRUE
TW6D3KT4,Maureen Marcano,MG Advanced,Blackzim,Won,2017-03-14,2017-05-12,2798,FALSE,TRUE
Z8RI8RLU,Moses Frase,GTX Basic,Streethex,Won,2017-03-14,2017-06-03,502,FALSE,TRUE
FT0L8HZZ,Moses Frase,MG Advanced,Isdom,Won,2017-03-14,2017-03-16,3323,FALSE,TRUE
AW0GW33Q,Reed Clapper,GTX Plus Basic,Condax,Lost,2017-03-14,2017-06-11,0,FALSE,TRUE
IJLPV177,Rosalina Dieter,MG Special,Nam-zim,Lost,2017-03-14,2017-03-30,0,FALSE,TRUE
9UVKASFY,Vicki Laflamme,GTX Plus Pro,Nam-zim,Lost,2017-03-14,2017-05-27,0,FALSE,TRUE
KKSMEP2A,Vicki Laflamme,MG Advanced,Finjob,Lost,2017-03-14,2017-06-21,0,FALSE,TRUE
E96ZTKHC,Vicki Laflamme,GTX Basic,Scotfind,Won,2017-03-14,2017-03-17,542,FALSE,TRUE
RZ08GKZY,Zane Levy,GTX Pro,Faxquote,Won,2017-03-14,2017-05-22,5172,FALSE,TRUE
EK0ZZHKT,Cassey Cress,MG Advanced,Massive Dynamic,Lost,2017-03-15,2017-06-24,0,FALSE,TRUE
9U6RAS0M,Cassey Cress,GTX Basic,Umbrella Corporation,Won,2017-03-15,2017-03-31,538,FALSE,TRUE
3S31RHE5,Cassey Cress,GTX Pro,Betasoloin,Won,2017-03-15,2017-05-18,4497,FALSE,TRUE
GOM8T4Y4,Darcel Schlecht,GTX Plus Basic,Codehow,Won,2017-03-15,2017-05-09,1178,FALSE,TRUE
7Z5AVSH6,Darcel Schlecht,GTX Pro,Treequote,Won,2017-03-15,2017-06-21,4969,FALSE,TRUE
E7OPE1O8,Darcel Schlecht,MG Special,Rangreen,Won,2017-03-15,2017-03-20,60,FALSE,TRUE
647E6ED0,Darcel Schlecht,MG Advanced,Dontechi,Won,2017-03-15,2017-06-05,2875,FALSE,TRUE
V4XHHFO3,Elease Gluck,GTX Basic,Blackzim,Engaging,2017-03-15,NA,NA,FALSE,FALSE
PEX6S873,Elease Gluck,GTK 500,Cheers,Lost,2017-03-15,2017-05-19,0,FALSE,TRUE
M9OTPNII,Garret Kinder,GTX Plus Pro,Donware,Won,2017-03-15,2017-05-20,6177,FALSE,TRUE
EZRICI17,Gladys Colclough,MG Advanced,Rundofase,Lost,2017-03-15,2017-06-28,0,FALSE,TRUE
7PXJ92C5,Kary Hendrixson,GTX Pro,Unknown Account,Engaging,2017-03-15,NA,NA,TRUE,FALSE
BAXENBTS,Kary Hendrixson,GTX Pro,Finjob,Lost,2017-03-15,2017-05-06,0,FALSE,TRUE
086279IX,Kary Hendrixson,GTX Pro,Kan-code,Won,2017-03-15,2017-06-14,4369,FALSE,TRUE
6EEC9HQQ,Kary Hendrixson,GTX Pro,Y-corporation,Won,2017-03-15,2017-05-21,4878,FALSE,TRUE
MHN0SWM2,Lajuana Vencill,GTX Plus Pro,Genco Pura Olive Oil Company,Won,2017-03-15,2017-06-21,4527,FALSE,TRUE
8SKE4TT5,Maureen Marcano,GTX Plus Basic,Xx-holding,Lost,2017-03-15,2017-05-30,0,FALSE,TRUE
IGELOJ42,Moses Frase,GTX Plus Pro,Cancity,Won,2017-03-15,2017-06-03,6102,FALSE,TRUE
0LMA8GMJ,Rosie Papadopoulos,GTX Plus Pro,Bubba Gump,Won,2017-03-15,2017-05-10,4983,FALSE,TRUE
E40RN3MN,Versie Hillebrand,MG Special,Isdom,Won,2017-03-15,2017-03-25,47,FALSE,TRUE
093R7PK9,Vicki Laflamme,MG Special,Zoomit,Won,2017-03-15,2017-06-11,52,FALSE,TRUE
I8A9OXP2,Violet Mclelland,GTX Pro,Gekko & Co,Won,2017-03-15,2017-06-25,5031,FALSE,TRUE
7IFEKEMG,Violet Mclelland,MG Special,Bioplex,Won,2017-03-15,2017-06-06,53,FALSE,TRUE
4XZ4RY1N,Wilburn Farren,GTX Plus Basic,Unknown Account,Engaging,2017-03-15,NA,NA,TRUE,FALSE
K2KK9SW2,Anna Snelling,GTX Basic,Inity,Won,2017-03-16,2017-05-02,550,FALSE,TRUE
Z0RLNFVY,Boris Faz,GTX Plus Basic,Unknown Account,Engaging,2017-03-16,NA,NA,TRUE,FALSE
8SIG4C8X,Boris Faz,GTX Pro,Donquadtech,Won,2017-03-16,2017-06-06,5223,FALSE,TRUE
K4ETVW4H,Boris Faz,MG Special,Betasoloin,Won,2017-03-16,2017-05-12,53,FALSE,TRUE
YA2NDY1H,Cassey Cress,GTX Pro,Bluth Company,Won,2017-03-16,2017-05-17,4519,FALSE,TRUE
G6DYTQQE,Corliss Cosme,GTX Pro,Vehement Capital Partners,Won,2017-03-16,2017-06-01,4833,FALSE,TRUE
RQULJHTU,Daniell Hammack,GTX Plus Pro,Unknown Account,Engaging,2017-03-16,NA,NA,TRUE,FALSE
RZZ9K7UN,Daniell Hammack,GTX Plus Pro,Zencorporation,Won,2017-03-16,2017-06-29,5407,FALSE,TRUE
3918OU6O,Darcel Schlecht,GTX Basic,Rundofase,Lost,2017-03-16,2017-05-02,0,FALSE,TRUE
YZ9ZKK3P,Hayden Neloms,MG Special,Finjob,Won,2017-03-16,2017-05-08,56,FALSE,TRUE
GK1NH8G7,Kami Bicknell,GTX Basic,Iselectrics,Engaging,2017-03-16,NA,NA,FALSE,FALSE
OPCLCCQH,Kami Bicknell,GTX Plus Basic,Konex,Engaging,2017-03-16,NA,NA,FALSE,FALSE
E1921PBZ,Kary Hendrixson,GTX Basic,Finjob,Won,2017-03-16,2017-05-23,468,FALSE,TRUE
0E761F02,Kary Hendrixson,GTX Basic,Kan-code,Won,2017-03-16,2017-05-02,579,FALSE,TRUE
HDBNC8W1,Lajuana Vencill,MG Advanced,Treequote,Won,2017-03-16,2017-06-11,3185,FALSE,TRUE
WFCEPHD3,Markita Hansen,GTX Pro,Unknown Account,Engaging,2017-03-16,NA,NA,TRUE,FALSE
KP6NOWM7,Markita Hansen,MG Special,Cheers,Won,2017-03-16,2017-06-03,54,FALSE,TRUE
HPYLUU5P,Maureen Marcano,MG Special,Newex,Won,2017-03-16,2017-06-26,62,FALSE,TRUE
I7AH5FW0,Moses Frase,GTX Basic,dambase,Lost,2017-03-16,2017-05-23,0,FALSE,TRUE
RSFYKC1F,Moses Frase,GTX Basic,Betatech,Won,2017-03-16,2017-06-25,619,FALSE,TRUE
RMW0TRSZ,Rosalina Dieter,MG Special,Golddex,Lost,2017-03-16,2017-05-20,0,FALSE,TRUE
GNENBXRW,Rosalina Dieter,MG Special,Hatfan,Lost,2017-03-16,2017-05-17,0,FALSE,TRUE
L20NI94X,Rosalina Dieter,MG Advanced,Xx-holding,Lost,2017-03-16,2017-06-05,0,FALSE,TRUE
AF7XJNED,Rosie Papadopoulos,GTX Plus Pro,Unknown Account,Engaging,2017-03-16,NA,NA,TRUE,FALSE
CG65AS6X,Vicki Laflamme,GTX Pro,Xx-holding,Won,2017-03-16,2017-03-29,4408,FALSE,TRUE
9XV6GX8D,Zane Levy,GTX Basic,Cheers,Won,2017-03-16,2017-06-07,605,FALSE,TRUE
IDIMBX0N,Anna Snelling,GTX Plus Pro,Genco Pura Olive Oil Company,Won,2017-03-17,2017-03-26,6064,FALSE,TRUE
W75XU368,Cassey Cress,GTX Basic,Plussunin,Won,2017-03-17,2017-06-17,641,FALSE,TRUE
WIY2Q0Q5,Cassey Cress,GTX Basic,Vehement Capital Partners,Won,2017-03-17,2017-05-17,491,FALSE,TRUE
EJDHOY6M,Corliss Cosme,GTX Basic,Unknown Account,Engaging,2017-03-17,NA,NA,TRUE,FALSE
DF1011UT,Corliss Cosme,GTX Plus Basic,Konmatfix,Engaging,2017-03-17,NA,NA,FALSE,FALSE
7V1FQBL9,Corliss Cosme,GTX Pro,Plussunin,Lost,2017-03-17,2017-05-03,0,FALSE,TRUE
4PXSBQU8,Darcel Schlecht,MG Special,Codehow,Won,2017-03-17,2017-05-27,47,FALSE,TRUE
QRKHWNRB,Elease Gluck,MG Special,Faxquote,Won,2017-03-17,2017-06-25,63,FALSE,TRUE
1YGNHE69,Garret Kinder,MG Advanced,Sumace,Won,2017-03-17,2017-05-18,3291,FALSE,TRUE
IBS3H6Z4,Hayden Neloms,GTX Plus Basic,Unknown Account,Engaging,2017-03-17,NA,NA,TRUE,FALSE
TAEUD0HP,Hayden Neloms,GTX Plus Basic,Singletechno,Won,2017-03-17,2017-06-10,1188,FALSE,TRUE
04YGLJ3N,Kary Hendrixson,GTX Plus Pro,Unknown Account,Engaging,2017-03-17,NA,NA,TRUE,FALSE
72TBO2HA,Kary Hendrixson,GTX Basic,Cheers,Lost,2017-03-17,2017-05-08,0,FALSE,TRUE
FCW4SAAP,Kary Hendrixson,GTX Basic,Scotfind,Won,2017-03-17,2017-06-11,478,FALSE,TRUE
DEH0MYSO,Kary Hendrixson,MG Special,Green-Plus,Won,2017-03-17,2017-05-24,60,FALSE,TRUE
PEVJ6O6R,Reed Clapper,GTX Pro,Silis,Won,2017-03-17,2017-03-27,4064,FALSE,TRUE
T02CX0BY,Reed Clapper,MG Advanced,Ontomedia,Won,2017-03-17,2017-03-31,2550,FALSE,TRUE
IN9S33CD,Rosalina Dieter,GTX Plus Pro,Finhigh,Engaging,2017-03-17,NA,NA,FALSE,FALSE
SSX3QRTB,Rosie Papadopoulos,MG Special,Bioplex,Lost,2017-03-17,2017-05-08,0,FALSE,TRUE
UBX7TMQG,Versie Hillebrand,GTX Plus Pro,Dontechi,Lost,2017-03-17,2017-05-10,0,FALSE,TRUE
RR5AMWPQ,Versie Hillebrand,MG Special,Genco Pura Olive Oil Company,Lost,2017-03-17,2017-05-16,0,FALSE,TRUE
FHLNW3WH,Versie Hillebrand,MG Advanced,Statholdings,Won,2017-03-17,2017-06-21,3378,FALSE,TRUE
1GT10YJD,Vicki Laflamme,GTX Plus Pro,Unknown Account,Engaging,2017-03-17,NA,NA,TRUE,FALSE
4UZCVHEV,Violet Mclelland,GTX Basic,Unknown Account,Engaging,2017-03-17,NA,NA,TRUE,FALSE
DJH67UIZ,Violet Mclelland,MG Special,Unknown Account,Engaging,2017-03-17,NA,NA,TRUE,FALSE
7VGJ2B7O,Violet Mclelland,MG Special,Unknown Account,Engaging,2017-03-17,NA,NA,TRUE,FALSE
IAVMELUO,Wilburn Farren,GTX Pro,Gekko & Co,Won,2017-03-17,2017-05-30,6135,FALSE,TRUE
PRMMZX9O,Zane Levy,GTX Plus Basic,Newex,Won,2017-03-17,2017-06-02,999,FALSE,TRUE
ZZFES7ID,Zane Levy,MG Special,Singletechno,Won,2017-03-17,2017-06-05,52,FALSE,TRUE
G7PNQB9M,Anna Snelling,GTX Plus Basic,Warephase,Lost,2017-03-18,2017-05-25,0,FALSE,TRUE
Z0R5O2VW,Cassey Cress,GTX Plus Pro,Donware,Lost,2017-03-18,2017-05-24,0,FALSE,TRUE
VS0TWECS,Cassey Cress,GTX Basic,Plussunin,Won,2017-03-18,2017-06-18,530,FALSE,TRUE
XN7EV14M,Cecily Lampkin,GTX Basic,Konmatfix,Won,2017-03-18,2017-05-09,538,FALSE,TRUE
P5BRH80Z,Cecily Lampkin,MG Special,Rundofase,Won,2017-03-18,2017-03-27,53,FALSE,TRUE
CQVDJR45,Darcel Schlecht,GTX Pro,Scottech,Won,2017-03-18,2017-06-12,5416,FALSE,TRUE
QUFCX2MF,Elease Gluck,MG Special,Scotfind,Lost,2017-03-18,2017-05-27,0,FALSE,TRUE
RW13VT8T,Garret Kinder,GTX Plus Pro,Mathtouch,Won,2017-03-18,2017-05-11,4995,FALSE,TRUE
H2IOHZ8R,James Ascencio,GTX Basic,Unknown Account,Engaging,2017-03-18,NA,NA,TRUE,FALSE
5LJ47CVS,James Ascencio,GTX Basic,Sonron,Lost,2017-03-18,2017-06-22,0,FALSE,TRUE
87XTACKH,Jonathan Berthelot,GTX Plus Basic,Bioholding,Won,2017-03-18,2017-05-26,1137,FALSE,TRUE
0Z2CQ0MQ,Kami Bicknell,GTX Basic,Sonron,Won,2017-03-18,2017-03-28,453,FALSE,TRUE
4SK6YLB0,Kami Bicknell,GTX Plus Basic,Hottechi,Won,2017-03-18,2017-05-27,1065,FALSE,TRUE
EVVX3PQ5,Kami Bicknell,GTX Pro,Singletechno,Won,2017-03-18,2017-05-04,4373,FALSE,TRUE
9Y3JDP1B,Kami Bicknell,MG Advanced,Labdrill,Won,2017-03-18,2017-06-19,2560,FALSE,TRUE
ACB3QZAY,Kary Hendrixson,GTX Pro,Singletechno,Lost,2017-03-18,2017-06-04,0,FALSE,TRUE
COWC9H9T,Markita Hansen,GTX Plus Basic,Groovestreet,Won,2017-03-18,2017-03-31,1171,FALSE,TRUE
ZTHMJWYZ,Markita Hansen,MG Special,Konex,Won,2017-03-18,2017-06-22,53,FALSE,TRUE
MMGWAWBA,Marty Freudenburg,GTX Plus Pro,Treequote,Won,2017-03-18,2017-06-02,6553,FALSE,TRUE
8LPO6YCO,Marty Freudenburg,MG Advanced,Betatech,Won,2017-03-18,2017-05-07,3542,FALSE,TRUE
I7MDOGGU,Maureen Marcano,GTX Basic,Unknown Account,Engaging,2017-03-18,NA,NA,TRUE,FALSE
CDUIUYY2,Moses Frase,MG Advanced,Finhigh,Won,2017-03-18,2017-06-11,3619,FALSE,TRUE
10IY4PV4,Rosalina Dieter,MG Advanced,Unknown Account,Engaging,2017-03-18,NA,NA,TRUE,FALSE
A1TDRYHZ,Rosie Papadopoulos,MG Advanced,Rangreen,Engaging,2017-03-18,NA,NA,FALSE,FALSE
2JY9SQ2L,Vicki Laflamme,MG Special,Unknown Account,Engaging,2017-03-18,NA,NA,TRUE,FALSE
9328IHHL,Wilburn Farren,MG Advanced,Bluth Company,Won,2017-03-18,2017-05-18,3589,FALSE,TRUE
ZFB7CBR6,Zane Levy,GTX Plus Pro,Plexzap,Won,2017-03-18,2017-05-13,6262,FALSE,TRUE
3N3RAHXR,Cassey Cress,GTX Plus Basic,Nam-zim,Engaging,2017-03-19,NA,NA,FALSE,FALSE
6RJE18RW,Cassey Cress,GTX Plus Basic,Acme Corporation,Won,2017-03-19,2017-03-24,1161,FALSE,TRUE
GK86H0SK,Cassey Cress,GTX Pro,Umbrella Corporation,Won,2017-03-19,2017-03-28,4975,FALSE,TRUE
QXU90OP8,Corliss Cosme,GTX Basic,Zotware,Won,2017-03-19,2017-03-22,586,FALSE,TRUE
NXXSU27K,Corliss Cosme,MG Special,The New York Inquirer,Won,2017-03-19,2017-03-25,41,FALSE,TRUE
RACLHBXN,Daniell Hammack,GTX Plus Basic,Unknown Account,Engaging,2017-03-19,NA,NA,TRUE,FALSE
06YL7WVJ,Darcel Schlecht,GTX Plus Basic,Ron-tech,Won,2017-03-19,2017-03-21,929,FALSE,TRUE
K4Y8R0FX,Darcel Schlecht,MG Special,Streethex,Won,2017-03-19,2017-06-04,65,FALSE,TRUE
F8O0IY28,Donn Cantrell,GTX Basic,Zencorporation,Won,2017-03-19,2017-03-30,574,FALSE,TRUE
8T8J06EL,Gladys Colclough,GTX Pro,Condax,Lost,2017-03-19,2017-06-26,0,FALSE,TRUE
3AE6GW2D,Gladys Colclough,GTX Pro,Streethex,Lost,2017-03-19,2017-05-09,0,FALSE,TRUE
T0SEVT4K,Hayden Neloms,MG Advanced,Labdrill,Won,2017-03-19,2017-06-16,3028,FALSE,TRUE
36VPT9RZ,James Ascencio,GTX Basic,Singletechno,Won,2017-03-19,2017-03-26,403,FALSE,TRUE
R2RL1Y49,Kami Bicknell,GTX Basic,Sonron,Lost,2017-03-19,2017-05-16,0,FALSE,TRUE
7Q7SA3EK,Kami Bicknell,MG Advanced,Kan-code,Won,2017-03-19,2017-06-07,3290,FALSE,TRUE
THKCN7HU,Kary Hendrixson,GTX Basic,Unknown Account,Engaging,2017-03-19,NA,NA,TRUE,FALSE
6JI36HIE,Kary Hendrixson,MG Advanced,Sonron,Lost,2017-03-19,2017-06-23,0,FALSE,TRUE
B5CBSTM5,Kary Hendrixson,MG Advanced,Golddex,Won,2017-03-19,2017-03-29,3550,FALSE,TRUE
SNBYNW8H,Moses Frase,MG Advanced,Rangreen,Won,2017-03-19,2017-06-23,3657,FALSE,TRUE
IEN6RBZI,Reed Clapper,GTX Plus Basic,Zotware,Won,2017-03-19,2017-06-24,1046,FALSE,TRUE
9P026O47,Versie Hillebrand,MG Special,Warephase,Won,2017-03-19,2017-05-27,50,FALSE,TRUE
AJLNEUVY,Versie Hillebrand,MG Advanced,Funholding,Won,2017-03-19,2017-03-27,2871,FALSE,TRUE
LJIAOC0Q,Violet Mclelland,MG Special,Bioplex,Won,2017-03-19,2017-06-04,52,FALSE,TRUE
PD2198ZH,Zane Levy,GTX Pro,Unknown Account,Engaging,2017-03-19,NA,NA,TRUE,FALSE
2BYD4WQ7,Anna Snelling,MG Special,Funholding,Lost,2017-03-20,2017-05-19,0,FALSE,TRUE
HP6DSCMH,Boris Faz,GTX Basic,Kan-code,Won,2017-03-20,2017-06-12,564,FALSE,TRUE
FM4S93O6,Cassey Cress,GTX Plus Pro,Donware,Lost,2017-03-20,2017-05-23,0,FALSE,TRUE
ALHQU8W8,Corliss Cosme,GTX Basic,Plexzap,Engaging,2017-03-20,NA,NA,FALSE,FALSE
GGPSSI5Q,Daniell Hammack,MG Advanced,Ganjaflex,Won,2017-03-20,2017-06-02,3780,FALSE,TRUE
4D95LU0H,Darcel Schlecht,GTX Basic,dambase,Won,2017-03-20,2017-06-24,491,FALSE,TRUE
KA79LTFF,Darcel Schlecht,GTX Basic,Dontechi,Won,2017-03-20,2017-03-30,604,FALSE,TRUE
OBBVVO9O,Elease Gluck,GTK 500,Singletechno,Lost,2017-03-20,2017-05-27,0,FALSE,TRUE
83HX5CIJ,Kami Bicknell,GTX Basic,Sonron,Lost,2017-03-20,2017-03-23,0,FALSE,TRUE
SGV1FR3O,Kami Bicknell,GTX Basic,Cheers,Won,2017-03-20,2017-06-23,568,FALSE,TRUE
TJ6U9HZ3,Kary Hendrixson,GTX Basic,Singletechno,Won,2017-03-20,2017-06-24,601,FALSE,TRUE
K72CEXGZ,Maureen Marcano,GTX Plus Basic,Unknown Account,Engaging,2017-03-20,NA,NA,TRUE,FALSE
1N99TLIA,Maureen Marcano,MG Advanced,Blackzim,Lost,2017-03-20,2017-06-02,0,FALSE,TRUE
JYE2QFGE,Niesha Huffines,GTX Plus Pro,Genco Pura Olive Oil Company,Won,2017-03-20,2017-05-06,5616,FALSE,TRUE
IEOMRMWW,Reed Clapper,GTX Pro,Zotware,Lost,2017-03-20,2017-06-28,0,FALSE,TRUE
ZW7N89K3,Rosalina Dieter,GTX Pro,Faxquote,Lost,2017-03-20,2017-05-18,0,FALSE,TRUE
MIU04JC2,Versie Hillebrand,MG Special,dambase,Lost,2017-03-20,2017-06-21,0,FALSE,TRUE
VF2OKZY5,Vicki Laflamme,MG Advanced,Scotfind,Lost,2017-03-20,2017-06-12,0,FALSE,TRUE
QSBKLWSW,Violet Mclelland,GTX Basic,Opentech,Won,2017-03-20,2017-06-29,542,FALSE,TRUE
0GTJE2VQ,Wilburn Farren,GTX Basic,Gekko & Co,Won,2017-03-20,2017-06-14,497,FALSE,TRUE
H91G4MYP,Zane Levy,GTX Pro,J-Texon,Won,2017-03-20,2017-05-22,5443,FALSE,TRUE
DDBH2FPP,Anna Snelling,GTX Plus Basic,Rangreen,Won,2017-03-21,2017-06-16,1037,FALSE,TRUE
P1SGQODJ,Boris Faz,GTX Plus Basic,Rangreen,Engaging,2017-03-21,NA,NA,FALSE,FALSE
N8F2PFQP,Boris Faz,GTX Plus Basic,Betasoloin,Won,2017-03-21,2017-04-03,992,FALSE,TRUE
WELHHO3U,Cecily Lampkin,GTX Plus Basic,Stanredtax,Won,2017-03-21,2017-03-30,966,FALSE,TRUE
CUAYGT78,Daniell Hammack,MG Advanced,Zotware,Lost,2017-03-21,2017-06-26,0,FALSE,TRUE
9KDR9PQX,Garret Kinder,GTX Plus Pro,Vehement Capital Partners,Lost,2017-03-21,2017-04-01,0,FALSE,TRUE
8A5HA974,Jonathan Berthelot,GTX Basic,Warephase,Lost,2017-03-21,2017-04-01,0,FALSE,TRUE
M1L0IWB6,Jonathan Berthelot,MG Advanced,Ron-tech,Won,2017-03-21,2017-05-11,3232,FALSE,TRUE
I2U6MKUT,Reed Clapper,GTX Basic,Ganjaflex,Won,2017-03-21,2017-05-29,548,FALSE,TRUE
5C8HCDXT,Wilburn Farren,MG Advanced,Unknown Account,Engaging,2017-03-21,NA,NA,TRUE,FALSE
RK6UFTI8,Wilburn Farren,MG Advanced,Plussunin,Lost,2017-03-21,2017-03-26,0,FALSE,TRUE
ECOU1XXZ,Anna Snelling,MG Special,Ron-tech,Won,2017-03-22,2017-05-30,52,FALSE,TRUE
9FPDDSIJ,Cassey Cress,GTX Pro,Unknown Account,Engaging,2017-03-22,NA,NA,TRUE,FALSE
4RDJBBB6,Daniell Hammack,MG Special,Unknown Account,Engaging,2017-03-22,NA,NA,TRUE,FALSE
OTDDPHWJ,Darcel Schlecht,GTX Pro,Genco Pura Olive Oil Company,Lost,2017-03-22,2017-05-28,0,FALSE,TRUE
20N9WSRC,Darcel Schlecht,GTX Pro,Globex Corporation,Lost,2017-03-22,2017-05-23,0,FALSE,TRUE
IJ4GXGCU,Darcel Schlecht,GTX Pro,Isdom,Won,2017-03-22,2017-03-30,5109,FALSE,TRUE
GZCWM6GK,Elease Gluck,MG Special,Statholdings,Engaging,2017-03-22,NA,NA,FALSE,FALSE
U0G8KIPB,Gladys Colclough,MG Special,Codehow,Won,2017-03-22,2017-06-21,49,FALSE,TRUE
2YVVZN5L,Jonathan Berthelot,GTX Plus Basic,Konmatfix,Lost,2017-03-22,2017-05-03,0,FALSE,TRUE
3JUL12VK,Kami Bicknell,GTX Basic,Unknown Account,Engaging,2017-03-22,NA,NA,TRUE,FALSE
TGW7OYMD,Kami Bicknell,GTX Basic,Kan-code,Won,2017-03-22,2017-06-25,447,FALSE,TRUE
XJ9RQU4K,Lajuana Vencill,MG Advanced,Isdom,Won,2017-03-22,2017-06-14,3430,FALSE,TRUE
9Y85N0W5,Markita Hansen,MG Advanced,Unknown Account,Engaging,2017-03-22,NA,NA,TRUE,FALSE
4TRMURKI,Niesha Huffines,GTX Basic,Condax,Lost,2017-03-22,2017-06-18,0,FALSE,TRUE
TJXY9DQG,Reed Clapper,MG Advanced,Donquadtech,Won,2017-03-22,2017-06-10,3245,FALSE,TRUE
DV9ZB9KL,Versie Hillebrand,GTX Basic,Bioholding,Lost,2017-03-22,2017-03-27,0,FALSE,TRUE
J712QVSG,Versie Hillebrand,MG Special,Ron-tech,Won,2017-03-22,2017-03-26,61,FALSE,TRUE
LCBVIPRA,Vicki Laflamme,MG Special,Golddex,Won,2017-03-22,2017-06-29,60,FALSE,TRUE
8GE7FY98,Violet Mclelland,GTX Pro,Unknown Account,Engaging,2017-03-22,NA,NA,TRUE,FALSE
88R08IL1,Violet Mclelland,MG Special,Kan-code,Lost,2017-03-22,2017-04-01,0,FALSE,TRUE
4U9D1IZ5,Zane Levy,GTX Basic,Unknown Account,Engaging,2017-03-22,NA,NA,TRUE,FALSE
WNMF0OHM,Anna Snelling,GTX Plus Pro,dambase,Won,2017-03-23,2017-04-01,5060,FALSE,TRUE
I0D1O3GX,Boris Faz,GTX Basic,Xx-zobam,Lost,2017-03-23,2017-04-01,0,FALSE,TRUE
PO158L29,Cassey Cress,GTX Basic,Blackzim,Engaging,2017-03-23,NA,NA,FALSE,FALSE
7LNGJB3S,Cassey Cress,GTX Basic,Kan-code,Won,2017-03-23,2017-04-01,585,FALSE,TRUE
AVD2WQZY,Corliss Cosme,GTX Pro,Sumace,Lost,2017-03-23,2017-06-11,0,FALSE,TRUE
UD9V38LV,Donn Cantrell,GTX Pro,Betasoloin,Lost,2017-03-23,2017-05-19,0,FALSE,TRUE
JMTO8BPQ,Gladys Colclough,GTX Pro,Hottechi,Lost,2017-03-23,2017-04-03,0,FALSE,TRUE
06YBVWXZ,Kami Bicknell,GTX Pro,Condax,Lost,2017-03-23,2017-04-03,0,FALSE,TRUE
ODGKZEVV,Kary Hendrixson,GTX Pro,Unknown Account,Engaging,2017-03-23,NA,NA,TRUE,FALSE
1VCAS7FL,Lajuana Vencill,MG Special,Condax,Lost,2017-03-23,2017-04-05,0,FALSE,TRUE
G2TASA8C,Lajuana Vencill,MG Special,Dontechi,Lost,2017-03-23,2017-06-15,0,FALSE,TRUE
CRW2CCMB,Markita Hansen,GTX Basic,Nam-zim,Won,2017-03-23,2017-06-05,572,FALSE,TRUE
7FER10E1,Markita Hansen,MG Special,Golddex,Won,2017-03-23,2017-06-08,54,FALSE,TRUE
K96NUCWR,Moses Frase,GTX Basic,Dontechi,Lost,2017-03-23,2017-04-01,0,FALSE,TRUE
SE609QTE,Versie Hillebrand,MG Special,Stanredtax,Won,2017-03-23,2017-05-05,60,FALSE,TRUE
CT9XECID,Versie Hillebrand,MG Advanced,Zumgoity,Won,2017-03-23,2017-04-01,3251,FALSE,TRUE
SUO8VZQ8,Vicki Laflamme,GTX Plus Pro,Lexiqvolax,Won,2017-03-23,2017-06-14,5930,FALSE,TRUE
9LX9MAPU,Violet Mclelland,GTX Plus Basic,Mathtouch,Won,2017-03-23,2017-04-01,941,FALSE,TRUE
PHP5V833,Anna Snelling,GTX Basic,Cancity,Lost,2017-03-24,2017-05-18,0,FALSE,TRUE
7XEB6TFB,Anna Snelling,MG Special,Scottech,Won,2017-03-24,2017-06-06,56,FALSE,TRUE
KV9LW061,Anna Snelling,MG Advanced,Codehow,Won,2017-03-24,2017-04-04,3445,FALSE,TRUE
M41NS5DN,Cassey Cress,GTX Plus Pro,Unknown Account,Engaging,2017-03-24,NA,NA,TRUE,FALSE
QIHWKCFK,Cassey Cress,MG Advanced,Singletechno,Engaging,2017-03-24,NA,NA,FALSE,FALSE
8RZ1A49O,Cecily Lampkin,MG Special,Bioholding,Won,2017-03-24,2017-03-31,54,FALSE,TRUE
GEJLL5L3,Corliss Cosme,GTX Basic,Unknown Account,Engaging,2017-03-24,NA,NA,TRUE,FALSE
V4EKF9RF,Corliss Cosme,MG Advanced,Mathtouch,Won,2017-03-24,2017-03-31,3498,FALSE,TRUE
VJ1EK4A3,Daniell Hammack,GTX Basic,Vehement Capital Partners,Won,2017-03-24,2017-04-02,540,FALSE,TRUE
65B8HSTW,Daniell Hammack,GTX Pro,Gekko & Co,Won,2017-03-24,2017-04-02,4986,FALSE,TRUE
KIJB458K,Darcel Schlecht,GTX Plus Pro,Toughzap,Lost,2017-03-24,2017-04-03,0,FALSE,TRUE
8PHJ7N4E,Darcel Schlecht,GTX Plus Pro,Domzoom,Won,2017-03-24,2017-05-15,5214,FALSE,TRUE
EDAJ0YEW,Darcel Schlecht,GTX Pro,Isdom,Won,2017-03-24,2017-03-30,4794,FALSE,TRUE
KMB8TJ0I,Hayden Neloms,MG Advanced,Unknown Account,Engaging,2017-03-24,NA,NA,TRUE,FALSE
9X5HUUJ5,James Ascencio,GTX Plus Basic,Kan-code,Lost,2017-03-24,2017-04-02,0,FALSE,TRUE
CR6ZLEWC,Kary Hendrixson,GTX Plus Pro,Unknown Account,Engaging,2017-03-24,NA,NA,TRUE,FALSE
21S1ETXM,Kary Hendrixson,GTX Plus Basic,Scotfind,Lost,2017-03-24,2017-04-03,0,FALSE,TRUE
54JFGNXN,Lajuana Vencill,GTX Basic,Cancity,Won,2017-03-24,2017-05-27,648,FALSE,TRUE
WLXPA3LB,Lajuana Vencill,MG Advanced,Dontechi,Won,2017-03-24,2017-06-30,3040,FALSE,TRUE
3WQMBMSN,Marty Freudenburg,GTX Plus Basic,Treequote,Won,2017-03-24,2017-06-30,1185,FALSE,TRUE
XIKWT7HM,Marty Freudenburg,MG Special,Finhigh,Won,2017-03-24,2017-03-26,48,FALSE,TRUE
J9QQVBQX,Maureen Marcano,GTX Plus Basic,J-Texon,Lost,2017-03-24,2017-04-01,0,FALSE,TRUE
I51MJ7PP,Maureen Marcano,GTX Plus Basic,Cheers,Won,2017-03-24,2017-06-30,1021,FALSE,TRUE
V690FQG4,Maureen Marcano,GTX Plus Basic,Scotfind,Won,2017-03-24,2017-05-26,1264,FALSE,TRUE
OSB9S3PI,Moses Frase,MG Special,Zumgoity,Lost,2017-03-24,2017-05-23,0,FALSE,TRUE
JWRSTAU8,Moses Frase,GTX Basic,Ron-tech,Won,2017-03-24,2017-06-12,503,FALSE,TRUE
YYAZ4JBY,Reed Clapper,GTX Pro,Ganjaflex,Won,2017-03-24,2017-04-03,4440,FALSE,TRUE
8SEGAAT7,Versie Hillebrand,GTX Plus Basic,Inity,Lost,2017-03-24,2017-04-03,0,FALSE,TRUE
4L36DJTM,Versie Hillebrand,MG Special,Rangreen,Won,2017-03-24,2017-04-02,52,FALSE,TRUE
YB20NWM1,Vicki Laflamme,MG Special,Unknown Account,Engaging,2017-03-24,NA,NA,TRUE,FALSE
7Z3S4XV9,Vicki Laflamme,GTX Basic,Konex,Lost,2017-03-24,2017-04-03,0,FALSE,TRUE
SQOW8W0G,Violet Mclelland,GTX Basic,Initech,Lost,2017-03-24,2017-05-05,0,FALSE,TRUE
W3LGBNI2,Violet Mclelland,MG Special,Gekko & Co,Lost,2017-03-24,2017-04-06,0,FALSE,TRUE
J2B3UZXA,Violet Mclelland,GTX Basic,Gekko & Co,Won,2017-03-24,2017-03-26,499,FALSE,TRUE
43LFUTVM,Zane Levy,GTX Plus Pro,Unknown Account,Engaging,2017-03-24,NA,NA,TRUE,FALSE
VH78FLDN,Zane Levy,GTX Pro,Cheers,Lost,2017-03-24,2017-04-03,0,FALSE,TRUE
KZKMLY96,Zane Levy,GTX Plus Basic,Condax,Won,2017-03-24,2017-03-29,1159,FALSE,TRUE
9BGKQZ3H,Anna Snelling,MG Special,Domzoom,Lost,2017-03-25,2017-04-03,0,FALSE,TRUE
H6NJKV4F,Boris Faz,GTX Plus Pro,Betasoloin,Won,2017-03-25,2017-05-20,5479,FALSE,TRUE
CMS1HUGL,Cassey Cress,MG Advanced,Unknown Account,Engaging,2017-03-25,NA,NA,TRUE,FALSE
6R6S91WE,Daniell Hammack,GTX Pro,Unknown Account,Engaging,2017-03-25,NA,NA,TRUE,FALSE
L69Q015M,Daniell Hammack,GTX Pro,Zotware,Won,2017-03-25,2017-05-19,4555,FALSE,TRUE
RX3F3VIU,Darcel Schlecht,MG Special,Hottechi,Lost,2017-03-25,2017-04-02,0,FALSE,TRUE
R5I9AAFG,Elease Gluck,MG Special,Fasehatice,Lost,2017-03-25,2017-05-25,0,FALSE,TRUE
JQ3HJFNA,Garret Kinder,GTX Plus Basic,Initech,Won,2017-03-25,2017-03-28,1026,FALSE,TRUE
XCC1C1GG,Gladys Colclough,GTX Basic,Stanredtax,Won,2017-03-25,2017-04-03,503,FALSE,TRUE
WI1HQSIS,Gladys Colclough,GTX Plus Basic,Streethex,Won,2017-03-25,2017-06-14,1144,FALSE,TRUE
LCTI4CFV,Gladys Colclough,MG Special,Genco Pura Olive Oil Company,Won,2017-03-25,2017-06-16,55,FALSE,TRUE
3T64Z7DB,Kami Bicknell,GTX Basic,Unknown Account,Engaging,2017-03-25,NA,NA,TRUE,FALSE
3F2ZPCSL,Kary Hendrixson,GTX Plus Basic,Unknown Account,Engaging,2017-03-25,NA,NA,TRUE,FALSE
8GMDSXYY,Markita Hansen,MG Advanced,Kan-code,Won,2017-03-25,2017-04-06,3181,FALSE,TRUE
QLTDWAEM,Marty Freudenburg,MG Special,Scottech,Won,2017-03-25,2017-06-19,54,FALSE,TRUE
XFB1VXQY,Maureen Marcano,MG Advanced,Unknown Account,Engaging,2017-03-25,NA,NA,TRUE,FALSE
UB8M6I5R,Maureen Marcano,GTX Pro,Singletechno,Won,2017-03-25,2017-06-30,3959,FALSE,TRUE
EBTJPEEY,Niesha Huffines,GTX Basic,Streethex,Won,2017-03-25,2017-05-31,571,FALSE,TRUE
ATW70WX1,Reed Clapper,GTX Pro,Donquadtech,Lost,2017-03-25,2017-04-05,0,FALSE,TRUE
9DBMY3OF,Vicki Laflamme,GTX Basic,Kan-code,Lost,2017-03-25,2017-04-04,0,FALSE,TRUE
HRV9DSYF,Vicki Laflamme,GTX Basic,Blackzim,Won,2017-03-25,2017-04-03,545,FALSE,TRUE
MNC7Q3JJ,Vicki Laflamme,GTX Basic,Labdrill,Won,2017-03-25,2017-06-21,554,FALSE,TRUE
TJ03NDNX,Violet Mclelland,MG Advanced,Iselectrics,Engaging,2017-03-25,NA,NA,FALSE,FALSE
E3WWC6FJ,Violet Mclelland,MG Special,Yearin,Won,2017-03-25,2017-04-02,68,FALSE,TRUE
QKKZQJ46,Violet Mclelland,MG Special,Zencorporation,Won,2017-03-25,2017-06-16,52,FALSE,TRUE
VRYR5A81,Wilburn Farren,GTX Basic,Finhigh,Engaging,2017-03-25,NA,NA,FALSE,FALSE
M52B4VC5,Anna Snelling,MG Special,Globex Corporation,Lost,2017-03-26,2017-04-04,0,FALSE,TRUE
Z72Y3C3C,Anna Snelling,MG Special,Dontechi,Won,2017-03-26,2017-04-04,54,FALSE,TRUE
FQPPZ9NQ,Cassey Cress,MG Advanced,Donware,Won,2017-03-26,2017-05-25,3822,FALSE,TRUE
DUHS8KVY,Daniell Hammack,GTX Plus Basic,The New York Inquirer,Won,2017-03-26,2017-04-05,971,FALSE,TRUE
M72CT8RN,Daniell Hammack,GTX Plus Pro,Donware,Won,2017-03-26,2017-04-05,6024,FALSE,TRUE
XBFTCRLN,Darcel Schlecht,GTX Pro,Stanredtax,Won,2017-03-26,2017-04-04,4820,FALSE,TRUE
3ZILMRQK,Donn Cantrell,GTX Plus Pro,Kinnamplus,Lost,2017-03-26,2017-05-28,0,FALSE,TRUE
FZ72CGOI,Garret Kinder,GTX Pro,Plussunin,Lost,2017-03-26,2017-06-25,0,FALSE,TRUE
72HZ4LDT,Garret Kinder,MG Advanced,Ganjaflex,Won,2017-03-26,2017-04-02,2940,FALSE,TRUE
J6OQS0AU,Hayden Neloms,MG Advanced,Unknown Account,Engaging,2017-03-26,NA,NA,TRUE,FALSE
4X3LNCWH,Hayden Neloms,MG Special,Doncon,Won,2017-03-26,2017-04-04,49,FALSE,TRUE
97PFKCPG,James Ascencio,GTX Pro,Unknown Account,Engaging,2017-03-26,NA,NA,TRUE,FALSE
FB9M4FR7,James Ascencio,MG Special,Unknown Account,Engaging,2017-03-26,NA,NA,TRUE,FALSE
CMPFB2PS,Jonathan Berthelot,GTX Basic,Conecom,Lost,2017-03-26,2017-04-02,0,FALSE,TRUE
61HW4ELT,Kami Bicknell,GTX Plus Basic,Finjob,Lost,2017-03-26,2017-05-31,0,FALSE,TRUE
F481S8G3,Kami Bicknell,GTX Basic,J-Texon,Won,2017-03-26,2017-05-22,545,FALSE,TRUE
5G4I94TF,Kary Hendrixson,GTX Plus Pro,Statholdings,Engaging,2017-03-26,NA,NA,FALSE,FALSE
677XNEFB,Markita Hansen,MG Special,Y-corporation,Won,2017-03-26,2017-06-18,58,FALSE,TRUE
7L0S5EON,Marty Freudenburg,MG Advanced,Streethex,Lost,2017-03-26,2017-04-03,0,FALSE,TRUE
A3D8MRDX,Niesha Huffines,GTX Pro,Dontechi,Won,2017-03-26,2017-05-12,4280,FALSE,TRUE
YE6R6I1K,Reed Clapper,MG Advanced,Umbrella Corporation,Won,2017-03-26,2017-05-29,2880,FALSE,TRUE
JXUXBANJ,Rosalina Dieter,GTK 500,Y-corporation,Won,2017-03-26,2017-04-05,25288,FALSE,TRUE
UWPUJESS,Versie Hillebrand,MG Special,Hottechi,Lost,2017-03-26,2017-05-25,0,FALSE,TRUE
HSTXUOVW,Vicki Laflamme,MG Special,Hatfan,Lost,2017-03-26,2017-05-06,0,FALSE,TRUE
2ZT298DY,Zane Levy,GTX Basic,Goodsilron,Lost,2017-03-26,2017-04-04,0,FALSE,TRUE
Z769EPTS,Zane Levy,GTX Basic,Hottechi,Lost,2017-03-26,2017-05-14,0,FALSE,TRUE
GOIVV4OG,Cecily Lampkin,MG Advanced,Zumgoity,Won,2017-03-27,2017-05-29,3267,FALSE,TRUE
CJOU1RYX,Daniell Hammack,GTX Plus Pro,Betasoloin,Won,2017-03-27,2017-06-09,5182,FALSE,TRUE
5OVTFUNQ,Darcel Schlecht,GTX Pro,Cancity,Lost,2017-03-27,2017-04-05,0,FALSE,TRUE
0RNYAI6O,Darcel Schlecht,MG Special,Statholdings,Lost,2017-03-27,2017-04-07,0,FALSE,TRUE
NSI9TMQ1,Garret Kinder,GTX Pro,Zencorporation,Lost,2017-03-27,2017-05-31,0,FALSE,TRUE
2QQD7411,James Ascencio,GTX Basic,Y-corporation,Won,2017-03-27,2017-05-25,540,FALSE,TRUE
XR57MBVC,James Ascencio,MG Advanced,Finjob,Won,2017-03-27,2017-05-01,3492,FALSE,TRUE
8BY9YRL9,Jonathan Berthelot,GTX Plus Pro,dambase,Won,2017-03-27,2017-06-26,5991,FALSE,TRUE
7PWQUE7O,Markita Hansen,GTX Basic,Lexiqvolax,Lost,2017-03-27,2017-04-02,0,FALSE,TRUE
ELCQKUQU,Markita Hansen,MG Advanced,Konex,Lost,2017-03-27,2017-04-06,0,FALSE,TRUE
CVPH0J04,Markita Hansen,GTX Pro,Sunnamplex,Won,2017-03-27,2017-06-26,4968,FALSE,TRUE
H8CLNRM2,Maureen Marcano,GTX Pro,Konex,Won,2017-03-27,2017-05-26,5006,FALSE,TRUE
MJBD6V39,Moses Frase,MG Special,Conecom,Lost,2017-03-27,2017-05-01,0,FALSE,TRUE
GQQ01OO5,Reed Clapper,GTX Plus Pro,Zotware,Lost,2017-03-27,2017-05-15,0,FALSE,TRUE
B85LVFR1,Reed Clapper,GTX Pro,Mathtouch,Won,2017-03-27,2017-04-05,5363,FALSE,TRUE
U8XA7JCO,Versie Hillebrand,MG Special,dambase,Won,2017-03-27,2017-06-28,49,FALSE,TRUE
0QPZIIPF,Vicki Laflamme,GTX Plus Basic,Donware,Engaging,2017-03-27,NA,NA,FALSE,FALSE
2GR73FEV,Zane Levy,GTX Plus Basic,Fasehatice,Lost,2017-03-27,2017-04-03,0,FALSE,TRUE
AV4ZPXE3,Zane Levy,MG Advanced,Doncon,Won,2017-03-27,2017-04-03,4253,FALSE,TRUE
X8QV83G1,Anna Snelling,MG Special,Codehow,Lost,2017-03-28,2017-04-08,0,FALSE,TRUE
T1ZYZ70B,Anna Snelling,MG Special,Codehow,Lost,2017-03-28,2017-06-08,0,FALSE,TRUE
RO6QLRCX,Cassey Cress,GTX Basic,Plussunin,Won,2017-03-28,2017-05-30,422,FALSE,TRUE
6FT804V9,Cecily Lampkin,GTX Basic,Hottechi,Lost,2017-03-28,2017-04-06,0,FALSE,TRUE
SKTAI2GS,Cecily Lampkin,GTX Plus Basic,Codehow,Won,2017-03-28,2017-04-08,1056,FALSE,TRUE
YIGSYPWD,Corliss Cosme,GTX Pro,Bioplex,Lost,2017-03-28,2017-04-07,0,FALSE,TRUE
9IP0C0IR,Corliss Cosme,GTX Pro,Ganjaflex,Lost,2017-03-28,2017-05-28,0,FALSE,TRUE
E06J9PDT,Darcel Schlecht,GTX Pro,Dontechi,Lost,2017-03-28,2017-04-06,0,FALSE,TRUE
3OLESA9M,Darcel Schlecht,MG Advanced,Inity,Lost,2017-03-28,2017-04-03,0,FALSE,TRUE
3O7PIS8O,Darcel Schlecht,MG Advanced,Warephase,Won,2017-03-28,2017-04-09,3665,FALSE,TRUE
FAV4HHP4,Donn Cantrell,GTX Pro,Donquadtech,Won,2017-03-28,2017-06-03,4329,FALSE,TRUE
LOMFB71Q,Gladys Colclough,MG Special,Finhigh,Lost,2017-03-28,2017-04-03,0,FALSE,TRUE
C334XDK8,Hayden Neloms,MG Special,Goodsilron,Won,2017-03-28,2017-04-08,58,FALSE,TRUE
R707GGNA,James Ascencio,GTX Plus Pro,Y-corporation,Won,2017-03-28,2017-06-26,7356,FALSE,TRUE
EP81D4IN,James Ascencio,GTX Pro,Fasehatice,Won,2017-03-28,2017-06-25,4066,FALSE,TRUE
UWZ7DFKY,Lajuana Vencill,MG Special,Condax,Won,2017-03-28,2017-06-06,55,FALSE,TRUE
7SH51ME1,Markita Hansen,MG Advanced,Zoomit,Won,2017-03-28,2017-06-27,3738,FALSE,TRUE
DFFEQ87N,Maureen Marcano,MG Special,Scottech,Engaging,2017-03-28,NA,NA,FALSE,FALSE
QPH1YUAN,Maureen Marcano,GTX Basic,Hottechi,Lost,2017-03-28,2017-04-04,0,FALSE,TRUE
7PV7V1RP,Maureen Marcano,MG Advanced,Labdrill,Lost,2017-03-28,2017-05-26,0,FALSE,TRUE
C2WEF4XH,Maureen Marcano,GTX Plus Basic,Y-corporation,Won,2017-03-28,2017-05-15,888,FALSE,TRUE
5G645WYV,Moses Frase,GTX Plus Pro,Bioholding,Won,2017-03-28,2017-04-07,5447,FALSE,TRUE
5M3Z5DS4,Niesha Huffines,GTX Plus Pro,Globex Corporation,Won,2017-03-28,2017-04-05,5972,FALSE,TRUE
CR20TBUT,Rosalina Dieter,GTX Pro,Cheers,Won,2017-03-28,2017-04-02,4855,FALSE,TRUE
M5E8U8HP,Rosie Papadopoulos,MG Advanced,Xx-zobam,Won,2017-03-28,2017-05-29,3395,FALSE,TRUE
BXK5HGEY,Vicki Laflamme,MG Special,Unknown Account,Engaging,2017-03-28,NA,NA,TRUE,FALSE
XXUGTDX7,Vicki Laflamme,MG Special,Unknown Account,Engaging,2017-03-28,NA,NA,TRUE,FALSE
LWXHKI88,Vicki Laflamme,MG Special,Unknown Account,Engaging,2017-03-28,NA,NA,TRUE,FALSE
9VEB4KWV,Violet Mclelland,MG Special,Bioplex,Lost,2017-03-28,2017-04-07,0,FALSE,TRUE
9S7VQ79A,Zane Levy,GTX Plus Basic,Goodsilron,Won,2017-03-28,2017-03-30,1084,FALSE,TRUE
1MQFYGEE,Cecily Lampkin,MG Advanced,Inity,Won,2017-03-29,2017-06-03,3670,FALSE,TRUE
4G10PCOZ,Daniell Hammack,GTX Plus Basic,Initech,Lost,2017-03-29,2017-04-02,0,FALSE,TRUE
DLZYL69K,Daniell Hammack,GTX Plus Pro,Gekko & Co,Won,2017-03-29,2017-06-02,5304,FALSE,TRUE
KYQ50DTU,Darcel Schlecht,GTX Plus Pro,Treequote,Lost,2017-03-29,2017-04-06,0,FALSE,TRUE
FRIVBOOA,Darcel Schlecht,GTX Pro,Conecom,Won,2017-03-29,2017-06-16,3844,FALSE,TRUE
7ASDRLM5,Donn Cantrell,GTX Basic,Acme Corporation,Won,2017-03-29,2017-05-11,549,FALSE,TRUE
0HB6OUIN,Gladys Colclough,GTX Pro,Condax,Lost,2017-03-29,2017-05-20,0,FALSE,TRUE
UWK0KA56,Gladys Colclough,MG Advanced,Stanredtax,Lost,2017-03-29,2017-04-05,0,FALSE,TRUE
CCVCBR83,Jonathan Berthelot,GTX Basic,Hottechi,Won,2017-03-29,2017-04-05,553,FALSE,TRUE
I6U62W0R,Kami Bicknell,GTX Basic,Unknown Account,Engaging,2017-03-29,NA,NA,TRUE,FALSE
SV2VJ3VH,Kami Bicknell,GTX Plus Basic,Plexzap,Lost,2017-03-29,2017-05-05,0,FALSE,TRUE
ASL3FJZP,Kami Bicknell,MG Advanced,Faxquote,Won,2017-03-29,2017-04-07,3523,FALSE,TRUE
EB89ONZN,Kary Hendrixson,GTX Pro,Funholding,Engaging,2017-03-29,NA,NA,FALSE,FALSE
0S4K915N,Kary Hendrixson,GTX Basic,Konex,Lost,2017-03-29,2017-05-20,0,FALSE,TRUE
8IJOC37Z,Kary Hendrixson,GTX Basic,Hottechi,Won,2017-03-29,2017-06-28,424,FALSE,TRUE
28BIO7F9,Marty Freudenburg,GTX Basic,Konmatfix,Won,2017-03-29,2017-06-02,490,FALSE,TRUE
9B5T5QTA,Maureen Marcano,GTX Pro,Konex,Lost,2017-03-29,2017-04-04,0,FALSE,TRUE
9ZDFLOKA,Maureen Marcano,MG Special,Green-Plus,Won,2017-03-29,2017-04-07,48,FALSE,TRUE
8FXUNDUS,Moses Frase,MG Advanced,Hottechi,Won,2017-03-29,2017-05-26,3982,FALSE,TRUE
MLC5KY2R,Rosalina Dieter,MG Advanced,Finjob,Lost,2017-03-29,2017-06-11,0,FALSE,TRUE
98YPUABG,Vicki Laflamme,GTX Plus Pro,Sonron,Lost,2017-03-29,2017-04-06,0,FALSE,TRUE
181X64EU,Vicki Laflamme,GTX Plus Basic,Goodsilron,Won,2017-03-29,2017-04-09,1176,FALSE,TRUE
XLKL4EI0,Wilburn Farren,GTX Basic,Betasoloin,Lost,2017-03-29,2017-04-10,0,FALSE,TRUE
5RUF6451,Wilburn Farren,GTX Basic,Kinnamplus,Won,2017-03-29,2017-04-04,589,FALSE,TRUE
G67668KN,Zane Levy,GTX Plus Pro,Singletechno,Lost,2017-03-29,2017-05-16,0,FALSE,TRUE
4SAUJMOI,Boris Faz,GTX Basic,Vehement Capital Partners,Lost,2017-03-30,2017-04-01,0,FALSE,TRUE
B2H3P25L,Boris Faz,GTX Plus Pro,Xx-zobam,Lost,2017-03-30,2017-04-07,0,FALSE,TRUE
DF19VWL4,Cassey Cress,GTX Pro,The New York Inquirer,Won,2017-03-30,2017-04-06,4276,FALSE,TRUE
ZIZXHX09,Cassey Cress,MG Advanced,Silis,Won,2017-03-30,2017-04-07,3390,FALSE,TRUE
70GGNRPB,Cecily Lampkin,GTX Basic,Bioholding,Lost,2017-03-30,2017-04-11,0,FALSE,TRUE
0VYX8TN3,Cecily Lampkin,MG Special,dambase,Lost,2017-03-30,2017-04-09,0,FALSE,TRUE
JPJ3A9T8,Cecily Lampkin,GTX Basic,Dontechi,Won,2017-03-30,2017-05-19,541,FALSE,TRUE
1A86ZD0B,Corliss Cosme,GTX Plus Pro,Ganjaflex,Won,2017-03-30,2017-06-26,5189,FALSE,TRUE
PMQ4M2UX,Daniell Hammack,GTX Pro,Ganjaflex,Lost,2017-03-30,2017-04-07,0,FALSE,TRUE
OFQCCQ6I,Daniell Hammack,GTX Plus Pro,Xx-zobam,Won,2017-03-30,2017-06-23,6920,FALSE,TRUE
3Z2BQVQ7,Darcel Schlecht,GTX Basic,Condax,Lost,2017-03-30,2017-04-01,0,FALSE,TRUE
57FO8KSQ,Darcel Schlecht,GTX Plus Basic,Isdom,Lost,2017-03-30,2017-04-07,0,FALSE,TRUE
3VQOFPW7,Darcel Schlecht,MG Advanced,Globex Corporation,Lost,2017-03-30,2017-05-17,0,FALSE,TRUE
HMKFBTYR,Darcel Schlecht,GTX Basic,Bioholding,Won,2017-03-30,2017-06-20,600,FALSE,TRUE
RMO3I92N,Donn Cantrell,GTX Plus Basic,Bubba Gump,Lost,2017-03-30,2017-04-11,0,FALSE,TRUE
2AV40FHB,Donn Cantrell,GTX Pro,Konex,Lost,2017-03-30,2017-04-01,0,FALSE,TRUE
OUR875IK,Donn Cantrell,GTX Basic,Xx-zobam,Won,2017-03-30,2017-04-06,564,FALSE,TRUE
LUFY70BU,Elease Gluck,GTK 500,Goodsilron,Lost,2017-03-30,2017-04-04,0,FALSE,TRUE
1OUHMFJV,Garret Kinder,GTX Plus Basic,Zathunicon,Won,2017-03-30,2017-05-31,1037,FALSE,TRUE
GMNQUFQZ,Kami Bicknell,GTX Basic,Hottechi,Won,2017-03-30,2017-04-01,500,FALSE,TRUE
YWF7W7H8,Lajuana Vencill,GTX Plus Pro,Hottechi,Won,2017-03-30,2017-04-07,5728,FALSE,TRUE
120BESB3,Markita Hansen,MG Advanced,Kan-code,Lost,2017-03-30,2017-04-09,0,FALSE,TRUE
HPSSENGT,Marty Freudenburg,GTX Pro,Statholdings,Lost,2017-03-30,2017-04-06,0,FALSE,TRUE
8TXOC3S3,Moses Frase,MG Advanced,Scottech,Lost,2017-03-30,2017-04-11,0,FALSE,TRUE
N55VF08D,Moses Frase,MG Special,Finhigh,Won,2017-03-30,2017-05-20,54,FALSE,TRUE
265SZR01,Rosalina Dieter,GTX Basic,Xx-holding,Won,2017-03-30,2017-06-19,501,FALSE,TRUE
NFMCPYOV,Rosie Papadopoulos,GTX Basic,Finjob,Engaging,2017-03-30,NA,NA,FALSE,FALSE
NKO2JRRS,Rosie Papadopoulos,GTX Plus Pro,Umbrella Corporation,Won,2017-03-30,2017-04-08,6155,FALSE,TRUE
WW3NDCO2,Rosie Papadopoulos,GTX Plus Pro,Zathunicon,Won,2017-03-30,2017-04-08,4668,FALSE,TRUE
DGPI60HG,Versie Hillebrand,GTX Plus Pro,Zumgoity,Won,2017-03-30,2017-06-09,5017,FALSE,TRUE
06DUY829,Versie Hillebrand,MG Special,Ron-tech,Won,2017-03-30,2017-04-08,59,FALSE,TRUE
2VDN72EP,Vicki Laflamme,GTX Basic,Unknown Account,Engaging,2017-03-30,NA,NA,TRUE,FALSE
HOG5OE78,Vicki Laflamme,GTX Pro,Fasehatice,Lost,2017-03-30,2017-04-08,0,FALSE,TRUE
PLM5WEY4,Vicki Laflamme,MG Advanced,Plexzap,Won,2017-03-30,2017-04-06,3316,FALSE,TRUE
Z9QZKUV5,Zane Levy,GTX Basic,Zumgoity,Engaging,2017-03-30,NA,NA,FALSE,FALSE
EWQVZB85,Zane Levy,GTX Plus Pro,Plexzap,Won,2017-03-30,2017-04-10,6227,FALSE,TRUE
SFFFNT6B,Anna Snelling,MG Special,Treequote,Lost,2017-03-31,2017-04-07,0,FALSE,TRUE
99AAJPQN,Anna Snelling,MG Special,Condax,Won,2017-03-31,2017-06-15,58,FALSE,TRUE
JW2FHT1G,Anna Snelling,MG Advanced,dambase,Won,2017-03-31,2017-04-08,3626,FALSE,TRUE
08KE6ZQN,Boris Faz,MG Advanced,Vehement Capital Partners,Won,2017-03-31,2017-04-01,2819,FALSE,TRUE
WW1WV7IT,Cassey Cress,GTX Pro,Cancity,Engaging,2017-03-31,NA,NA,FALSE,FALSE
0WVCRCOU,Cassey Cress,GTX Pro,Xx-zobam,Lost,2017-03-31,2017-04-01,0,FALSE,TRUE
V5QIL0HU,Cassey Cress,GTX Pro,Zencorporation,Lost,2017-03-31,2017-04-07,0,FALSE,TRUE
T0VJ4AMX,Corliss Cosme,GTX Basic,Green-Plus,Engaging,2017-03-31,NA,NA,FALSE,FALSE
WLS5J30E,Elease Gluck,MG Special,Inity,Engaging,2017-03-31,NA,NA,FALSE,FALSE
F52YEFJ8,Gladys Colclough,GTX Plus Pro,Globex Corporation,Lost,2017-03-31,2017-04-02,0,FALSE,TRUE
OZDJFUHH,Hayden Neloms,GTX Plus Basic,Fasehatice,Won,2017-03-31,2017-04-09,901,FALSE,TRUE
BUPUP2TV,Hayden Neloms,MG Advanced,Doncon,Won,2017-03-31,2017-06-04,3438,FALSE,TRUE
HTQO5XIW,James Ascencio,GTX Basic,Faxquote,Won,2017-03-31,2017-04-08,589,FALSE,TRUE
XCBKZWDX,Kami Bicknell,MG Special,Plusstrip,Lost,2017-03-31,2017-06-20,0,FALSE,TRUE
W7F056RK,Kami Bicknell,GTX Pro,Sunnamplex,Won,2017-03-31,2017-04-01,5073,FALSE,TRUE
LIQZNH9U,Kary Hendrixson,GTX Plus Pro,Unknown Account,Engaging,2017-03-31,NA,NA,TRUE,FALSE
P9LE92UR,Kary Hendrixson,MG Special,Unknown Account,Engaging,2017-03-31,NA,NA,TRUE,FALSE
9LZICBEV,Kary Hendrixson,MG Advanced,Hottechi,Lost,2017-03-31,2017-04-01,0,FALSE,TRUE
YAKIMBKC,Kary Hendrixson,GTX Basic,Konex,Won,2017-03-31,2017-04-02,609,FALSE,TRUE
FHU2WQ2K,Kary Hendrixson,MG Special,Goodsilron,Won,2017-03-31,2017-04-01,55,FALSE,TRUE
VF651O1V,Markita Hansen,MG Special,Fasehatice,Lost,2017-03-31,2017-04-12,0,FALSE,TRUE
ISHAZTWG,Maureen Marcano,GTX Plus Basic,Green-Plus,Lost,2017-03-31,2017-04-12,0,FALSE,TRUE
0XIPT9AX,Maureen Marcano,GTX Plus Pro,Condax,Won,2017-03-31,2017-04-10,5637,FALSE,TRUE
UURLD9W8,Maureen Marcano,GTX Plus Pro,Plexzap,Won,2017-03-31,2017-04-11,5793,FALSE,TRUE
Y975VCYM,Reed Clapper,MG Special,Massive Dynamic,Lost,2017-03-31,2017-04-12,0,FALSE,TRUE
OPYWK3XE,Rosalina Dieter,GTX Basic,J-Texon,Lost,2017-03-31,2017-04-05,0,FALSE,TRUE
2VTBUOXA,Rosalina Dieter,MG Advanced,Dalttechnology,Lost,2017-03-31,2017-05-30,0,FALSE,TRUE
6YEF304L,Rosalina Dieter,GTX Basic,Hottechi,Won,2017-03-31,2017-04-07,520,FALSE,TRUE
6AALZVSE,Rosalina Dieter,MG Advanced,Finjob,Won,2017-03-31,2017-04-02,4080,FALSE,TRUE
JF9CTPPZ,Versie Hillebrand,GTX Basic,Inity,Won,2017-03-31,2017-06-30,526,FALSE,TRUE
LAH7932Y,Versie Hillebrand,MG Special,Scottech,Won,2017-03-31,2017-05-17,57,FALSE,TRUE
DOGKQHQP,Vicki Laflamme,GTX Pro,Unknown Account,Engaging,2017-03-31,NA,NA,TRUE,FALSE
CLOSEH5L,Vicki Laflamme,MG Advanced,Xx-holding,Lost,2017-03-31,2017-04-09,0,FALSE,TRUE
ZT6XPQR0,Vicki Laflamme,MG Special,Y-corporation,Won,2017-03-31,2017-06-28,54,FALSE,TRUE
MUHI7FIM,Vicki Laflamme,MG Advanced,Sunnamplex,Won,2017-03-31,2017-04-12,3367,FALSE,TRUE
G3SJ8X1K,Violet Mclelland,MG Advanced,Unknown Account,Engaging,2017-03-31,NA,NA,TRUE,FALSE
1WSLRC69,Zane Levy,GTX Basic,Dalttechnology,Won,2017-03-31,2017-04-06,430,FALSE,TRUE
ZZJ4I52J,Anna Snelling,GTX Basic,Hottechi,Won,2017-04-01,2017-05-05,518,FALSE,TRUE
IGVGV1O5,Boris Faz,GTX Plus Basic,Umbrella Corporation,Lost,2017-04-01,2017-04-12,0,FALSE,TRUE
JW4Q5F4Z,Cassey Cress,MG Special,Unknown Account,Engaging,2017-04-01,NA,NA,TRUE,FALSE
O5OCDKVH,Corliss Cosme,GTX Plus Basic,Zotware,Lost,2017-04-01,2017-04-11,0,FALSE,TRUE
KKRJ6TBY,Daniell Hammack,GTX Pro,Scotfind,Engaging,2017-04-01,NA,NA,FALSE,FALSE
TNUCQKW6,Daniell Hammack,GTX Pro,Massive Dynamic,Lost,2017-04-01,2017-04-03,0,FALSE,TRUE
T4NRIY5R,Darcel Schlecht,GTX Plus Pro,Bioholding,Won,2017-04-01,2017-04-08,5798,FALSE,TRUE
5PA21ZHE,Darcel Schlecht,GTX Pro,Betatech,Won,2017-04-01,2017-04-10,4685,FALSE,TRUE
MCR8YCCY,Darcel Schlecht,MG Advanced,Genco Pura Olive Oil Company,Won,2017-04-01,2017-06-17,3228,FALSE,TRUE
N4PVP6C0,Donn Cantrell,GTX Basic,Initech,Lost,2017-04-01,2017-04-03,0,FALSE,TRUE
8INCUUGJ,Elease Gluck,GTX Basic,Plexzap,Won,2017-04-01,2017-06-22,452,FALSE,TRUE
CKSNW8DU,Gladys Colclough,GTX Plus Basic,Condax,Lost,2017-04-01,2017-04-11,0,FALSE,TRUE
MIY4MF3R,Hayden Neloms,MG Advanced,Unknown Account,Engaging,2017-04-01,NA,NA,TRUE,FALSE
JFB4WY8C,Jonathan Berthelot,GTX Basic,Dontechi,Won,2017-04-01,2017-04-08,565,FALSE,TRUE
BP7JRV1O,Jonathan Berthelot,GTX Plus Basic,Warephase,Won,2017-04-01,2017-06-05,1184,FALSE,TRUE
OREPAY0O,Kami Bicknell,GTX Plus Basic,Hatfan,Won,2017-04-01,2017-06-22,1150,FALSE,TRUE
YLK0MRJ3,Kary Hendrixson,GTX Basic,Iselectrics,Engaging,2017-04-01,NA,NA,FALSE,FALSE
XBSZ29VJ,Kary Hendrixson,GTX Plus Basic,Singletechno,Won,2017-04-01,2017-05-24,1110,FALSE,TRUE
8BRN98H6,Lajuana Vencill,MG Advanced,Zumgoity,Lost,2017-04-01,2017-04-10,0,FALSE,TRUE
VZS17M7X,Markita Hansen,MG Advanced,J-Texon,Won,2017-04-01,2017-04-06,3817,FALSE,TRUE
49USIHDH,Marty Freudenburg,MG Advanced,Rundofase,Lost,2017-04-01,2017-04-10,0,FALSE,TRUE
A89TBOY5,Moses Frase,MG Advanced,Bioholding,Lost,2017-04-01,2017-04-06,0,FALSE,TRUE
26XU4887,Niesha Huffines,GTX Basic,Hottechi,Won,2017-04-01,2017-04-10,531,FALSE,TRUE
QQTQFG9A,Reed Clapper,GTX Plus Pro,The New York Inquirer,Lost,2017-04-01,2017-04-04,0,FALSE,TRUE
7O00H1TC,Reed Clapper,MG Advanced,Ontomedia,Lost,2017-04-01,2017-04-02,0,FALSE,TRUE
LGTIXQ46,Rosalina Dieter,MG Special,Blackzim,Won,2017-04-01,2017-04-07,51,FALSE,TRUE
H6I16U57,Rosie Papadopoulos,MG Advanced,Sunnamplex,Engaging,2017-04-01,NA,NA,FALSE,FALSE
KJBYGG1S,Rosie Papadopoulos,GTX Pro,Mathtouch,Won,2017-04-01,2017-05-12,5106,FALSE,TRUE
IXBUR07V,Versie Hillebrand,MG Advanced,Genco Pura Olive Oil Company,Lost,2017-04-01,2017-04-13,0,FALSE,TRUE
B6UWHOD4,Versie Hillebrand,MG Special,Stanredtax,Won,2017-04-01,2017-04-02,60,FALSE,TRUE
20CVXRTX,Vicki Laflamme,GTX Pro,Kinnamplus,Engaging,2017-04-01,NA,NA,FALSE,FALSE
FJ6QV5XK,Vicki Laflamme,GTX Pro,Y-corporation,Lost,2017-04-01,2017-04-09,0,FALSE,TRUE
4DUMR5WD,Wilburn Farren,GTX Plus Pro,Zotware,Lost,2017-04-01,2017-04-09,0,FALSE,TRUE
AW3L4BTT,Zane Levy,GTX Plus Basic,Hottechi,Lost,2017-04-01,2017-04-02,0,FALSE,TRUE
RH805ELL,Zane Levy,GTX Pro,Hatfan,Won,2017-04-01,2017-06-29,5079,FALSE,TRUE
7RI58VF7,Anna Snelling,GTX Basic,Streethex,Won,2017-04-02,2017-06-20,460,FALSE,TRUE
VK9KN5PT,Boris Faz,MG Advanced,Unknown Account,Engaging,2017-04-02,NA,NA,TRUE,FALSE
R15SXOZA,Boris Faz,GTX Plus Basic,Iselectrics,Lost,2017-04-02,2017-06-24,0,FALSE,TRUE
H00Y9555,Cecily Lampkin,MG Advanced,Domzoom,Won,2017-04-02,2017-04-10,3343,FALSE,TRUE
RJYMI03Q,Corliss Cosme,GTX Plus Pro,Xx-zobam,Won,2017-04-02,2017-05-28,5125,FALSE,TRUE
5PJJCTJ9,Darcel Schlecht,MG Advanced,Bioholding,Won,2017-04-02,2017-04-11,3263,FALSE,TRUE
J60KKQ4B,Elease Gluck,GTX Plus Basic,Fasehatice,Won,2017-04-02,2017-04-08,976,FALSE,TRUE
X2QRD0DC,Garret Kinder,GTX Pro,Plussunin,Won,2017-04-02,2017-04-09,4746,FALSE,TRUE
4KIZ9WJ0,Gladys Colclough,GTX Plus Basic,Conecom,Lost,2017-04-02,2017-04-03,0,FALSE,TRUE
6RQCLF28,Gladys Colclough,GTX Basic,Codehow,Won,2017-04-02,2017-04-11,507,FALSE,TRUE
DQ7GS2BN,James Ascencio,GTX Plus Pro,Unknown Account,Engaging,2017-04-02,NA,NA,TRUE,FALSE
T8WC5X1B,James Ascencio,GTX Basic,Konex,Lost,2017-04-02,2017-04-14,0,FALSE,TRUE
HO6M5P37,James Ascencio,GTX Pro,Fasehatice,Won,2017-04-02,2017-04-09,5693,FALSE,TRUE
D5VY17OP,Kami Bicknell,GTX Pro,Unknown Account,Engaging,2017-04-02,NA,NA,TRUE,FALSE
0J21WQH1,Kami Bicknell,GTX Plus Basic,Fasehatice,Lost,2017-04-02,2017-04-14,0,FALSE,TRUE
N88UFF5K,Kary Hendrixson,GTX Basic,Labdrill,Lost,2017-04-02,2017-04-03,0,FALSE,TRUE
OV08QE7X,Kary Hendrixson,GTX Basic,Cheers,Won,2017-04-02,2017-04-10,488,FALSE,TRUE
WJLJIWYS,Kary Hendrixson,GTX Basic,Rantouch,Won,2017-04-02,2017-05-20,605,FALSE,TRUE
BED55OSG,Markita Hansen,GTX Pro,Unknown Account,Engaging,2017-04-02,NA,NA,TRUE,FALSE
QJ25CASO,Markita Hansen,GTX Plus Pro,Xx-holding,Lost,2017-04-02,2017-05-15,0,FALSE,TRUE
GJQXUDI3,Marty Freudenburg,GTX Plus Basic,Funholding,Won,2017-04-02,2017-04-11,949,FALSE,TRUE
OOGOZGGV,Maureen Marcano,GTX Plus Basic,Faxquote,Won,2017-04-02,2017-04-04,882,FALSE,TRUE
C9XJ9KHD,Maureen Marcano,GTX Plus Basic,Goodsilron,Won,2017-04-02,2017-06-22,1096,FALSE,TRUE
IWAKTMEB,Reed Clapper,GTX Basic,Donware,Lost,2017-04-02,2017-04-10,0,FALSE,TRUE
AKT5EF0X,Reed Clapper,GTX Basic,Donware,Won,2017-04-02,2017-08-04,572,FALSE,TRUE
89064N0X,Rosie Papadopoulos,MG Advanced,Bluth Company,Lost,2017-04-02,2017-04-07,0,FALSE,TRUE
V7YVW4U0,Rosie Papadopoulos,GTX Pro,Kinnamplus,Won,2017-04-02,2017-04-12,3731,FALSE,TRUE
TBJ99S41,Versie Hillebrand,MG Special,Konmatfix,Lost,2017-04-02,2017-04-12,0,FALSE,TRUE
QWLH0WD8,Zane Levy,GTX Plus Basic,Hottechi,Won,2017-04-02,2017-06-13,1214,FALSE,TRUE
JZTX4MXK,Zane Levy,GTX Pro,Sunnamplex,Won,2017-04-02,2017-04-03,4444,FALSE,TRUE
4AHNCJ2Y,Anna Snelling,GTX Basic,Rangreen,Won,2017-04-03,2017-06-27,524,FALSE,TRUE
H5VBBEVI,Cassey Cress,GTX Plus Basic,Unknown Account,Engaging,2017-04-03,NA,NA,TRUE,FALSE
MB7G8DWS,Cassey Cress,GTX Plus Pro,Unknown Account,Engaging,2017-04-03,NA,NA,TRUE,FALSE
JK75NQBD,Cassey Cress,GTX Plus Basic,Bubba Gump,Won,2017-04-03,2017-05-20,997,FALSE,TRUE
U1BDEL90,Corliss Cosme,MG Advanced,Betasoloin,Won,2017-04-03,2017-04-10,2794,FALSE,TRUE
A9C9YCSN,Darcel Schlecht,MG Special,Rangreen,Won,2017-04-03,2017-04-09,53,FALSE,TRUE
524GC3WL,Darcel Schlecht,MG Advanced,Globex Corporation,Won,2017-04-03,2017-04-13,3141,FALSE,TRUE
T4ZW6SS4,Donn Cantrell,MG Special,Silis,Lost,2017-04-03,2017-04-15,0,FALSE,TRUE
FH4VP5CL,Donn Cantrell,GTX Plus Basic,Bioplex,Won,2017-04-03,2017-06-26,1109,FALSE,TRUE
K9MMOXUC,Donn Cantrell,GTX Plus Pro,Iselectrics,Won,2017-04-03,2017-04-14,5691,FALSE,TRUE
2HS1C21I,Elease Gluck,GTX Pro,Unknown Account,Engaging,2017-04-03,NA,NA,TRUE,FALSE
LV5SEMZQ,Elease Gluck,MG Special,Nam-zim,Won,2017-04-03,2017-04-07,52,FALSE,TRUE
50B2JN7F,Gladys Colclough,MG Special,Hottechi,Lost,2017-04-03,2017-04-10,0,FALSE,TRUE
JXS3KFKM,Gladys Colclough,GTX Basic,Betatech,Won,2017-04-03,2017-04-05,532,FALSE,TRUE
QODSAVWU,Gladys Colclough,GTX Pro,Isdom,Won,2017-04-03,2017-04-04,5615,FALSE,TRUE
Q2BB73WT,Hayden Neloms,GTX Plus Basic,Unknown Account,Engaging,2017-04-03,NA,NA,TRUE,FALSE
UH3P961U,James Ascencio,GTX Basic,Goodsilron,Lost,2017-04-03,2017-04-04,0,FALSE,TRUE
3BQTRX5Y,Kami Bicknell,GTX Pro,Faxquote,Lost,2017-04-03,2017-05-26,0,FALSE,TRUE
YTL8VNGT,Kami Bicknell,GTX Basic,J-Texon,Won,2017-04-03,2017-04-12,565,FALSE,TRUE
BL4SKUCN,Lajuana Vencill,GTX Basic,Ron-tech,Lost,2017-04-03,2017-04-11,0,FALSE,TRUE
8TRT2HNF,Markita Hansen,GTX Basic,Green-Plus,Engaging,2017-04-03,NA,NA,FALSE,FALSE
ZLN48IIP,Markita Hansen,GTX Basic,Iselectrics,Engaging,2017-04-03,NA,NA,FALSE,FALSE
W355HYRD,Reed Clapper,GTX Pro,Gekko & Co,Lost,2017-04-03,2017-04-05,0,FALSE,TRUE
5UE0TE1R,Reed Clapper,GTX Pro,Yearin,Won,2017-04-03,2017-04-14,3991,FALSE,TRUE
RFNRVNXJ,Rosie Papadopoulos,GTX Pro,Kinnamplus,Won,2017-04-03,2017-05-20,5763,FALSE,TRUE
UTZDDOU7,Versie Hillebrand,MG Special,Conecom,Lost,2017-04-03,2017-04-14,0,FALSE,TRUE
HVT28XPH,Vicki Laflamme,MG Special,Unknown Account,Engaging,2017-04-03,NA,NA,TRUE,FALSE
2ZXKC707,Vicki Laflamme,MG Advanced,Cheers,Lost,2017-04-03,2017-04-11,0,FALSE,TRUE
VNCFE4LQ,Vicki Laflamme,GTX Basic,J-Texon,Won,2017-04-03,2017-04-15,456,FALSE,TRUE
VM0MHPAO,Wilburn Farren,MG Special,Unknown Account,Engaging,2017-04-03,NA,NA,TRUE,FALSE
28QWFYSP,Wilburn Farren,MG Special,Bluth Company,Lost,2017-04-03,2017-04-05,0,FALSE,TRUE
VIV0OXU6,Anna Snelling,GTX Basic,Domzoom,Won,2017-04-04,2017-04-11,582,FALSE,TRUE
KVF0HK8S,Anna Snelling,MG Special,Domzoom,Won,2017-04-04,2017-04-12,59,FALSE,TRUE
JLT2LLR3,Boris Faz,MG Advanced,Donquadtech,Won,2017-04-04,2017-04-09,3259,FALSE,TRUE
LXZD2PZD,Corliss Cosme,GTX Plus Pro,Unknown Account,Engaging,2017-04-04,NA,NA,TRUE,FALSE
2LF1TSPZ,Corliss Cosme,GTX Basic,Ganjaflex,Lost,2017-04-04,2017-05-10,0,FALSE,TRUE
FBJHTF91,Corliss Cosme,GTX Plus Basic,Kan-code,Lost,2017-04-04,2017-04-11,0,FALSE,TRUE
Z50GQV8I,Corliss Cosme,GTX Basic,Vehement Capital Partners,Won,2017-04-04,2017-04-11,593,FALSE,TRUE
O2CPAAF0,Corliss Cosme,GTX Pro,Plussunin,Won,2017-04-04,2017-06-26,5197,FALSE,TRUE
CEOTU8PX,Darcel Schlecht,GTX Pro,dambase,Lost,2017-04-04,2017-04-15,0,FALSE,TRUE
2S3DHZFO,Darcel Schlecht,GTX Pro,Konmatfix,Lost,2017-04-04,2017-06-21,0,FALSE,TRUE
ZE1ZKD7Q,Darcel Schlecht,MG Special,Statholdings,Lost,2017-04-04,2017-04-12,0,FALSE,TRUE
Y9XOOWHS,Darcel Schlecht,MG Advanced,Finhigh,Won,2017-04-04,2017-06-18,3031,FALSE,TRUE
5FIGO7XN,Donn Cantrell,GTX Pro,Gekko & Co,Lost,2017-04-04,2017-04-15,0,FALSE,TRUE
EFO8XWXE,Donn Cantrell,GTX Pro,Zencorporation,Won,2017-04-04,2017-05-25,5244,FALSE,TRUE
BPOTQCFG,Elease Gluck,MG Special,Unknown Account,Engaging,2017-04-04,NA,NA,TRUE,FALSE
62R8ERQ0,Elease Gluck,MG Special,Green-Plus,Lost,2017-04-04,2017-04-10,0,FALSE,TRUE
HYCELUAD,Garret Kinder,GTX Plus Pro,Ontomedia,Won,2017-04-04,2017-06-20,5946,FALSE,TRUE
MJZP9WYC,Hayden Neloms,GTX Plus Basic,Golddex,Lost,2017-04-04,2017-04-08,0,FALSE,TRUE
JNYS6BIJ,James Ascencio,GTX Plus Pro,Labdrill,Lost,2017-04-04,2017-04-11,0,FALSE,TRUE
LUT9KYJA,James Ascencio,GTX Pro,Singletechno,Won,2017-04-04,2017-06-06,4335,FALSE,TRUE
DIWC1AHU,Jonathan Berthelot,GTX Plus Pro,Finhigh,Lost,2017-04-04,2017-04-06,0,FALSE,TRUE
ILYP3YGW,Jonathan Berthelot,GTX Pro,Konmatfix,Won,2017-04-04,2017-04-06,5063,FALSE,TRUE
0XC4DR3F,Jonathan Berthelot,GTX Pro,Streethex,Won,2017-04-04,2017-04-10,5032,FALSE,TRUE
3ZM8BJQO,Kami Bicknell,GTX Pro,Labdrill,Won,2017-04-04,2017-05-31,4398,FALSE,TRUE
AM5J5QPK,Kami Bicknell,GTX Pro,Scotfind,Won,2017-04-04,2017-04-06,4449,FALSE,TRUE
DRFUPEOU,Kary Hendrixson,GTX Plus Pro,Blackzim,Lost,2017-04-04,2017-05-10,0,FALSE,TRUE
I19TOSXS,Lajuana Vencill,GTX Basic,Treequote,Lost,2017-04-04,2017-04-06,0,FALSE,TRUE
DWO4HD34,Lajuana Vencill,MG Advanced,Isdom,Lost,2017-04-04,2017-04-15,0,FALSE,TRUE
4YH4JR1Q,Lajuana Vencill,MG Special,Funholding,Won,2017-04-04,2017-05-31,50,FALSE,TRUE
XM4VD3NN,Markita Hansen,GTX Plus Basic,Unknown Account,Engaging,2017-04-04,NA,NA,TRUE,FALSE
NUA0OE6Z,Markita Hansen,GTX Basic,Goodsilron,Won,2017-04-04,2017-06-03,605,FALSE,TRUE
GDOHDB6U,Markita Hansen,MG Special,Scotfind,Won,2017-04-04,2017-04-08,57,FALSE,TRUE
I58DG1XE,Markita Hansen,MG Advanced,Cheers,Won,2017-04-04,2017-06-10,2882,FALSE,TRUE
YA3O04NX,Marty Freudenburg,MG Advanced,Gogozoom,Won,2017-04-04,2017-06-05,3011,FALSE,TRUE
D62905BC,Maureen Marcano,GTX Plus Pro,Unknown Account,Engaging,2017-04-04,NA,NA,TRUE,FALSE
C2X9D7JO,Maureen Marcano,GTX Plus Basic,Rantouch,Won,2017-04-04,2017-04-11,1181,FALSE,TRUE
SBLP2LJB,Niesha Huffines,GTX Plus Basic,Betatech,Won,2017-04-04,2017-06-11,1067,FALSE,TRUE
3CWKBXEN,Reed Clapper,GTX Basic,Donquadtech,Lost,2017-04-04,2017-04-13,0,FALSE,TRUE
ZG82F4GH,Reed Clapper,GTX Basic,Initech,Lost,2017-04-04,2017-04-09,0,FALSE,TRUE
64KS4KGN,Versie Hillebrand,MG Special,Isdom,Won,2017-04-04,2017-04-06,54,FALSE,TRUE
637HKAFD,Zane Levy,GTX Basic,Plexzap,Won,2017-04-04,2017-06-29,564,FALSE,TRUE
U9E3G8UT,Anna Snelling,GTX Plus Basic,Conecom,Lost,2017-04-05,2017-04-06,0,FALSE,TRUE
FB1AO8SL,Anna Snelling,MG Special,Betatech,Won,2017-04-05,2017-04-14,57,FALSE,TRUE
79LGX9EX,Cassey Cress,GTX Pro,Yearin,Won,2017-04-05,2017-06-30,5558,FALSE,TRUE
LOAYKUEO,Cecily Lampkin,GTX Plus Pro,Treequote,Lost,2017-04-05,2017-04-10,0,FALSE,TRUE
EM4XNIPW,Corliss Cosme,GTX Basic,Silis,Lost,2017-04-05,2017-04-07,0,FALSE,TRUE
E6WG7J0I,Corliss Cosme,GTX Plus Basic,Bubba Gump,Won,2017-04-05,2017-04-10,1083,FALSE,TRUE
37FL55S0,Darcel Schlecht,GTX Pro,Treequote,Won,2017-04-05,2017-04-06,5647,FALSE,TRUE
RSXFS096,Donn Cantrell,GTX Basic,Zencorporation,Lost,2017-04-05,2017-08-07,0,FALSE,TRUE
5QSU8PQU,Donn Cantrell,GTX Pro,Silis,Won,2017-04-05,2017-06-19,4648,FALSE,TRUE
N58V2ML8,Donn Cantrell,MG Special,Plussunin,Won,2017-04-05,2017-04-14,50,FALSE,TRUE
SFI9TVH3,Gladys Colclough,MG Advanced,Hottechi,Lost,2017-04-05,2017-04-07,0,FALSE,TRUE
0G65AQVC,James Ascencio,GTX Basic,Kan-code,Lost,2017-04-05,2017-05-30,0,FALSE,TRUE
F91QWQ1G,James Ascencio,GTX Pro,Singletechno,Lost,2017-04-05,2017-04-07,0,FALSE,TRUE
XEP9GSSY,Jonathan Berthelot,GTX Basic,dambase,Lost,2017-04-05,2017-08-07,0,FALSE,TRUE
0000I7AO,Jonathan Berthelot,GTX Basic,Rangreen,Won,2017-04-05,2017-05-12,505,FALSE,TRUE
A0VM9Q5M,Kary Hendrixson,GTX Pro,Doncon,Lost,2017-04-05,2017-04-15,0,FALSE,TRUE
P9SDPJJO,Kary Hendrixson,GTX Basic,Green-Plus,Won,2017-04-05,2017-04-06,450,FALSE,TRUE
NW6OPA4M,Kary Hendrixson,GTX Plus Pro,Blackzim,Won,2017-04-05,2017-05-21,4983,FALSE,TRUE
ZZQB2NPD,Lajuana Vencill,GTX Plus Basic,Ron-tech,Won,2017-04-05,2017-06-19,1140,FALSE,TRUE
9ILB20UV,Markita Hansen,MG Special,Unknown Account,Engaging,2017-04-05,NA,NA,TRUE,FALSE
KG5JIU81,Markita Hansen,GTX Plus Basic,Faxquote,Lost,2017-04-05,2017-04-07,0,FALSE,TRUE
4XGA0K6N,Markita Hansen,MG Advanced,J-Texon,Won,2017-04-05,2017-06-22,3188,FALSE,TRUE
MV1LBCP5,Reed Clapper,GTX Basic,Silis,Lost,2017-04-05,2017-04-06,0,FALSE,TRUE
UIFIWKNI,Reed Clapper,GTX Plus Basic,Xx-zobam,Won,2017-04-05,2017-08-02,1091,FALSE,TRUE
MBGVOGCY,Reed Clapper,GTX Plus Pro,Bioplex,Won,2017-04-05,2017-04-12,5095,FALSE,TRUE
2WQ5FUPR,Reed Clapper,MG Special,Condax,Won,2017-04-05,2017-08-02,51,FALSE,TRUE
DA6LGJ66,Rosalina Dieter,MG Special,Green-Plus,Won,2017-04-05,2017-06-19,62,FALSE,TRUE
OJSYLHMZ,Vicki Laflamme,GTX Basic,Zoomit,Won,2017-04-05,2017-06-28,550,FALSE,TRUE
QO6CI3P4,Violet Mclelland,MG Special,Gekko & Co,Won,2017-04-05,2017-04-07,45,FALSE,TRUE
PNO7D8PD,Zane Levy,GTX Basic,Unknown Account,Engaging,2017-04-05,NA,NA,TRUE,FALSE
HJP5X1MT,Anna Snelling,GTX Basic,Dontechi,Won,2017-04-06,2017-06-09,527,FALSE,TRUE
JO4MF90Q,Cassey Cress,GTX Basic,Kinnamplus,Lost,2017-04-06,2017-04-15,0,FALSE,TRUE
RX95UPUC,Cassey Cress,GTX Plus Basic,Xx-zobam,Lost,2017-04-06,2017-05-30,0,FALSE,TRUE
2GV66JA7,Daniell Hammack,MG Advanced,Unknown Account,Engaging,2017-04-06,NA,NA,TRUE,FALSE
0SMQAD34,Darcel Schlecht,MG Advanced,Domzoom,Lost,2017-04-06,2017-04-08,0,FALSE,TRUE
THMEDL51,Darcel Schlecht,MG Special,Rundofase,Won,2017-04-06,2017-04-14,64,FALSE,TRUE
94B4785B,Donn Cantrell,MG Advanced,Plussunin,Won,2017-04-06,2017-04-15,3655,FALSE,TRUE
AKMV6WN5,Elease Gluck,GTK 500,Unknown Account,Engaging,2017-04-06,NA,NA,TRUE,FALSE
HPIKEMB9,Elease Gluck,MG Special,Unknown Account,Engaging,2017-04-06,NA,NA,TRUE,FALSE
SLN6HHLD,Gladys Colclough,MG Special,Bioholding,Lost,2017-04-06,2017-04-16,0,FALSE,TRUE
MU3PM8ON,Gladys Colclough,MG Advanced,Rundofase,Lost,2017-04-06,2017-04-13,0,FALSE,TRUE
U0E0XHK9,Hayden Neloms,MG Advanced,Unknown Account,Engaging,2017-04-06,NA,NA,TRUE,FALSE
E6GVZ30Q,James Ascencio,GTX Basic,Finjob,Won,2017-04-06,2017-05-21,561,FALSE,TRUE
8254HM4E,Kami Bicknell,GTX Plus Basic,Unknown Account,Engaging,2017-04-06,NA,NA,TRUE,FALSE
QVWM8LUB,Kary Hendrixson,GTX Basic,Hatfan,Lost,2017-04-06,2017-08-06,0,FALSE,TRUE
7C2HU8OC,Kary Hendrixson,GTX Plus Basic,Faxquote,Lost,2017-04-06,2017-04-16,0,FALSE,TRUE
74P8ZFDD,Kary Hendrixson,GTX Plus Pro,Plexzap,Won,2017-04-06,2017-04-07,6154,FALSE,TRUE
MB3376Q1,Kary Hendrixson,GTX Pro,Cheers,Won,2017-04-06,2017-04-12,4756,FALSE,TRUE
RSAGMF10,Lajuana Vencill,GTX Basic,Streethex,Lost,2017-04-06,2017-04-14,0,FALSE,TRUE
3N6VGWVS,Lajuana Vencill,MG Special,Gogozoom,Won,2017-04-06,2017-05-30,61,FALSE,TRUE
KG61YJ92,Moses Frase,GTX Basic,Warephase,Won,2017-04-06,2017-06-24,575,FALSE,TRUE
Z4A1R9CJ,Moses Frase,GTX Plus Basic,Finhigh,Won,2017-04-06,2017-05-22,1147,FALSE,TRUE
I6ZWBDU6,Moses Frase,MG Advanced,Funholding,Won,2017-04-06,2017-06-12,3161,FALSE,TRUE
3DB2J8UR,Niesha Huffines,GTX Basic,Isdom,Lost,2017-04-06,2017-04-16,0,FALSE,TRUE
6ER2KL7X,Vicki Laflamme,MG Advanced,Condax,Lost,2017-04-06,2017-04-14,0,FALSE,TRUE
CBTC7BHL,Vicki Laflamme,GTX Basic,Scotfind,Won,2017-04-06,2017-05-04,525,FALSE,TRUE
93JCG10L,Zane Levy,GTX Pro,Dalttechnology,Won,2017-04-06,2017-04-12,4168,FALSE,TRUE
X9BUD48V,Anna Snelling,GTX Basic,Warephase,Won,2017-04-07,2017-04-08,596,FALSE,TRUE
QCNOCX0P,Boris Faz,GTX Pro,Unknown Account,Engaging,2017-04-07,NA,NA,TRUE,FALSE
TQLJOZBP,Boris Faz,MG Special,Zotware,Won,2017-04-07,2017-04-15,59,FALSE,TRUE
9IE6GBXM,Cassey Cress,GTX Pro,Ontomedia,Lost,2017-04-07,2017-05-14,0,FALSE,TRUE
M9V8824W,Corliss Cosme,MG Advanced,Unknown Account,Engaging,2017-04-07,NA,NA,TRUE,FALSE
BG2656VA,Corliss Cosme,GTX Plus Pro,Konex,Won,2017-04-07,2017-04-15,5684,FALSE,TRUE
JXBUN5MY,Daniell Hammack,MG Advanced,Kan-code,Lost,2017-04-07,2017-04-15,0,FALSE,TRUE
7TJEHAED,Darcel Schlecht,GTX Pro,Gogozoom,Won,2017-04-07,2017-04-15,4413,FALSE,TRUE
QPOE9V6Y,Donn Cantrell,MG Advanced,Opentech,Lost,2017-04-07,2017-04-17,0,FALSE,TRUE
ULJM9JGL,Donn Cantrell,MG Advanced,Vehement Capital Partners,Lost,2017-04-07,2017-04-15,0,FALSE,TRUE
PYY9M6Q4,Donn Cantrell,GTX Pro,Mathtouch,Won,2017-04-07,2017-04-13,4152,FALSE,TRUE
WAF692K8,Elease Gluck,MG Special,Dalttechnology,Won,2017-04-07,2017-06-24,51,FALSE,TRUE
0UDLH6I3,Garret Kinder,GTX Basic,Zathunicon,Lost,2017-04-07,2017-04-15,0,FALSE,TRUE
WUGE2QUO,Gladys Colclough,MG Advanced,Toughzap,Lost,2017-04-07,2017-04-18,0,FALSE,TRUE
XBLA9VO6,James Ascencio,GTX Plus Basic,Sonron,Won,2017-04-07,2017-05-18,1103,FALSE,TRUE
QL7H3WQZ,Jonathan Berthelot,GTX Plus Basic,Warephase,Won,2017-04-07,2017-04-09,1091,FALSE,TRUE
DXBLA2BS,Jonathan Berthelot,GTX Plus Basic,Zumgoity,Won,2017-04-07,2017-04-17,1189,FALSE,TRUE
EYW0QD8A,Jonathan Berthelot,GTX Pro,Streethex,Won,2017-04-07,2017-06-27,4534,FALSE,TRUE
NXWNJ7U5,Kami Bicknell,GTX Basic,Golddex,Lost,2017-04-07,2017-05-12,0,FALSE,TRUE
8LVFBGN4,Kami Bicknell,GTX Plus Basic,Konex,Lost,2017-04-07,2017-04-16,0,FALSE,TRUE
UUGY3W44,Kary Hendrixson,GTX Basic,Unknown Account,Engaging,2017-04-07,NA,NA,TRUE,FALSE
BHHDOY2E,Kary Hendrixson,MG Advanced,Unknown Account,Engaging,2017-04-07,NA,NA,TRUE,FALSE
SUQNORF2,Lajuana Vencill,GTX Basic,Codehow,Lost,2017-04-07,2017-04-16,0,FALSE,TRUE
3M03SX77,Markita Hansen,GTX Basic,Condax,Won,2017-04-07,2017-04-13,522,FALSE,TRUE
C7Y0UUIN,Markita Hansen,GTX Pro,Goodsilron,Won,2017-04-07,2017-05-27,5012,FALSE,TRUE
DI6H5ERU,Maureen Marcano,GTX Plus Basic,Rantouch,Won,2017-04-07,2017-04-08,1109,FALSE,TRUE
SQZ293C0,Moses Frase,GTX Plus Pro,Genco Pura Olive Oil Company,Won,2017-04-07,2017-04-13,4659,FALSE,TRUE
2SGRE4VE,Niesha Huffines,GTX Basic,Cancity,Lost,2017-04-07,2017-04-16,0,FALSE,TRUE
AMKR98V4,Versie Hillebrand,GTX Plus Pro,Codehow,Lost,2017-04-07,2017-06-13,0,FALSE,TRUE
DESFU690,Versie Hillebrand,GTX Plus Pro,Treequote,Lost,2017-04-07,2017-04-09,0,FALSE,TRUE
V8HMIE7M,Versie Hillebrand,MG Special,Konmatfix,Lost,2017-04-07,2017-05-30,0,FALSE,TRUE
91JBU17E,Versie Hillebrand,MG Advanced,Rangreen,Lost,2017-04-07,2017-04-12,0,FALSE,TRUE
XDECB9X2,Vicki Laflamme,GTX Basic,Unknown Account,Engaging,2017-04-07,NA,NA,TRUE,FALSE
4MMQZHCK,Vicki Laflamme,MG Advanced,Konex,Lost,2017-04-07,2017-04-16,0,FALSE,TRUE
RSKU2ZHM,Zane Levy,MG Advanced,Finjob,Lost,2017-04-07,2017-04-13,0,FALSE,TRUE
8LTQ9ESQ,Anna Snelling,MG Advanced,dambase,Lost,2017-04-08,2017-04-15,0,FALSE,TRUE
EBBIJKLT,Anna Snelling,GTX Plus Basic,Stanredtax,Won,2017-04-08,2017-04-15,1142,FALSE,TRUE
GL95LARP,Cassey Cress,GTX Pro,Unknown Account,Engaging,2017-04-08,NA,NA,TRUE,FALSE
8RIKWACO,Corliss Cosme,GTX Basic,Zathunicon,Won,2017-04-08,2017-05-27,491,FALSE,TRUE
FM505XD5,Daniell Hammack,GTX Plus Pro,Y-corporation,Engaging,2017-04-08,NA,NA,FALSE,FALSE
U3394VAL,Darcel Schlecht,GTX Pro,Finhigh,Lost,2017-04-08,2017-04-18,0,FALSE,TRUE
G58AHYTW,Darcel Schlecht,MG Special,Domzoom,Lost,2017-04-08,2017-04-14,0,FALSE,TRUE
KK7L97V7,Darcel Schlecht,GTX Pro,Funholding,Won,2017-04-08,2017-04-09,5678,FALSE,TRUE
GWRPJWRO,Donn Cantrell,GTX Pro,Bioplex,Lost,2017-04-08,2017-04-16,0,FALSE,TRUE
GNKFTK7J,Donn Cantrell,GTX Basic,Sumace,Won,2017-04-08,2017-06-14,547,FALSE,TRUE
UEL6CAP9,Garret Kinder,GTX Basic,Umbrella Corporation,Lost,2017-04-08,2017-04-16,0,FALSE,TRUE
2FEA30KT,Hayden Neloms,GTX Plus Basic,Singletechno,Won,2017-04-08,2017-05-25,935,FALSE,TRUE
P2VXL7MO,Hayden Neloms,GTX Plus Pro,Scotfind,Won,2017-04-08,2017-04-10,4761,FALSE,TRUE
YT7QY06V,Hayden Neloms,MG Advanced,Newex,Won,2017-04-08,2017-04-14,3224,FALSE,TRUE
L66MAMK5,Kami Bicknell,GTX Basic,Sunnamplex,Won,2017-04-08,2017-04-17,501,FALSE,TRUE
RGYBSSEK,Lajuana Vencill,MG Advanced,Statholdings,Won,2017-04-08,2017-04-17,3532,FALSE,TRUE
J6F10SFK,Markita Hansen,MG Advanced,Unknown Account,Engaging,2017-04-08,NA,NA,TRUE,FALSE
5KC9ZGBX,Maureen Marcano,GTX Pro,Xx-holding,Won,2017-04-08,2017-04-12,4320,FALSE,TRUE
AYIPNQFR,Moses Frase,MG Special,Genco Pura Olive Oil Company,Lost,2017-04-08,2017-04-10,0,FALSE,TRUE
Q1MP64HG,Reed Clapper,GTX Plus Basic,Zotware,Won,2017-04-08,2017-06-11,1123,FALSE,TRUE
XGD6BFD6,Rosie Papadopoulos,GTX Pro,Xx-zobam,Won,2017-04-08,2017-04-09,5217,FALSE,TRUE
1IH166HI,Versie Hillebrand,MG Special,Codehow,Lost,2017-04-08,2017-05-27,0,FALSE,TRUE
U4IJO6SL,Vicki Laflamme,GTX Pro,Unknown Account,Engaging,2017-04-08,NA,NA,TRUE,FALSE
BK85705L,Vicki Laflamme,GTX Basic,Labdrill,Won,2017-04-08,2017-06-10,595,FALSE,TRUE
77MKNCO3,Vicki Laflamme,GTX Plus Pro,Konex,Won,2017-04-08,2017-04-16,5848,FALSE,TRUE
OB7TAJOZ,Zane Levy,GTX Basic,Faxquote,Lost,2017-04-08,2017-04-09,0,FALSE,TRUE
DU0E2LMZ,Zane Levy,MG Special,Plexzap,Lost,2017-04-08,2017-04-13,0,FALSE,TRUE
1B4CL153,Zane Levy,GTX Plus Pro,Xx-holding,Won,2017-04-08,2017-04-17,5884,FALSE,TRUE
93X2W24Q,Anna Snelling,MG Advanced,Betatech,Won,2017-04-09,2017-06-02,3666,FALSE,TRUE
U0E9CRX5,Boris Faz,GTX Basic,Zathunicon,Lost,2017-04-09,2017-04-18,0,FALSE,TRUE
I7KV29LC,Cassey Cress,GTX Basic,Konex,Won,2017-04-09,2017-04-20,598,FALSE,TRUE
NNM6GN1J,Cassey Cress,MG Advanced,Initech,Won,2017-04-09,2017-04-16,3275,FALSE,TRUE
D1UDLFVY,Cecily Lampkin,GTX Basic,Funholding,Lost,2017-04-09,2017-04-10,0,FALSE,TRUE
M8WP93D4,Cecily Lampkin,GTX Basic,Isdom,Lost,2017-04-09,2017-04-18,0,FALSE,TRUE
3GPAFD3X,Cecily Lampkin,MG Special,Zumgoity,Lost,2017-04-09,2017-04-20,0,FALSE,TRUE
PVLGUIEN,Corliss Cosme,MG Advanced,Unknown Account,Engaging,2017-04-09,NA,NA,TRUE,FALSE
XUQ7RS1Q,Daniell Hammack,GTX Pro,Betasoloin,Lost,2017-04-09,2017-05-30,0,FALSE,TRUE
UFGI9P05,Darcel Schlecht,GTX Pro,Ron-tech,Won,2017-04-09,2017-04-18,4978,FALSE,TRUE
RDQZ245F,Elease Gluck,MG Special,Dalttechnology,Won,2017-04-09,2017-05-29,56,FALSE,TRUE
JA2CDNVM,Gladys Colclough,MG Advanced,Inity,Won,2017-04-09,2017-04-14,3077,FALSE,TRUE
R0XAJA2I,Hayden Neloms,GTX Plus Basic,Hottechi,Won,2017-04-09,2017-04-17,974,FALSE,TRUE
BU1B6PHK,Kami Bicknell,GTX Plus Basic,Cheers,Won,2017-04-09,2017-04-10,915,FALSE,TRUE
C3918FWQ,Kary Hendrixson,GTX Plus Basic,Singletechno,Lost,2017-04-09,2017-08-12,0,FALSE,TRUE
8GBXTWXE,Kary Hendrixson,MG Advanced,Blackzim,Lost,2017-04-09,2017-04-16,0,FALSE,TRUE
Z29AX2KB,Kary Hendrixson,GTX Plus Basic,Condax,Won,2017-04-09,2017-06-20,983,FALSE,TRUE
E733YMVH,Marty Freudenburg,GTX Plus Basic,Inity,Won,2017-04-09,2017-04-10,1204,FALSE,TRUE
Y35ES8UY,Moses Frase,GTX Plus Pro,Condax,Lost,2017-04-09,2017-04-16,0,FALSE,TRUE
QDRYCR05,Niesha Huffines,GTX Plus Basic,Konmatfix,Won,2017-04-09,2017-04-10,970,FALSE,TRUE
TYWS7KJR,Reed Clapper,GTX Basic,Betasoloin,Won,2017-04-09,2017-04-16,575,FALSE,TRUE
X22G55Y5,Rosie Papadopoulos,GTX Plus Pro,Ganjaflex,Won,2017-04-09,2017-06-18,5986,FALSE,TRUE
X7FZMKZW,Versie Hillebrand,GTX Plus Basic,Finhigh,Lost,2017-04-09,2017-04-21,0,FALSE,TRUE
72WE0PUH,Vicki Laflamme,MG Special,Rantouch,Won,2017-04-09,2017-06-16,64,FALSE,TRUE
45B6VA2Y,Violet Mclelland,MG Special,Unknown Account,Engaging,2017-04-09,NA,NA,TRUE,FALSE
SKBDCYV5,Zane Levy,GTX Plus Basic,Zencorporation,Engaging,2017-04-09,NA,NA,FALSE,FALSE
HLGGWYP1,Zane Levy,GTX Basic,Scotfind,Lost,2017-04-09,2017-04-15,0,FALSE,TRUE
RU3OP2BA,Zane Levy,MG Advanced,J-Texon,Won,2017-04-09,2017-06-26,3070,FALSE,TRUE
YXOM4S7G,Anna Snelling,MG Special,Finhigh,Lost,2017-04-10,2017-04-11,0,FALSE,TRUE
JPH5WS60,Boris Faz,GTX Basic,Initech,Lost,2017-04-10,2017-04-11,0,FALSE,TRUE
O1TDG6YN,Cassey Cress,GTX Plus Basic,Mathtouch,Lost,2017-04-10,2017-04-17,0,FALSE,TRUE
4INFXLM5,Cecily Lampkin,MG Special,Rangreen,Lost,2017-04-10,2017-04-20,0,FALSE,TRUE
LIZMTGH2,Cecily Lampkin,MG Advanced,Isdom,Won,2017-04-10,2017-04-18,3409,FALSE,TRUE
04LU4OPA,Daniell Hammack,GTX Plus Pro,Acme Corporation,Won,2017-04-10,2017-06-11,5721,FALSE,TRUE
T1I8GE75,Daniell Hammack,GTX Pro,Ganjaflex,Won,2017-04-10,2017-06-28,5039,FALSE,TRUE
2HU581DM,Daniell Hammack,GTX Pro,Xx-zobam,Won,2017-04-10,2017-04-11,5000,FALSE,TRUE
75S7S74S,Darcel Schlecht,GTX Basic,Hottechi,Lost,2017-04-10,2017-04-18,0,FALSE,TRUE
VTVF5TBV,Darcel Schlecht,GTX Pro,Codehow,Lost,2017-04-10,2017-04-18,0,FALSE,TRUE
6AC2ATXU,Darcel Schlecht,GTX Plus Pro,Gogozoom,Won,2017-04-10,2017-04-16,4955,FALSE,TRUE
F4J6AVPQ,Darcel Schlecht,GTX Pro,Condax,Won,2017-04-10,2017-04-17,5065,FALSE,TRUE
NFTSU7RW,Darcel Schlecht,GTX Pro,Globex Corporation,Won,2017-04-10,2017-04-17,4343,FALSE,TRUE
NCUXZU3S,Darcel Schlecht,GTX Pro,Stanredtax,Won,2017-04-10,2017-04-20,3892,FALSE,TRUE
YGNVLLUR,Gladys Colclough,GTX Basic,Warephase,Lost,2017-04-10,2017-04-20,0,FALSE,TRUE
XQ0N9T87,Hayden Neloms,MG Advanced,Unknown Account,Engaging,2017-04-10,NA,NA,TRUE,FALSE
O08NQM1J,James Ascencio,MG Advanced,Cheers,Lost,2017-04-10,2017-04-11,0,FALSE,TRUE
5OJ4IRW4,Jonathan Berthelot,GTX Plus Basic,Conecom,Won,2017-04-10,2017-06-27,1115,FALSE,TRUE
ZLY8SZXO,Kami Bicknell,GTX Basic,Kan-code,Won,2017-04-10,2017-04-16,533,FALSE,TRUE
DCC85LZO,Kami Bicknell,GTX Plus Basic,Cheers,Won,2017-04-10,2017-04-13,1290,FALSE,TRUE
ZVWUL0LL,Kary Hendrixson,GTX Basic,Hottechi,Lost,2017-04-10,2017-04-12,0,FALSE,TRUE
4R5LIB5F,Kary Hendrixson,GTX Plus Basic,Green-Plus,Lost,2017-04-10,2017-06-13,0,FALSE,TRUE
P010EEZF,Lajuana Vencill,MG Special,Dontechi,Lost,2017-04-10,2017-04-12,0,FALSE,TRUE
7AL9GWK6,Lajuana Vencill,GTX Plus Basic,Codehow,Won,2017-04-10,2017-06-02,1047,FALSE,TRUE
RHXY2M2W,Lajuana Vencill,MG Special,Gogozoom,Won,2017-04-10,2017-04-18,47,FALSE,TRUE
IKU97NEU,Markita Hansen,MG Advanced,Funholding,Engaging,2017-04-10,NA,NA,FALSE,FALSE
R7SESFM0,Marty Freudenburg,GTX Basic,Condax,Lost,2017-04-10,2017-04-21,0,FALSE,TRUE
X501NN9P,Marty Freudenburg,GTX Pro,Rangreen,Won,2017-04-10,2017-06-09,4413,FALSE,TRUE
AUDYTWRK,Maureen Marcano,GTX Plus Basic,Hottechi,Won,2017-04-10,2017-06-26,950,FALSE,TRUE
EUKD4Z0V,Reed Clapper,GTX Pro,Plussunin,Lost,2017-04-10,2017-04-16,0,FALSE,TRUE
KPUHKYWU,Reed Clapper,GTX Pro,The New York Inquirer,Won,2017-04-10,2017-04-20,4136,FALSE,TRUE
B0KF3NFK,Versie Hillebrand,MG Special,Rundofase,Won,2017-04-10,2017-04-18,62,FALSE,TRUE
70M5V003,Vicki Laflamme,MG Special,J-Texon,Lost,2017-04-10,2017-04-18,0,FALSE,TRUE
456BP2X7,Zane Levy,MG Advanced,Unknown Account,Engaging,2017-04-10,NA,NA,TRUE,FALSE
OC66D0JA,Zane Levy,GTX Basic,Goodsilron,Won,2017-04-10,2017-04-11,467,FALSE,TRUE
KE7SZLG7,Boris Faz,GTX Plus Basic,Gekko & Co,Won,2017-04-11,2017-06-11,1075,FALSE,TRUE
XYZ39YT2,Cecily Lampkin,MG Special,Betatech,Lost,2017-04-11,2017-04-19,0,FALSE,TRUE
O4LNS6IC,Daniell Hammack,MG Special,Ontomedia,Won,2017-04-11,2017-04-13,52,FALSE,TRUE
UKIM9XIZ,Darcel Schlecht,GTX Pro,Inity,Lost,2017-04-11,2017-04-19,0,FALSE,TRUE
5Z0ACVAM,Darcel Schlecht,GTX Pro,Inity,Lost,2017-04-11,2017-04-12,0,FALSE,TRUE
DIAR4IM7,Darcel Schlecht,GTX Pro,Condax,Won,2017-04-11,2017-04-18,4837,FALSE,TRUE
30YWHJV8,Donn Cantrell,GTX Plus Basic,Plussunin,Lost,2017-04-11,2017-04-18,0,FALSE,TRUE
ABXW1X4U,Elease Gluck,GTX Basic,Faxquote,Lost,2017-04-11,2017-06-22,0,FALSE,TRUE
SZ1H1L8I,Elease Gluck,GTX Plus Basic,Xx-holding,Won,2017-04-11,2017-04-13,1163,FALSE,TRUE
IR03B656,Gladys Colclough,GTX Basic,Rundofase,Lost,2017-04-11,2017-04-21,0,FALSE,TRUE
6NZROTHF,James Ascencio,GTX Plus Pro,Rantouch,Lost,2017-04-11,2017-06-10,0,FALSE,TRUE
IFIIB8Y6,Kami Bicknell,GTX Basic,Konex,Lost,2017-04-11,2017-04-13,0,FALSE,TRUE
J58BUYQH,Kary Hendrixson,GTX Plus Basic,Unknown Account,Engaging,2017-04-11,NA,NA,TRUE,FALSE
R2CS85YJ,Kary Hendrixson,GTX Basic,Groovestreet,Lost,2017-04-11,2017-04-13,0,FALSE,TRUE
8EAINY61,Kary Hendrixson,GTX Basic,Singletechno,Lost,2017-04-11,2017-04-18,0,FALSE,TRUE
T23MHC9C,Kary Hendrixson,GTX Basic,Doncon,Won,2017-04-11,2017-04-18,568,FALSE,TRUE
D30QC4EE,Kary Hendrixson,GTX Pro,Rantouch,Won,2017-04-11,2017-06-19,5063,FALSE,TRUE
JHIX3ODA,Moses Frase,MG Advanced,dambase,Lost,2017-04-11,2017-04-21,0,FALSE,TRUE
BPUE8GTU,Moses Frase,MG Special,Rundofase,Won,2017-04-11,2017-06-06,46,FALSE,TRUE
2DOJKFNW,Niesha Huffines,MG Advanced,dambase,Lost,2017-04-11,2017-04-12,0,FALSE,TRUE
0PSKGNYE,Niesha Huffines,GTX Basic,Gogozoom,Won,2017-04-11,2017-04-12,504,FALSE,TRUE
J75N0QYA,Niesha Huffines,MG Special,Gogozoom,Won,2017-04-11,2017-04-13,55,FALSE,TRUE
SDS8SAZC,Rosalina Dieter,GTX Pro,Hatfan,Won,2017-04-11,2017-06-17,4760,FALSE,TRUE
1426E8W6,Versie Hillebrand,GTX Basic,Cancity,Lost,2017-04-11,2017-04-21,0,FALSE,TRUE
3BFBN8JW,Versie Hillebrand,MG Advanced,Funholding,Lost,2017-04-11,2017-04-18,0,FALSE,TRUE
W1GERPB9,Vicki Laflamme,GTX Pro,Fasehatice,Won,2017-04-11,2017-06-21,4653,FALSE,TRUE
FN1QX0BQ,Violet Mclelland,MG Special,Unknown Account,Engaging,2017-04-11,NA,NA,TRUE,FALSE
922DHXBA,Violet Mclelland,MG Special,Opentech,Lost,2017-04-11,2017-04-22,0,FALSE,TRUE
L36WU4AH,Violet Mclelland,MG Special,Massive Dynamic,Won,2017-04-11,2017-04-12,55,FALSE,TRUE
2K8H292S,Anna Snelling,GTX Basic,Rundofase,Lost,2017-04-12,2017-04-18,0,FALSE,TRUE
7Y530NLJ,Boris Faz,GTX Plus Basic,Genco Pura Olive Oil Company,Engaging,2017-04-12,NA,NA,FALSE,FALSE
XNHGOHPW,Boris Faz,MG Advanced,Konex,Won,2017-04-12,2017-04-22,3223,FALSE,TRUE
GAM8C5ET,Cassey Cress,GTX Plus Pro,Betasoloin,Lost,2017-04-12,2017-04-17,0,FALSE,TRUE
BHT7UEDJ,Cassey Cress,GTX Basic,Zathunicon,Won,2017-04-12,2017-04-19,553,FALSE,TRUE
7PAVX9CP,Cassey Cress,GTX Plus Basic,Gekko & Co,Won,2017-04-12,2017-04-14,1114,FALSE,TRUE
IVW8MQGN,Cecily Lampkin,MG Advanced,dambase,Won,2017-04-12,2017-04-20,3785,FALSE,TRUE
CVFUMOK9,Corliss Cosme,GTX Plus Pro,Rangreen,Engaging,2017-04-12,NA,NA,FALSE,FALSE
1VHUPB8X,Darcel Schlecht,GTX Plus Basic,Streethex,Lost,2017-04-12,2017-04-14,0,FALSE,TRUE
G5FN7I7T,Darcel Schlecht,MG Advanced,Gogozoom,Lost,2017-04-12,2017-06-28,0,FALSE,TRUE
OHVPXBSR,Donn Cantrell,GTX Pro,Yearin,Won,2017-04-12,2017-04-13,5316,FALSE,TRUE
GHY9QZKG,Hayden Neloms,MG Special,Goodsilron,Lost,2017-04-12,2017-04-16,0,FALSE,TRUE
M9RGVU1F,Jonathan Berthelot,GTX Pro,Cancity,Lost,2017-04-12,2017-04-24,0,FALSE,TRUE
JBBJL4C2,Jonathan Berthelot,GTX Basic,Dontechi,Won,2017-04-12,2017-06-23,531,FALSE,TRUE
HMI6RBK9,Jonathan Berthelot,GTX Basic,Rangreen,Won,2017-04-12,2017-06-16,544,FALSE,TRUE
2EKGLB0Q,Kami Bicknell,GTX Basic,Y-corporation,Won,2017-04-12,2017-04-13,478,FALSE,TRUE
NBYPJR21,Kami Bicknell,GTX Pro,Finjob,Won,2017-04-12,2017-04-22,5672,FALSE,TRUE
HYPZOTY8,Kami Bicknell,MG Special,Goodsilron,Won,2017-04-12,2017-04-19,51,FALSE,TRUE
31I0SB7T,Kami Bicknell,MG Advanced,Konex,Won,2017-04-12,2017-04-19,3141,FALSE,TRUE
R0CLLIH9,Kary Hendrixson,GTX Pro,Unknown Account,Engaging,2017-04-12,NA,NA,TRUE,FALSE
UIDAJBAI,Kary Hendrixson,GTX Pro,Doncon,Lost,2017-04-12,2017-04-13,0,FALSE,TRUE
VO3C2LE4,Kary Hendrixson,MG Special,Groovestreet,Lost,2017-04-12,2017-04-16,0,FALSE,TRUE
UC7JT39Q,Markita Hansen,MG Special,Golddex,Lost,2017-04-12,2017-04-13,0,FALSE,TRUE
F1LLBOUV,Marty Freudenburg,GTX Plus Basic,Codehow,Lost,2017-04-12,2017-04-13,0,FALSE,TRUE
7H9J8W50,Marty Freudenburg,GTX Plus Pro,Hottechi,Lost,2017-04-12,2017-04-14,0,FALSE,TRUE
8O03S3U3,Moses Frase,GTX Plus Pro,Conecom,Lost,2017-04-12,2017-04-22,0,FALSE,TRUE
TGQN6HTN,Reed Clapper,GTX Plus Pro,Kan-code,Won,2017-04-12,2017-06-21,5393,FALSE,TRUE
X8GGF9MG,Rosalina Dieter,MG Special,Dontechi,Engaging,2017-04-12,NA,NA,FALSE,FALSE
CPJK2600,Versie Hillebrand,MG Special,Statholdings,Lost,2017-04-12,2017-04-19,0,FALSE,TRUE
3P7QQSVF,Vicki Laflamme,MG Special,Unknown Account,Engaging,2017-04-12,NA,NA,TRUE,FALSE
PGXIPGDM,Vicki Laflamme,MG Advanced,Lexiqvolax,Engaging,2017-04-12,NA,NA,FALSE,FALSE
TLXS1NB8,Vicki Laflamme,GTX Plus Pro,Green-Plus,Lost,2017-04-12,2017-04-19,0,FALSE,TRUE
TRR34NSR,Vicki Laflamme,GTX Basic,Hottechi,Won,2017-04-12,2017-06-06,638,FALSE,TRUE
F2KINGVU,Vicki Laflamme,MG Special,J-Texon,Won,2017-04-12,2017-04-23,50,FALSE,TRUE
Q169CIK6,Violet Mclelland,MG Advanced,Bioplex,Lost,2017-04-12,2017-04-18,0,FALSE,TRUE
1QWG9VM6,Zane Levy,GTX Pro,Hatfan,Won,2017-04-12,2017-04-22,4272,FALSE,TRUE
8OHCCD42,Anna Snelling,GTX Plus Basic,Bioholding,Lost,2017-04-13,2017-04-15,0,FALSE,TRUE
QBCK25DV,Anna Snelling,MG Special,Inity,Won,2017-04-13,2017-04-15,58,FALSE,TRUE
8IEVY30X,Boris Faz,GTX Plus Basic,Ontomedia,Won,2017-04-13,2017-04-14,1088,FALSE,TRUE
6444O6DK,Corliss Cosme,GTX Basic,Donquadtech,Lost,2017-04-13,2017-04-23,0,FALSE,TRUE
GNL7T2JP,Corliss Cosme,GTX Pro,Silis,Lost,2017-04-13,2017-04-18,0,FALSE,TRUE
V9YR14KW,Daniell Hammack,GTX Basic,Plussunin,Lost,2017-04-13,2017-04-20,0,FALSE,TRUE
24LP4J8U,Daniell Hammack,GTX Pro,Kan-code,Lost,2017-04-13,2017-05-13,0,FALSE,TRUE
37LTMWB0,Darcel Schlecht,GTX Basic,Betatech,Lost,2017-04-13,2017-04-20,0,FALSE,TRUE
8BH9RNZI,Darcel Schlecht,GTX Pro,Globex Corporation,Lost,2017-04-13,2017-04-14,0,FALSE,TRUE
2ZU519Y6,Darcel Schlecht,GTX Plus Basic,Domzoom,Won,2017-04-13,2017-04-19,1327,FALSE,TRUE
ZESI2PFU,Darcel Schlecht,GTX Plus Basic,Dontechi,Won,2017-04-13,2017-06-27,923,FALSE,TRUE
X8T4XLTY,Darcel Schlecht,GTX Plus Basic,Scottech,Won,2017-04-13,2017-04-23,1058,FALSE,TRUE
OS2CD01K,Darcel Schlecht,GTX Plus Pro,Streethex,Won,2017-04-13,2017-04-21,5220,FALSE,TRUE
JNKDEAG9,Gladys Colclough,GTX Plus Pro,Condax,Lost,2017-04-13,2017-04-19,0,FALSE,TRUE
7MGVL7FC,Gladys Colclough,MG Special,Ron-tech,Won,2017-04-13,2017-04-22,55,FALSE,TRUE
IFJ2AE9R,Hayden Neloms,MG Advanced,Dalttechnology,Lost,2017-04-13,2017-04-20,0,FALSE,TRUE
HEDUIEUN,Hayden Neloms,MG Special,Hatfan,Won,2017-04-13,2017-06-23,62,FALSE,TRUE
D3OST43E,James Ascencio,GTX Plus Basic,Golddex,Won,2017-04-13,2017-04-20,996,FALSE,TRUE
Z7OH4GWO,Kami Bicknell,GTX Pro,Unknown Account,Engaging,2017-04-13,NA,NA,TRUE,FALSE
9537WTHG,Kami Bicknell,GTX Basic,Rantouch,Lost,2017-04-13,2017-06-09,0,FALSE,TRUE
6PMHI9G4,Kami Bicknell,GTX Basic,Hottechi,Won,2017-04-13,2017-04-22,543,FALSE,TRUE
H3ITKE4I,Kary Hendrixson,GTX Pro,Hatfan,Lost,2017-04-13,2017-04-19,0,FALSE,TRUE
4RPUMZ9M,Kary Hendrixson,GTX Pro,Y-corporation,Lost,2017-04-13,2017-04-21,0,FALSE,TRUE
U9RFE81I,Moses Frase,MG Special,Warephase,Lost,2017-04-13,2017-08-16,0,FALSE,TRUE
4T2XENE2,Niesha Huffines,GTX Plus Basic,Scottech,Lost,2017-04-13,2017-06-16,0,FALSE,TRUE
LIFA0JYO,Versie Hillebrand,MG Special,Finhigh,Lost,2017-04-13,2017-05-26,0,FALSE,TRUE
JQ8V4I1K,Versie Hillebrand,MG Special,Bioholding,Won,2017-04-13,2017-04-22,56,FALSE,TRUE
N5CCEEOY,Vicki Laflamme,GTX Plus Pro,Kan-code,Lost,2017-04-13,2017-04-20,0,FALSE,TRUE
C0SNGBJU,Vicki Laflamme,MG Advanced,Blackzim,Lost,2017-04-13,2017-04-23,0,FALSE,TRUE
VN6JB8HU,Violet Mclelland,GTX Plus Basic,Sumace,Won,2017-04-13,2017-06-10,1145,FALSE,TRUE
JK4IB77I,Wilburn Farren,GTX Pro,Silis,Lost,2017-04-13,2017-04-26,0,FALSE,TRUE
81G840FM,Zane Levy,GTX Basic,Unknown Account,Engaging,2017-04-13,NA,NA,TRUE,FALSE
U5K2MZB6,Zane Levy,MG Advanced,Unknown Account,Engaging,2017-04-13,NA,NA,TRUE,FALSE
XMEYATKB,Cassey Cress,GTX Plus Pro,Zencorporation,Lost,2017-04-14,2017-04-19,0,FALSE,TRUE
IUDDK8Q0,Cassey Cress,GTX Pro,Bluth Company,Lost,2017-04-14,2017-04-22,0,FALSE,TRUE
YQXAY03C,Cassey Cress,MG Advanced,Umbrella Corporation,Lost,2017-04-14,2017-04-19,0,FALSE,TRUE
QKQ5N9Z1,Corliss Cosme,GTX Plus Basic,Massive Dynamic,Won,2017-04-14,2017-04-23,1033,FALSE,TRUE
RZRRMWTH,Daniell Hammack,MG Advanced,The New York Inquirer,Lost,2017-04-14,2017-04-20,0,FALSE,TRUE
JS9SCCJ3,Darcel Schlecht,GTX Plus Basic,Gogozoom,Lost,2017-04-14,2017-04-15,0,FALSE,TRUE
WOBZWEPI,Darcel Schlecht,GTX Pro,Treequote,Lost,2017-04-14,2017-04-16,0,FALSE,TRUE
HBIQF55L,Darcel Schlecht,GTX Pro,Cancity,Won,2017-04-14,2017-08-14,4359,FALSE,TRUE
V5XB0UPL,Darcel Schlecht,GTX Pro,Warephase,Won,2017-04-14,2017-06-02,4575,FALSE,TRUE
QW9JMUTD,Darcel Schlecht,MG Special,Finhigh,Won,2017-04-14,2017-04-22,53,FALSE,TRUE
7ODLTF4W,Elease Gluck,GTX Basic,J-Texon,Won,2017-04-14,2017-04-16,597,FALSE,TRUE
RUCPPMPY,Elease Gluck,MG Advanced,Zoomit,Won,2017-04-14,2017-06-16,3179,FALSE,TRUE
SJHD5TFA,Gladys Colclough,GTX Basic,Globex Corporation,Lost,2017-04-14,2017-06-16,0,FALSE,TRUE
2B0QVPBT,Gladys Colclough,MG Special,Stanredtax,Won,2017-04-14,2017-04-15,57,FALSE,TRUE
YIZ1VQ3U,Hayden Neloms,MG Advanced,Hottechi,Lost,2017-04-14,2017-04-15,0,FALSE,TRUE
FMNSL9TP,Hayden Neloms,MG Advanced,Scotfind,Won,2017-04-14,2017-04-24,2997,FALSE,TRUE
8ZU8D508,James Ascencio,GTX Basic,Faxquote,Won,2017-04-14,2017-05-29,545,FALSE,TRUE
NVDVFYGE,Jonathan Berthelot,GTX Basic,Zumgoity,Won,2017-04-14,2017-04-25,565,FALSE,TRUE
QQH0YV1W,Jonathan Berthelot,MG Special,Treequote,Won,2017-04-14,2017-04-24,54,FALSE,TRUE
ZVAZKWF3,Kami Bicknell,GTX Pro,Unknown Account,Engaging,2017-04-14,NA,NA,TRUE,FALSE
IUNX2OMX,Kami Bicknell,GTX Basic,J-Texon,Lost,2017-04-14,2017-04-15,0,FALSE,TRUE
6WODV6KD,Kami Bicknell,GTX Pro,Sunnamplex,Won,2017-04-14,2017-04-21,4991,FALSE,TRUE
6S2ABHZS,Markita Hansen,GTX Basic,Unknown Account,Engaging,2017-04-14,NA,NA,TRUE,FALSE
COM9RNBL,Markita Hansen,MG Special,Unknown Account,Engaging,2017-04-14,NA,NA,TRUE,FALSE
RTZFPWVN,Maureen Marcano,GTX Plus Pro,Hottechi,Lost,2017-04-14,2017-04-19,0,FALSE,TRUE
VYDCTUAU,Maureen Marcano,MG Advanced,Blackzim,Lost,2017-04-14,2017-04-16,0,FALSE,TRUE
KYFONJP5,Rosie Papadopoulos,GTX Pro,Silis,Won,2017-04-14,2017-06-16,5546,FALSE,TRUE
ANXSK3QV,Vicki Laflamme,MG Special,Hottechi,Won,2017-04-14,2017-04-20,59,FALSE,TRUE
7I6OHUE4,Anna Snelling,GTX Plus Basic,Statholdings,Lost,2017-04-15,2017-04-23,0,FALSE,TRUE
AY9NWO78,Anna Snelling,MG Special,Statholdings,Lost,2017-04-15,2017-04-20,0,FALSE,TRUE
BEP06EN5,Anna Snelling,GTX Plus Pro,Statholdings,Won,2017-04-15,2017-04-16,5082,FALSE,TRUE
8H95X3AP,Boris Faz,GTX Plus Pro,Iselectrics,Won,2017-04-15,2017-04-24,5293,FALSE,TRUE
P7LVKDC9,Cecily Lampkin,GTX Plus Basic,Hottechi,Won,2017-04-15,2017-06-27,1163,FALSE,TRUE
QRVHBQSF,Donn Cantrell,MG Special,Ganjaflex,Won,2017-04-15,2017-04-16,49,FALSE,TRUE
8KH8XJRE,Garret Kinder,MG Special,Donquadtech,Won,2017-04-15,2017-05-01,53,FALSE,TRUE
YZ4AIQQR,Gladys Colclough,MG Advanced,Betatech,Lost,2017-04-15,2017-04-16,0,FALSE,TRUE
R8CW1D6X,Gladys Colclough,MG Advanced,Gogozoom,Lost,2017-04-15,2017-06-12,0,FALSE,TRUE
68KYNPDQ,Hayden Neloms,GTX Plus Basic,Lexiqvolax,Lost,2017-04-15,2017-04-24,0,FALSE,TRUE
K6M3EX4O,Kami Bicknell,GTX Plus Basic,Unknown Account,Engaging,2017-04-15,NA,NA,TRUE,FALSE
9B0HGLRU,Kami Bicknell,GTX Basic,Fasehatice,Lost,2017-04-15,2017-04-21,0,FALSE,TRUE
LWPFQ1UA,Kary Hendrixson,GTX Basic,Unknown Account,Engaging,2017-04-15,NA,NA,TRUE,FALSE
TN59K8NP,Kary Hendrixson,GTX Basic,Sunnamplex,Lost,2017-04-15,2017-08-07,0,FALSE,TRUE
3OBMD08T,Moses Frase,MG Advanced,Codehow,Lost,2017-04-15,2017-04-17,0,FALSE,TRUE
5FWBETTO,Versie Hillebrand,MG Advanced,Finhigh,Won,2017-04-15,2017-05-19,3641,FALSE,TRUE
ANRCHVJM,Violet Mclelland,MG Special,Plusstrip,Engaging,2017-04-15,NA,NA,FALSE,FALSE
UDTQF84C,Violet Mclelland,GTX Basic,Condax,Lost,2017-04-15,2017-04-17,0,FALSE,TRUE
35IRGXY3,Zane Levy,GTX Basic,Condax,Won,2017-04-15,2017-05-23,501,FALSE,TRUE
YHRVQVPV,Zane Levy,GTX Plus Pro,Konex,Won,2017-04-15,2017-04-20,4687,FALSE,TRUE
0PGJNCD7,Anna Snelling,GTX Basic,dambase,Won,2017-04-16,2017-06-23,626,FALSE,TRUE
7X7YIWJO,Anna Snelling,GTX Basic,Finhigh,Won,2017-04-16,2017-08-03,489,FALSE,TRUE
2IO3IJPO,Cassey Cress,GTX Pro,Zencorporation,Won,2017-04-16,2017-04-27,4852,FALSE,TRUE
WCSJBX3N,Cecily Lampkin,MG Advanced,Warephase,Lost,2017-04-16,2017-06-28,0,FALSE,TRUE
FCNYDFK3,Daniell Hammack,GTX Plus Basic,Bubba Gump,Won,2017-04-16,2017-06-06,1192,FALSE,TRUE
3Y26MZHI,Daniell Hammack,GTX Pro,Donquadtech,Won,2017-04-16,2017-04-17,5104,FALSE,TRUE
P0BMLVSL,Darcel Schlecht,GTX Pro,Codehow,Won,2017-04-16,2017-08-09,5820,FALSE,TRUE
QK5BW61U,Donn Cantrell,MG Advanced,Acme Corporation,Won,2017-04-16,2017-08-05,3012,FALSE,TRUE
J3SZACNW,Garret Kinder,GTX Plus Pro,Sumace,Lost,2017-04-16,2017-04-22,0,FALSE,TRUE
5SNTPPOV,Garret Kinder,GTX Pro,Mathtouch,Lost,2017-04-16,2017-04-18,0,FALSE,TRUE
D7F2AWWW,Garret Kinder,GTX Pro,Konex,Won,2017-04-16,2017-04-23,3930,FALSE,TRUE
FUL5V96O,Gladys Colclough,GTX Plus Basic,Domzoom,Won,2017-04-16,2017-04-22,1055,FALSE,TRUE
BWIWI1PC,Hayden Neloms,MG Advanced,Blackzim,Lost,2017-04-16,2017-04-22,0,FALSE,TRUE
GYBIACTC,Jonathan Berthelot,GTX Basic,Scottech,Won,2017-04-16,2017-04-24,538,FALSE,TRUE
VD6BP6T2,Jonathan Berthelot,MG Special,Domzoom,Won,2017-04-16,2017-04-23,68,FALSE,TRUE
10AEGW41,Kary Hendrixson,GTX Pro,Unknown Account,Engaging,2017-04-16,NA,NA,TRUE,FALSE
QA9XE19H,Kary Hendrixson,MG Advanced,Newex,Lost,2017-04-16,2017-04-23,0,FALSE,TRUE
8ZYPSX66,Maureen Marcano,GTX Basic,Newex,Won,2017-04-16,2017-04-28,572,FALSE,TRUE
0AN86YDG,Maureen Marcano,GTX Plus Basic,Groovestreet,Won,2017-04-16,2017-04-24,1234,FALSE,TRUE
VKXZ36VE,Moses Frase,GTX Basic,Ron-tech,Lost,2017-04-16,2017-04-18,0,FALSE,TRUE
OJYFSZ2O,Versie Hillebrand,MG Special,Isdom,Lost,2017-04-16,2017-04-17,0,FALSE,TRUE
6G6ZCKSB,Vicki Laflamme,GTX Pro,Unknown Account,Engaging,2017-04-16,NA,NA,TRUE,FALSE
YGL1F8K1,Vicki Laflamme,MG Special,Plusstrip,Won,2017-04-16,2017-05-04,56,FALSE,TRUE
C1WGTTYF,Violet Mclelland,MG Special,Zathunicon,Lost,2017-04-16,2017-05-03,0,FALSE,TRUE
1OZWGQK9,Zane Levy,MG Special,Doncon,Lost,2017-04-16,2017-04-25,0,FALSE,TRUE
EXICVP8C,Anna Snelling,MG Special,Warephase,Won,2017-04-17,2017-04-26,52,FALSE,TRUE
DLXFY70W,Anna Snelling,MG Advanced,Codehow,Won,2017-04-17,2017-04-24,3668,FALSE,TRUE
GO7UM9AV,Boris Faz,GTX Basic,Plussunin,Lost,2017-04-17,2017-04-19,0,FALSE,TRUE
F5ITRBMX,Boris Faz,MG Advanced,Zotware,Won,2017-04-17,2017-08-04,3138,FALSE,TRUE
8KFFRJSS,Cecily Lampkin,MG Special,Conecom,Lost,2017-04-17,2017-04-19,0,FALSE,TRUE
38VRB2P1,Corliss Cosme,GTX Basic,Ontomedia,Lost,2017-04-17,2017-04-18,0,FALSE,TRUE
9CGD5QSZ,Corliss Cosme,GTX Basic,Zencorporation,Lost,2017-04-17,2017-04-21,0,FALSE,TRUE
UPZRAO84,Corliss Cosme,GTX Pro,Iselectrics,Won,2017-04-17,2017-06-01,5032,FALSE,TRUE
BPCWRG9P,Daniell Hammack,GTX Plus Basic,Plussunin,Won,2017-04-17,2017-04-20,1310,FALSE,TRUE
JE5085VJ,Daniell Hammack,GTX Plus Pro,Mathtouch,Won,2017-04-17,2017-06-27,5076,FALSE,TRUE
P5MLWDXX,Daniell Hammack,MG Advanced,Vehement Capital Partners,Won,2017-04-17,2017-06-19,3641,FALSE,TRUE
IJ7AUTVC,Darcel Schlecht,GTX Pro,Conecom,Lost,2017-04-17,2017-04-18,0,FALSE,TRUE
84T104O7,Darcel Schlecht,GTX Plus Basic,Warephase,Won,2017-04-17,2017-04-25,1170,FALSE,TRUE
0GXXCA37,Darcel Schlecht,GTX Pro,Domzoom,Won,2017-04-17,2017-05-01,4226,FALSE,TRUE
GACPNKGI,Elease Gluck,MG Special,Unknown Account,Engaging,2017-04-17,NA,NA,TRUE,FALSE
9PCWAYWC,Elease Gluck,MG Advanced,Green-Plus,Lost,2017-04-17,2017-04-18,0,FALSE,TRUE
OJ0C7S3T,Gladys Colclough,GTX Pro,Genco Pura Olive Oil Company,Won,2017-04-17,2017-04-24,4784,FALSE,TRUE
3VMC6PGJ,Hayden Neloms,GTX Plus Basic,Faxquote,Lost,2017-04-17,2017-04-25,0,FALSE,TRUE
E2MWXGNG,Hayden Neloms,MG Advanced,Blackzim,Lost,2017-04-17,2017-04-19,0,FALSE,TRUE
E4082SMQ,James Ascencio,GTX Basic,Unknown Account,Engaging,2017-04-17,NA,NA,TRUE,FALSE
QZ2E9TSL,James Ascencio,MG Advanced,Golddex,Lost,2017-04-17,2017-08-12,0,FALSE,TRUE
L3AYCTGW,James Ascencio,GTX Pro,Goodsilron,Won,2017-04-17,2017-04-24,5451,FALSE,TRUE
IZ02GW0R,Kami Bicknell,GTX Basic,Faxquote,Won,2017-04-17,2017-04-19,527,FALSE,TRUE
LSVGDJ1A,Kary Hendrixson,GTX Plus Pro,Unknown Account,Engaging,2017-04-17,NA,NA,TRUE,FALSE
2LSNRT4U,Kary Hendrixson,GTX Pro,Unknown Account,Engaging,2017-04-17,NA,NA,TRUE,FALSE
5AI9WG6M,Kary Hendrixson,GTX Plus Pro,Y-corporation,Lost,2017-04-17,2017-04-25,0,FALSE,TRUE
Q1DFFYB5,Kary Hendrixson,GTX Plus Pro,Y-corporation,Lost,2017-04-17,2017-04-19,0,FALSE,TRUE
XWZG5VPL,Kary Hendrixson,GTX Pro,Scotfind,Lost,2017-04-17,2017-04-18,0,FALSE,TRUE
30FHAEJZ,Kary Hendrixson,GTX Plus Pro,Fasehatice,Won,2017-04-17,2017-04-19,5408,FALSE,TRUE
AZOXWEKL,Lajuana Vencill,GTX Plus Basic,Conecom,Lost,2017-04-17,2017-05-02,0,FALSE,TRUE
2NKZR4IM,Lajuana Vencill,GTX Plus Pro,Isdom,Lost,2017-04-17,2017-04-24,0,FALSE,TRUE
3PPB3Q04,Lajuana Vencill,MG Special,Konmatfix,Won,2017-04-17,2017-06-23,48,FALSE,TRUE
C9330YF1,Markita Hansen,GTX Basic,Blackzim,Engaging,2017-04-17,NA,NA,FALSE,FALSE
610UUEAG,Markita Hansen,GTX Basic,Plexzap,Won,2017-04-17,2017-04-24,527,FALSE,TRUE
FIYSM4E1,Marty Freudenburg,GTX Plus Basic,dambase,Won,2017-04-17,2017-04-23,1160,FALSE,TRUE
BCUR8B2A,Niesha Huffines,GTX Basic,Inity,Won,2017-04-17,2017-06-06,491,FALSE,TRUE
8PGDRAH2,Reed Clapper,GTX Basic,Umbrella Corporation,Won,2017-04-17,2017-04-19,555,FALSE,TRUE
QD8F0CI6,Rosalina Dieter,GTX Basic,Unknown Account,Engaging,2017-04-17,NA,NA,TRUE,FALSE
7K0S2P6K,Rosalina Dieter,GTX Pro,Unknown Account,Engaging,2017-04-17,NA,NA,TRUE,FALSE
G1C9IG0T,Rosalina Dieter,MG Special,Lexiqvolax,Lost,2017-04-17,2017-04-27,0,FALSE,TRUE
G4B4Z525,Versie Hillebrand,MG Special,Isdom,Won,2017-04-17,2017-04-23,62,FALSE,TRUE
J9SE3QJD,Violet Mclelland,MG Special,Ganjaflex,Lost,2017-04-17,2017-04-26,0,FALSE,TRUE
JORFI81C,Violet Mclelland,MG Special,Konex,Won,2017-04-17,2017-04-25,56,FALSE,TRUE
GET2JILL,Wilburn Farren,MG Advanced,The New York Inquirer,Won,2017-04-17,2017-04-23,3490,FALSE,TRUE
E3HJPDFZ,Zane Levy,GTX Pro,Y-corporation,Lost,2017-04-17,2017-06-24,0,FALSE,TRUE
Q22714T0,Anna Snelling,MG Special,Betatech,Lost,2017-04-18,2017-04-24,0,FALSE,TRUE
FCGE8U5M,Anna Snelling,MG Special,Betatech,Won,2017-04-18,2017-04-25,51,FALSE,TRUE
ROQBT7TM,Anna Snelling,MG Special,Condax,Won,2017-04-18,2017-06-20,54,FALSE,TRUE
WLFLY0BD,Anna Snelling,MG Special,Conecom,Won,2017-04-18,2017-04-27,56,FALSE,TRUE
8S649LDO,Boris Faz,GTX Pro,Kan-code,Lost,2017-04-18,2017-05-27,0,FALSE,TRUE
JR7SC0S2,Cassey Cress,MG Advanced,Gekko & Co,Won,2017-04-18,2017-08-04,3808,FALSE,TRUE
MFGCEDXE,Corliss Cosme,GTX Plus Pro,Yearin,Lost,2017-04-18,2017-05-04,0,FALSE,TRUE
Y9Y4TXD9,Corliss Cosme,MG Advanced,Konex,Won,2017-04-18,2017-05-03,3041,FALSE,TRUE
ZKOGIB6R,Donn Cantrell,GTX Basic,Xx-zobam,Lost,2017-04-18,2017-04-25,0,FALSE,TRUE
DJMPI9TO,Elease Gluck,GTK 500,Xx-zobam,Engaging,2017-04-18,NA,NA,FALSE,FALSE
Z353E8FR,Garret Kinder,MG Advanced,Condax,Lost,2017-04-18,2017-04-30,0,FALSE,TRUE
IKJSXBY0,Gladys Colclough,GTX Pro,Isdom,Lost,2017-04-18,2017-05-04,0,FALSE,TRUE
5SYJS0HS,Hayden Neloms,GTX Plus Pro,Goodsilron,Lost,2017-04-18,2017-04-23,0,FALSE,TRUE
U6XJRWV8,James Ascencio,MG Advanced,Unknown Account,Engaging,2017-04-18,NA,NA,TRUE,FALSE
UXOQQR39,James Ascencio,GTX Plus Basic,Golddex,Lost,2017-04-18,2017-04-20,0,FALSE,TRUE
J5DF2ZO1,James Ascencio,MG Special,Kan-code,Won,2017-04-18,2017-04-29,44,FALSE,TRUE
HGF361RQ,Kami Bicknell,GTX Plus Pro,Xx-holding,Lost,2017-04-18,2017-04-24,0,FALSE,TRUE
9B8SPYAF,Kami Bicknell,GTX Basic,Doncon,Won,2017-04-18,2017-04-24,552,FALSE,TRUE
BYF6ABTZ,Kary Hendrixson,GTX Plus Pro,Opentech,Engaging,2017-04-18,NA,NA,FALSE,FALSE
VTLI5HIE,Kary Hendrixson,GTX Basic,Newex,Won,2017-04-18,2017-04-26,474,FALSE,TRUE
N60UJ28O,Kary Hendrixson,GTX Plus Basic,Xx-holding,Won,2017-04-18,2017-04-22,1158,FALSE,TRUE
R102IPTH,Kary Hendrixson,GTX Plus Pro,Faxquote,Won,2017-04-18,2017-04-19,5839,FALSE,TRUE
C9O4E52T,Kary Hendrixson,GTX Pro,Singletechno,Won,2017-04-18,2017-08-06,4554,FALSE,TRUE
CJP7LWRK,Kary Hendrixson,GTX Pro,Xx-holding,Won,2017-04-18,2017-04-24,5078,FALSE,TRUE
NHE1CETW,Lajuana Vencill,GTX Plus Basic,Genco Pura Olive Oil Company,Lost,2017-04-18,2017-04-26,0,FALSE,TRUE
1O1GVZEU,Markita Hansen,GTX Basic,Cheers,Won,2017-04-18,2017-06-04,561,FALSE,TRUE
K8LRZ95S,Maureen Marcano,GTX Plus Basic,Unknown Account,Engaging,2017-04-18,NA,NA,TRUE,FALSE
2OQB2KPY,Maureen Marcano,GTX Plus Basic,Finjob,Lost,2017-04-18,2017-04-22,0,FALSE,TRUE
KK4VW0ZM,Niesha Huffines,MG Advanced,Ron-tech,Lost,2017-04-18,2017-05-22,0,FALSE,TRUE
JHLG51ZI,Niesha Huffines,MG Advanced,Inity,Won,2017-04-18,2017-04-19,3392,FALSE,TRUE
Q8BZ3PC9,Rosie Papadopoulos,GTX Plus Pro,Unknown Account,Engaging,2017-04-18,NA,NA,TRUE,FALSE
49ZS7GTS,Vicki Laflamme,MG Special,Unknown Account,Engaging,2017-04-18,NA,NA,TRUE,FALSE
M857G6G1,Vicki Laflamme,MG Advanced,Unknown Account,Engaging,2017-04-18,NA,NA,TRUE,FALSE
TS4CB9TH,Vicki Laflamme,GTX Pro,Fasehatice,Won,2017-04-18,2017-04-20,5040,FALSE,TRUE
5K0ZFCVO,Violet Mclelland,MG Special,Unknown Account,Engaging,2017-04-18,NA,NA,TRUE,FALSE
6AEVX11M,Violet Mclelland,MG Special,Unknown Account,Engaging,2017-04-18,NA,NA,TRUE,FALSE
BH40KWV5,Zane Levy,GTX Pro,Goodsilron,Lost,2017-04-18,2017-04-24,0,FALSE,TRUE
MMVHAEI3,Zane Levy,MG Advanced,Rantouch,Lost,2017-04-18,2017-04-25,0,FALSE,TRUE
PGRIPWHY,Zane Levy,GTX Plus Pro,Sonron,Won,2017-04-18,2017-04-25,5853,FALSE,TRUE
0VXUZU7P,Anna Snelling,MG Special,Scottech,Won,2017-04-19,2017-04-25,49,FALSE,TRUE
WGETO859,Boris Faz,GTX Basic,Unknown Account,Engaging,2017-04-19,NA,NA,TRUE,FALSE
7B21SGQ8,Boris Faz,GTX Plus Basic,Gekko & Co,Won,2017-04-19,2017-04-29,1080,FALSE,TRUE
I6TVFB6J,Cecily Lampkin,GTX Basic,Genco Pura Olive Oil Company,Lost,2017-04-19,2017-04-28,0,FALSE,TRUE
PHAFVDFO,Cecily Lampkin,MG Special,Konmatfix,Won,2017-04-19,2017-04-20,55,FALSE,TRUE
CTWSDG4U,Corliss Cosme,GTX Basic,Unknown Account,Engaging,2017-04-19,NA,NA,TRUE,FALSE
I6O855AE,Daniell Hammack,GTX Plus Basic,Acme Corporation,Won,2017-04-19,2017-05-22,1282,FALSE,TRUE
OUIK8VX3,Elease Gluck,GTK 500,Lexiqvolax,Won,2017-04-19,2017-04-20,23746,FALSE,TRUE
RYO875D0,Garret Kinder,GTX Basic,Massive Dynamic,Lost,2017-04-19,2017-04-28,0,FALSE,TRUE
0EYXI1UN,Hayden Neloms,MG Advanced,Unknown Account,Engaging,2017-04-19,NA,NA,TRUE,FALSE
O5S6WEM7,James Ascencio,GTX Basic,Doncon,Lost,2017-04-19,2017-05-01,0,FALSE,TRUE
DJ2FHO68,Kami Bicknell,GTX Basic,Golddex,Lost,2017-04-19,2017-08-16,0,FALSE,TRUE
5LHNRZD3,Lajuana Vencill,MG Advanced,Streethex,Lost,2017-04-19,2017-04-21,0,FALSE,TRUE
URIKPDOJ,Maureen Marcano,GTX Plus Basic,Cheers,Lost,2017-04-19,2017-04-27,0,FALSE,TRUE
U1J4YN0I,Niesha Huffines,GTX Basic,Cancity,Lost,2017-04-19,2017-04-21,0,FALSE,TRUE
QBUJF4I7,Reed Clapper,MG Special,Opentech,Lost,2017-04-19,2017-04-20,0,FALSE,TRUE
99QIJAAP,Reed Clapper,MG Special,Opentech,Won,2017-04-19,2017-04-27,61,FALSE,TRUE
K127AFNP,Rosalina Dieter,MG Special,J-Texon,Lost,2017-04-19,2017-04-30,0,FALSE,TRUE
4K7PRO1B,Rosalina Dieter,GTX Basic,Goodsilron,Won,2017-04-19,2017-04-28,600,FALSE,TRUE
XOVYPE58,Rosie Papadopoulos,GTX Pro,Betasoloin,Engaging,2017-04-19,NA,NA,FALSE,FALSE
AYB7DWUH,Rosie Papadopoulos,GTX Plus Pro,Opentech,Won,2017-04-19,2017-04-20,5805,FALSE,TRUE
6CKXLPAR,Versie Hillebrand,MG Special,Hottechi,Won,2017-04-19,2017-06-27,58,FALSE,TRUE
FQ2F717F,Versie Hillebrand,MG Special,Scottech,Won,2017-04-19,2017-08-03,52,FALSE,TRUE
2SBP68CP,Violet Mclelland,MG Special,Gekko & Co,Lost,2017-04-19,2017-04-21,0,FALSE,TRUE
S2MSQIXP,Zane Levy,GTX Basic,Hottechi,Engaging,2017-04-19,NA,NA,FALSE,FALSE
LPGOTIM2,Boris Faz,MG Special,Silis,Won,2017-04-20,2017-06-16,55,FALSE,TRUE
LW8485Y2,Cassey Cress,GTX Plus Basic,Acme Corporation,Won,2017-04-20,2017-08-10,1161,FALSE,TRUE
UKLAKXP2,Cassey Cress,GTX Pro,Plussunin,Won,2017-04-20,2017-04-25,5091,FALSE,TRUE
4LLWRSBJ,Cassey Cress,MG Special,Donquadtech,Won,2017-04-20,2017-04-22,59,FALSE,TRUE
YYJILFBU,Corliss Cosme,GTX Plus Pro,Plussunin,Lost,2017-04-20,2017-05-01,0,FALSE,TRUE
AWVSWBQV,Daniell Hammack,GTX Basic,Ontomedia,Lost,2017-04-20,2017-04-22,0,FALSE,TRUE
VORZHQ40,Darcel Schlecht,GTX Pro,Gogozoom,Lost,2017-04-20,2017-04-30,0,FALSE,TRUE
5QD09R7U,Darcel Schlecht,GTX Basic,Rundofase,Won,2017-04-20,2017-04-28,549,FALSE,TRUE
ETISD84I,Donn Cantrell,GTX Plus Basic,Zathunicon,Lost,2017-04-20,2017-04-24,0,FALSE,TRUE
K0T5LJ3E,Elease Gluck,GTK 500,Plexzap,Won,2017-04-20,2017-06-28,24949,FALSE,TRUE
D5YLWCFW,Gladys Colclough,GTX Plus Basic,Genco Pura Olive Oil Company,Lost,2017-04-20,2017-05-02,0,FALSE,TRUE
ZALE38AC,James Ascencio,GTX Pro,Newex,Lost,2017-04-20,2017-05-09,0,FALSE,TRUE
T7MVQ9SX,James Ascencio,GTX Plus Pro,Fasehatice,Won,2017-04-20,2017-05-02,4985,FALSE,TRUE
GTEFJL6U,Jonathan Berthelot,GTX Basic,Toughzap,Lost,2017-04-20,2017-04-22,0,FALSE,TRUE
D7MYDHMF,Jonathan Berthelot,GTX Basic,Conecom,Won,2017-04-20,2017-04-29,657,FALSE,TRUE
XAE858UJ,Jonathan Berthelot,GTX Basic,Streethex,Won,2017-04-20,2017-06-30,628,FALSE,TRUE
WTCU9X9M,Jonathan Berthelot,GTX Plus Basic,Conecom,Won,2017-04-20,2017-06-15,1183,FALSE,TRUE
0IF5FH68,Jonathan Berthelot,GTX Plus Pro,Domzoom,Won,2017-04-20,2017-08-03,5203,FALSE,TRUE
QUGPSHY8,Jonathan Berthelot,MG Special,Gogozoom,Won,2017-04-20,2017-04-27,56,FALSE,TRUE
C32E4E1D,Kami Bicknell,MG Special,Unknown Account,Engaging,2017-04-20,NA,NA,TRUE,FALSE
QNFO4GX8,Kami Bicknell,GTX Basic,Blackzim,Won,2017-04-20,2017-04-28,502,FALSE,TRUE
U2HYH97X,Kary Hendrixson,GTX Basic,Unknown Account,Engaging,2017-04-20,NA,NA,TRUE,FALSE
H1NFMTJ4,Kary Hendrixson,GTX Basic,Xx-holding,Won,2017-04-20,2017-06-25,527,FALSE,TRUE
AUJ21SKT,Markita Hansen,MG Special,Xx-holding,Lost,2017-04-20,2017-04-21,0,FALSE,TRUE
XIXNILOP,Marty Freudenburg,MG Special,Finhigh,Won,2017-04-20,2017-04-28,64,FALSE,TRUE
M645P7NW,Maureen Marcano,GTX Basic,Scotfind,Won,2017-04-20,2017-04-27,579,FALSE,TRUE
UPAGB68Z,Maureen Marcano,GTX Plus Pro,Lexiqvolax,Won,2017-04-20,2017-04-30,5958,FALSE,TRUE
7TCCYDR3,Maureen Marcano,GTX Pro,Scotfind,Won,2017-04-20,2017-05-27,4543,FALSE,TRUE
H5662N5X,Moses Frase,GTX Basic,Inity,Lost,2017-04-20,2017-04-22,0,FALSE,TRUE
07BT6PBZ,Moses Frase,MG Special,Treequote,Won,2017-04-20,2017-05-02,58,FALSE,TRUE
N7FJ13VQ,Reed Clapper,GTX Plus Basic,Plussunin,Lost,2017-04-20,2017-04-21,0,FALSE,TRUE
9UYDTR0R,Reed Clapper,GTX Plus Pro,Vehement Capital Partners,Lost,2017-04-20,2017-04-27,0,FALSE,TRUE
JOLRMB6X,Rosie Papadopoulos,GTX Plus Basic,Betasoloin,Won,2017-04-20,2017-06-24,1036,FALSE,TRUE
K8DHOJWM,Versie Hillebrand,GTX Plus Pro,Genco Pura Olive Oil Company,Won,2017-04-20,2017-04-27,4878,FALSE,TRUE
NKBIYNK5,Vicki Laflamme,GTX Basic,Faxquote,Lost,2017-04-20,2017-04-28,0,FALSE,TRUE
8MXI6J6N,Anna Snelling,GTX Plus Basic,Streethex,Lost,2017-04-21,2017-05-05,0,FALSE,TRUE
MRWHJE9P,Cassey Cress,GTX Plus Basic,Unknown Account,Engaging,2017-04-21,NA,NA,TRUE,FALSE
HRLYABOS,Cassey Cress,GTX Plus Basic,Bubba Gump,Won,2017-04-21,2017-08-21,1033,FALSE,TRUE
BTLXFPUB,Daniell Hammack,GTX Plus Pro,Zathunicon,Won,2017-04-21,2017-06-12,5343,FALSE,TRUE
W7GVZL28,Darcel Schlecht,GTX Plus Basic,Conecom,Lost,2017-04-21,2017-04-30,0,FALSE,TRUE
HK1JJKQL,Darcel Schlecht,GTX Pro,Stanredtax,Lost,2017-04-21,2017-04-27,0,FALSE,TRUE
D5TGHX3Y,Darcel Schlecht,GTX Pro,Stanredtax,Lost,2017-04-21,2017-08-10,0,FALSE,TRUE
HBXLK0B6,Darcel Schlecht,MG Advanced,Finhigh,Won,2017-04-21,2017-04-26,3269,FALSE,TRUE
PZ6TGFY6,Donn Cantrell,GTX Basic,Silis,Lost,2017-04-21,2017-05-07,0,FALSE,TRUE
ETADSAC3,Donn Cantrell,GTX Pro,Acme Corporation,Won,2017-04-21,2017-04-27,4605,FALSE,TRUE
8W206MO5,Garret Kinder,GTX Plus Pro,Mathtouch,Won,2017-04-21,2017-06-12,4908,FALSE,TRUE
Z9SY11HK,Hayden Neloms,MG Advanced,Labdrill,Won,2017-04-21,2017-04-30,3303,FALSE,TRUE
6YIW81M9,Jonathan Berthelot,MG Advanced,dambase,Lost,2017-04-21,2017-04-22,0,FALSE,TRUE
0XI051FP,Jonathan Berthelot,MG Advanced,Ron-tech,Lost,2017-04-21,2017-05-02,0,FALSE,TRUE
TBPGQYF8,Jonathan Berthelot,MG Special,Streethex,Won,2017-04-21,2017-04-22,55,FALSE,TRUE
7CC38V2J,Kami Bicknell,GTX Basic,Lexiqvolax,Won,2017-04-21,2017-06-29,531,FALSE,TRUE
PC2V729V,Kami Bicknell,GTX Basic,Newex,Won,2017-04-21,2017-05-04,557,FALSE,TRUE
7AOZ2F9R,Lajuana Vencill,GTX Basic,Hottechi,Won,2017-04-21,2017-06-12,489,FALSE,TRUE
7I7BZHHT,Marty Freudenburg,MG Advanced,Scottech,Lost,2017-04-21,2017-05-29,0,FALSE,TRUE
79DYTU8Y,Moses Frase,MG Special,Streethex,Won,2017-04-21,2017-05-06,60,FALSE,TRUE
V4HYSJS2,Reed Clapper,MG Advanced,Betasoloin,Won,2017-04-21,2017-06-04,2887,FALSE,TRUE
1L6M83Q5,Reed Clapper,MG Advanced,Donware,Won,2017-04-21,2017-05-02,3214,FALSE,TRUE
FVGRGJU8,Rosie Papadopoulos,MG Advanced,Betatech,Engaging,2017-04-21,NA,NA,FALSE,FALSE
POFA8BWL,Rosie Papadopoulos,MG Advanced,Acme Corporation,Won,2017-04-21,2017-04-23,3850,FALSE,TRUE
AKXBF6IQ,Versie Hillebrand,MG Special,Gogozoom,Won,2017-04-21,2017-06-09,54,FALSE,TRUE
Q6OUJCH5,Vicki Laflamme,GTX Pro,Unknown Account,Engaging,2017-04-21,NA,NA,TRUE,FALSE
VD94D677,Vicki Laflamme,MG Special,Groovestreet,Lost,2017-04-21,2017-04-29,0,FALSE,TRUE
EBUJQ571,Vicki Laflamme,GTX Pro,Plexzap,Won,2017-04-21,2017-08-12,5040,FALSE,TRUE
Z2M1XXEK,Wilburn Farren,GTX Plus Pro,Iselectrics,Won,2017-04-21,2017-04-22,6263,FALSE,TRUE
RBOI8DLQ,Zane Levy,GTX Pro,Scotfind,Lost,2017-04-21,2017-05-02,0,FALSE,TRUE
OI6UHCTN,Zane Levy,GTX Basic,Blackzim,Won,2017-04-21,2017-04-23,570,FALSE,TRUE
LTOKXFP1,Zane Levy,GTX Pro,Dalttechnology,Won,2017-04-21,2017-04-29,4633,FALSE,TRUE
JV6PZSN6,Boris Faz,GTX Plus Pro,Donquadtech,Lost,2017-04-22,2017-04-29,0,FALSE,TRUE
9EGAFG1B,Cassey Cress,GTX Pro,Kinnamplus,Lost,2017-04-22,2017-05-08,0,FALSE,TRUE
VPSJHIAA,Cassey Cress,GTX Pro,The New York Inquirer,Won,2017-04-22,2017-04-28,4891,FALSE,TRUE
MJF4D19K,Darcel Schlecht,GTX Plus Pro,Streethex,Won,2017-04-22,2017-04-29,5858,FALSE,TRUE
JR4WED6G,Darcel Schlecht,GTX Pro,Rundofase,Won,2017-04-22,2017-05-24,4939,FALSE,TRUE
GC4YH9D0,Jonathan Berthelot,GTX Basic,Inity,Won,2017-04-22,2017-08-12,570,FALSE,TRUE
2ZUL1AAV,Kary Hendrixson,MG Advanced,Fasehatice,Lost,2017-04-22,2017-04-29,0,FALSE,TRUE
8CUN8O4Z,Kary Hendrixson,GTX Basic,Y-corporation,Won,2017-04-22,2017-04-30,500,FALSE,TRUE
AMX2BM39,Kary Hendrixson,MG Advanced,Kan-code,Won,2017-04-22,2017-04-23,3546,FALSE,TRUE
FK3NS3EW,Markita Hansen,GTX Basic,Dalttechnology,Won,2017-04-22,2017-04-30,525,FALSE,TRUE
IIVP87B8,Maureen Marcano,MG Special,Unknown Account,Engaging,2017-04-22,NA,NA,TRUE,FALSE
3AB31BUU,Moses Frase,GTX Plus Basic,Conecom,Won,2017-04-22,2017-04-27,1024,FALSE,TRUE
ZQ7TYNUV,Niesha Huffines,GTX Plus Pro,Streethex,Won,2017-04-22,2017-04-30,6384,FALSE,TRUE
2PCPSBP9,Reed Clapper,GTX Basic,Acme Corporation,Lost,2017-04-22,2017-05-08,0,FALSE,TRUE
E223LSRZ,Reed Clapper,GTX Basic,Donware,Won,2017-04-22,2017-06-24,587,FALSE,TRUE
SW75F1Q1,Rosalina Dieter,MG Special,Labdrill,Won,2017-04-22,2017-04-28,55,FALSE,TRUE
0Z6MNUF2,Rosalina Dieter,MG Advanced,Y-corporation,Won,2017-04-22,2017-04-30,3242,FALSE,TRUE
HWD8ELR9,Versie Hillebrand,GTX Plus Pro,Zumgoity,Won,2017-04-22,2017-05-26,5558,FALSE,TRUE
XJI41C0L,Vicki Laflamme,GTX Pro,Singletechno,Won,2017-04-22,2017-04-28,4869,FALSE,TRUE
9FWCMMM3,Vicki Laflamme,MG Advanced,Hottechi,Won,2017-04-22,2017-04-29,3661,FALSE,TRUE
4QFATB6J,Violet Mclelland,GTX Basic,Unknown Account,Engaging,2017-04-22,NA,NA,TRUE,FALSE
61E7IHAY,Violet Mclelland,MG Special,Unknown Account,Engaging,2017-04-22,NA,NA,TRUE,FALSE
XPDLW6F0,Zane Levy,GTX Pro,Kan-code,Won,2017-04-22,2017-04-29,5456,FALSE,TRUE
NCL2AJUL,Anna Snelling,MG Special,Globex Corporation,Lost,2017-04-23,2017-08-26,0,FALSE,TRUE
1E2LYCWP,Boris Faz,GTX Pro,Plussunin,Lost,2017-04-23,2017-04-24,0,FALSE,TRUE
NZPZ87IX,Cassey Cress,GTX Basic,Ganjaflex,Lost,2017-04-23,2017-04-30,0,FALSE,TRUE
SDJDM8RI,Cassey Cress,MG Advanced,Umbrella Corporation,Lost,2017-04-23,2017-08-20,0,FALSE,TRUE
O64JQPJ2,Corliss Cosme,GTX Pro,Mathtouch,Lost,2017-04-23,2017-04-30,0,FALSE,TRUE
I18DIO6O,Corliss Cosme,GTX Plus Pro,Zotware,Won,2017-04-23,2017-04-24,5780,FALSE,TRUE
8W464DG6,Corliss Cosme,GTX Pro,Zencorporation,Won,2017-04-23,2017-04-30,5787,FALSE,TRUE
FI5OA7O6,Daniell Hammack,GTX Pro,Bioplex,Won,2017-04-23,2017-04-25,5149,FALSE,TRUE
AT6SDVJ5,Donn Cantrell,GTX Plus Basic,Ganjaflex,Lost,2017-04-23,2017-08-26,0,FALSE,TRUE
YDBPPU6J,Donn Cantrell,GTX Pro,Betasoloin,Won,2017-04-23,2017-06-03,5100,FALSE,TRUE
L6PCVRJS,Donn Cantrell,GTX Pro,Vehement Capital Partners,Won,2017-04-23,2017-04-30,4810,FALSE,TRUE
UO6R0X7G,Elease Gluck,MG Special,Goodsilron,Lost,2017-04-23,2017-05-04,0,FALSE,TRUE
PC38XXQN,Elease Gluck,MG Advanced,Blackzim,Lost,2017-04-23,2017-08-01,0,FALSE,TRUE
7EBT21IA,Gladys Colclough,GTX Basic,Betatech,Won,2017-04-23,2017-04-24,560,FALSE,TRUE
M7W3E298,Gladys Colclough,GTX Pro,Inity,Won,2017-04-23,2017-05-02,4916,FALSE,TRUE
KTC0RC8I,James Ascencio,MG Special,Unknown Account,Engaging,2017-04-23,NA,NA,TRUE,FALSE
MCRDLBIE,James Ascencio,MG Special,Newex,Won,2017-04-23,2017-06-11,45,FALSE,TRUE
JW4K9O5H,Kami Bicknell,GTX Plus Basic,Konex,Lost,2017-04-23,2017-04-25,0,FALSE,TRUE
FX54MQFC,Kami Bicknell,GTX Basic,Golddex,Won,2017-04-23,2017-04-24,592,FALSE,TRUE
A2C5O4EN,Kary Hendrixson,GTX Basic,Doncon,Won,2017-04-23,2017-04-29,529,FALSE,TRUE
79G6725X,Kary Hendrixson,GTX Pro,J-Texon,Won,2017-04-23,2017-04-26,5415,FALSE,TRUE
GM6C1UK3,Lajuana Vencill,GTX Plus Pro,Streethex,Lost,2017-04-23,2017-05-02,0,FALSE,TRUE
6VET70WX,Lajuana Vencill,GTX Basic,Bioholding,Won,2017-04-23,2017-06-15,518,FALSE,TRUE
UQO59R6N,Lajuana Vencill,MG Special,Warephase,Won,2017-04-23,2017-08-11,52,FALSE,TRUE
CY7C3ZPJ,Markita Hansen,MG Advanced,Unknown Account,Engaging,2017-04-23,NA,NA,TRUE,FALSE
HEOTZFII,Markita Hansen,MG Special,Labdrill,Lost,2017-04-23,2017-04-24,0,FALSE,TRUE
8V4PEF5D,Moses Frase,MG Special,Funholding,Won,2017-04-23,2017-06-25,51,FALSE,TRUE
7RJMI3GC,Niesha Huffines,GTX Basic,Genco Pura Olive Oil Company,Won,2017-04-23,2017-04-24,554,FALSE,TRUE
2ZEFCKS3,Niesha Huffines,GTX Pro,Rundofase,Won,2017-04-23,2017-09-01,4835,FALSE,TRUE
3EGE42CM,Reed Clapper,MG Advanced,Ontomedia,Lost,2017-04-23,2017-04-24,0,FALSE,TRUE
M9GP930T,Rosalina Dieter,MG Special,Unknown Account,Engaging,2017-04-23,NA,NA,TRUE,FALSE
APWT2PFU,Rosalina Dieter,MG Special,Blackzim,Won,2017-04-23,2017-04-30,59,FALSE,TRUE
SUT0ZGFM,Rosie Papadopoulos,MG Advanced,Initech,Lost,2017-04-23,2017-05-06,0,FALSE,TRUE
PTCP8RP4,Versie Hillebrand,MG Special,Zumgoity,Lost,2017-04-23,2017-05-05,0,FALSE,TRUE
QRFKRSKS,Versie Hillebrand,MG Advanced,Dontechi,Lost,2017-04-23,2017-08-06,0,FALSE,TRUE
J82TWNI7,Vicki Laflamme,GTX Pro,Plexzap,Lost,2017-04-23,2017-08-13,0,FALSE,TRUE
DSIX9DGZ,Vicki Laflamme,MG Special,Newex,Lost,2017-04-23,2017-04-30,0,FALSE,TRUE
64WCPKZ1,Violet Mclelland,GTX Plus Pro,Xx-zobam,Won,2017-04-23,2017-05-08,5813,FALSE,TRUE
D3G7ER0D,Wilburn Farren,GTX Pro,Opentech,Won,2017-04-23,2017-05-01,5414,FALSE,TRUE
LITG1BL1,Zane Levy,GTX Plus Pro,Xx-holding,Lost,2017-04-23,2017-04-28,0,FALSE,TRUE
7FKONHLX,Anna Snelling,MG Special,Ron-tech,Won,2017-04-24,2017-04-25,62,FALSE,TRUE
NMY6FA6X,Corliss Cosme,MG Advanced,Unknown Account,Engaging,2017-04-24,NA,NA,TRUE,FALSE
S439SXI1,Corliss Cosme,GTX Pro,Plussunin,Won,2017-04-24,2017-08-04,4505,FALSE,TRUE
SG1T9M5F,Darcel Schlecht,GTX Pro,Isdom,Lost,2017-04-24,2017-04-30,0,FALSE,TRUE
SLP4PTFK,Darcel Schlecht,GTX Plus Basic,Konmatfix,Won,2017-04-24,2017-05-06,1020,FALSE,TRUE
X3S5O9LJ,Darcel Schlecht,GTX Plus Pro,Domzoom,Won,2017-04-24,2017-04-29,5029,FALSE,TRUE
ZA6AJ0N1,Darcel Schlecht,GTX Pro,Scottech,Won,2017-04-24,2017-08-15,5191,FALSE,TRUE
QGBMWIO6,Garret Kinder,GTX Basic,Zotware,Lost,2017-04-24,2017-05-06,0,FALSE,TRUE
T361XRAQ,Gladys Colclough,GTX Pro,Dontechi,Lost,2017-04-24,2017-05-03,0,FALSE,TRUE
NUQPJV8A,Hayden Neloms,MG Advanced,Unknown Account,Engaging,2017-04-24,NA,NA,TRUE,FALSE
GWRN1R49,James Ascencio,MG Advanced,Scotfind,Won,2017-04-24,2017-05-05,3042,FALSE,TRUE
Q0KYIEKA,Jonathan Berthelot,GTX Basic,Globex Corporation,Won,2017-04-24,2017-04-26,580,FALSE,TRUE
VY4IVO2W,Kami Bicknell,GTX Plus Basic,Unknown Account,Engaging,2017-04-24,NA,NA,TRUE,FALSE
2K7R3QHZ,Kary Hendrixson,GTX Basic,Nam-zim,Won,2017-04-24,2017-09-03,616,FALSE,TRUE
WUWOHRX2,Markita Hansen,GTX Plus Basic,J-Texon,Won,2017-04-24,2017-04-29,788,FALSE,TRUE
2OPR77CI,Maureen Marcano,GTX Basic,Kan-code,Lost,2017-04-24,2017-04-26,0,FALSE,TRUE
EO481IOJ,Reed Clapper,GTX Pro,Vehement Capital Partners,Won,2017-04-24,2017-04-25,4980,FALSE,TRUE
INKH0Y59,Vicki Laflamme,MG Special,Unknown Account,Engaging,2017-04-24,NA,NA,TRUE,FALSE
OSMGVV1S,Vicki Laflamme,MG Special,Unknown Account,Engaging,2017-04-24,NA,NA,TRUE,FALSE
1VIKWVHD,Vicki Laflamme,GTX Basic,Green-Plus,Lost,2017-04-24,2017-08-10,0,FALSE,TRUE
UOXKC4UG,Violet Mclelland,MG Advanced,Bioplex,Won,2017-04-24,2017-08-04,2981,FALSE,TRUE
RDF2R9F8,Zane Levy,GTX Basic,Finjob,Lost,2017-04-24,2017-04-30,0,FALSE,TRUE
196BHHOS,Zane Levy,GTX Plus Pro,Green-Plus,Lost,2017-04-24,2017-04-27,0,FALSE,TRUE
BDUNPUWY,Boris Faz,GTX Plus Basic,Unknown Account,Engaging,2017-04-25,NA,NA,TRUE,FALSE
EYZ1MNSS,Boris Faz,GTX Basic,Zencorporation,Won,2017-04-25,2017-04-27,560,FALSE,TRUE
HDALWEHF,Cassey Cress,GTX Pro,Unknown Account,Engaging,2017-04-25,NA,NA,TRUE,FALSE
KFVI73X6,Cassey Cress,MG Advanced,Donquadtech,Won,2017-04-25,2017-05-10,3844,FALSE,TRUE
88R4UBAN,Corliss Cosme,GTX Basic,Bluth Company,Won,2017-04-25,2017-05-06,562,FALSE,TRUE
08EX3XKE,Daniell Hammack,MG Special,The New York Inquirer,Won,2017-04-25,2017-05-01,51,FALSE,TRUE
4DK84UMX,Darcel Schlecht,GTX Plus Basic,Finhigh,Won,2017-04-25,2017-06-20,984,FALSE,TRUE
735GFCU0,Darcel Schlecht,GTX Pro,Gogozoom,Won,2017-04-25,2017-06-07,4923,FALSE,TRUE
OTJR9SSK,Hayden Neloms,GTX Plus Basic,Unknown Account,Engaging,2017-04-25,NA,NA,TRUE,FALSE
2L8LJJRJ,James Ascencio,GTX Basic,Faxquote,Lost,2017-04-25,2017-08-03,0,FALSE,TRUE
2EO70V27,Kary Hendrixson,GTX Pro,Sunnamplex,Lost,2017-04-25,2017-04-27,0,FALSE,TRUE
7KU6B599,Lajuana Vencill,GTX Basic,Hottechi,Lost,2017-04-25,2017-08-16,0,FALSE,TRUE
PNBSQPBR,Marty Freudenburg,MG Advanced,Konmatfix,Lost,2017-04-25,2017-05-02,0,FALSE,TRUE
GQ2W1DXM,Maureen Marcano,GTX Pro,Unknown Account,Engaging,2017-04-25,NA,NA,TRUE,FALSE
S87Y1DOY,Maureen Marcano,GTX Plus Basic,Y-corporation,Won,2017-04-25,2017-04-26,1113,FALSE,TRUE
EUE812O3,Niesha Huffines,GTX Plus Pro,Treequote,Won,2017-04-25,2017-05-11,6039,FALSE,TRUE
OBE9NAIO,Reed Clapper,GTX Basic,Massive Dynamic,Won,2017-04-25,2017-06-04,538,FALSE,TRUE
7CTCDP9S,Versie Hillebrand,MG Advanced,Globex Corporation,Lost,2017-04-25,2017-04-27,0,FALSE,TRUE
XE84LNAS,Vicki Laflamme,GTX Pro,Groovestreet,Won,2017-04-25,2017-05-22,4364,FALSE,TRUE
CEEJ2EN5,Violet Mclelland,GTX Plus Basic,Unknown Account,Engaging,2017-04-25,NA,NA,TRUE,FALSE
JNEQWZQK,Wilburn Farren,GTX Basic,Unknown Account,Engaging,2017-04-25,NA,NA,TRUE,FALSE
QRW4NKCY,Zane Levy,GTX Basic,Labdrill,Lost,2017-04-25,2017-08-07,0,FALSE,TRUE
RD0L0NJG,Zane Levy,GTX Basic,Rantouch,Won,2017-04-25,2017-04-27,464,FALSE,TRUE
PEPOKEFV,Anna Snelling,GTX Plus Basic,Cancity,Lost,2017-04-26,2017-08-01,0,FALSE,TRUE
M16WB7N8,Anna Snelling,GTX Plus Pro,Warephase,Lost,2017-04-26,2017-08-01,0,FALSE,TRUE
JHVY8I1M,Anna Snelling,GTX Plus Basic,Hottechi,Won,2017-04-26,2017-06-30,1073,FALSE,TRUE
E59MLGMH,Boris Faz,GTX Basic,Umbrella Corporation,Lost,2017-04-26,2017-04-28,0,FALSE,TRUE
VGIIK8MS,Boris Faz,GTX Plus Basic,Donware,Lost,2017-04-26,2017-05-01,0,FALSE,TRUE
BTM58SCH,Cassey Cress,GTX Pro,Massive Dynamic,Lost,2017-04-26,2017-08-09,0,FALSE,TRUE
RXAQJKSL,Corliss Cosme,GTX Plus Pro,Unknown Account,Engaging,2017-04-26,NA,NA,TRUE,FALSE
HVVED5ZC,Corliss Cosme,MG Special,Donware,Lost,2017-04-26,2017-08-04,0,FALSE,TRUE
IGRY0M4Q,Daniell Hammack,MG Advanced,Unknown Account,Engaging,2017-04-26,NA,NA,TRUE,FALSE
HE5988NI,Darcel Schlecht,GTX Plus Basic,Globex Corporation,Lost,2017-04-26,2017-08-09,0,FALSE,TRUE
N5QER189,Darcel Schlecht,GTX Plus Basic,Rundofase,Won,2017-04-26,2017-05-11,1055,FALSE,TRUE
AEMTQ0GH,Elease Gluck,MG Special,Faxquote,Won,2017-04-26,2017-04-28,43,FALSE,TRUE
3KSHTB4P,James Ascencio,GTX Basic,Hottechi,Lost,2017-04-26,2017-05-04,0,FALSE,TRUE
XPJQBSLV,James Ascencio,MG Special,Golddex,Won,2017-04-26,2017-04-28,49,FALSE,TRUE
ZZI8GUEM,Kami Bicknell,GTX Plus Basic,Nam-zim,Lost,2017-04-26,2017-04-28,0,FALSE,TRUE
HBWY3B48,Kami Bicknell,GTX Pro,Y-corporation,Lost,2017-04-26,2017-04-28,0,FALSE,TRUE
ZBAMKTFX,Kary Hendrixson,GTX Pro,Labdrill,Won,2017-04-26,2017-08-08,4901,FALSE,TRUE
SICU0A7Z,Lajuana Vencill,GTX Basic,Stanredtax,Won,2017-04-26,2017-04-27,517,FALSE,TRUE
H7GBGRSO,Marty Freudenburg,GTX Plus Basic,Funholding,Won,2017-04-26,2017-06-13,1105,FALSE,TRUE
RLAGB32O,Maureen Marcano,GTX Basic,Nam-zim,Won,2017-04-26,2017-05-10,556,FALSE,TRUE
NYLCZ28K,Moses Frase,MG Advanced,Treequote,Won,2017-04-26,2017-08-16,3025,FALSE,TRUE
3LO8XJBY,Niesha Huffines,MG Special,Condax,Won,2017-04-26,2017-06-05,54,FALSE,TRUE
YMMQA65I,Rosalina Dieter,MG Special,Condax,Won,2017-04-26,2017-04-28,53,FALSE,TRUE
I8A539VV,Vicki Laflamme,GTX Pro,Newex,Won,2017-04-26,2017-04-27,4735,FALSE,TRUE
9HYMQL4I,Zane Levy,GTX Basic,Unknown Account,Engaging,2017-04-26,NA,NA,TRUE,FALSE
DJF1XMC4,Boris Faz,GTX Basic,Konex,Won,2017-04-27,2017-04-29,584,FALSE,TRUE
NCDZRUZD,Cassey Cress,GTX Pro,Umbrella Corporation,Lost,2017-04-27,2017-05-12,0,FALSE,TRUE
0KEO3OP7,Daniell Hammack,GTX Plus Pro,Unknown Account,Engaging,2017-04-27,NA,NA,TRUE,FALSE
UXNB9OIB,Daniell Hammack,GTX Pro,Konex,Won,2017-04-27,2017-04-28,5676,FALSE,TRUE
XWW6KUG0,Darcel Schlecht,GTX Basic,Konmatfix,Lost,2017-04-27,2017-04-29,0,FALSE,TRUE
ZXUNLSOB,Darcel Schlecht,GTX Pro,Scottech,Lost,2017-04-27,2017-04-29,0,FALSE,TRUE
MZILPLUE,Darcel Schlecht,GTX Pro,Finhigh,Won,2017-04-27,2017-05-06,4727,FALSE,TRUE
MUYUSTKF,Garret Kinder,GTX Plus Pro,Gekko & Co,Lost,2017-04-27,2017-08-11,0,FALSE,TRUE
7QIU2BCK,Gladys Colclough,GTX Plus Basic,dambase,Won,2017-04-27,2017-08-01,821,FALSE,TRUE
F749HRQ5,James Ascencio,GTX Plus Basic,Golddex,Lost,2017-04-27,2017-05-17,0,FALSE,TRUE
5ICV1IBY,Lajuana Vencill,GTX Plus Basic,Dontechi,Won,2017-04-27,2017-08-07,999,FALSE,TRUE
H1O491SG,Lajuana Vencill,MG Special,dambase,Won,2017-04-27,2017-08-05,54,FALSE,TRUE
ODIX25WY,Marty Freudenburg,GTX Basic,Conecom,Lost,2017-04-27,2017-08-06,0,FALSE,TRUE
IRBQH4FY,Niesha Huffines,MG Advanced,Gogozoom,Won,2017-04-27,2017-05-10,3397,FALSE,TRUE
ZKVVWZ8T,Rosie Papadopoulos,GTX Basic,Silis,Won,2017-04-27,2017-05-15,574,FALSE,TRUE
ZTT02VDQ,Versie Hillebrand,MG Special,Inity,Lost,2017-04-27,2017-05-09,0,FALSE,TRUE
SAGXC5PF,Versie Hillebrand,MG Special,Gogozoom,Won,2017-04-27,2017-08-15,59,FALSE,TRUE
J5QLUH5O,Versie Hillebrand,MG Special,Treequote,Won,2017-04-27,2017-04-29,60,FALSE,TRUE
GIIKA5B9,Vicki Laflamme,GTX Basic,Lexiqvolax,Lost,2017-04-27,2017-04-29,0,FALSE,TRUE
WX8KQPCM,Vicki Laflamme,GTX Basic,Zoomit,Won,2017-04-27,2017-05-15,573,FALSE,TRUE
0CSJCW8I,Vicki Laflamme,GTX Pro,Finjob,Won,2017-04-27,2017-05-17,4406,FALSE,TRUE
0WRMY7IX,Violet Mclelland,GTX Plus Basic,Plussunin,Won,2017-04-27,2017-04-28,1146,FALSE,TRUE
7882RJGY,Wilburn Farren,MG Special,Unknown Account,Engaging,2017-04-27,NA,NA,TRUE,FALSE
N6185PK0,Wilburn Farren,GTX Basic,Kinnamplus,Won,2017-04-27,2017-05-13,525,FALSE,TRUE
FQ4QOS8U,Anna Snelling,GTX Basic,Dontechi,Lost,2017-04-28,2017-04-29,0,FALSE,TRUE
XW9U35NQ,Anna Snelling,GTX Plus Basic,Scottech,Lost,2017-04-28,2017-09-06,0,FALSE,TRUE
066V2ZGP,Anna Snelling,MG Advanced,Rangreen,Won,2017-04-28,2017-08-14,3334,FALSE,TRUE
YUH42UOF,Cassey Cress,GTX Basic,Initech,Lost,2017-04-28,2017-05-12,0,FALSE,TRUE
XZF4GG94,Daniell Hammack,GTX Plus Basic,Donquadtech,Lost,2017-04-28,2017-04-30,0,FALSE,TRUE
QAKLPDKQ,Donn Cantrell,GTX Pro,Ganjaflex,Lost,2017-04-28,2017-04-29,0,FALSE,TRUE
731TOWDY,Elease Gluck,GTK 500,Labdrill,Won,2017-04-28,2017-06-18,27385,FALSE,TRUE
KOI7M0RU,Jonathan Berthelot,GTX Basic,Konmatfix,Lost,2017-04-28,2017-08-15,0,FALSE,TRUE
HHDQ9EW4,Kami Bicknell,GTX Basic,Inity,Engaging,2017-04-28,NA,NA,FALSE,FALSE
KXY0TY2K,Markita Hansen,GTX Plus Basic,Lexiqvolax,Lost,2017-04-28,2017-04-29,0,FALSE,TRUE
UNSJJUY4,Moses Frase,GTX Basic,Warephase,Won,2017-04-28,2017-08-14,599,FALSE,TRUE
XNO6DQPU,Rosie Papadopoulos,MG Special,Mathtouch,Won,2017-04-28,2017-05-03,64,FALSE,TRUE
VMIAO42Z,Vicki Laflamme,GTX Plus Pro,Donquadtech,Engaging,2017-04-28,NA,NA,FALSE,FALSE
A2HLNPEL,Vicki Laflamme,GTX Pro,Scotfind,Lost,2017-04-28,2017-05-06,0,FALSE,TRUE
NENHRB3K,Vicki Laflamme,MG Advanced,Lexiqvolax,Lost,2017-04-28,2017-05-14,0,FALSE,TRUE
PE3CL3ME,Violet Mclelland,MG Special,Kinnamplus,Lost,2017-04-28,2017-06-10,0,FALSE,TRUE
IE6TPFU9,Anna Snelling,GTX Plus Basic,Scottech,Won,2017-04-29,2017-05-15,918,FALSE,TRUE
VP8ERXPR,Cassey Cress,MG Special,Unknown Account,Engaging,2017-04-29,NA,NA,TRUE,FALSE
WWTJ5PNC,Daniell Hammack,MG Special,Bubba Gump,Won,2017-04-29,2017-05-04,60,FALSE,TRUE
DH9CHQ02,Donn Cantrell,GTX Pro,Ontomedia,Lost,2017-04-29,2017-05-10,0,FALSE,TRUE
S2ZN5NLA,Donn Cantrell,GTX Basic,Gekko & Co,Won,2017-04-29,2017-05-06,519,FALSE,TRUE
UEZOR630,Elease Gluck,GTX Basic,Unknown Account,Engaging,2017-04-29,NA,NA,TRUE,FALSE
R9U1QNHQ,Hayden Neloms,MG Special,Betasoloin,Engaging,2017-04-29,NA,NA,FALSE,FALSE
NEM0GXXH,James Ascencio,GTX Plus Pro,Scotfind,Won,2017-04-29,2017-05-04,4956,FALSE,TRUE
5CZBHSRI,Kary Hendrixson,MG Advanced,Toughzap,Engaging,2017-04-29,NA,NA,FALSE,FALSE
E8LO9APO,Lajuana Vencill,GTX Basic,Treequote,Lost,2017-04-29,2017-05-17,0,FALSE,TRUE
EQZGV36H,Lajuana Vencill,GTX Plus Pro,Rangreen,Won,2017-04-29,2017-08-08,5913,FALSE,TRUE
DYNHHN6P,Maureen Marcano,GTX Pro,Massive Dynamic,Engaging,2017-04-29,NA,NA,FALSE,FALSE
FZ1TTF0X,Moses Frase,GTX Basic,Bioholding,Lost,2017-04-29,2017-05-31,0,FALSE,TRUE
DG6RIZ6R,Rosalina Dieter,GTX Plus Basic,Groovestreet,Won,2017-04-29,2017-08-21,1210,FALSE,TRUE
DH6L7VA6,Vicki Laflamme,MG Advanced,Labdrill,Lost,2017-04-29,2017-04-30,0,FALSE,TRUE
ZH14SZPT,Violet Mclelland,GTX Plus Basic,Unknown Account,Engaging,2017-04-29,NA,NA,TRUE,FALSE
9SBO74M5,Cecily Lampkin,MG Advanced,Genco Pura Olive Oil Company,Won,2017-04-30,2017-08-10,3139,FALSE,TRUE
WHHVN372,Corliss Cosme,GTX Basic,Initech,Won,2017-04-30,2017-08-11,527,FALSE,TRUE
Q2CLAKLM,Daniell Hammack,GTX Plus Pro,Unknown Account,Engaging,2017-04-30,NA,NA,TRUE,FALSE
PJKAJVUG,Darcel Schlecht,GTX Basic,Dontechi,Lost,2017-04-30,2017-05-04,0,FALSE,TRUE
FWTNRN0L,Hayden Neloms,GTX Plus Pro,Labdrill,Won,2017-04-30,2017-08-12,5408,FALSE,TRUE
TTNORNQI,Hayden Neloms,MG Special,Groovestreet,Won,2017-04-30,2017-08-12,62,FALSE,TRUE
BGQ2F0HA,Jonathan Berthelot,GTX Basic,Domzoom,Won,2017-04-30,2017-05-13,586,FALSE,TRUE
CY33L07I,Kami Bicknell,GTX Pro,Nam-zim,Lost,2017-04-30,2017-05-01,0,FALSE,TRUE
JGXLR3H3,Kary Hendrixson,GTX Basic,Lexiqvolax,Won,2017-04-30,2017-08-06,532,FALSE,TRUE
ZNFFFJ1T,Kary Hendrixson,GTX Basic,Newex,Won,2017-04-30,2017-08-13,585,FALSE,TRUE
T5JO33V3,Lajuana Vencill,GTX Basic,Ron-tech,Won,2017-04-30,2017-08-11,583,FALSE,TRUE
V7Y78MPU,Marty Freudenburg,GTX Basic,Rangreen,Won,2017-04-30,2017-09-02,433,FALSE,TRUE
CNO8JPLA,Niesha Huffines,GTX Basic,Condax,Won,2017-04-30,2017-05-06,557,FALSE,TRUE
Y5OTY9O5,Reed Clapper,GTX Pro,Opentech,Won,2017-04-30,2017-05-09,4704,FALSE,TRUE
OTLQMB5X,Rosalina Dieter,GTX Basic,Unknown Account,Engaging,2017-04-30,NA,NA,TRUE,FALSE
I81SUA2R,Rosie Papadopoulos,GTX Pro,Plussunin,Won,2017-04-30,2017-08-12,5182,FALSE,TRUE
2UHH7PD3,Zane Levy,GTX Pro,Lexiqvolax,Won,2017-04-30,2017-05-13,5311,FALSE,TRUE
AZZEZKBN,Anna Snelling,GTX Plus Pro,Condax,Lost,2017-05-01,2017-05-18,0,FALSE,TRUE
443ATESI,Anna Snelling,MG Special,Globex Corporation,Won,2017-05-01,2017-08-28,64,FALSE,TRUE
OIO2H2MY,Boris Faz,GTX Plus Pro,Unknown Account,Engaging,2017-05-01,NA,NA,TRUE,FALSE
7DT8UKKY,Corliss Cosme,GTX Basic,Zencorporation,Engaging,2017-05-01,NA,NA,FALSE,FALSE
4UN65HWV,Darcel Schlecht,GTX Plus Basic,Warephase,Won,2017-05-01,2017-08-23,878,FALSE,TRUE
E5NRH4BP,Darcel Schlecht,MG Special,Genco Pura Olive Oil Company,Won,2017-05-01,2017-05-02,59,FALSE,TRUE
NK438B9U,Donn Cantrell,GTX Basic,Zotware,Lost,2017-05-01,2017-05-20,0,FALSE,TRUE
KCTYAQOR,Gladys Colclough,GTX Pro,Streethex,Lost,2017-05-01,2017-08-07,0,FALSE,TRUE
OLGT0VHP,James Ascencio,GTX Plus Pro,Statholdings,Engaging,2017-05-01,NA,NA,FALSE,FALSE
RCNTHN0E,James Ascencio,MG Special,Singletechno,Won,2017-05-01,2017-08-20,65,FALSE,TRUE
ZIFDD41D,Jonathan Berthelot,GTX Basic,Hottechi,Won,2017-05-01,2017-08-11,543,FALSE,TRUE
I92EJ805,Kami Bicknell,GTX Basic,Bluth Company,Engaging,2017-05-01,NA,NA,FALSE,FALSE
5WHMLQDK,Kary Hendrixson,GTX Pro,Unknown Account,Engaging,2017-05-01,NA,NA,TRUE,FALSE
A5BVV5P8,Kary Hendrixson,GTX Basic,Scotfind,Lost,2017-05-01,2017-06-12,0,FALSE,TRUE
QP006VDE,Markita Hansen,MG Advanced,Domzoom,Engaging,2017-05-01,NA,NA,FALSE,FALSE
R1K16RZO,Maureen Marcano,GTX Plus Pro,Unknown Account,Engaging,2017-05-01,NA,NA,TRUE,FALSE
JQNSK78U,Moses Frase,GTX Plus Pro,Condax,Lost,2017-05-01,2017-05-10,0,FALSE,TRUE
C3OOZUTI,Moses Frase,GTX Plus Pro,Warephase,Lost,2017-05-01,2017-05-07,0,FALSE,TRUE
FI0I7E73,Moses Frase,MG Advanced,Ron-tech,Won,2017-05-01,2017-05-08,3971,FALSE,TRUE
523458T9,Niesha Huffines,GTX Basic,Scottech,Won,2017-05-01,2017-05-16,554,FALSE,TRUE
UYQJ2A1O,Vicki Laflamme,GTX Plus Pro,Unknown Account,Engaging,2017-05-01,NA,NA,TRUE,FALSE
7FY0HBH7,Vicki Laflamme,MG Advanced,Cheers,Lost,2017-05-01,2017-06-26,0,FALSE,TRUE
GAIFPSU2,Vicki Laflamme,GTX Plus Basic,Fasehatice,Won,2017-05-01,2017-06-16,1273,FALSE,TRUE
UIX6X6R3,Zane Levy,MG Advanced,Umbrella Corporation,Engaging,2017-05-01,NA,NA,FALSE,FALSE
GBSK2HX8,Anna Snelling,GTX Plus Basic,Conecom,Won,2017-05-02,2017-05-11,1300,FALSE,TRUE
60NIT1PM,Boris Faz,GTX Plus Basic,Unknown Account,Engaging,2017-05-02,NA,NA,TRUE,FALSE
44Y3J17P,Boris Faz,GTX Plus Basic,Unknown Account,Engaging,2017-05-02,NA,NA,TRUE,FALSE
59FN87JP,Boris Faz,GTX Plus Pro,Mathtouch,Lost,2017-05-02,2017-05-21,0,FALSE,TRUE
OJ92D9QU,Elease Gluck,MG Special,Condax,Lost,2017-05-02,2017-08-14,0,FALSE,TRUE
GYKFAK7W,Hayden Neloms,MG Advanced,Sonron,Won,2017-05-02,2017-05-10,3527,FALSE,TRUE
GXBV5VYA,Jonathan Berthelot,GTX Basic,Rundofase,Won,2017-05-02,2017-05-06,526,FALSE,TRUE
VXWUALY5,Kami Bicknell,MG Special,Condax,Lost,2017-05-02,2017-06-10,0,FALSE,TRUE
IUDG3PF0,Lajuana Vencill,GTX Basic,Isdom,Lost,2017-05-02,2017-08-07,0,FALSE,TRUE
DNUTJO70,Markita Hansen,GTX Basic,Hottechi,Won,2017-05-02,2017-06-22,569,FALSE,TRUE
I631R5DT,Maureen Marcano,GTX Plus Pro,Scotfind,Won,2017-05-02,2017-05-14,6310,FALSE,TRUE
V9XJAZPC,Moses Frase,MG Advanced,Globex Corporation,Lost,2017-05-02,2017-05-10,0,FALSE,TRUE
OJPTGB57,Reed Clapper,GTX Plus Basic,Konex,Won,2017-05-02,2017-05-17,1135,FALSE,TRUE
J9OP2A5I,Rosalina Dieter,MG Special,Unknown Account,Engaging,2017-05-02,NA,NA,TRUE,FALSE
QYTGB5LA,Versie Hillebrand,GTX Plus Pro,dambase,Won,2017-05-02,2017-08-19,5145,FALSE,TRUE
UCNEMT8P,Versie Hillebrand,MG Special,Cancity,Won,2017-05-02,2017-08-09,54,FALSE,TRUE
7DDJHUWU,Vicki Laflamme,GTX Pro,Scotfind,Lost,2017-05-02,2017-05-17,0,FALSE,TRUE
8WB5HXOB,Zane Levy,GTX Plus Pro,Unknown Account,Engaging,2017-05-02,NA,NA,TRUE,FALSE
KOFE244J,Anna Snelling,MG Special,Codehow,Won,2017-05-03,2017-08-01,53,FALSE,TRUE
D3JR6WFQ,Boris Faz,GTX Basic,Umbrella Corporation,Won,2017-05-03,2017-05-13,511,FALSE,TRUE
OJMME9V9,Boris Faz,GTX Plus Pro,Konex,Won,2017-05-03,2017-08-25,5747,FALSE,TRUE
4ZX1WPS7,Cassey Cress,GTX Pro,Inity,Engaging,2017-05-03,NA,NA,FALSE,FALSE
79IN4OVP,Cassey Cress,GTX Basic,Acme Corporation,Lost,2017-05-03,2017-08-01,0,FALSE,TRUE
2NPSMBLK,Darcel Schlecht,GTX Pro,Codehow,Lost,2017-05-03,2017-08-08,0,FALSE,TRUE
NLKPA1KP,Darcel Schlecht,GTX Basic,Inity,Won,2017-05-03,2017-08-11,596,FALSE,TRUE
38EYB40T,Jonathan Berthelot,MG Special,Conecom,Won,2017-05-03,2017-05-14,60,FALSE,TRUE
3FZVCDW0,Kami Bicknell,GTX Pro,Finjob,Won,2017-05-03,2017-05-04,4372,FALSE,TRUE
2NTWE1G4,Kary Hendrixson,GTX Pro,Xx-holding,Won,2017-05-03,2017-05-08,4604,FALSE,TRUE
86C26QSR,Markita Hansen,GTX Plus Pro,Unknown Account,Engaging,2017-05-03,NA,NA,TRUE,FALSE
SHGSBZU8,Markita Hansen,MG Advanced,Goodsilron,Lost,2017-05-03,2017-05-13,0,FALSE,TRUE
AETY0W6G,Reed Clapper,GTX Pro,Betasoloin,Won,2017-05-03,2017-05-08,4859,FALSE,TRUE
A7F5O29R,Vicki Laflamme,MG Advanced,Zoomit,Won,2017-05-03,2017-08-03,3718,FALSE,TRUE
LR45YFE4,Violet Mclelland,MG Special,Groovestreet,Engaging,2017-05-03,NA,NA,FALSE,FALSE
MIYAP26S,Violet Mclelland,MG Advanced,Sumace,Lost,2017-05-03,2017-05-19,0,FALSE,TRUE
IEZCZAKT,Zane Levy,GTX Basic,Hottechi,Won,2017-05-03,2017-05-30,493,FALSE,TRUE
PDMWTS8O,Anna Snelling,MG Special,Domzoom,Won,2017-05-04,2017-06-04,54,FALSE,TRUE
OPEICJES,Anna Snelling,MG Special,Konmatfix,Won,2017-05-04,2017-06-09,52,FALSE,TRUE
10UN7LA8,Anna Snelling,MG Advanced,Rangreen,Won,2017-05-04,2017-06-23,3813,FALSE,TRUE
C2W2VHJY,Daniell Hammack,GTX Pro,Vehement Capital Partners,Lost,2017-05-04,2017-08-04,0,FALSE,TRUE
Z032GGRE,Darcel Schlecht,GTX Pro,Dontechi,Won,2017-05-04,2017-08-12,4935,FALSE,TRUE
I8WTUMTA,Darcel Schlecht,MG Advanced,Codehow,Won,2017-05-04,2017-08-17,3560,FALSE,TRUE
P05J08B4,Jonathan Berthelot,GTX Pro,Betatech,Lost,2017-05-04,2017-05-20,0,FALSE,TRUE
GVCMT0GZ,Jonathan Berthelot,GTX Pro,Statholdings,Lost,2017-05-04,2017-08-25,0,FALSE,TRUE
58SGEGN8,Lajuana Vencill,GTX Basic,Ron-tech,Lost,2017-05-04,2017-05-10,0,FALSE,TRUE
LZLXBQ0I,Lajuana Vencill,GTX Plus Basic,Betatech,Lost,2017-05-04,2017-08-20,0,FALSE,TRUE
1L2S3CMT,Lajuana Vencill,MG Advanced,Zumgoity,Lost,2017-05-04,2017-08-27,0,FALSE,TRUE
CE852VBF,Niesha Huffines,GTX Plus Basic,Stanredtax,Lost,2017-05-04,2017-08-25,0,FALSE,TRUE
KTX7ETCE,Niesha Huffines,GTX Basic,Genco Pura Olive Oil Company,Won,2017-05-04,2017-08-05,528,FALSE,TRUE
JEPAVEO7,Niesha Huffines,GTX Plus Basic,Stanredtax,Won,2017-05-04,2017-06-20,1188,FALSE,TRUE
4T9CQH5J,Reed Clapper,GTX Plus Pro,Xx-zobam,Lost,2017-05-04,2017-09-15,0,FALSE,TRUE
51T70SQX,Versie Hillebrand,MG Advanced,Dontechi,Lost,2017-05-04,2017-05-10,0,FALSE,TRUE
SUYF0EN7,Versie Hillebrand,GTX Basic,Betatech,Won,2017-05-04,2017-08-09,590,FALSE,TRUE
S2D060YF,Vicki Laflamme,GTX Basic,Y-corporation,Won,2017-05-04,2017-08-14,578,FALSE,TRUE
DE5WRZ6B,Violet Mclelland,GTX Pro,Gekko & Co,Lost,2017-05-04,2017-08-06,0,FALSE,TRUE
UJ7BYO6A,Wilburn Farren,MG Advanced,Unknown Account,Engaging,2017-05-04,NA,NA,TRUE,FALSE
N6CXTO48,Zane Levy,GTX Basic,Lexiqvolax,Lost,2017-05-04,2017-05-09,0,FALSE,TRUE
4Z7B0OQB,Anna Snelling,MG Advanced,Bioholding,Lost,2017-05-05,2017-08-15,0,FALSE,TRUE
LCQ934W7,Cassey Cress,GTX Plus Basic,Xx-holding,Engaging,2017-05-05,NA,NA,FALSE,FALSE
70TRVHOM,Cassey Cress,GTX Pro,Donquadtech,Won,2017-05-05,2017-08-05,4697,FALSE,TRUE
0G0S9TB8,Donn Cantrell,GTX Pro,Ontomedia,Lost,2017-05-05,2017-08-13,0,FALSE,TRUE
U43RA5W8,Donn Cantrell,GTX Pro,Ontomedia,Lost,2017-05-05,2017-05-30,0,FALSE,TRUE
SOE904XE,Donn Cantrell,GTX Plus Basic,Kinnamplus,Won,2017-05-05,2017-08-26,1161,FALSE,TRUE
C64JTLGO,Donn Cantrell,GTX Plus Basic,Vehement Capital Partners,Won,2017-05-05,2017-05-06,1101,FALSE,TRUE
F9XJYM9F,Jonathan Berthelot,GTX Basic,Inity,Won,2017-05-05,2017-08-12,511,FALSE,TRUE
XWN6WWOD,Jonathan Berthelot,MG Special,Condax,Won,2017-05-05,2017-08-01,57,FALSE,TRUE
17MPPMM0,Kami Bicknell,MG Special,Xx-holding,Lost,2017-05-05,2017-05-12,0,FALSE,TRUE
FV6PHMQW,Kami Bicknell,GTX Basic,Singletechno,Won,2017-05-05,2017-05-21,635,FALSE,TRUE
NX2K0HQ9,Kami Bicknell,GTX Pro,Nam-zim,Won,2017-05-05,2017-08-16,4352,FALSE,TRUE
Z236WCM1,Kary Hendrixson,GTX Plus Basic,Vehement Capital Partners,Engaging,2017-05-05,NA,NA,FALSE,FALSE
T5GZDRDE,Kary Hendrixson,MG Special,Y-corporation,Lost,2017-05-05,2017-05-16,0,FALSE,TRUE
91G2ZW58,Lajuana Vencill,GTX Plus Pro,Rangreen,Lost,2017-05-05,2017-05-10,0,FALSE,TRUE
H2PEIFZH,Lajuana Vencill,MG Advanced,Domzoom,Won,2017-05-05,2017-05-08,3952,FALSE,TRUE
RG893DYQ,Markita Hansen,GTX Basic,The New York Inquirer,Engaging,2017-05-05,NA,NA,FALSE,FALSE
WQSJNIEZ,Markita Hansen,GTX Basic,Unknown Account,Engaging,2017-05-05,NA,NA,TRUE,FALSE
V8M89S4W,Markita Hansen,GTX Basic,Kan-code,Won,2017-05-05,2017-05-06,560,FALSE,TRUE
5QR02PQI,Marty Freudenburg,GTX Plus Basic,Bioholding,Lost,2017-05-05,2017-05-08,0,FALSE,TRUE
WB974HS4,Niesha Huffines,GTX Plus Basic,Funholding,Won,2017-05-05,2017-09-18,984,FALSE,TRUE
L6VDDXFV,Reed Clapper,MG Advanced,Vehement Capital Partners,Lost,2017-05-05,2017-05-11,0,FALSE,TRUE
B0MOQZVN,Vicki Laflamme,GTX Basic,Sonron,Won,2017-05-05,2017-05-14,579,FALSE,TRUE
09C4GR2W,Vicki Laflamme,GTX Plus Basic,Groovestreet,Won,2017-05-05,2017-08-10,1151,FALSE,TRUE
6YN4FZHL,Violet Mclelland,GTX Plus Basic,Donware,Won,2017-05-05,2017-08-25,881,FALSE,TRUE
45CION64,Violet Mclelland,MG Special,Umbrella Corporation,Won,2017-05-05,2017-08-17,59,FALSE,TRUE
BSQRXW4X,Zane Levy,GTX Basic,Plexzap,Won,2017-05-05,2017-05-12,608,FALSE,TRUE
PYEQPW42,Anna Snelling,GTX Plus Pro,Dontechi,Won,2017-05-06,2017-05-09,4784,FALSE,TRUE
5NW73ZRY,Boris Faz,MG Advanced,Acme Corporation,Won,2017-05-06,2017-05-22,3370,FALSE,TRUE
0P8NFYML,Cassey Cress,MG Special,Betasoloin,Lost,2017-05-06,2017-05-24,0,FALSE,TRUE
HF74MC9F,Corliss Cosme,GTX Plus Pro,Ganjaflex,Engaging,2017-05-06,NA,NA,FALSE,FALSE
1Y9KPBXY,Darcel Schlecht,GTX Plus Basic,Funholding,Lost,2017-05-06,2017-09-10,0,FALSE,TRUE
0AR9HD16,Darcel Schlecht,GTX Basic,Funholding,Won,2017-05-06,2017-08-17,526,FALSE,TRUE
Q72BVH8T,Donn Cantrell,GTX Plus Basic,Mathtouch,Lost,2017-05-06,2017-05-12,0,FALSE,TRUE
OH7VVUY0,Gladys Colclough,GTX Pro,Hottechi,Won,2017-05-06,2017-06-29,5028,FALSE,TRUE
4DPSFUEC,Jonathan Berthelot,GTX Basic,Condax,Lost,2017-05-06,2017-05-23,0,FALSE,TRUE
BB7JH1C4,Jonathan Berthelot,GTX Pro,Isdom,Lost,2017-05-06,2017-05-18,0,FALSE,TRUE
FWTTJ2G8,Kary Hendrixson,GTX Basic,Initech,Engaging,2017-05-06,NA,NA,FALSE,FALSE
FLJCJ7IE,Lajuana Vencill,GTX Basic,Codehow,Lost,2017-05-06,2017-05-18,0,FALSE,TRUE
7T109BBY,Lajuana Vencill,GTX Basic,dambase,Lost,2017-05-06,2017-05-20,0,FALSE,TRUE
4JVY843T,Lajuana Vencill,MG Advanced,Streethex,Lost,2017-05-06,2017-05-23,0,FALSE,TRUE
J71N4WQ6,Markita Hansen,GTX Plus Basic,Unknown Account,Engaging,2017-05-06,NA,NA,TRUE,FALSE
INI33ALF,Moses Frase,GTX Basic,Genco Pura Olive Oil Company,Won,2017-05-06,2017-05-22,569,FALSE,TRUE
D3M1KUQ2,Niesha Huffines,MG Special,Codehow,Lost,2017-05-06,2017-05-26,0,FALSE,TRUE
NOO83M87,Rosie Papadopoulos,GTX Plus Pro,Gekko & Co,Lost,2017-05-06,2017-08-02,0,FALSE,TRUE
8G9Q7NXD,Rosie Papadopoulos,MG Special,Kan-code,Won,2017-05-06,2017-08-09,51,FALSE,TRUE
IGHYUSN8,Vicki Laflamme,GTX Plus Pro,Golddex,Engaging,2017-05-06,NA,NA,FALSE,FALSE
3F34LWKM,Vicki Laflamme,GTX Pro,Unknown Account,Engaging,2017-05-06,NA,NA,TRUE,FALSE
IRCBYH9Z,Anna Snelling,GTX Plus Basic,dambase,Lost,2017-05-07,2017-08-30,0,FALSE,TRUE
559PYA0L,Cassey Cress,MG Advanced,Bubba Gump,Won,2017-05-07,2017-05-21,4287,FALSE,TRUE
RIC5ZHK4,Corliss Cosme,GTX Plus Basic,Plussunin,Engaging,2017-05-07,NA,NA,FALSE,FALSE
YVXKNYSM,Corliss Cosme,GTX Pro,Unknown Account,Engaging,2017-05-07,NA,NA,TRUE,FALSE
237L2CSV,Corliss Cosme,GTX Pro,Ontomedia,Won,2017-05-07,2017-05-15,3960,FALSE,TRUE
AS7MJ0S1,Donn Cantrell,GTX Pro,Konex,Lost,2017-05-07,2017-05-09,0,FALSE,TRUE
INAEAAI9,Jonathan Berthelot,GTX Plus Basic,Codehow,Won,2017-05-07,2017-09-02,1093,FALSE,TRUE
1XNXJUQM,Jonathan Berthelot,GTX Plus Basic,Warephase,Won,2017-05-07,2017-08-10,1194,FALSE,TRUE
Z64MQTF2,Jonathan Berthelot,GTX Pro,Rangreen,Won,2017-05-07,2017-08-14,5310,FALSE,TRUE
BM0QXHMH,Kami Bicknell,GTX Plus Basic,Blackzim,Lost,2017-05-07,2017-08-04,0,FALSE,TRUE
ARY1F1KN,Kary Hendrixson,GTX Plus Basic,Fasehatice,Lost,2017-05-07,2017-05-20,0,FALSE,TRUE
XPCDFUDY,Lajuana Vencill,GTX Basic,Hottechi,Lost,2017-05-07,2017-08-03,0,FALSE,TRUE
73086D08,Markita Hansen,GTX Plus Pro,Unknown Account,Engaging,2017-05-07,NA,NA,TRUE,FALSE
VDOUNMRC,Maureen Marcano,GTX Plus Basic,Golddex,Won,2017-05-07,2017-08-08,1222,FALSE,TRUE
TEKCKT3V,Moses Frase,GTX Plus Basic,Inity,Won,2017-05-07,2017-08-05,901,FALSE,TRUE
1WJT7CM8,Reed Clapper,MG Advanced,Ontomedia,Lost,2017-05-07,2017-08-26,0,FALSE,TRUE
96A1GDXO,Reed Clapper,GTX Plus Pro,Kan-code,Won,2017-05-07,2017-08-01,5601,FALSE,TRUE
OIFERO7S,Rosalina Dieter,MG Advanced,Unknown Account,Engaging,2017-05-07,NA,NA,TRUE,FALSE
Z2E1UVVB,Violet Mclelland,MG Advanced,Unknown Account,Engaging,2017-05-07,NA,NA,TRUE,FALSE
AAU2IQFW,Wilburn Farren,GTX Plus Basic,Donquadtech,Won,2017-05-07,2017-08-05,995,FALSE,TRUE
PRHL94PK,Wilburn Farren,MG Advanced,Xx-zobam,Won,2017-05-07,2017-08-05,3666,FALSE,TRUE
3WC1FUFP,Anna Snelling,GTX Plus Basic,Zumgoity,Lost,2017-05-08,2017-05-18,0,FALSE,TRUE
SHG8Y43V,Anna Snelling,MG Special,Scottech,Won,2017-05-08,2017-05-19,56,FALSE,TRUE
1O2ZN81M,Cassey Cress,GTX Plus Basic,Initech,Won,2017-05-08,2017-05-17,1372,FALSE,TRUE
J6T6BTJI,Daniell Hammack,MG Advanced,Bluth Company,Won,2017-05-08,2017-08-01,3282,FALSE,TRUE
0WO582AV,Darcel Schlecht,GTX Pro,Dontechi,Lost,2017-05-08,2017-08-06,0,FALSE,TRUE
JTTLDM4E,Elease Gluck,MG Special,Dalttechnology,Won,2017-05-08,2017-08-18,43,FALSE,TRUE
8KQH5XI1,Elease Gluck,MG Special,Newex,Won,2017-05-08,2017-09-05,54,FALSE,TRUE
1Q5XFO8D,Jonathan Berthelot,GTX Basic,Stanredtax,Lost,2017-05-08,2017-08-21,0,FALSE,TRUE
A3PNPLTG,Kami Bicknell,GTX Basic,Cheers,Won,2017-05-08,2017-05-16,575,FALSE,TRUE
03CWYGC9,Kami Bicknell,GTX Plus Basic,Hottechi,Won,2017-05-08,2017-08-10,768,FALSE,TRUE
FSEF5ZR9,Kami Bicknell,GTX Pro,Singletechno,Won,2017-05-08,2017-09-12,4426,FALSE,TRUE
N23C5EKK,Lajuana Vencill,GTX Basic,Betatech,Lost,2017-05-08,2017-05-10,0,FALSE,TRUE
S9K81CWS,Lajuana Vencill,GTX Basic,Konmatfix,Won,2017-05-08,2017-08-20,553,FALSE,TRUE
PJ00PLEU,Marty Freudenburg,GTX Plus Pro,Codehow,Lost,2017-05-08,2017-05-20,0,FALSE,TRUE
0AQGBN7B,Maureen Marcano,GTX Plus Basic,Unknown Account,Engaging,2017-05-08,NA,NA,TRUE,FALSE
3F8AA8RT,Maureen Marcano,GTX Plus Basic,Green-Plus,Lost,2017-05-08,2017-08-05,0,FALSE,TRUE
4NAHJMYM,Maureen Marcano,GTX Plus Pro,Zoomit,Won,2017-05-08,2017-09-18,4786,FALSE,TRUE
6KVOMBDJ,Moses Frase,MG Advanced,Rundofase,Lost,2017-05-08,2017-05-23,0,FALSE,TRUE
TFS5SYN2,Reed Clapper,GTX Pro,The New York Inquirer,Lost,2017-05-08,2017-05-17,0,FALSE,TRUE
N7KJ821I,Versie Hillebrand,GTX Plus Pro,Inity,Lost,2017-05-08,2017-08-02,0,FALSE,TRUE
YCKKT5ME,Versie Hillebrand,MG Special,Ron-tech,Lost,2017-05-08,2017-08-19,0,FALSE,TRUE
HI2E8TBI,Versie Hillebrand,GTX Plus Pro,dambase,Won,2017-05-08,2017-05-16,5338,FALSE,TRUE
UU25XD9E,Zane Levy,GTX Pro,Hatfan,Engaging,2017-05-08,NA,NA,FALSE,FALSE
Q54L8P6I,Zane Levy,GTX Basic,Scotfind,Lost,2017-05-08,2017-05-15,0,FALSE,TRUE
XSB7IN6X,Anna Snelling,GTX Plus Basic,Statholdings,Won,2017-05-09,2017-08-31,996,FALSE,TRUE
K5GFWLKM,Boris Faz,GTX Plus Basic,Unknown Account,Engaging,2017-05-09,NA,NA,TRUE,FALSE
1K6HY455,Boris Faz,MG Advanced,Unknown Account,Engaging,2017-05-09,NA,NA,TRUE,FALSE
FQW15KC4,Cassey Cress,MG Advanced,Gekko & Co,Lost,2017-05-09,2017-05-20,0,FALSE,TRUE
G17H7YXA,Cecily Lampkin,MG Special,Dontechi,Won,2017-05-09,2017-08-09,63,FALSE,TRUE
XOE5EU8U,Daniell Hammack,GTX Plus Basic,Opentech,Lost,2017-05-09,2017-08-17,0,FALSE,TRUE
WEB7LYK0,Darcel Schlecht,GTX Plus Basic,Inity,Won,2017-05-09,2017-05-19,1075,FALSE,TRUE
N4Z3QYK7,Darcel Schlecht,GTX Pro,Warephase,Won,2017-05-09,2017-05-24,5033,FALSE,TRUE
JECCHO49,Darcel Schlecht,MG Advanced,Rundofase,Won,2017-05-09,2017-06-26,3249,FALSE,TRUE
QUOU67L5,Gladys Colclough,GTX Plus Basic,Globex Corporation,Won,2017-05-09,2017-08-14,1015,FALSE,TRUE
SSZHMEE3,Jonathan Berthelot,GTX Basic,Stanredtax,Lost,2017-05-09,2017-06-27,0,FALSE,TRUE
WUE92JFJ,Jonathan Berthelot,GTX Plus Basic,Gogozoom,Won,2017-05-09,2017-05-16,1100,FALSE,TRUE
EYNZMBI0,Kami Bicknell,GTX Plus Pro,Blackzim,Won,2017-05-09,2017-09-13,4755,FALSE,TRUE
LPOOKZCQ,Kary Hendrixson,GTX Basic,Kan-code,Lost,2017-05-09,2017-08-08,0,FALSE,TRUE
GL1YE4PQ,Markita Hansen,GTK 500,Unknown Account,Engaging,2017-05-09,NA,NA,TRUE,FALSE
HFUZQFQQ,Markita Hansen,GTX Basic,Groovestreet,Engaging,2017-05-09,NA,NA,FALSE,FALSE
OCHUEK3V,Markita Hansen,GTX Plus Basic,Konex,Lost,2017-05-09,2017-05-19,0,FALSE,TRUE
DU0DYV80,Markita Hansen,GTX Pro,Golddex,Lost,2017-05-09,2017-06-30,0,FALSE,TRUE
3C5KXGO6,Markita Hansen,GTX Basic,J-Texon,Won,2017-05-09,2017-05-10,541,FALSE,TRUE
95532CI0,Markita Hansen,GTX Pro,Hatfan,Won,2017-05-09,2017-06-02,4815,FALSE,TRUE
8SVMGDPA,Maureen Marcano,GTX Plus Basic,Donquadtech,Engaging,2017-05-09,NA,NA,FALSE,FALSE
Q0MRZHN7,Maureen Marcano,MG Special,Konex,Won,2017-05-09,2017-05-12,57,FALSE,TRUE
WAN7I53E,Niesha Huffines,GTX Plus Basic,Ron-tech,Lost,2017-05-09,2017-05-20,0,FALSE,TRUE
6C1DLYBH,Niesha Huffines,MG Special,Ron-tech,Lost,2017-05-09,2017-08-22,0,FALSE,TRUE
ZC3UEHXG,Reed Clapper,GTX Plus Pro,Opentech,Won,2017-05-09,2017-05-17,5406,FALSE,TRUE
FHWXZ6HL,Rosie Papadopoulos,GTX Pro,Unknown Account,Engaging,2017-05-09,NA,NA,TRUE,FALSE
HJBVO8T4,Vicki Laflamme,GTX Basic,Fasehatice,Lost,2017-05-09,2017-06-21,0,FALSE,TRUE
5CJQB25J,Vicki Laflamme,MG Advanced,Xx-holding,Lost,2017-05-09,2017-08-04,0,FALSE,TRUE
246MLWZ7,Zane Levy,GTX Basic,Rangreen,Engaging,2017-05-09,NA,NA,FALSE,FALSE
O22S564Y,Zane Levy,GTX Plus Pro,Goodsilron,Won,2017-05-09,2017-05-20,5042,FALSE,TRUE
UO62J3M0,Zane Levy,GTX Pro,Rantouch,Won,2017-05-09,2017-05-23,3969,FALSE,TRUE
KLZ95C62,Anna Snelling,MG Special,dambase,Lost,2017-05-10,2017-08-21,0,FALSE,TRUE
ROBBKT4T,Anna Snelling,MG Special,Isdom,Won,2017-05-10,2017-08-04,59,FALSE,TRUE
FPTY1B79,Cassey Cress,GTX Basic,Sumace,Won,2017-05-10,2017-05-16,629,FALSE,TRUE
AP3405RD,Cecily Lampkin,MG Special,Dontechi,Won,2017-05-10,2017-05-16,57,FALSE,TRUE
AVZ1BG3K,Corliss Cosme,MG Advanced,Konex,Lost,2017-05-10,2017-05-14,0,FALSE,TRUE
FXLA39YR,Corliss Cosme,GTX Pro,Silis,Won,2017-05-10,2017-08-06,4861,FALSE,TRUE
Q9GJ1LJT,Daniell Hammack,MG Advanced,Plussunin,Lost,2017-05-10,2017-09-03,0,FALSE,TRUE
P9VFKNR0,Darcel Schlecht,GTX Pro,Dontechi,Lost,2017-05-10,2017-08-01,0,FALSE,TRUE
WQ5WIP35,Darcel Schlecht,GTX Plus Basic,Zumgoity,Won,2017-05-10,2017-05-30,980,FALSE,TRUE
X5YVW7O5,Donn Cantrell,GTX Plus Pro,Umbrella Corporation,Lost,2017-05-10,2017-05-17,0,FALSE,TRUE
DWCDI7Q2,Donn Cantrell,MG Advanced,Zotware,Lost,2017-05-10,2017-05-22,0,FALSE,TRUE
XH01XH1F,Garret Kinder,GTX Pro,Kan-code,Lost,2017-05-10,2017-08-24,0,FALSE,TRUE
U48PDN1F,Gladys Colclough,GTX Pro,Cancity,Won,2017-05-10,2017-08-10,5361,FALSE,TRUE
QO0MQUOY,James Ascencio,MG Advanced,Labdrill,Lost,2017-05-10,2017-08-11,0,FALSE,TRUE
Q2RY668B,Kami Bicknell,GTX Basic,Unknown Account,Engaging,2017-05-10,NA,NA,TRUE,FALSE
VBFYOCDO,Kami Bicknell,GTX Basic,Unknown Account,Engaging,2017-05-10,NA,NA,TRUE,FALSE
UMMMBBS6,Kami Bicknell,GTX Basic,Goodsilron,Lost,2017-05-10,2017-08-25,0,FALSE,TRUE
53ZXALR1,Kary Hendrixson,GTX Plus Basic,Faxquote,Won,2017-05-10,2017-09-14,1220,FALSE,TRUE
VQUCVSOL,Markita Hansen,MG Special,Doncon,Lost,2017-05-10,2017-05-22,0,FALSE,TRUE
2NN7T8LG,Markita Hansen,MG Advanced,Singletechno,Lost,2017-05-10,2017-05-16,0,FALSE,TRUE
SLCWM9BH,Markita Hansen,GTX Basic,Scotfind,Won,2017-05-10,2017-09-04,464,FALSE,TRUE
974QGNBZ,Marty Freudenburg,MG Advanced,Genco Pura Olive Oil Company,Won,2017-05-10,2017-05-24,3604,FALSE,TRUE
T8E8EDZS,Moses Frase,GTX Basic,Finhigh,Won,2017-05-10,2017-08-21,529,FALSE,TRUE
9C2RRH1Q,Niesha Huffines,GTX Plus Basic,Toughzap,Lost,2017-05-10,2017-09-19,0,FALSE,TRUE
H26RG9KC,Rosalina Dieter,MG Advanced,Green-Plus,Lost,2017-05-10,2017-05-18,0,FALSE,TRUE
R034IT17,Rosie Papadopoulos,MG Special,Bubba Gump,Won,2017-05-10,2017-05-12,54,FALSE,TRUE
T5SX9Z3T,Vicki Laflamme,GTX Basic,Conecom,Engaging,2017-05-10,NA,NA,FALSE,FALSE
H6CG7TPM,Violet Mclelland,GTX Plus Basic,Acme Corporation,Won,2017-05-10,2017-05-28,1022,FALSE,TRUE
KV1EXWQG,Anna Snelling,GTX Plus Basic,Ron-tech,Lost,2017-05-11,2017-08-03,0,FALSE,TRUE
P4GX3HZH,Anna Snelling,MG Special,Dontechi,Won,2017-05-11,2017-05-26,52,FALSE,TRUE
VPG5E490,Boris Faz,GTX Basic,Bubba Gump,Engaging,2017-05-11,NA,NA,FALSE,FALSE
8I84MV5A,Cassey Cress,GTX Basic,Zencorporation,Engaging,2017-05-11,NA,NA,FALSE,FALSE
KF05URX0,Corliss Cosme,MG Special,Unknown Account,Engaging,2017-05-11,NA,NA,TRUE,FALSE
GACP1E2I,Darcel Schlecht,GTX Pro,Bioholding,Won,2017-05-11,2017-08-11,5037,FALSE,TRUE
ASW97JK3,Darcel Schlecht,GTX Pro,Globex Corporation,Won,2017-05-11,2017-06-29,4709,FALSE,TRUE
XBYJ3NUR,Darcel Schlecht,MG Special,Treequote,Won,2017-05-11,2017-05-20,60,FALSE,TRUE
4Q2GV039,Darcel Schlecht,MG Advanced,Stanredtax,Won,2017-05-11,2017-08-24,3766,FALSE,TRUE
ZA1YVJQC,Garret Kinder,MG Advanced,Donquadtech,Won,2017-05-11,2017-08-11,3552,FALSE,TRUE
5IQAJGCU,Kami Bicknell,GTX Basic,Unknown Account,Engaging,2017-05-11,NA,NA,TRUE,FALSE
59XUUWAQ,Kami Bicknell,MG Special,Blackzim,Lost,2017-05-11,2017-09-02,0,FALSE,TRUE
GGXEKX47,Kami Bicknell,MG Advanced,Groovestreet,Lost,2017-05-11,2017-08-03,0,FALSE,TRUE
LTVGILHP,Kary Hendrixson,GTX Basic,Bioholding,Engaging,2017-05-11,NA,NA,FALSE,FALSE
N00L26DN,Kary Hendrixson,GTX Pro,Kan-code,Lost,2017-05-11,2017-05-30,0,FALSE,TRUE
8JP05QQR,Markita Hansen,MG Advanced,Fasehatice,Lost,2017-05-11,2017-08-03,0,FALSE,TRUE
MV227O65,Maureen Marcano,GTX Plus Pro,Sonron,Engaging,2017-05-11,NA,NA,FALSE,FALSE
0BG8WJSX,Maureen Marcano,GTX Basic,Finjob,Lost,2017-05-11,2017-05-22,0,FALSE,TRUE
ZQVUQ5CJ,Moses Frase,GTX Basic,Treequote,Won,2017-05-11,2017-05-25,472,FALSE,TRUE
E8QHX9TE,Vicki Laflamme,GTX Plus Pro,Unknown Account,Engaging,2017-05-11,NA,NA,TRUE,FALSE
ZFVG8LP2,Vicki Laflamme,MG Special,Cheers,Won,2017-05-11,2017-05-20,56,FALSE,TRUE
P2ST849C,Violet Mclelland,MG Special,Opentech,Won,2017-05-11,2017-06-16,57,FALSE,TRUE
6CPBVF9F,Wilburn Farren,MG Advanced,Mathtouch,Lost,2017-05-11,2017-08-04,0,FALSE,TRUE
6ID18IJX,Zane Levy,GTX Plus Basic,Newex,Won,2017-05-11,2017-08-17,776,FALSE,TRUE
WSPM5X5V,Anna Snelling,MG Special,Gogozoom,Lost,2017-05-12,2017-05-23,0,FALSE,TRUE
7SF3PMMY,Cecily Lampkin,MG Special,Codehow,Won,2017-05-12,2017-06-10,61,FALSE,TRUE
CZF82O5B,Cecily Lampkin,MG Advanced,Hottechi,Won,2017-05-12,2017-05-27,3831,FALSE,TRUE
BLLYPR3S,Corliss Cosme,MG Advanced,Sumace,Lost,2017-05-12,2017-08-24,0,FALSE,TRUE
6VLA3FDQ,Gladys Colclough,MG Special,Rangreen,Won,2017-05-12,2017-08-09,52,FALSE,TRUE
YL98GKZF,James Ascencio,GTX Pro,Golddex,Lost,2017-05-12,2017-08-01,0,FALSE,TRUE
G43QQLLF,Jonathan Berthelot,MG Advanced,dambase,Lost,2017-05-12,2017-05-20,0,FALSE,TRUE
1DZNTUSA,Kami Bicknell,GTX Pro,Lexiqvolax,Lost,2017-05-12,2017-05-20,0,FALSE,TRUE
G5Z0FWAX,Kary Hendrixson,GTX Pro,Konex,Lost,2017-05-12,2017-08-03,0,FALSE,TRUE
Z3FOWY9N,Kary Hendrixson,GTX Plus Pro,Scotfind,Won,2017-05-12,2017-06-22,5698,FALSE,TRUE
S4OLFL40,Lajuana Vencill,GTX Basic,Ron-tech,Won,2017-05-12,2017-05-22,595,FALSE,TRUE
LPY6VIZV,Marty Freudenburg,GTX Plus Pro,Codehow,Lost,2017-05-12,2017-08-12,0,FALSE,TRUE
QQ96SPTU,Maureen Marcano,GTX Plus Basic,Newex,Won,2017-05-12,2017-08-23,1144,FALSE,TRUE
5YLCW6L5,Moses Frase,MG Special,Finhigh,Won,2017-05-12,2017-09-15,61,FALSE,TRUE
IQ8MEPW9,Reed Clapper,GTX Pro,Acme Corporation,Lost,2017-05-12,2017-05-24,0,FALSE,TRUE
AZX4XC81,Reed Clapper,MG Advanced,Konex,Lost,2017-05-12,2017-08-13,0,FALSE,TRUE
GO4G2L4X,Reed Clapper,MG Advanced,Plussunin,Won,2017-05-12,2017-05-15,3510,FALSE,TRUE
9HKP3RBS,Rosie Papadopoulos,GTX Basic,Konex,Won,2017-05-12,2017-08-04,513,FALSE,TRUE
ER3G544S,Versie Hillebrand,MG Advanced,Toughzap,Lost,2017-05-12,2017-08-14,0,FALSE,TRUE
YQFF7GFK,Versie Hillebrand,GTX Plus Basic,Inity,Won,2017-05-12,2017-08-11,1083,FALSE,TRUE
1D1EJE8U,Vicki Laflamme,GTX Basic,Scotfind,Lost,2017-05-12,2017-05-26,0,FALSE,TRUE
5BAGWGAG,Vicki Laflamme,GTX Plus Pro,Condax,Won,2017-05-12,2017-08-23,5987,FALSE,TRUE
V1ROZMCX,Anna Snelling,GTX Plus Basic,dambase,Won,2017-05-13,2017-06-28,1041,FALSE,TRUE
CEQ3J96G,Anna Snelling,MG Special,Funholding,Won,2017-05-13,2017-08-04,54,FALSE,TRUE
P96S0ATV,Boris Faz,MG Advanced,Massive Dynamic,Won,2017-05-13,2017-06-01,2677,FALSE,TRUE
GXKR6EG9,Cecily Lampkin,MG Advanced,Rundofase,Won,2017-05-13,2017-05-27,3558,FALSE,TRUE
I6UG2OLX,Corliss Cosme,MG Advanced,Unknown Account,Engaging,2017-05-13,NA,NA,TRUE,FALSE
XA4PGIHG,Corliss Cosme,GTX Basic,Sumace,Lost,2017-05-13,2017-08-08,0,FALSE,TRUE
INBSL1I4,Corliss Cosme,GTX Plus Basic,Plussunin,Won,2017-05-13,2017-08-20,866,FALSE,TRUE
4N2KE2ER,Darcel Schlecht,GTX Plus Basic,Condax,Won,2017-05-13,2017-08-24,987,FALSE,TRUE
UJSFG18F,Darcel Schlecht,MG Advanced,Dontechi,Won,2017-05-13,2017-08-15,3290,FALSE,TRUE
R9TWUEAT,Donn Cantrell,GTX Plus Pro,Xx-zobam,Lost,2017-05-13,2017-08-09,0,FALSE,TRUE
3K97S8L9,Donn Cantrell,MG Advanced,Donquadtech,Lost,2017-05-13,2017-05-19,0,FALSE,TRUE
QWR1O5R9,Donn Cantrell,MG Advanced,Mathtouch,Lost,2017-05-13,2017-05-17,0,FALSE,TRUE
0MZIJDPM,Elease Gluck,MG Special,Faxquote,Won,2017-05-13,2017-09-13,54,FALSE,TRUE
3N46WQVI,Hayden Neloms,MG Advanced,Faxquote,Engaging,2017-05-13,NA,NA,FALSE,FALSE
FNQYVW3T,Hayden Neloms,GTX Plus Pro,Singletechno,Won,2017-05-13,2017-05-17,4627,FALSE,TRUE
CO6JN5NH,James Ascencio,GTX Basic,Green-Plus,Lost,2017-05-13,2017-08-22,0,FALSE,TRUE
D6XIVDQF,Jonathan Berthelot,GTX Pro,Codehow,Won,2017-05-13,2017-09-06,5625,FALSE,TRUE
CQXYCHKN,Lajuana Vencill,GTX Basic,Genco Pura Olive Oil Company,Lost,2017-05-13,2017-05-15,0,FALSE,TRUE
TWXUDY78,Markita Hansen,MG Special,Singletechno,Won,2017-05-13,2017-08-23,57,FALSE,TRUE
OPL7DH0Q,Niesha Huffines,GTX Plus Basic,Dontechi,Lost,2017-05-13,2017-08-24,0,FALSE,TRUE
5VKRCTJE,Rosalina Dieter,GTX Plus Basic,Singletechno,Won,2017-05-13,2017-08-01,1032,FALSE,TRUE
7DDD3NZ2,Rosie Papadopoulos,GTX Basic,Opentech,Won,2017-05-13,2017-05-17,567,FALSE,TRUE
QL97HH1Y,Versie Hillebrand,MG Special,Dontechi,Won,2017-05-13,2017-05-19,58,FALSE,TRUE
9KN4MG14,Anna Snelling,GTX Plus Pro,Gogozoom,Lost,2017-05-14,2017-08-25,0,FALSE,TRUE
4V3TLIGG,Anna Snelling,MG Special,Rundofase,Won,2017-05-14,2017-05-22,50,FALSE,TRUE
ALZNZ666,Boris Faz,MG Advanced,Toughzap,Engaging,2017-05-14,NA,NA,FALSE,FALSE
BJO24Z5A,Cassey Cress,GTX Plus Basic,Unknown Account,Engaging,2017-05-14,NA,NA,TRUE,FALSE
BWRNVTNR,Cassey Cress,GTX Basic,Mathtouch,Lost,2017-05-14,2017-08-02,0,FALSE,TRUE
0H4AHJRI,Daniell Hammack,GTX Basic,Bubba Gump,Lost,2017-05-14,2017-06-01,0,FALSE,TRUE
S9WJ9NAS,Darcel Schlecht,MG Special,Gogozoom,Won,2017-05-14,2017-06-24,59,FALSE,TRUE
BCA3ICIO,Donn Cantrell,GTX Plus Pro,Umbrella Corporation,Lost,2017-05-14,2017-08-14,0,FALSE,TRUE
F914VHA3,Donn Cantrell,GTX Basic,Bluth Company,Won,2017-05-14,2017-08-06,525,FALSE,TRUE
EF24VTVA,James Ascencio,GTX Plus Pro,Kinnamplus,Engaging,2017-05-14,NA,NA,FALSE,FALSE
1CZU97OX,James Ascencio,GTX Plus Pro,Singletechno,Won,2017-05-14,2017-08-02,5525,FALSE,TRUE
HY94AVIW,Maureen Marcano,GTX Basic,Unknown Account,Engaging,2017-05-14,NA,NA,TRUE,FALSE
T4FQOS6J,Maureen Marcano,GTX Plus Basic,Opentech,Engaging,2017-05-14,NA,NA,FALSE,FALSE
4BPA17HF,Maureen Marcano,GTX Basic,Zoomit,Won,2017-05-14,2017-05-28,628,FALSE,TRUE
LAOGNZOU,Maureen Marcano,GTX Plus Basic,Hottechi,Won,2017-05-14,2017-05-22,902,FALSE,TRUE
V3KGPHH9,Niesha Huffines,GTX Plus Basic,Stanredtax,Won,2017-05-14,2017-06-07,1064,FALSE,TRUE
RNH95U0V,Reed Clapper,GTX Plus Pro,Zotware,Won,2017-05-14,2017-08-20,6346,FALSE,TRUE
ZJ1BOSNL,Reed Clapper,MG Advanced,Xx-zobam,Won,2017-05-14,2017-05-24,3089,FALSE,TRUE
0X1AY1FM,Rosalina Dieter,MG Advanced,Sonron,Won,2017-05-14,2017-05-18,3484,FALSE,TRUE
D821LEQV,Versie Hillebrand,MG Special,Isdom,Lost,2017-05-14,2017-08-24,0,FALSE,TRUE
B1O27MFD,Versie Hillebrand,MG Special,Rundofase,Lost,2017-05-14,2017-08-06,0,FALSE,TRUE
UOUG01WG,Versie Hillebrand,MG Special,Betatech,Won,2017-05-14,2017-05-16,68,FALSE,TRUE
848QSODT,Vicki Laflamme,GTX Basic,Unknown Account,Engaging,2017-05-14,NA,NA,TRUE,FALSE
3X2HOUYU,Vicki Laflamme,GTX Basic,Fasehatice,Won,2017-05-14,2017-08-16,575,FALSE,TRUE
V135X5B7,Violet Mclelland,MG Advanced,Xx-zobam,Won,2017-05-14,2017-05-17,3720,FALSE,TRUE
89P5UVQ0,Wilburn Farren,GTX Pro,Unknown Account,Engaging,2017-05-14,NA,NA,TRUE,FALSE
WUXGF870,Zane Levy,GTX Plus Pro,Hottechi,Lost,2017-05-14,2017-05-27,0,FALSE,TRUE
3372JYYQ,Cassey Cress,MG Advanced,Condax,Engaging,2017-05-15,NA,NA,FALSE,FALSE
ENE1HNL3,Cassey Cress,GTX Plus Basic,Bluth Company,Won,2017-05-15,2017-06-27,1078,FALSE,TRUE
C8SWZNON,Cassey Cress,GTX Pro,Sumace,Won,2017-05-15,2017-05-23,3717,FALSE,TRUE
EXMA7FRC,Cecily Lampkin,GTX Plus Basic,Hottechi,Won,2017-05-15,2017-05-30,1129,FALSE,TRUE
KJHM27ZM,Daniell Hammack,GTX Plus Pro,Labdrill,Engaging,2017-05-15,NA,NA,FALSE,FALSE
8H1VRXAK,Daniell Hammack,GTX Basic,Umbrella Corporation,Won,2017-05-15,2017-09-15,536,FALSE,TRUE
10QXTLQX,Daniell Hammack,GTX Pro,Acme Corporation,Won,2017-05-15,2017-06-25,5857,FALSE,TRUE
7YT7NRV9,Elease Gluck,MG Special,Unknown Account,Engaging,2017-05-15,NA,NA,TRUE,FALSE
5BRZKG6Y,Hayden Neloms,MG Special,Blackzim,Lost,2017-05-15,2017-09-08,0,FALSE,TRUE
X4FW4JR1,Kary Hendrixson,GTX Basic,Unknown Account,Engaging,2017-05-15,NA,NA,TRUE,FALSE
BHV4K3VV,Kary Hendrixson,GTX Basic,Y-corporation,Won,2017-05-15,2017-05-25,549,FALSE,TRUE
BOHWQ1B3,Lajuana Vencill,MG Special,Streethex,Won,2017-05-15,2017-09-07,61,FALSE,TRUE
K4KNZQY6,Markita Hansen,GTX Plus Pro,Scotfind,Lost,2017-05-15,2017-08-07,0,FALSE,TRUE
9WUD1Q5D,Marty Freudenburg,MG Special,Toughzap,Lost,2017-05-15,2017-08-10,0,FALSE,TRUE
KAPP0SBT,Marty Freudenburg,MG Advanced,Cancity,Lost,2017-05-15,2017-08-21,0,FALSE,TRUE
XSWTUMGY,Maureen Marcano,GTX Basic,Fasehatice,Lost,2017-05-15,2017-08-13,0,FALSE,TRUE
KS9B13NQ,Maureen Marcano,GTX Plus Basic,Blackzim,Won,2017-05-15,2017-09-10,1101,FALSE,TRUE
S983P5KR,Niesha Huffines,GTX Basic,Inity,Lost,2017-05-15,2017-08-11,0,FALSE,TRUE
K0ZYCW3U,Niesha Huffines,GTX Basic,Dontechi,Won,2017-05-15,2017-06-27,603,FALSE,TRUE
SFCT64YG,Niesha Huffines,GTX Basic,Inity,Won,2017-05-15,2017-09-05,545,FALSE,TRUE
DUM5AP8P,Reed Clapper,MG Advanced,Vehement Capital Partners,Lost,2017-05-15,2017-05-30,0,FALSE,TRUE
XAC1J3TF,Rosalina Dieter,MG Advanced,Unknown Account,Engaging,2017-05-15,NA,NA,TRUE,FALSE
RNV54AZ7,Rosie Papadopoulos,GTX Plus Pro,Yearin,Lost,2017-05-15,2017-05-26,0,FALSE,TRUE
AVNVFAIR,Vicki Laflamme,GTX Plus Basic,Fasehatice,Won,2017-05-15,2017-08-25,959,FALSE,TRUE
TEJBT5CP,Vicki Laflamme,GTX Plus Basic,Konex,Won,2017-05-15,2017-06-03,1208,FALSE,TRUE
UFALPP82,Vicki Laflamme,GTX Pro,Goodsilron,Won,2017-05-15,2017-08-19,4246,FALSE,TRUE
NHA6MNJF,Violet Mclelland,MG Advanced,Zotware,Won,2017-05-15,2017-09-26,3061,FALSE,TRUE
S3UOGUU5,Zane Levy,GTX Pro,Rantouch,Lost,2017-05-15,2017-06-21,0,FALSE,TRUE
TSRHYEOQ,Cassey Cress,GTX Pro,Condax,Lost,2017-05-16,2017-08-13,0,FALSE,TRUE
ZIK2R3S7,Corliss Cosme,MG Advanced,Unknown Account,Engaging,2017-05-16,NA,NA,TRUE,FALSE
K44WX2BT,Donn Cantrell,MG Advanced,Massive Dynamic,Won,2017-05-16,2017-08-13,3351,FALSE,TRUE
HF2DSIT5,Elease Gluck,GTX Basic,Unknown Account,Engaging,2017-05-16,NA,NA,TRUE,FALSE
XD6R8R5B,Hayden Neloms,MG Advanced,Hottechi,Won,2017-05-16,2017-05-30,3153,FALSE,TRUE
CEGQ4V9F,James Ascencio,GTX Plus Basic,Konex,Lost,2017-05-16,2017-05-20,0,FALSE,TRUE
58DMWXXI,James Ascencio,GTX Plus Pro,J-Texon,Lost,2017-05-16,2017-05-27,0,FALSE,TRUE
8GYJOE85,Kami Bicknell,GTX Basic,Hottechi,Lost,2017-05-16,2017-08-22,0,FALSE,TRUE
KJP1JFKX,Kami Bicknell,GTX Basic,Hottechi,Won,2017-05-16,2017-06-06,533,FALSE,TRUE
LGK00C12,Lajuana Vencill,GTX Basic,Bioholding,Lost,2017-05-16,2017-08-24,0,FALSE,TRUE
1F950BGI,Lajuana Vencill,MG Special,Genco Pura Olive Oil Company,Won,2017-05-16,2017-06-01,56,FALSE,TRUE
1KV8WY84,Marty Freudenburg,GTX Plus Basic,Statholdings,Lost,2017-05-16,2017-05-24,0,FALSE,TRUE
FN080GSV,Maureen Marcano,GTX Basic,Finjob,Won,2017-05-16,2017-08-04,522,FALSE,TRUE
M3IMVC9G,Rosalina Dieter,GTX Plus Basic,Unknown Account,Engaging,2017-05-16,NA,NA,TRUE,FALSE
XR3BL1JL,Rosalina Dieter,MG Special,Goodsilron,Won,2017-05-16,2017-08-20,54,FALSE,TRUE
BTRIUUWG,Rosie Papadopoulos,GTX Basic,Unknown Account,Engaging,2017-05-16,NA,NA,TRUE,FALSE
YD38G676,Vicki Laflamme,MG Advanced,Hatfan,Lost,2017-05-16,2017-05-27,0,FALSE,TRUE
4AS1VXQM,Vicki Laflamme,GTX Pro,Rantouch,Won,2017-05-16,2017-09-07,5154,FALSE,TRUE
UW6FSSDK,Violet Mclelland,MG Special,Acme Corporation,Lost,2017-05-16,2017-08-16,0,FALSE,TRUE
GYC77KNM,Wilburn Farren,MG Advanced,Gekko & Co,Won,2017-05-16,2017-09-16,3483,FALSE,TRUE
XRO7PMA2,Cassey Cress,GTX Plus Basic,Unknown Account,Engaging,2017-05-17,NA,NA,TRUE,FALSE
HS58SPS7,Cassey Cress,MG Special,Bubba Gump,Lost,2017-05-17,2017-05-25,0,FALSE,TRUE
5BGYQS4R,Darcel Schlecht,GTX Plus Basic,Finhigh,Won,2017-05-17,2017-08-11,1110,FALSE,TRUE
YMS8IG4L,Donn Cantrell,GTX Basic,Umbrella Corporation,Won,2017-05-17,2017-05-27,441,FALSE,TRUE
04OAV3CV,Elease Gluck,GTX Plus Pro,Unknown Account,Engaging,2017-05-17,NA,NA,TRUE,FALSE
NISR8D1V,Elease Gluck,GTX Basic,Hottechi,Won,2017-05-17,2017-08-08,553,FALSE,TRUE
T4MF2SMF,Hayden Neloms,MG Advanced,Scotfind,Won,2017-05-17,2017-06-04,3624,FALSE,TRUE
G6PDDHMN,Jonathan Berthelot,GTX Basic,Genco Pura Olive Oil Company,Lost,2017-05-17,2017-05-31,0,FALSE,TRUE
S2GG93I6,Kami Bicknell,GTX Pro,Faxquote,Lost,2017-05-17,2017-08-22,0,FALSE,TRUE
8GV0BQTU,Kary Hendrixson,MG Advanced,Xx-holding,Engaging,2017-05-17,NA,NA,FALSE,FALSE
I99AI8C5,Lajuana Vencill,MG Special,dambase,Lost,2017-05-17,2017-08-08,0,FALSE,TRUE
3SEMPUU1,Markita Hansen,GTX Pro,Labdrill,Engaging,2017-05-17,NA,NA,FALSE,FALSE
8W87JE97,Markita Hansen,GTX Pro,Konex,Lost,2017-05-17,2017-08-12,0,FALSE,TRUE
RQM0PS59,Markita Hansen,MG Special,J-Texon,Lost,2017-05-17,2017-08-18,0,FALSE,TRUE
483NKH0E,Markita Hansen,GTX Pro,Plexzap,Won,2017-05-17,2017-08-18,4644,FALSE,TRUE
G6QI40AT,Rosie Papadopoulos,MG Special,Umbrella Corporation,Lost,2017-05-17,2017-05-29,0,FALSE,TRUE
UQY5TEE8,Versie Hillebrand,MG Special,Codehow,Won,2017-05-17,2017-09-20,51,FALSE,TRUE
AXHNVQPQ,Vicki Laflamme,GTX Pro,Golddex,Won,2017-05-17,2017-09-08,4573,FALSE,TRUE
N2KXGJO3,Violet Mclelland,MG Advanced,Silis,Won,2017-05-17,2017-08-01,3033,FALSE,TRUE
DDP76LIP,Zane Levy,MG Special,Hatfan,Lost,2017-05-17,2017-05-26,0,FALSE,TRUE
43AH1M09,Anna Snelling,MG Special,Warephase,Lost,2017-05-18,2017-05-24,0,FALSE,TRUE
852ZZB90,Anna Snelling,MG Special,Ron-tech,Won,2017-05-18,2017-06-02,58,FALSE,TRUE
V2GGEAOC,Anna Snelling,MG Special,Streethex,Won,2017-05-18,2017-09-15,51,FALSE,TRUE
0Y8HO91H,Cassey Cress,GTX Pro,Massive Dynamic,Won,2017-05-18,2017-08-02,4873,FALSE,TRUE
0K59ZLQC,Corliss Cosme,GTX Basic,Donquadtech,Engaging,2017-05-18,NA,NA,FALSE,FALSE
PNUBACZM,Darcel Schlecht,GTX Pro,Isdom,Won,2017-05-18,2017-06-07,4606,FALSE,TRUE
DPT11UGS,Donn Cantrell,GTX Plus Basic,Iselectrics,Won,2017-05-18,2017-09-05,995,FALSE,TRUE
GQFRHJF6,Donn Cantrell,GTX Pro,Umbrella Corporation,Won,2017-05-18,2017-08-10,4581,FALSE,TRUE
S8ALJKKH,Garret Kinder,GTX Pro,Massive Dynamic,Won,2017-05-18,2017-08-14,4671,FALSE,TRUE
2BXYT4PD,Hayden Neloms,GTX Plus Pro,Funholding,Engaging,2017-05-18,NA,NA,FALSE,FALSE
2FMT1053,Hayden Neloms,MG Advanced,Unknown Account,Engaging,2017-05-18,NA,NA,TRUE,FALSE
HU970PDK,James Ascencio,GTX Plus Pro,Donquadtech,Engaging,2017-05-18,NA,NA,FALSE,FALSE
D85PDC6S,James Ascencio,GTX Plus Pro,Unknown Account,Engaging,2017-05-18,NA,NA,TRUE,FALSE
7D75QXBD,Kary Hendrixson,GTX Plus Basic,Groovestreet,Engaging,2017-05-18,NA,NA,FALSE,FALSE
N3GVE0VP,Markita Hansen,GTK 500,Unknown Account,Engaging,2017-05-18,NA,NA,TRUE,FALSE
L71FBIF7,Marty Freudenburg,MG Special,Bioholding,Lost,2017-05-18,2017-09-10,0,FALSE,TRUE
HU6IS6Q2,Marty Freudenburg,GTX Plus Pro,Domzoom,Won,2017-05-18,2017-06-11,5241,FALSE,TRUE
UXFEJC9Q,Maureen Marcano,GTX Plus Basic,Nam-zim,Won,2017-05-18,2017-05-22,1082,FALSE,TRUE
D4Z6IL8W,Niesha Huffines,GTX Basic,Rundofase,Won,2017-05-18,2017-06-05,616,FALSE,TRUE
OK39IHP1,Rosalina Dieter,MG Special,Unknown Account,Engaging,2017-05-18,NA,NA,TRUE,FALSE
5FG7S674,Rosie Papadopoulos,MG Special,Zencorporation,Lost,2017-05-18,2017-08-14,0,FALSE,TRUE
KJXB9Q7O,Versie Hillebrand,MG Special,Finhigh,Lost,2017-05-18,2017-05-24,0,FALSE,TRUE
CX4ZLSDW,Wilburn Farren,MG Special,Unknown Account,Engaging,2017-05-18,NA,NA,TRUE,FALSE
UFL6ZQDV,Zane Levy,GTX Basic,Unknown Account,Engaging,2017-05-18,NA,NA,TRUE,FALSE
KN3H2R4V,Zane Levy,GTX Basic,Y-corporation,Lost,2017-05-18,2017-06-25,0,FALSE,TRUE
20QTAZ1L,Zane Levy,MG Special,Lexiqvolax,Lost,2017-05-18,2017-05-23,0,FALSE,TRUE
NJCI3Y9S,Zane Levy,GTX Pro,Condax,Won,2017-05-18,2017-06-03,4642,FALSE,TRUE
OATOYNX2,Anna Snelling,MG Special,Bioholding,Won,2017-05-19,2017-06-27,63,FALSE,TRUE
GAH11YHT,Boris Faz,MG Advanced,Konex,Lost,2017-05-19,2017-05-20,0,FALSE,TRUE
FT8227WB,Cassey Cress,GTX Plus Basic,Zencorporation,Lost,2017-05-19,2017-06-01,0,FALSE,TRUE
0XHTFQE8,Cassey Cress,GTX Plus Basic,Betasoloin,Won,2017-05-19,2017-08-19,1131,FALSE,TRUE
6I76NXTK,Corliss Cosme,GTX Basic,Ganjaflex,Won,2017-05-19,2017-09-04,503,FALSE,TRUE
0FLFT1R4,Corliss Cosme,GTX Basic,Massive Dynamic,Won,2017-05-19,2017-08-03,516,FALSE,TRUE
QX4VN0WB,Daniell Hammack,GTX Basic,Mathtouch,Won,2017-05-19,2017-09-01,592,FALSE,TRUE
14V0RQBV,Darcel Schlecht,GTX Pro,Toughzap,Lost,2017-05-19,2017-08-27,0,FALSE,TRUE
2G82J8WD,Darcel Schlecht,GTX Pro,Warephase,Won,2017-05-19,2017-09-11,4914,FALSE,TRUE
00KY25OA,Donn Cantrell,GTX Basic,Condax,Won,2017-05-19,2017-06-01,564,FALSE,TRUE
QDDD0L2Y,Elease Gluck,MG Special,Kan-code,Lost,2017-05-19,2017-05-27,0,FALSE,TRUE
6TN4T6HN,Hayden Neloms,GTX Plus Basic,Golddex,Won,2017-05-19,2017-06-01,964,FALSE,TRUE
VA2JJZXD,Jonathan Berthelot,GTX Pro,Rundofase,Lost,2017-05-19,2017-09-09,0,FALSE,TRUE
MQY3YOQS,Jonathan Berthelot,GTX Basic,Funholding,Won,2017-05-19,2017-06-02,583,FALSE,TRUE
MGD7DZAU,Kami Bicknell,GTX Basic,Globex Corporation,Engaging,2017-05-19,NA,NA,FALSE,FALSE
BRFHWGVC,Kary Hendrixson,GTX Plus Basic,Unknown Account,Engaging,2017-05-19,NA,NA,TRUE,FALSE
3YWITFR5,Lajuana Vencill,GTX Basic,Ron-tech,Won,2017-05-19,2017-08-15,440,FALSE,TRUE
BEKQZ411,Moses Frase,MG Special,Inity,Won,2017-05-19,2017-08-31,58,FALSE,TRUE
PK0T5N02,Reed Clapper,GTX Plus Basic,Initech,Won,2017-05-19,2017-05-26,1093,FALSE,TRUE
8Z4ZMS9U,Violet Mclelland,MG Advanced,Unknown Account,Engaging,2017-05-19,NA,NA,TRUE,FALSE
DTSCBNCX,Violet Mclelland,GTX Plus Basic,Donquadtech,Lost,2017-05-19,2017-08-12,0,FALSE,TRUE
TUDKP25E,Anna Snelling,MG Advanced,Rangreen,Lost,2017-05-20,2017-08-01,0,FALSE,TRUE
JL9ERNVY,Boris Faz,GTX Plus Pro,Unknown Account,Engaging,2017-05-20,NA,NA,TRUE,FALSE
E1OBRLYZ,Boris Faz,GTX Basic,Zencorporation,Won,2017-05-20,2017-05-27,529,FALSE,TRUE
913RPKAD,Cassey Cress,GTX Pro,Sumace,Won,2017-05-20,2017-05-24,4839,FALSE,TRUE
JM5GDLEF,Corliss Cosme,GTX Pro,Unknown Account,Engaging,2017-05-20,NA,NA,TRUE,FALSE
NJC209SC,Darcel Schlecht,GTX Pro,Cancity,Won,2017-05-20,2017-09-27,5961,FALSE,TRUE
MMUC1AXI,Darcel Schlecht,GTX Pro,Gogozoom,Won,2017-05-20,2017-08-09,5647,FALSE,TRUE
X66G66ZA,Darcel Schlecht,MG Special,Toughzap,Won,2017-05-20,2017-08-18,56,FALSE,TRUE
PI2PHSBE,Donn Cantrell,GTX Basic,Zencorporation,Lost,2017-05-20,2017-08-05,0,FALSE,TRUE
CYKC7RXH,Donn Cantrell,GTX Pro,Kan-code,Lost,2017-05-20,2017-08-06,0,FALSE,TRUE
WXRWSVTT,Garret Kinder,GTX Basic,Kan-code,Won,2017-05-20,2017-08-18,492,FALSE,TRUE
81NOKKSW,Gladys Colclough,MG Special,Statholdings,Won,2017-05-20,2017-08-31,68,FALSE,TRUE
CP3JY4PE,Hayden Neloms,MG Advanced,Groovestreet,Won,2017-05-20,2017-09-14,3728,FALSE,TRUE
K2683261,Kami Bicknell,GTX Plus Basic,Plusstrip,Won,2017-05-20,2017-09-13,1082,FALSE,TRUE
MPCJV2LA,Kary Hendrixson,GTX Plus Basic,Hatfan,Lost,2017-05-20,2017-08-21,0,FALSE,TRUE
0DDBDPJU,Lajuana Vencill,GTX Basic,Funholding,Won,2017-05-20,2017-08-05,557,FALSE,TRUE
RXIQFV8D,Niesha Huffines,MG Special,Dontechi,Won,2017-05-20,2017-08-09,60,FALSE,TRUE
5RGYU88R,Versie Hillebrand,GTX Plus Pro,Scottech,Won,2017-05-20,2017-05-25,5046,FALSE,TRUE
F3P73EG4,Versie Hillebrand,MG Special,Gogozoom,Won,2017-05-20,2017-08-04,53,FALSE,TRUE
CRLWCEMY,Versie Hillebrand,MG Advanced,Stanredtax,Won,2017-05-20,2017-06-10,2807,FALSE,TRUE
3590U14O,Vicki Laflamme,GTX Pro,Plexzap,Lost,2017-05-20,2017-08-23,0,FALSE,TRUE
CFOYAHQ1,Zane Levy,GTX Pro,Plusstrip,Lost,2017-05-20,2017-05-30,0,FALSE,TRUE
IQ5ASHI1,Anna Snelling,GTX Basic,Bioholding,Won,2017-05-21,2017-08-11,475,FALSE,TRUE
G378ZBNC,Anna Snelling,MG Advanced,Ron-tech,Won,2017-05-21,2017-08-03,3031,FALSE,TRUE
6ZVC87CV,Boris Faz,MG Special,Ontomedia,Won,2017-05-21,2017-08-09,53,FALSE,TRUE
4Y1DYANE,Cassey Cress,GTX Plus Basic,Xx-zobam,Won,2017-05-21,2017-06-04,1112,FALSE,TRUE
CX0SXNCN,Corliss Cosme,GTX Basic,Treequote,Engaging,2017-05-21,NA,NA,FALSE,FALSE
PGYBGBU3,Daniell Hammack,GTX Pro,Yearin,Won,2017-05-21,2017-09-11,4491,FALSE,TRUE
GQPQ6XBD,Elease Gluck,GTX Basic,Blackzim,Won,2017-05-21,2017-06-06,562,FALSE,TRUE
G4KL8QWY,James Ascencio,GTX Basic,Rantouch,Won,2017-05-21,2017-06-04,593,FALSE,TRUE
GIVVPRQQ,Jonathan Berthelot,GTX Pro,Hottechi,Won,2017-05-21,2017-08-30,4606,FALSE,TRUE
JF178AXO,Kami Bicknell,GTX Plus Basic,Faxquote,Won,2017-05-21,2017-08-11,1100,FALSE,TRUE
43NBMRFY,Kami Bicknell,GTX Plus Basic,Scotfind,Won,2017-05-21,2017-08-18,1198,FALSE,TRUE
RE3UNESR,Kary Hendrixson,GTX Basic,Unknown Account,Engaging,2017-05-21,NA,NA,TRUE,FALSE
PPUSV3RG,Kary Hendrixson,GTX Plus Pro,Unknown Account,Engaging,2017-05-21,NA,NA,TRUE,FALSE
UQ67214Z,Lajuana Vencill,MG Advanced,Dontechi,Won,2017-05-21,2017-08-20,3250,FALSE,TRUE
HDITQL1S,Marty Freudenburg,MG Advanced,Treequote,Won,2017-05-21,2017-09-05,2785,FALSE,TRUE
1WPONGOS,Maureen Marcano,MG Special,Scotfind,Won,2017-05-21,2017-08-11,49,FALSE,TRUE
UF0S02A4,Moses Frase,MG Advanced,Inity,Lost,2017-05-21,2017-05-25,0,FALSE,TRUE
ZG1DFNPW,Moses Frase,GTX Basic,Bioholding,Won,2017-05-21,2017-09-15,547,FALSE,TRUE
SS9FXCS2,Niesha Huffines,MG Special,Bioholding,Won,2017-05-21,2017-08-01,57,FALSE,TRUE
SHE8LB0Y,Rosalina Dieter,MG Special,Fasehatice,Lost,2017-05-21,2017-08-08,0,FALSE,TRUE
9D6NTQ16,Rosalina Dieter,MG Special,Y-corporation,Lost,2017-05-21,2017-08-06,0,FALSE,TRUE
59N6QWQM,Vicki Laflamme,MG Advanced,Sonron,Lost,2017-05-21,2017-05-23,0,FALSE,TRUE
ZHKJIJA1,Vicki Laflamme,GTX Basic,Cheers,Won,2017-05-21,2017-08-05,572,FALSE,TRUE
SDL8MJ4R,Violet Mclelland,MG Special,Ontomedia,Won,2017-05-21,2017-06-10,48,FALSE,TRUE
G86OKJFV,Anna Snelling,GTX Plus Pro,Isdom,Lost,2017-05-22,2017-05-31,0,FALSE,TRUE
WM7XURV6,Corliss Cosme,GTX Plus Basic,Groovestreet,Engaging,2017-05-22,NA,NA,FALSE,FALSE
6I125KPN,Daniell Hammack,MG Advanced,Unknown Account,Engaging,2017-05-22,NA,NA,TRUE,FALSE
HUCB9WIQ,Darcel Schlecht,MG Advanced,Conecom,Lost,2017-05-22,2017-09-08,0,FALSE,TRUE
R8CMI00I,Garret Kinder,GTX Basic,Kan-code,Won,2017-05-22,2017-06-06,555,FALSE,TRUE
T7HHH8HK,Garret Kinder,GTX Basic,Konex,Won,2017-05-22,2017-09-02,476,FALSE,TRUE
2YLXKON1,Hayden Neloms,MG Advanced,Unknown Account,Engaging,2017-05-22,NA,NA,TRUE,FALSE
407NLHJH,James Ascencio,GTX Plus Basic,Labdrill,Won,2017-05-22,2017-06-14,1090,FALSE,TRUE
ZJQKUIZ4,Kary Hendrixson,MG Special,Opentech,Engaging,2017-05-22,NA,NA,FALSE,FALSE
KD63LC6D,Kary Hendrixson,GTX Basic,Condax,Won,2017-05-22,2017-09-25,584,FALSE,TRUE
WS3BIQ4S,Markita Hansen,GTX Plus Pro,Unknown Account,Engaging,2017-05-22,NA,NA,TRUE,FALSE
TB27K4GC,Markita Hansen,GTK 500,Finjob,Won,2017-05-22,2017-08-14,24745,FALSE,TRUE
U177IWW0,Maureen Marcano,GTX Plus Basic,Unknown Account,Engaging,2017-05-22,NA,NA,TRUE,FALSE
VN8YFKTN,Reed Clapper,GTX Pro,Condax,Lost,2017-05-22,2017-05-25,0,FALSE,TRUE
NFFS1KSK,Reed Clapper,GTX Basic,Zotware,Won,2017-05-22,2017-05-27,512,FALSE,TRUE
SWEQFKRF,Rosie Papadopoulos,GTX Pro,Unknown Account,Engaging,2017-05-22,NA,NA,TRUE,FALSE
V1T47SKL,Vicki Laflamme,MG Special,Zoomit,Won,2017-05-22,2017-06-07,60,FALSE,TRUE
LFPY1Z14,Zane Levy,GTX Pro,Hottechi,Lost,2017-05-22,2017-09-07,0,FALSE,TRUE
M6IGBW79,Zane Levy,GTX Plus Basic,Dalttechnology,Won,2017-05-22,2017-08-08,1088,FALSE,TRUE
HYSOZRCG,Boris Faz,GTX Plus Basic,Unknown Account,Engaging,2017-05-23,NA,NA,TRUE,FALSE
41RF80KQ,Boris Faz,GTX Plus Pro,Unknown Account,Engaging,2017-05-23,NA,NA,TRUE,FALSE
CYB0NUCJ,Cassey Cress,MG Special,Unknown Account,Engaging,2017-05-23,NA,NA,TRUE,FALSE
2QGI573A,Corliss Cosme,GTX Basic,The New York Inquirer,Won,2017-05-23,2017-05-26,463,FALSE,TRUE
QW4QPPSY,Donn Cantrell,GTX Plus Basic,Gekko & Co,Won,2017-05-23,2017-08-24,877,FALSE,TRUE
99L2TNR5,Gladys Colclough,MG Advanced,Hottechi,Won,2017-05-23,2017-08-24,3339,FALSE,TRUE
3H3TNCP5,James Ascencio,GTX Plus Basic,Condax,Engaging,2017-05-23,NA,NA,FALSE,FALSE
J8Y1OGY2,Jonathan Berthelot,MG Special,Finhigh,Lost,2017-05-23,2017-05-28,0,FALSE,TRUE
7SJD7M9K,Jonathan Berthelot,GTX Pro,Funholding,Won,2017-05-23,2017-08-20,4180,FALSE,TRUE
OKNOWHS3,Kary Hendrixson,GTX Plus Basic,Labdrill,Lost,2017-05-23,2017-08-02,0,FALSE,TRUE
VO8WTDHE,Markita Hansen,GTX Basic,Hatfan,Lost,2017-05-23,2017-05-26,0,FALSE,TRUE
5FX5TX9L,Markita Hansen,GTX Plus Pro,Hatfan,Won,2017-05-23,2017-08-14,4642,FALSE,TRUE
TLT4JJ0U,Marty Freudenburg,MG Advanced,Warephase,Lost,2017-05-23,2017-09-13,0,FALSE,TRUE
RA77E84P,Niesha Huffines,GTX Basic,Globex Corporation,Won,2017-05-23,2017-09-08,578,FALSE,TRUE
7U225819,Versie Hillebrand,MG Advanced,Gogozoom,Won,2017-05-23,2017-08-11,3285,FALSE,TRUE
075SHVO3,Vicki Laflamme,MG Special,Plexzap,Lost,2017-05-23,2017-08-12,0,FALSE,TRUE
HHNFD7DX,Violet Mclelland,GTX Plus Basic,Xx-zobam,Lost,2017-05-23,2017-08-29,0,FALSE,TRUE
PA55AGYL,Zane Levy,GTX Pro,Cheers,Won,2017-05-23,2017-05-31,5212,FALSE,TRUE
V93ZA48C,Cassey Cress,GTX Basic,Donware,Won,2017-05-24,2017-09-24,614,FALSE,TRUE
TR3TXXHF,Cassey Cress,GTX Plus Pro,Bubba Gump,Won,2017-05-24,2017-09-13,5778,FALSE,TRUE
11V16SZZ,Corliss Cosme,GTX Basic,Labdrill,Engaging,2017-05-24,NA,NA,FALSE,FALSE
SURL8H49,Donn Cantrell,MG Advanced,Bubba Gump,Won,2017-05-24,2017-09-10,3521,FALSE,TRUE
3IWUUUCN,Elease Gluck,GTX Pro,Unknown Account,Engaging,2017-05-24,NA,NA,TRUE,FALSE
POXC3DA1,Garret Kinder,GTX Plus Pro,Kinnamplus,Lost,2017-05-24,2017-09-21,0,FALSE,TRUE
KMGXUADZ,Gladys Colclough,GTX Pro,Rundofase,Won,2017-05-24,2017-08-06,5109,FALSE,TRUE
K7TV5UBZ,James Ascencio,GTX Plus Pro,Unknown Account,Engaging,2017-05-24,NA,NA,TRUE,FALSE
X5IZZ69D,James Ascencio,GTX Basic,Doncon,Lost,2017-05-24,2017-06-20,0,FALSE,TRUE
X58FLJ8K,James Ascencio,GTX Plus Pro,Lexiqvolax,Won,2017-05-24,2017-09-18,5190,FALSE,TRUE
IDBXD4OU,Kary Hendrixson,GTX Basic,Scotfind,Lost,2017-05-24,2017-08-22,0,FALSE,TRUE
TDNJDFU6,Kary Hendrixson,GTX Pro,Zoomit,Lost,2017-05-24,2017-08-13,0,FALSE,TRUE
KIMUGBN5,Lajuana Vencill,MG Advanced,Dontechi,Lost,2017-05-24,2017-08-14,0,FALSE,TRUE
4G0X8VHP,Markita Hansen,MG Advanced,Y-corporation,Engaging,2017-05-24,NA,NA,FALSE,FALSE
6BIZ2MB6,Maureen Marcano,MG Special,Unknown Account,Engaging,2017-05-24,NA,NA,TRUE,FALSE
7U81B9AQ,Maureen Marcano,GTX Plus Basic,Goodsilron,Won,2017-05-24,2017-09-27,940,FALSE,TRUE
WGSS08LF,Niesha Huffines,GTX Pro,dambase,Lost,2017-05-24,2017-08-26,0,FALSE,TRUE
WC8KQJV9,Rosalina Dieter,GTX Basic,Goodsilron,Won,2017-05-24,2017-08-06,647,FALSE,TRUE
FENOSL5C,Vicki Laflamme,GTX Plus Pro,Condax,Won,2017-05-24,2017-08-17,6206,FALSE,TRUE
PQ3CLZ2N,Violet Mclelland,MG Advanced,Massive Dynamic,Won,2017-05-24,2017-09-10,3158,FALSE,TRUE
N4ZJ2PJT,Wilburn Farren,MG Advanced,Donware,Won,2017-05-24,2017-08-19,2699,FALSE,TRUE
32A5TJ6D,Anna Snelling,MG Special,Domzoom,Lost,2017-05-25,2017-08-13,0,FALSE,TRUE
HZCF65PU,Boris Faz,GTX Plus Basic,Plussunin,Won,2017-05-25,2017-08-04,1302,FALSE,TRUE
TCTLOMKP,Cassey Cress,MG Advanced,Bioplex,Won,2017-05-25,2017-06-27,2993,FALSE,TRUE
O0NCMYX9,Cecily Lampkin,GTX Basic,Betatech,Won,2017-05-25,2017-06-05,460,FALSE,TRUE
0STR2QEA,Corliss Cosme,GTX Plus Pro,Inity,Engaging,2017-05-25,NA,NA,FALSE,FALSE
HELQUZNO,Corliss Cosme,GTX Basic,Konex,Won,2017-05-25,2017-09-25,616,FALSE,TRUE
V7DHDF8V,Darcel Schlecht,MG Advanced,Scottech,Lost,2017-05-25,2017-08-07,0,FALSE,TRUE
A3OROHUS,Darcel Schlecht,GTX Pro,Globex Corporation,Won,2017-05-25,2017-08-14,4270,FALSE,TRUE
CXYWGOPF,Donn Cantrell,GTX Pro,Ontomedia,Lost,2017-05-25,2017-08-21,0,FALSE,TRUE
DLQTM07N,Gladys Colclough,GTX Pro,Treequote,Won,2017-05-25,2017-08-22,4787,FALSE,TRUE
Y2EC6KYG,Hayden Neloms,MG Advanced,Unknown Account,Engaging,2017-05-25,NA,NA,TRUE,FALSE
SUXDAQNV,Jonathan Berthelot,GTX Basic,Statholdings,Lost,2017-05-25,2017-08-28,0,FALSE,TRUE
ZT2NKCV5,Jonathan Berthelot,MG Special,Hottechi,Won,2017-05-25,2017-05-31,55,FALSE,TRUE
I4YPNNTU,Jonathan Berthelot,MG Advanced,Funholding,Won,2017-05-25,2017-08-09,3808,FALSE,TRUE
2PI827MA,Kary Hendrixson,GTX Pro,Unknown Account,Engaging,2017-05-25,NA,NA,TRUE,FALSE
KOYW9WIV,Lajuana Vencill,GTX Basic,Rundofase,Won,2017-05-25,2017-09-23,483,FALSE,TRUE
JRAAPD3L,Lajuana Vencill,MG Advanced,Warephase,Won,2017-05-25,2017-09-16,3727,FALSE,TRUE
21JDZDNJ,Markita Hansen,GTX Pro,Faxquote,Won,2017-05-25,2017-08-14,4738,FALSE,TRUE
EP0H3SJO,Marty Freudenburg,GTX Plus Basic,Ron-tech,Won,2017-05-25,2017-08-04,1275,FALSE,TRUE
GIP11NY3,Marty Freudenburg,MG Advanced,Treequote,Won,2017-05-25,2017-08-19,3428,FALSE,TRUE
7X1D49TU,Moses Frase,MG Special,Conecom,Lost,2017-05-25,2017-09-11,0,FALSE,TRUE
PDXFONE0,Reed Clapper,GTX Pro,Mathtouch,Won,2017-05-25,2017-06-07,5420,FALSE,TRUE
77WSI0TH,Rosalina Dieter,MG Special,Dalttechnology,Lost,2017-05-25,2017-08-28,0,FALSE,TRUE
DJDVV89L,Versie Hillebrand,MG Special,Dontechi,Won,2017-05-25,2017-06-11,59,FALSE,TRUE
ZK4S74FD,Vicki Laflamme,GTX Plus Pro,Singletechno,Engaging,2017-05-25,NA,NA,FALSE,FALSE
E5V4WT18,Vicki Laflamme,MG Special,Genco Pura Olive Oil Company,Engaging,2017-05-25,NA,NA,FALSE,FALSE
CYSF0YQN,Anna Snelling,GTX Plus Basic,Dontechi,Lost,2017-05-26,2017-08-15,0,FALSE,TRUE
HEK08UMI,Anna Snelling,MG Advanced,Rangreen,Lost,2017-05-26,2017-08-19,0,FALSE,TRUE
7AXR8U55,Boris Faz,MG Advanced,Unknown Account,Engaging,2017-05-26,NA,NA,TRUE,FALSE
GRRY4DQR,Boris Faz,GTX Basic,Silis,Won,2017-05-26,2017-09-15,561,FALSE,TRUE
S3JAC8GQ,Boris Faz,GTX Plus Basic,Zathunicon,Won,2017-05-26,2017-08-10,1354,FALSE,TRUE
E3JP7HCX,Cassey Cress,MG Special,The New York Inquirer,Won,2017-05-26,2017-09-18,44,FALSE,TRUE
FF5G00YD,Corliss Cosme,GTX Basic,Mathtouch,Won,2017-05-26,2017-09-18,560,FALSE,TRUE
5975TDTI,Corliss Cosme,GTX Pro,Donquadtech,Won,2017-05-26,2017-06-09,5324,FALSE,TRUE
7X0T2QOL,Hayden Neloms,MG Advanced,Unknown Account,Engaging,2017-05-26,NA,NA,TRUE,FALSE
7KKFQ7LX,Hayden Neloms,MG Advanced,Unknown Account,Engaging,2017-05-26,NA,NA,TRUE,FALSE
IBZI95HI,James Ascencio,GTX Plus Basic,Zoomit,Engaging,2017-05-26,NA,NA,FALSE,FALSE
3ATYY665,Kami Bicknell,GTX Pro,Conecom,Engaging,2017-05-26,NA,NA,FALSE,FALSE
GZU4ZSFE,Kami Bicknell,GTX Pro,Faxquote,Won,2017-05-26,2017-09-23,4924,FALSE,TRUE
E4KL4NGF,Kary Hendrixson,GTX Basic,Golddex,Won,2017-05-26,2017-08-07,571,FALSE,TRUE
QCH2R1VO,Kary Hendrixson,MG Advanced,Konex,Won,2017-05-26,2017-08-12,4022,FALSE,TRUE
SH6F6COK,Lajuana Vencill,GTX Basic,Rundofase,Lost,2017-05-26,2017-08-12,0,FALSE,TRUE
KOJ4SQ1T,Maureen Marcano,MG Special,Groovestreet,Lost,2017-05-26,2017-08-22,0,FALSE,TRUE
DMUQAWQH,Maureen Marcano,GTX Plus Basic,Faxquote,Won,2017-05-26,2017-06-12,1030,FALSE,TRUE
C2RL3DUQ,Moses Frase,MG Advanced,Bioholding,Lost,2017-05-26,2017-08-09,0,FALSE,TRUE
2LTS2CL8,Niesha Huffines,MG Special,Streethex,Lost,2017-05-26,2017-05-31,0,FALSE,TRUE
113O9JCA,Versie Hillebrand,MG Special,Codehow,Lost,2017-05-26,2017-09-09,0,FALSE,TRUE
54XWHO19,Vicki Laflamme,GTX Basic,Hatfan,Lost,2017-05-26,2017-08-03,0,FALSE,TRUE
09RN3MHV,Vicki Laflamme,GTX Pro,Kan-code,Won,2017-05-26,2017-09-21,5074,FALSE,TRUE
EPSIB2JR,Violet Mclelland,MG Special,Zoomit,Engaging,2017-05-26,NA,NA,FALSE,FALSE
YW14K7PE,Wilburn Farren,GTX Plus Pro,Vehement Capital Partners,Won,2017-05-26,2017-09-23,5198,FALSE,TRUE
G1L2YY5P,Zane Levy,GTX Basic,Unknown Account,Engaging,2017-05-26,NA,NA,TRUE,FALSE
9UYUV724,Zane Levy,GTX Plus Pro,Faxquote,Lost,2017-05-26,2017-09-06,0,FALSE,TRUE
UZI6MKVR,Anna Snelling,MG Special,Betatech,Lost,2017-05-27,2017-08-24,0,FALSE,TRUE
N1H9ILZ9,Anna Snelling,GTX Basic,Conecom,Won,2017-05-27,2017-09-03,576,FALSE,TRUE
V8RYC18P,Anna Snelling,MG Special,Stanredtax,Won,2017-05-27,2017-08-21,57,FALSE,TRUE
5OQELHMF,Cassey Cress,GTX Pro,Konex,Lost,2017-05-27,2017-08-14,0,FALSE,TRUE
NCF4DT7H,Cecily Lampkin,MG Advanced,Condax,Lost,2017-05-27,2017-06-05,0,FALSE,TRUE
DC2JL47C,Daniell Hammack,GTX Pro,Dontechi,Engaging,2017-05-27,NA,NA,FALSE,FALSE
GMN9KQN2,Daniell Hammack,GTX Pro,Unknown Account,Engaging,2017-05-27,NA,NA,TRUE,FALSE
L9WWFYQW,Darcel Schlecht,GTX Pro,Codehow,Lost,2017-05-27,2017-08-18,0,FALSE,TRUE
AR2T4LAR,Darcel Schlecht,GTX Pro,Scottech,Won,2017-05-27,2017-08-22,4432,FALSE,TRUE
GPC8PLM7,Donn Cantrell,GTX Basic,Kinnamplus,Won,2017-05-27,2017-09-02,481,FALSE,TRUE
YA822MOB,James Ascencio,GTX Plus Pro,Y-corporation,Lost,2017-05-27,2017-08-22,0,FALSE,TRUE
JBCQ1ODR,James Ascencio,GTX Pro,Newex,Won,2017-05-27,2017-08-28,5293,FALSE,TRUE
M26BSX5S,Jonathan Berthelot,GTX Pro,Codehow,Lost,2017-05-27,2017-08-06,0,FALSE,TRUE
PLYYX5CD,Jonathan Berthelot,GTX Plus Pro,Hottechi,Won,2017-05-27,2017-08-17,5769,FALSE,TRUE
JP2EY6QU,Jonathan Berthelot,GTX Pro,Globex Corporation,Won,2017-05-27,2017-09-02,4929,FALSE,TRUE
48INT6OA,Jonathan Berthelot,GTX Pro,Rundofase,Won,2017-05-27,2017-08-05,4924,FALSE,TRUE
EVDMSM4N,Kami Bicknell,GTX Plus Basic,Blackzim,Lost,2017-05-27,2017-08-14,0,FALSE,TRUE
9FH4OP4U,Kary Hendrixson,GTX Plus Pro,Faxquote,Won,2017-05-27,2017-08-04,5312,FALSE,TRUE
N128I4H8,Kary Hendrixson,MG Special,Nam-zim,Won,2017-05-27,2017-06-07,66,FALSE,TRUE
8NKLCSES,Marty Freudenburg,GTX Plus Basic,Toughzap,Won,2017-05-27,2017-06-18,1115,FALSE,TRUE
1ZMWMU21,Marty Freudenburg,MG Advanced,Conecom,Won,2017-05-27,2017-08-23,3407,FALSE,TRUE
R617R51D,Niesha Huffines,GTX Basic,Cancity,Won,2017-05-27,2017-09-03,540,FALSE,TRUE
W8E2YLNY,Reed Clapper,GTX Plus Basic,Acme Corporation,Won,2017-05-27,2017-09-04,1095,FALSE,TRUE
TX9VFL4J,Reed Clapper,GTX Plus Basic,Silis,Won,2017-05-27,2017-08-23,1019,FALSE,TRUE
5ELX1QYM,Vicki Laflamme,GTX Plus Basic,Green-Plus,Lost,2017-05-27,2017-05-30,0,FALSE,TRUE
RTQVKK41,Vicki Laflamme,GTX Pro,Scotfind,Lost,2017-05-27,2017-08-17,0,FALSE,TRUE
9DEDEQ5O,Vicki Laflamme,GTX Pro,Green-Plus,Won,2017-05-27,2017-09-14,4477,FALSE,TRUE
Z8JLMCOM,Vicki Laflamme,GTX Pro,Hatfan,Won,2017-05-27,2017-06-02,4644,FALSE,TRUE
1O58TWRZ,Anna Snelling,GTX Basic,Finhigh,Lost,2017-05-28,2017-08-20,0,FALSE,TRUE
RHOZIG9P,Anna Snelling,GTX Plus Basic,Cancity,Lost,2017-05-28,2017-06-13,0,FALSE,TRUE
VXTVHC1Z,Boris Faz,GTX Plus Pro,Unknown Account,Engaging,2017-05-28,NA,NA,TRUE,FALSE
52Q1PYGW,Boris Faz,GTX Plus Basic,Zotware,Won,2017-05-28,2017-06-08,940,FALSE,TRUE
56ZJUSNG,Daniell Hammack,GTX Pro,Acme Corporation,Won,2017-05-28,2017-06-07,5378,FALSE,TRUE
Y92RU9V8,Daniell Hammack,GTX Pro,Kan-code,Won,2017-05-28,2017-06-15,4712,FALSE,TRUE
SXV6VZVC,Darcel Schlecht,GTX Plus Basic,Bioholding,Won,2017-05-28,2017-08-25,1118,FALSE,TRUE
BGY307FC,Donn Cantrell,GTX Plus Pro,Ganjaflex,Won,2017-05-28,2017-08-11,5695,FALSE,TRUE
BAN0BVHW,Donn Cantrell,GTX Pro,Yearin,Won,2017-05-28,2017-08-05,4462,FALSE,TRUE
GV9G96Z1,Garret Kinder,GTX Pro,Plussunin,Lost,2017-05-28,2017-08-30,0,FALSE,TRUE
Z75R686C,Hayden Neloms,MG Advanced,Singletechno,Won,2017-05-28,2017-08-28,3701,FALSE,TRUE
BO1ZOZG2,Kary Hendrixson,GTX Plus Basic,Ontomedia,Engaging,2017-05-28,NA,NA,FALSE,FALSE
OERROEPM,Markita Hansen,GTX Basic,Unknown Account,Engaging,2017-05-28,NA,NA,TRUE,FALSE
12GLKKV4,Markita Hansen,GTX Plus Basic,J-Texon,Won,2017-05-28,2017-06-08,941,FALSE,TRUE
VDD7H92Q,Maureen Marcano,GTX Plus Basic,Hatfan,Won,2017-05-28,2017-06-05,1171,FALSE,TRUE
83JP1K4E,Rosalina Dieter,GTK 500,Rantouch,Won,2017-05-28,2017-08-28,24899,FALSE,TRUE
ME3H0RUJ,Rosalina Dieter,MG Advanced,Rantouch,Won,2017-05-28,2017-09-21,3418,FALSE,TRUE
W8E76HJG,Vicki Laflamme,GTX Basic,Hottechi,Won,2017-05-28,2017-06-08,537,FALSE,TRUE
MWSPTOQK,Zane Levy,GTX Pro,Unknown Account,Engaging,2017-05-28,NA,NA,TRUE,FALSE
IMB2N710,Zane Levy,GTX Plus Basic,Rantouch,Won,2017-05-28,2017-08-04,1053,FALSE,TRUE
OJBBZHM4,Anna Snelling,GTX Basic,Genco Pura Olive Oil Company,Won,2017-05-29,2017-06-11,497,FALSE,TRUE
2PQORQGO,Boris Faz,GTX Plus Pro,Zencorporation,Won,2017-05-29,2017-09-13,5714,FALSE,TRUE
I3RW4OMF,Cecily Lampkin,GTX Basic,Bioholding,Won,2017-05-29,2017-08-29,611,FALSE,TRUE
RY6T3GLC,Corliss Cosme,GTX Pro,Zathunicon,Engaging,2017-05-29,NA,NA,FALSE,FALSE
LG8ZAMCB,Corliss Cosme,GTX Pro,Opentech,Won,2017-05-29,2017-06-11,5642,FALSE,TRUE
XJ8UTM6B,Corliss Cosme,GTX Pro,Umbrella Corporation,Won,2017-05-29,2017-06-11,5081,FALSE,TRUE
CVGTFBZE,Darcel Schlecht,GTX Pro,Cancity,Won,2017-05-29,2017-08-02,3985,FALSE,TRUE
RW02HG5P,Donn Cantrell,MG Advanced,Bluth Company,Won,2017-05-29,2017-06-11,3313,FALSE,TRUE
7W8CQJ2Z,Elease Gluck,MG Advanced,Plexzap,Won,2017-05-29,2017-06-11,3850,FALSE,TRUE
M03IHS3P,Gladys Colclough,GTX Plus Basic,Scottech,Won,2017-05-29,2017-08-06,917,FALSE,TRUE
GX3SHSEA,Gladys Colclough,MG Special,Streethex,Won,2017-05-29,2017-08-08,56,FALSE,TRUE
8G3HB5S6,James Ascencio,GTX Basic,Unknown Account,Engaging,2017-05-29,NA,NA,TRUE,FALSE
9KTHISLX,James Ascencio,MG Advanced,Lexiqvolax,Lost,2017-05-29,2017-08-18,0,FALSE,TRUE
Q808L4HZ,James Ascencio,GTX Pro,Newex,Won,2017-05-29,2017-08-07,5194,FALSE,TRUE
IWQP4M72,Jonathan Berthelot,GTX Plus Basic,Bioholding,Lost,2017-05-29,2017-08-29,0,FALSE,TRUE
MPME6VZD,Kami Bicknell,GTX Plus Basic,Dontechi,Engaging,2017-05-29,NA,NA,FALSE,FALSE
EUYJDW9C,Kary Hendrixson,GTX Pro,Unknown Account,Engaging,2017-05-29,NA,NA,TRUE,FALSE
3GOXMQPF,Kary Hendrixson,GTX Plus Basic,Golddex,Won,2017-05-29,2017-08-17,1002,FALSE,TRUE
1WZ5N86Q,Kary Hendrixson,GTX Plus Pro,Hottechi,Won,2017-05-29,2017-08-17,6042,FALSE,TRUE
C3QK8M7F,Markita Hansen,GTX Plus Pro,Sonron,Won,2017-05-29,2017-06-15,4423,FALSE,TRUE
9BXXDYH9,Markita Hansen,MG Special,Groovestreet,Won,2017-05-29,2017-08-18,45,FALSE,TRUE
YRTI0EKE,Rosalina Dieter,GTX Basic,Unknown Account,Engaging,2017-05-29,NA,NA,TRUE,FALSE
4X3H9YD5,Rosalina Dieter,GTK 500,Kan-code,Won,2017-05-29,2017-08-29,25791,FALSE,TRUE
K83L4L0I,Rosie Papadopoulos,MG Advanced,Mathtouch,Won,2017-05-29,2017-06-17,2918,FALSE,TRUE
E9C7WXQL,Versie Hillebrand,GTX Plus Basic,Streethex,Won,2017-05-29,2017-09-19,959,FALSE,TRUE
UMXZFLO8,Zane Levy,GTX Pro,Unknown Account,Engaging,2017-05-29,NA,NA,TRUE,FALSE
AAVJHH3M,Zane Levy,GTX Pro,Green-Plus,Won,2017-05-29,2017-06-06,5532,FALSE,TRUE
NEVHU7GV,Boris Faz,GTX Plus Basic,Ontomedia,Lost,2017-05-30,2017-08-07,0,FALSE,TRUE
POLWB0UX,Corliss Cosme,GTX Pro,Xx-zobam,Won,2017-05-30,2017-06-06,4687,FALSE,TRUE
ZSHK2ZXD,Darcel Schlecht,GTX Basic,dambase,Won,2017-05-30,2017-06-21,602,FALSE,TRUE
PF7GFMLQ,Donn Cantrell,GTX Basic,Condax,Won,2017-05-30,2017-08-10,595,FALSE,TRUE
LKMZWCKQ,Gladys Colclough,GTX Pro,Funholding,Lost,2017-05-30,2017-09-06,0,FALSE,TRUE
3D6ZHLF0,Kami Bicknell,GTX Basic,Zoomit,Lost,2017-05-30,2017-08-05,0,FALSE,TRUE
3R8PJCCW,Kary Hendrixson,MG Advanced,Blackzim,Won,2017-05-30,2017-09-03,2868,FALSE,TRUE
CPWTJ2WC,Marty Freudenburg,MG Advanced,Finhigh,Won,2017-05-30,2017-06-03,3236,FALSE,TRUE
QZLWUJEJ,Reed Clapper,GTX Pro,Ganjaflex,Lost,2017-05-30,2017-05-31,0,FALSE,TRUE
NDVZAHYA,Vicki Laflamme,GTX Basic,Golddex,Won,2017-05-30,2017-08-15,524,FALSE,TRUE
1R8VKE8O,Vicki Laflamme,GTX Plus Pro,Golddex,Won,2017-05-30,2017-08-15,5631,FALSE,TRUE
QNVW1NSS,Wilburn Farren,MG Advanced,Unknown Account,Engaging,2017-05-30,NA,NA,TRUE,FALSE
LNX7ULEG,Zane Levy,GTX Plus Pro,Sonron,Won,2017-05-30,2017-08-22,5572,FALSE,TRUE
42N0IWF8,Zane Levy,GTX Pro,Condax,Won,2017-05-30,2017-06-05,5644,FALSE,TRUE
N60TC14O,Cecily Lampkin,GTX Plus Pro,Zumgoity,Lost,2017-05-31,2017-08-05,0,FALSE,TRUE
V6YYDG56,Daniell Hammack,GTX Plus Pro,Donquadtech,Lost,2017-05-31,2017-06-16,0,FALSE,TRUE
S1AU0IZX,Darcel Schlecht,GTX Pro,Inity,Won,2017-05-31,2017-06-04,4192,FALSE,TRUE
GFXKHCEM,Elease Gluck,MG Special,Fasehatice,Lost,2017-05-31,2017-09-05,0,FALSE,TRUE
YH2NHVXC,Elease Gluck,MG Advanced,Blackzim,Lost,2017-05-31,2017-08-26,0,FALSE,TRUE
JSNPH01N,Elease Gluck,MG Special,Sonron,Won,2017-05-31,2017-06-10,56,FALSE,TRUE
CQDULMXS,Garret Kinder,GTX Basic,Gekko & Co,Won,2017-05-31,2017-08-05,607,FALSE,TRUE
VKM187MX,Gladys Colclough,MG Special,Condax,Won,2017-05-31,2017-06-09,48,FALSE,TRUE
GIPPUV2F,Hayden Neloms,GTX Plus Basic,Nam-zim,Engaging,2017-05-31,NA,NA,FALSE,FALSE
4IUJNFPF,James Ascencio,GTX Basic,Singletechno,Lost,2017-05-31,2017-08-18,0,FALSE,TRUE
ZE7PM90V,James Ascencio,GTX Basic,Blackzim,Won,2017-05-31,2017-08-23,570,FALSE,TRUE
CAAYFKK8,James Ascencio,GTX Plus Basic,Singletechno,Won,2017-05-31,2017-06-04,1056,FALSE,TRUE
HTBPSC2D,Kami Bicknell,GTX Basic,Unknown Account,Engaging,2017-05-31,NA,NA,TRUE,FALSE
NQZNAEYQ,Kami Bicknell,GTX Basic,Lexiqvolax,Won,2017-05-31,2017-09-03,560,FALSE,TRUE
J47DPNB5,Kary Hendrixson,GTX Plus Pro,Plexzap,Lost,2017-05-31,2017-08-03,0,FALSE,TRUE
37B8ES7X,Kary Hendrixson,GTX Basic,Groovestreet,Won,2017-05-31,2017-06-21,588,FALSE,TRUE
KYABDCKE,Kary Hendrixson,GTX Pro,Y-corporation,Won,2017-05-31,2017-09-02,4356,FALSE,TRUE
3CP9VXC1,Kary Hendrixson,MG Special,Labdrill,Won,2017-05-31,2017-08-15,69,FALSE,TRUE
9XGT3451,Lajuana Vencill,GTX Basic,Rangreen,Won,2017-05-31,2017-08-02,505,FALSE,TRUE
AG0H8IAZ,Markita Hansen,GTX Basic,Sonron,Won,2017-05-31,2017-09-23,510,FALSE,TRUE
28FTXKAB,Markita Hansen,MG Advanced,Zoomit,Won,2017-05-31,2017-09-23,3722,FALSE,TRUE
SIBR2J01,Maureen Marcano,MG Special,Unknown Account,Engaging,2017-05-31,NA,NA,TRUE,FALSE
ROUOR5L0,Maureen Marcano,GTX Plus Basic,Finjob,Won,2017-05-31,2017-08-02,1145,FALSE,TRUE
QPMZ5RG0,Moses Frase,MG Special,Streethex,Won,2017-05-31,2017-08-27,53,FALSE,TRUE
2PMIYAFN,Reed Clapper,GTX Plus Basic,Kan-code,Won,2017-05-31,2017-06-15,1120,FALSE,TRUE
CRWE8FRT,Reed Clapper,MG Advanced,Initech,Won,2017-05-31,2017-09-22,3404,FALSE,TRUE
FC1LS6PY,Versie Hillebrand,MG Advanced,Zumgoity,Lost,2017-05-31,2017-06-08,0,FALSE,TRUE
6FI9HAX7,Versie Hillebrand,MG Special,Ron-tech,Won,2017-05-31,2017-06-13,46,FALSE,TRUE
JL86Q0B4,Wilburn Farren,MG Special,The New York Inquirer,Won,2017-05-31,2017-06-14,53,FALSE,TRUE
Y2A8EUBM,Zane Levy,GTX Basic,Singletechno,Lost,2017-05-31,2017-08-20,0,FALSE,TRUE
C2MKJA8V,Zane Levy,GTX Pro,Condax,Won,2017-05-31,2017-06-05,4988,FALSE,TRUE
IJ4Y77D9,Zane Levy,MG Special,Rantouch,Won,2017-05-31,2017-08-12,53,FALSE,TRUE
CGCPVYNI,Anna Snelling,GTX Basic,Isdom,Won,2017-06-01,2017-06-08,523,FALSE,TRUE
ST8ZOXKI,Anna Snelling,MG Special,Hottechi,Won,2017-06-01,2017-06-11,63,FALSE,TRUE
P07OGZ3F,Anna Snelling,MG Special,Stanredtax,Won,2017-06-01,2017-08-28,54,FALSE,TRUE
0DLEXLEV,Boris Faz,GTX Plus Pro,Yearin,Won,2017-06-01,2017-09-07,6117,FALSE,TRUE
27UN3UX8,Cassey Cress,GTX Plus Pro,Ontomedia,Won,2017-06-01,2017-06-09,5112,FALSE,TRUE
NR5D7201,Corliss Cosme,MG Advanced,Kan-code,Won,2017-06-01,2017-09-03,3527,FALSE,TRUE
UGTXH980,Daniell Hammack,GTX Pro,Unknown Account,Engaging,2017-06-01,NA,NA,TRUE,FALSE
LKBS2IJC,Darcel Schlecht,GTX Plus Pro,Konmatfix,Lost,2017-06-01,2017-06-11,0,FALSE,TRUE
MFO940S8,Darcel Schlecht,MG Special,Finhigh,Lost,2017-06-01,2017-08-24,0,FALSE,TRUE
5O0597PP,Darcel Schlecht,MG Advanced,Warephase,Lost,2017-06-01,2017-08-07,0,FALSE,TRUE
C4FEG98K,Darcel Schlecht,GTX Basic,Inity,Won,2017-06-01,2017-06-14,565,FALSE,TRUE
EKH5O1HH,Darcel Schlecht,MG Advanced,Ron-tech,Won,2017-06-01,2017-06-09,3771,FALSE,TRUE
BZ9C1LQT,Elease Gluck,MG Advanced,Fasehatice,Lost,2017-06-01,2017-08-09,0,FALSE,TRUE
ZT6D57ED,Gladys Colclough,GTX Plus Pro,Scottech,Won,2017-06-01,2017-09-02,6274,FALSE,TRUE
NKERMTB8,Hayden Neloms,MG Advanced,Plexzap,Lost,2017-06-01,2017-08-03,0,FALSE,TRUE
Q67320CY,Hayden Neloms,MG Advanced,Sunnamplex,Won,2017-06-01,2017-08-17,3480,FALSE,TRUE
K5NFTQRI,James Ascencio,GTX Plus Pro,Fasehatice,Won,2017-06-01,2017-08-16,5770,FALSE,TRUE
IJ7B896N,Kary Hendrixson,MG Advanced,Hottechi,Lost,2017-06-01,2017-09-12,0,FALSE,TRUE
8KBVRQHD,Lajuana Vencill,GTX Plus Pro,Statholdings,Lost,2017-06-01,2017-08-29,0,FALSE,TRUE
AGZ87JFX,Moses Frase,GTX Basic,Rangreen,Lost,2017-06-01,2017-08-01,0,FALSE,TRUE
OBGCQ1BK,Niesha Huffines,GTX Basic,Domzoom,Lost,2017-06-01,2017-09-21,0,FALSE,TRUE
K05LLUU4,Niesha Huffines,GTX Basic,Ron-tech,Lost,2017-06-01,2017-09-25,0,FALSE,TRUE
9WISPXZW,Reed Clapper,GTX Basic,Konex,Won,2017-06-01,2017-06-12,562,FALSE,TRUE
ZTVWSE98,Rosalina Dieter,MG Special,Unknown Account,Engaging,2017-06-01,NA,NA,TRUE,FALSE
4ZGA57SX,Rosie Papadopoulos,GTX Pro,Mathtouch,Won,2017-06-01,2017-08-03,4686,FALSE,TRUE
6ONKN1IM,Vicki Laflamme,MG Advanced,Newex,Lost,2017-06-01,2017-08-22,0,FALSE,TRUE
JVIIWJDL,Violet Mclelland,MG Special,Opentech,Won,2017-06-01,2017-09-02,38,FALSE,TRUE
W8M8XI8Y,Zane Levy,MG Advanced,Finjob,Won,2017-06-01,2017-08-05,3184,FALSE,TRUE
MELHF0ZP,Anna Snelling,GTX Plus Pro,Rundofase,Won,2017-06-02,2017-09-17,5373,FALSE,TRUE
6SV2WYK4,Boris Faz,GTX Plus Basic,Bluth Company,Won,2017-06-02,2017-09-05,1239,FALSE,TRUE
SPV7OJTH,Cassey Cress,MG Advanced,Unknown Account,Engaging,2017-06-02,NA,NA,TRUE,FALSE
6JEAYHOE,Cecily Lampkin,MG Advanced,Isdom,Lost,2017-06-02,2017-06-18,0,FALSE,TRUE
IKQSEYPT,Cecily Lampkin,MG Special,Streethex,Won,2017-06-02,2017-06-12,52,FALSE,TRUE
ZN0FWO0L,Corliss Cosme,GTX Basic,Ganjaflex,Won,2017-06-02,2017-09-19,651,FALSE,TRUE
CPL37MZC,Darcel Schlecht,GTX Plus Pro,dambase,Won,2017-06-02,2017-08-02,6026,FALSE,TRUE
N7G1TU1X,James Ascencio,MG Advanced,Unknown Account,Engaging,2017-06-02,NA,NA,TRUE,FALSE
GM68OLDH,James Ascencio,GTX Plus Pro,Green-Plus,Won,2017-06-02,2017-09-05,5569,FALSE,TRUE
W604BPPE,Jonathan Berthelot,GTX Basic,Dontechi,Lost,2017-06-02,2017-08-25,0,FALSE,TRUE
GIJ14130,Jonathan Berthelot,GTX Basic,Hottechi,Won,2017-06-02,2017-09-04,519,FALSE,TRUE
CUA83384,Kami Bicknell,GTX Basic,Scotfind,Won,2017-06-02,2017-09-05,558,FALSE,TRUE
ZGQI86AQ,Kary Hendrixson,GTX Basic,Sonron,Won,2017-06-02,2017-09-05,523,FALSE,TRUE
L8NLCWFS,Kary Hendrixson,GTX Pro,Scotfind,Won,2017-06-02,2017-08-20,4869,FALSE,TRUE
UPHLXZ3M,Lajuana Vencill,MG Special,Funholding,Lost,2017-06-02,2017-08-02,0,FALSE,TRUE
JDFQYP5L,Lajuana Vencill,GTX Basic,Stanredtax,Won,2017-06-02,2017-08-09,588,FALSE,TRUE
06AIY3IS,Marty Freudenburg,GTX Plus Pro,Condax,Won,2017-06-02,2017-08-21,5712,FALSE,TRUE
4LQAN2JX,Maureen Marcano,GTX Plus Basic,Golddex,Won,2017-06-02,2017-08-29,1046,FALSE,TRUE
84QGC91P,Maureen Marcano,MG Special,Singletechno,Won,2017-06-02,2017-08-17,54,FALSE,TRUE
98MASV7P,Reed Clapper,GTX Pro,Xx-zobam,Won,2017-06-02,2017-08-12,4933,FALSE,TRUE
QFBBRJL5,Reed Clapper,MG Special,Umbrella Corporation,Won,2017-06-02,2017-09-26,60,FALSE,TRUE
CUV49MUR,Violet Mclelland,GTX Pro,Zathunicon,Engaging,2017-06-02,NA,NA,FALSE,FALSE
XCGW5K0N,Violet Mclelland,GTX Basic,Silis,Won,2017-06-02,2017-09-12,572,FALSE,TRUE
UUF8Z53N,Violet Mclelland,MG Special,Condax,Won,2017-06-02,2017-08-30,55,FALSE,TRUE
J6MIKNYJ,Violet Mclelland,MG Special,Xx-zobam,Won,2017-06-02,2017-08-22,51,FALSE,TRUE
3W4AWYSK,Cassey Cress,GTX Plus Pro,Vehement Capital Partners,Lost,2017-06-03,2017-08-24,0,FALSE,TRUE
VBN5T6F8,Cassey Cress,MG Special,Opentech,Won,2017-06-03,2017-08-31,59,FALSE,TRUE
W1J3L0EU,Daniell Hammack,GTX Pro,Betasoloin,Won,2017-06-03,2017-06-06,4492,FALSE,TRUE
45CMXP2K,Darcel Schlecht,GTX Basic,Treequote,Lost,2017-06-03,2017-08-03,0,FALSE,TRUE
6OJAC85F,Darcel Schlecht,GTX Pro,Codehow,Lost,2017-06-03,2017-08-29,0,FALSE,TRUE
K94WM7M4,Donn Cantrell,MG Advanced,Zathunicon,Lost,2017-06-03,2017-08-27,0,FALSE,TRUE
31KRB7R2,James Ascencio,GTX Basic,Plexzap,Lost,2017-06-03,2017-08-12,0,FALSE,TRUE
5PG1KSKD,James Ascencio,GTX Pro,Fasehatice,Lost,2017-06-03,2017-08-06,0,FALSE,TRUE
LDAXEBR0,Jonathan Berthelot,GTX Basic,Treequote,Won,2017-06-03,2017-06-22,639,FALSE,TRUE
NGTMVX1C,Jonathan Berthelot,GTX Plus Basic,Globex Corporation,Won,2017-06-03,2017-06-21,1040,FALSE,TRUE
SFBHZLHK,Jonathan Berthelot,GTX Pro,Finhigh,Won,2017-06-03,2017-09-12,4138,FALSE,TRUE
7VMOJBPN,Kami Bicknell,GTX Pro,Faxquote,Engaging,2017-06-03,NA,NA,FALSE,FALSE
13PPMGNM,Kami Bicknell,GTX Plus Basic,Plexzap,Lost,2017-06-03,2017-08-07,0,FALSE,TRUE
6GY8Q8F0,Lajuana Vencill,MG Special,Funholding,Won,2017-06-03,2017-09-23,54,FALSE,TRUE
5JIXFMFY,Lajuana Vencill,MG Advanced,Inity,Won,2017-06-03,2017-09-14,3438,FALSE,TRUE
JBY30BSR,Markita Hansen,GTX Pro,Finjob,Lost,2017-06-03,2017-08-05,0,FALSE,TRUE
69XL3JMB,Marty Freudenburg,GTX Plus Basic,Isdom,Won,2017-06-03,2017-08-05,1017,FALSE,TRUE
YTGQKC7A,Rosalina Dieter,MG Special,Dalttechnology,Engaging,2017-06-03,NA,NA,FALSE,FALSE
DYWMK8OF,Rosalina Dieter,MG Advanced,Singletechno,Won,2017-06-03,2017-09-19,3314,FALSE,TRUE
GG8XQD8Z,Versie Hillebrand,MG Special,Cancity,Lost,2017-06-03,2017-08-12,0,FALSE,TRUE
URT8A7OQ,Versie Hillebrand,MG Special,Rangreen,Won,2017-06-03,2017-08-24,51,FALSE,TRUE
LGO0XF4X,Vicki Laflamme,MG Special,Kan-code,Won,2017-06-03,2017-09-10,50,FALSE,TRUE
Y46OEBEH,Violet Mclelland,MG Special,Zathunicon,Won,2017-06-03,2017-06-09,54,FALSE,TRUE
G54JJCMX,Anna Snelling,GTX Plus Pro,Scottech,Lost,2017-06-04,2017-08-18,0,FALSE,TRUE
BPQ0358T,Anna Snelling,MG Advanced,Rangreen,Lost,2017-06-04,2017-09-16,0,FALSE,TRUE
EPH7L4K0,Boris Faz,GTX Pro,Condax,Lost,2017-06-04,2017-09-05,0,FALSE,TRUE
SMU4542Q,Cecily Lampkin,GTX Plus Basic,Hottechi,Lost,2017-06-04,2017-08-16,0,FALSE,TRUE
E884CL8B,Daniell Hammack,GTX Pro,Ontomedia,Won,2017-06-04,2017-06-17,4942,FALSE,TRUE
4K8N65EM,Donn Cantrell,MG Special,Initech,Lost,2017-06-04,2017-08-06,0,FALSE,TRUE
KVTBYOVD,Donn Cantrell,GTX Pro,Kan-code,Won,2017-06-04,2017-06-14,4612,FALSE,TRUE
ZA6CBQAL,Donn Cantrell,GTX Pro,Zotware,Won,2017-06-04,2017-06-20,4308,FALSE,TRUE
Y6YZXVTF,Donn Cantrell,MG Advanced,Massive Dynamic,Won,2017-06-04,2017-09-04,2876,FALSE,TRUE
SHETLR3T,Gladys Colclough,GTX Plus Pro,Warephase,Won,2017-06-04,2017-08-30,4990,FALSE,TRUE
EL03YRD0,Hayden Neloms,GTX Plus Basic,Scotfind,Lost,2017-06-04,2017-09-29,0,FALSE,TRUE
3KZUBSRU,Hayden Neloms,GTX Plus Basic,Sonron,Won,2017-06-04,2017-09-09,1024,FALSE,TRUE
F8QQEW1W,Kami Bicknell,GTX Plus Basic,Unknown Account,Engaging,2017-06-04,NA,NA,TRUE,FALSE
FA6JQ4V2,Kami Bicknell,MG Special,Lexiqvolax,Won,2017-06-04,2017-09-16,53,FALSE,TRUE
4LXUITP3,Kary Hendrixson,GTX Basic,Unknown Account,Engaging,2017-06-04,NA,NA,TRUE,FALSE
GXC8JN36,Kary Hendrixson,GTX Pro,Unknown Account,Engaging,2017-06-04,NA,NA,TRUE,FALSE
XTE9XJTS,Kary Hendrixson,MG Special,Zencorporation,Engaging,2017-06-04,NA,NA,FALSE,FALSE
N7WUBQR0,Kary Hendrixson,GTX Plus Basic,Singletechno,Lost,2017-06-04,2017-09-17,0,FALSE,TRUE
9KJ89VHI,Kary Hendrixson,GTX Basic,J-Texon,Won,2017-06-04,2017-09-01,525,FALSE,TRUE
N3CN7GCZ,Kary Hendrixson,MG Special,Nam-zim,Won,2017-06-04,2017-08-27,60,FALSE,TRUE
KAHKF9H1,Markita Hansen,GTX Plus Basic,Scotfind,Won,2017-06-04,2017-06-08,967,FALSE,TRUE
P4UJ64QM,Maureen Marcano,GTX Basic,Rantouch,Lost,2017-06-04,2017-08-14,0,FALSE,TRUE
IHF5GR01,Reed Clapper,GTX Basic,Initech,Won,2017-06-04,2017-06-14,524,FALSE,TRUE
81DUFIPO,Rosalina Dieter,MG Special,J-Texon,Won,2017-06-04,2017-09-10,57,FALSE,TRUE
58K44TMD,Rosie Papadopoulos,MG Advanced,Bubba Gump,Lost,2017-06-04,2017-06-20,0,FALSE,TRUE
EEBOSTAA,Versie Hillebrand,GTX Plus Pro,Warephase,Won,2017-06-04,2017-06-13,5056,FALSE,TRUE
9DDHZUZB,Vicki Laflamme,GTX Basic,Konex,Won,2017-06-04,2017-06-08,600,FALSE,TRUE
IWLEND3K,Cassey Cress,GTX Basic,Donware,Won,2017-06-05,2017-09-26,633,FALSE,TRUE
VICY80KW,Cassey Cress,GTX Pro,Vehement Capital Partners,Won,2017-06-05,2017-08-27,4994,FALSE,TRUE
H35AXY3M,Corliss Cosme,GTX Plus Basic,Kan-code,Won,2017-06-05,2017-06-10,899,FALSE,TRUE
1UHFKBP6,Darcel Schlecht,GTX Pro,Scottech,Lost,2017-06-05,2017-08-06,0,FALSE,TRUE
VF7DWQIH,Darcel Schlecht,GTX Plus Pro,dambase,Won,2017-06-05,2017-08-25,5421,FALSE,TRUE
C7NW3JB2,Darcel Schlecht,GTX Pro,Genco Pura Olive Oil Company,Won,2017-06-05,2017-08-23,5223,FALSE,TRUE
SUABQAC0,Darcel Schlecht,GTX Pro,Rundofase,Won,2017-06-05,2017-06-18,4794,FALSE,TRUE
6JWA8DFJ,Darcel Schlecht,GTX Pro,Toughzap,Won,2017-06-05,2017-09-06,4903,FALSE,TRUE
OEBJXZN6,Darcel Schlecht,MG Advanced,Dontechi,Won,2017-06-05,2017-08-13,3625,FALSE,TRUE
QMUBRAT2,Gladys Colclough,GTX Basic,Globex Corporation,Lost,2017-06-05,2017-08-28,0,FALSE,TRUE
W5P1OLUL,Jonathan Berthelot,GTX Basic,Rundofase,Won,2017-06-05,2017-08-03,554,FALSE,TRUE
JP4H1WG4,Kami Bicknell,GTX Basic,Singletechno,Lost,2017-06-05,2017-09-03,0,FALSE,TRUE
580XZTEO,Kami Bicknell,GTX Basic,Sunnamplex,Lost,2017-06-05,2017-06-11,0,FALSE,TRUE
PIFPDJMN,Kary Hendrixson,GTX Basic,Unknown Account,Engaging,2017-06-05,NA,NA,TRUE,FALSE
MASS6JEE,Kary Hendrixson,GTX Pro,Hatfan,Won,2017-06-05,2017-09-05,5039,FALSE,TRUE
XNC9UMYH,Markita Hansen,GTX Plus Basic,Faxquote,Won,2017-06-05,2017-08-30,1169,FALSE,TRUE
AUEAKRQV,Marty Freudenburg,GTX Pro,Toughzap,Won,2017-06-05,2017-09-19,5055,FALSE,TRUE
08Q8A6M9,Marty Freudenburg,MG Special,Scottech,Won,2017-06-05,2017-06-22,60,FALSE,TRUE
6F8IL0XV,Maureen Marcano,GTX Plus Basic,Condax,Lost,2017-06-05,2017-08-27,0,FALSE,TRUE
NTHLG5DT,Maureen Marcano,GTX Basic,Golddex,Won,2017-06-05,2017-09-08,595,FALSE,TRUE
Y5OZ7VOF,Maureen Marcano,MG Advanced,Plexzap,Won,2017-06-05,2017-06-21,3227,FALSE,TRUE
9HLQVY37,Moses Frase,GTX Plus Basic,Konmatfix,Lost,2017-06-05,2017-06-11,0,FALSE,TRUE
8C3LOLPY,Moses Frase,GTX Plus Basic,Ron-tech,Lost,2017-06-05,2017-08-14,0,FALSE,TRUE
QMJHLT1V,Moses Frase,MG Special,Hottechi,Won,2017-06-05,2017-09-20,59,FALSE,TRUE
Q5JU0LZJ,Niesha Huffines,GTX Basic,Inity,Won,2017-06-05,2017-09-26,479,FALSE,TRUE
IRODLEGG,Niesha Huffines,MG Advanced,Globex Corporation,Won,2017-06-05,2017-09-14,3449,FALSE,TRUE
HTA6XLY3,Reed Clapper,MG Special,Massive Dynamic,Won,2017-06-05,2017-09-24,54,FALSE,TRUE
XW7J3TI2,Vicki Laflamme,MG Advanced,Hatfan,Lost,2017-06-05,2017-08-14,0,FALSE,TRUE
1BV5JLZV,Vicki Laflamme,MG Special,Doncon,Won,2017-06-05,2017-09-01,59,FALSE,TRUE
84D18IA1,Violet Mclelland,MG Special,Acme Corporation,Lost,2017-06-05,2017-08-01,0,FALSE,TRUE
7J0ZLDB1,Zane Levy,MG Special,Unknown Account,Engaging,2017-06-05,NA,NA,TRUE,FALSE
41IM8V9E,Zane Levy,GTX Basic,Finjob,Lost,2017-06-05,2017-09-27,0,FALSE,TRUE
NXFAXN16,Anna Snelling,MG Special,Streethex,Won,2017-06-06,2017-09-27,55,FALSE,TRUE
FXXEZ5U2,Cassey Cress,MG Advanced,Initech,Won,2017-06-06,2017-08-09,3042,FALSE,TRUE
3F81XLI7,Corliss Cosme,GTX Pro,Ganjaflex,Won,2017-06-06,2017-08-11,4230,FALSE,TRUE
ID4LC9V5,Daniell Hammack,GTX Plus Basic,Initech,Won,2017-06-06,2017-08-15,979,FALSE,TRUE
IPQFYK0E,Daniell Hammack,GTX Plus Basic,Zotware,Won,2017-06-06,2017-06-17,1064,FALSE,TRUE
UU0F81HS,Daniell Hammack,GTX Pro,Xx-zobam,Won,2017-06-06,2017-08-20,5166,FALSE,TRUE
7SBDZJF4,Donn Cantrell,GTX Plus Basic,Bioplex,Won,2017-06-06,2017-08-23,1036,FALSE,TRUE
7UI7YX03,Elease Gluck,GTX Pro,Hottechi,Won,2017-06-06,2017-08-06,4330,FALSE,TRUE
BNYWSG6W,Gladys Colclough,MG Advanced,Hottechi,Won,2017-06-06,2017-09-13,3598,FALSE,TRUE
RC1YCAEP,James Ascencio,GTX Basic,Goodsilron,Won,2017-06-06,2017-08-16,431,FALSE,TRUE
H6TY7RBJ,Jonathan Berthelot,GTX Plus Basic,Funholding,Lost,2017-06-06,2017-08-28,0,FALSE,TRUE
MU6NOSH1,Jonathan Berthelot,GTX Basic,Funholding,Won,2017-06-06,2017-06-17,624,FALSE,TRUE
OFIORN0G,Jonathan Berthelot,GTX Plus Basic,Finhigh,Won,2017-06-06,2017-06-11,1140,FALSE,TRUE
PMHOZRJN,Kami Bicknell,MG Special,Condax,Won,2017-06-06,2017-09-17,62,FALSE,TRUE
7Z3Q8UYS,Kary Hendrixson,GTX Basic,Fasehatice,Lost,2017-06-06,2017-08-01,0,FALSE,TRUE
YT9PLSVL,Lajuana Vencill,GTX Basic,Streethex,Won,2017-06-06,2017-09-15,584,FALSE,TRUE
BQINW2LB,Markita Hansen,MG Special,Lexiqvolax,Lost,2017-06-06,2017-09-09,0,FALSE,TRUE
BLFMYCVF,Markita Hansen,MG Special,Goodsilron,Won,2017-06-06,2017-08-19,57,FALSE,TRUE
379SDV6Y,Niesha Huffines,GTX Plus Basic,Statholdings,Won,2017-06-06,2017-08-05,1267,FALSE,TRUE
FE2AE2YO,Reed Clapper,GTX Pro,Umbrella Corporation,Lost,2017-06-06,2017-06-11,0,FALSE,TRUE
XQY4Z4KI,Rosie Papadopoulos,MG Special,Unknown Account,Engaging,2017-06-06,NA,NA,TRUE,FALSE
2756CEOQ,Vicki Laflamme,MG Special,Plusstrip,Won,2017-06-06,2017-09-16,55,FALSE,TRUE
9GYIYGHW,Violet Mclelland,MG Advanced,Unknown Account,Engaging,2017-06-06,NA,NA,TRUE,FALSE
Z4CFFZAW,Violet Mclelland,MG Special,Opentech,Won,2017-06-06,2017-09-10,63,FALSE,TRUE
I967JINR,Wilburn Farren,GTX Pro,Donquadtech,Won,2017-06-06,2017-09-05,3961,FALSE,TRUE
IE18U4NO,Wilburn Farren,MG Special,Zathunicon,Won,2017-06-06,2017-08-26,45,FALSE,TRUE
JNIMHE7Y,Anna Snelling,MG Special,Warephase,Won,2017-06-07,2017-08-20,61,FALSE,TRUE
KUKJQX9Y,Cassey Cress,MG Advanced,Bubba Gump,Lost,2017-06-07,2017-09-08,0,FALSE,TRUE
QCIG6H19,Darcel Schlecht,GTX Plus Basic,Isdom,Won,2017-06-07,2017-08-31,1114,FALSE,TRUE
DW29KM30,Elease Gluck,MG Advanced,Zathunicon,Engaging,2017-06-07,NA,NA,FALSE,FALSE
R7IIOFBH,Garret Kinder,GTX Basic,Kan-code,Won,2017-06-07,2017-08-05,566,FALSE,TRUE
Q7ST5E1W,Gladys Colclough,MG Advanced,dambase,Lost,2017-06-07,2017-08-20,0,FALSE,TRUE
6MTURF7Q,Hayden Neloms,MG Special,Green-Plus,Won,2017-06-07,2017-06-21,56,FALSE,TRUE
MWT1ZV0Y,Jonathan Berthelot,GTX Basic,Ron-tech,Won,2017-06-07,2017-06-18,627,FALSE,TRUE
RKVXBXBM,Markita Hansen,MG Special,Unknown Account,Engaging,2017-06-07,NA,NA,TRUE,FALSE
B7Q6Q7S2,Markita Hansen,GTX Plus Basic,Dalttechnology,Won,2017-06-07,2017-08-16,1101,FALSE,TRUE
3DYZN86H,Markita Hansen,MG Advanced,Hottechi,Won,2017-06-07,2017-09-17,2979,FALSE,TRUE
QYKTG5QA,Marty Freudenburg,MG Advanced,Isdom,Lost,2017-06-07,2017-09-04,0,FALSE,TRUE
67CKCI5G,Reed Clapper,GTX Pro,Gekko & Co,Lost,2017-06-07,2017-08-05,0,FALSE,TRUE
2O1IK8VR,Versie Hillebrand,MG Advanced,Warephase,Won,2017-06-07,2017-06-17,3662,FALSE,TRUE
C6TQMD3C,Vicki Laflamme,GTX Plus Pro,Unknown Account,Engaging,2017-06-07,NA,NA,TRUE,FALSE
IQMW1VDP,Violet Mclelland,MG Special,Unknown Account,Engaging,2017-06-07,NA,NA,TRUE,FALSE
R9AVNYCO,Zane Levy,GTX Plus Basic,Conecom,Engaging,2017-06-07,NA,NA,FALSE,FALSE
G1AKE0NR,Zane Levy,GTX Pro,Unknown Account,Engaging,2017-06-07,NA,NA,TRUE,FALSE
N8NQK8K7,Zane Levy,GTX Pro,Dalttechnology,Lost,2017-06-07,2017-08-22,0,FALSE,TRUE
V93EX6XU,Zane Levy,GTX Pro,Nam-zim,Won,2017-06-07,2017-08-17,5185,FALSE,TRUE
5QNUZYIL,Boris Faz,MG Advanced,Umbrella Corporation,Won,2017-06-08,2017-06-24,3681,FALSE,TRUE
WX63AIMZ,Cecily Lampkin,MG Special,Dontechi,Won,2017-06-08,2017-06-18,59,FALSE,TRUE
09P7O0LQ,Cecily Lampkin,MG Special,Finhigh,Won,2017-06-08,2017-09-13,60,FALSE,TRUE
GYS3APR7,Corliss Cosme,GTX Basic,Bluth Company,Won,2017-06-08,2017-08-05,602,FALSE,TRUE
9VF00HWL,Corliss Cosme,GTX Basic,Xx-zobam,Won,2017-06-08,2017-08-12,515,FALSE,TRUE
UTJGDR3K,Darcel Schlecht,GTX Pro,Streethex,Lost,2017-06-08,2017-08-25,0,FALSE,TRUE
MD0SRXG4,Darcel Schlecht,GTX Plus Pro,Ron-tech,Won,2017-06-08,2017-06-21,5175,FALSE,TRUE
E0ITYYTG,Donn Cantrell,GTX Pro,Acme Corporation,Lost,2017-06-08,2017-08-27,0,FALSE,TRUE
PGK5K24U,Donn Cantrell,GTX Pro,Plussunin,Won,2017-06-08,2017-08-28,4780,FALSE,TRUE
AY3KTIXX,James Ascencio,GTX Plus Pro,Cheers,Engaging,2017-06-08,NA,NA,FALSE,FALSE
X46ZXX2S,Jonathan Berthelot,GTX Plus Basic,Globex Corporation,Lost,2017-06-08,2017-08-11,0,FALSE,TRUE
4QP55BTO,Jonathan Berthelot,GTX Basic,Globex Corporation,Won,2017-06-08,2017-06-16,614,FALSE,TRUE
G6X1B2K5,Jonathan Berthelot,GTX Basic,Rangreen,Won,2017-06-08,2017-09-13,532,FALSE,TRUE
0YCAS0B9,Jonathan Berthelot,GTX Plus Pro,Finhigh,Won,2017-06-08,2017-08-27,6096,FALSE,TRUE
6UZVABQR,Kary Hendrixson,GTX Basic,Hottechi,Won,2017-06-08,2017-08-17,486,FALSE,TRUE
9NTDQ8ZC,Lajuana Vencill,GTX Basic,Funholding,Won,2017-06-08,2017-08-17,566,FALSE,TRUE
FCCI80H2,Markita Hansen,MG Special,Singletechno,Lost,2017-06-08,2017-06-22,0,FALSE,TRUE
ALQRAPZR,Markita Hansen,GTX Plus Basic,Green-Plus,Won,2017-06-08,2017-06-16,923,FALSE,TRUE
7SPRU76Q,Markita Hansen,GTX Pro,Hottechi,Won,2017-06-08,2017-09-30,4744,FALSE,TRUE
JEMEGXUG,Marty Freudenburg,GTX Basic,Warephase,Won,2017-06-08,2017-08-19,517,FALSE,TRUE
GVHIFUN1,Marty Freudenburg,GTX Plus Basic,Zumgoity,Won,2017-06-08,2017-06-14,881,FALSE,TRUE
RBB3C85Q,Marty Freudenburg,GTX Pro,Gogozoom,Won,2017-06-08,2017-06-24,4272,FALSE,TRUE
WFP9J5J7,Maureen Marcano,GTX Pro,Finjob,Lost,2017-06-08,2017-08-26,0,FALSE,TRUE
8I4915WD,Maureen Marcano,GTX Plus Basic,Lexiqvolax,Won,2017-06-08,2017-09-02,805,FALSE,TRUE
S2J63YRV,Rosie Papadopoulos,MG Special,Unknown Account,Engaging,2017-06-08,NA,NA,TRUE,FALSE
L831D7DF,Versie Hillebrand,MG Special,Funholding,Lost,2017-06-08,2017-08-18,0,FALSE,TRUE
839DCVT2,Versie Hillebrand,MG Special,Codehow,Won,2017-06-08,2017-09-13,55,FALSE,TRUE
D17T8PTH,Vicki Laflamme,GTX Basic,Unknown Account,Engaging,2017-06-08,NA,NA,TRUE,FALSE
EJ0EF8S1,Vicki Laflamme,GTX Basic,Sunnamplex,Won,2017-06-08,2017-06-15,507,FALSE,TRUE
0ORRC53X,Zane Levy,GTX Basic,Finjob,Won,2017-06-08,2017-09-08,520,FALSE,TRUE
3QTN3F5T,Anna Snelling,MG Advanced,Isdom,Won,2017-06-09,2017-08-15,3470,FALSE,TRUE
SY6BWRRO,Boris Faz,GTX Pro,Vehement Capital Partners,Lost,2017-06-09,2017-08-14,0,FALSE,TRUE
JW5SYMNS,Cassey Cress,GTX Plus Basic,Zotware,Won,2017-06-09,2017-08-22,1176,FALSE,TRUE
FHM7LYZ3,Corliss Cosme,MG Special,Unknown Account,Engaging,2017-06-09,NA,NA,TRUE,FALSE
REO3FMSB,Corliss Cosme,MG Advanced,Massive Dynamic,Engaging,2017-06-09,NA,NA,FALSE,FALSE
BJJQSJD8,Daniell Hammack,GTX Plus Basic,Zotware,Engaging,2017-06-09,NA,NA,FALSE,FALSE
VP2CW520,Darcel Schlecht,GTX Plus Basic,Treequote,Lost,2017-06-09,2017-08-26,0,FALSE,TRUE
2F0RUQ0B,Donn Cantrell,GTX Pro,Zotware,Won,2017-06-09,2017-08-02,4517,FALSE,TRUE
XUP62FUM,James Ascencio,GTX Plus Pro,Rantouch,Won,2017-06-09,2017-08-16,5125,FALSE,TRUE
T56J7ES7,Kami Bicknell,GTX Plus Basic,Nam-zim,Engaging,2017-06-09,NA,NA,FALSE,FALSE
MUIT1E0M,Kami Bicknell,GTX Pro,Kan-code,Won,2017-06-09,2017-06-19,5339,FALSE,TRUE
D7XNUYJD,Kary Hendrixson,GTX Pro,Plusstrip,Lost,2017-06-09,2017-08-19,0,FALSE,TRUE
ORG6MXKF,Markita Hansen,GTX Plus Basic,Condax,Won,2017-06-09,2017-06-26,1135,FALSE,TRUE
VS4UFFLH,Maureen Marcano,MG Special,Kan-code,Won,2017-06-09,2017-09-05,52,FALSE,TRUE
VUYQCXTY,Moses Frase,GTX Plus Basic,Bioholding,Won,2017-06-09,2017-08-04,1017,FALSE,TRUE
YFJKP42F,Moses Frase,MG Advanced,Codehow,Won,2017-06-09,2017-06-27,3681,FALSE,TRUE
OES8ZX7B,Niesha Huffines,GTX Plus Basic,Rundofase,Lost,2017-06-09,2017-08-04,0,FALSE,TRUE
V9FD3EYK,Reed Clapper,GTX Pro,Mathtouch,Won,2017-06-09,2017-09-22,4370,FALSE,TRUE
3C9CWV6J,Cassey Cress,MG Advanced,Iselectrics,Won,2017-06-10,2017-06-14,3772,FALSE,TRUE
NDGQ0H91,Cassey Cress,MG Advanced,Sumace,Won,2017-06-10,2017-06-28,2871,FALSE,TRUE
OU9O62Y7,Cecily Lampkin,GTX Plus Pro,Cancity,Won,2017-06-10,2017-08-04,4749,FALSE,TRUE
LFQCLMMG,Corliss Cosme,MG Special,Ganjaflex,Lost,2017-06-10,2017-08-27,0,FALSE,TRUE
3ZG0719M,Darcel Schlecht,GTX Plus Basic,Ron-tech,Won,2017-06-10,2017-08-26,1075,FALSE,TRUE
EMIAKHPF,Donn Cantrell,GTX Plus Pro,Kinnamplus,Won,2017-06-10,2017-09-21,5051,FALSE,TRUE
GG85QBTM,Elease Gluck,GTK 500,Lexiqvolax,Engaging,2017-06-10,NA,NA,FALSE,FALSE
MKEVYIDI,Jonathan Berthelot,GTX Plus Basic,Isdom,Won,2017-06-10,2017-06-17,834,FALSE,TRUE
IFNT8NLL,Kami Bicknell,MG Special,Green-Plus,Lost,2017-06-10,2017-08-07,0,FALSE,TRUE
EWRVDN3U,Marty Freudenburg,MG Advanced,Toughzap,Lost,2017-06-10,2017-09-19,0,FALSE,TRUE
WEGC0W05,Marty Freudenburg,MG Special,Rangreen,Won,2017-06-10,2017-06-19,54,FALSE,TRUE
HZ283240,Niesha Huffines,GTX Basic,Streethex,Lost,2017-06-10,2017-09-07,0,FALSE,TRUE
3J1W4LM0,Niesha Huffines,GTX Basic,Domzoom,Won,2017-06-10,2017-06-21,527,FALSE,TRUE
1RIY3IBH,Niesha Huffines,MG Advanced,Globex Corporation,Won,2017-06-10,2017-06-12,2724,FALSE,TRUE
6NZH6X7G,Reed Clapper,GTX Plus Pro,Betasoloin,Lost,2017-06-10,2017-06-21,0,FALSE,TRUE
DJ2GWNGZ,Reed Clapper,GTX Basic,Kinnamplus,Won,2017-06-10,2017-09-05,551,FALSE,TRUE
LC2RIMSX,Rosalina Dieter,GTX Pro,Vehement Capital Partners,Engaging,2017-06-10,NA,NA,FALSE,FALSE
S02S3TVE,Vicki Laflamme,GTX Plus Basic,Plusstrip,Won,2017-06-10,2017-06-21,1118,FALSE,TRUE
34YT99YN,Vicki Laflamme,GTX Plus Pro,Dalttechnology,Won,2017-06-10,2017-08-23,6094,FALSE,TRUE
N33B6LND,Wilburn Farren,MG Special,Gekko & Co,Lost,2017-06-10,2017-08-22,0,FALSE,TRUE
RUAU1ORD,Zane Levy,GTX Basic,Unknown Account,Engaging,2017-06-10,NA,NA,TRUE,FALSE
C7NBDKVV,Zane Levy,GTX Basic,Nam-zim,Won,2017-06-10,2017-08-06,556,FALSE,TRUE
9YVSYSE8,Anna Snelling,GTX Basic,Globex Corporation,Lost,2017-06-11,2017-09-16,0,FALSE,TRUE
VUF34IPC,Anna Snelling,MG Special,Rangreen,Won,2017-06-11,2017-09-13,49,FALSE,TRUE
ONUWPAJM,Cassey Cress,GTX Plus Basic,Silis,Lost,2017-06-11,2017-09-11,0,FALSE,TRUE
A50JWKFS,Cecily Lampkin,GTX Plus Basic,Streethex,Won,2017-06-11,2017-09-25,1001,FALSE,TRUE
JP72AC6I,Corliss Cosme,MG Advanced,The New York Inquirer,Won,2017-06-11,2017-09-16,3777,FALSE,TRUE
9SZTURAF,Daniell Hammack,GTX Plus Basic,Initech,Won,2017-06-11,2017-08-17,892,FALSE,TRUE
LB8UE159,Daniell Hammack,GTX Plus Pro,Iselectrics,Won,2017-06-11,2017-06-19,5353,FALSE,TRUE
QYWZZ16B,Darcel Schlecht,GTX Pro,Betatech,Won,2017-06-11,2017-06-24,4410,FALSE,TRUE
IJNOVBGU,Darcel Schlecht,MG Advanced,Konmatfix,Won,2017-06-11,2017-09-03,3768,FALSE,TRUE
KYL4UFG5,Donn Cantrell,GTX Basic,Bluth Company,Lost,2017-06-11,2017-08-29,0,FALSE,TRUE
QFBITAKR,James Ascencio,GTX Basic,J-Texon,Won,2017-06-11,2017-08-10,507,FALSE,TRUE
VSZ4UVVN,Jonathan Berthelot,GTX Plus Basic,Zumgoity,Won,2017-06-11,2017-09-20,1144,FALSE,TRUE
31C5DVJT,Kary Hendrixson,MG Special,Cheers,Won,2017-06-11,2017-09-22,44,FALSE,TRUE
EG3KHGPL,Lajuana Vencill,MG Advanced,Treequote,Won,2017-06-11,2017-06-27,3470,FALSE,TRUE
ZI89S9HC,Markita Hansen,MG Advanced,Dalttechnology,Engaging,2017-06-11,NA,NA,FALSE,FALSE
LSJ2A8ZX,Markita Hansen,GTK 500,Cheers,Won,2017-06-11,2017-09-26,29166,FALSE,TRUE
9D06AK8T,Markita Hansen,GTX Plus Basic,Kan-code,Won,2017-06-11,2017-08-10,1045,FALSE,TRUE
PPXIWYMT,Maureen Marcano,GTX Plus Basic,Fasehatice,Won,2017-06-11,2017-09-12,951,FALSE,TRUE
5653N8BM,Rosie Papadopoulos,GTX Plus Basic,Zoomit,Engaging,2017-06-11,NA,NA,FALSE,FALSE
YWKJW726,Versie Hillebrand,MG Special,Stanredtax,Won,2017-06-11,2017-08-20,43,FALSE,TRUE
ZVT9J7V1,Versie Hillebrand,MG Special,Zumgoity,Won,2017-06-11,2017-06-15,55,FALSE,TRUE
477HSG28,Vicki Laflamme,GTX Basic,Unknown Account,Engaging,2017-06-11,NA,NA,TRUE,FALSE
NOBIC0PD,Cassey Cress,GTX Pro,Kan-code,Won,2017-06-12,2017-08-17,4294,FALSE,TRUE
UKECBJV5,Cecily Lampkin,GTX Plus Pro,Streethex,Won,2017-06-12,2017-08-29,4961,FALSE,TRUE
YT34YUZN,Corliss Cosme,GTX Pro,Betasoloin,Engaging,2017-06-12,NA,NA,FALSE,FALSE
UWVT8M2Y,Corliss Cosme,GTX Basic,Iselectrics,Lost,2017-06-12,2017-08-18,0,FALSE,TRUE
FU00L2Y2,Daniell Hammack,GTX Pro,Ontomedia,Won,2017-06-12,2017-09-23,4506,FALSE,TRUE
518D68L9,Donn Cantrell,GTX Pro,Zencorporation,Lost,2017-06-12,2017-06-26,0,FALSE,TRUE
AOZKTGZG,Elease Gluck,GTX Basic,Singletechno,Won,2017-06-12,2017-08-22,608,FALSE,TRUE
TKN1L8EX,Garret Kinder,GTX Plus Basic,Zathunicon,Won,2017-06-12,2017-09-20,851,FALSE,TRUE
9GQ6HQLK,Gladys Colclough,GTX Plus Basic,Inity,Won,2017-06-12,2017-09-20,1143,FALSE,TRUE
0RL4RHQJ,Gladys Colclough,GTX Plus Pro,Globex Corporation,Won,2017-06-12,2017-06-25,6365,FALSE,TRUE
ZE9WX1Q9,Hayden Neloms,MG Special,Fasehatice,Won,2017-06-12,2017-08-21,54,FALSE,TRUE
MCA0202R,Kary Hendrixson,GTX Basic,Unknown Account,Engaging,2017-06-12,NA,NA,TRUE,FALSE
QY6MB3QJ,Kary Hendrixson,GTX Basic,Sunnamplex,Lost,2017-06-12,2017-08-14,0,FALSE,TRUE
RUYLZD4O,Kary Hendrixson,GTX Pro,Sonron,Won,2017-06-12,2017-06-29,4798,FALSE,TRUE
BOVKZHAZ,Markita Hansen,MG Special,Doncon,Lost,2017-06-12,2017-08-29,0,FALSE,TRUE
3X5BD9NU,Markita Hansen,GTX Pro,Fasehatice,Won,2017-06-12,2017-06-25,4733,FALSE,TRUE
YT8YYRTU,Maureen Marcano,GTX Plus Basic,Cheers,Won,2017-06-12,2017-08-29,1250,FALSE,TRUE
6V7OMXY5,Maureen Marcano,GTX Plus Pro,Faxquote,Won,2017-06-12,2017-09-01,5966,FALSE,TRUE
0TR3RU8A,Niesha Huffines,MG Special,Domzoom,Won,2017-06-12,2017-09-10,61,FALSE,TRUE
3A7G5K0E,Rosalina Dieter,GTX Basic,Unknown Account,Engaging,2017-06-12,NA,NA,TRUE,FALSE
WWCMITY9,Rosalina Dieter,GTX Pro,Funholding,Engaging,2017-06-12,NA,NA,FALSE,FALSE
TNWCER5C,Rosie Papadopoulos,GTX Plus Basic,Unknown Account,Engaging,2017-06-12,NA,NA,TRUE,FALSE
GTOKTXRA,Vicki Laflamme,MG Special,Scotfind,Won,2017-06-12,2017-09-20,48,FALSE,TRUE
SE6OIGYN,Violet Mclelland,GTX Plus Basic,Isdom,Engaging,2017-06-12,NA,NA,FALSE,FALSE
PBJ01MRE,Violet Mclelland,MG Special,Zathunicon,Won,2017-06-12,2017-09-21,53,FALSE,TRUE
L2NXQFPN,Zane Levy,MG Special,Cheers,Lost,2017-06-12,2017-06-20,0,FALSE,TRUE
0XWCTQL2,Zane Levy,MG Special,Doncon,Won,2017-06-12,2017-08-18,51,FALSE,TRUE
SY72RAK2,Zane Levy,MG Advanced,Cheers,Won,2017-06-12,2017-09-04,3314,FALSE,TRUE
38YQ4771,Anna Snelling,MG Advanced,Treequote,Lost,2017-06-13,2017-08-20,0,FALSE,TRUE
K7FBRQCA,Anna Snelling,MG Special,Genco Pura Olive Oil Company,Won,2017-06-13,2017-09-25,64,FALSE,TRUE
F4V2FXK0,Anna Snelling,MG Special,Isdom,Won,2017-06-13,2017-06-24,58,FALSE,TRUE
WTAM4BED,Cassey Cress,MG Special,Unknown Account,Engaging,2017-06-13,NA,NA,TRUE,FALSE
FZNEISTX,Cassey Cress,GTX Plus Basic,Mathtouch,Lost,2017-06-13,2017-08-22,0,FALSE,TRUE
S34T8KPW,Cassey Cress,GTX Plus Pro,Massive Dynamic,Won,2017-06-13,2017-08-04,4598,FALSE,TRUE
5F40OSXS,Cassey Cress,MG Advanced,Mathtouch,Won,2017-06-13,2017-06-19,3424,FALSE,TRUE
AILF7GOP,Cassey Cress,MG Advanced,Umbrella Corporation,Won,2017-06-13,2017-09-30,3399,FALSE,TRUE
LMJINVRQ,Daniell Hammack,GTX Plus Basic,Betasoloin,Lost,2017-06-13,2017-09-07,0,FALSE,TRUE
MHPI0ZW1,Darcel Schlecht,GTX Basic,Konmatfix,Lost,2017-06-13,2017-09-04,0,FALSE,TRUE
WJ81WITC,Darcel Schlecht,GTX Plus Pro,Betatech,Lost,2017-06-13,2017-08-16,0,FALSE,TRUE
AIAX4W1O,Darcel Schlecht,GTX Pro,Treequote,Won,2017-06-13,2017-09-10,5322,FALSE,TRUE
DFSRHCXU,Donn Cantrell,GTX Basic,Donquadtech,Won,2017-06-13,2017-08-28,496,FALSE,TRUE
1VFUCUWA,Garret Kinder,MG Advanced,Bubba Gump,Won,2017-06-13,2017-08-27,3279,FALSE,TRUE
3IIDRUGI,Gladys Colclough,MG Special,Scottech,Lost,2017-06-13,2017-09-28,0,FALSE,TRUE
3VLKZISJ,James Ascencio,MG Special,Scotfind,Won,2017-06-13,2017-06-27,68,FALSE,TRUE
2GN2TRVV,Jonathan Berthelot,GTX Basic,Treequote,Lost,2017-06-13,2017-08-23,0,FALSE,TRUE
7HSRDCCK,Kary Hendrixson,GTX Plus Pro,Unknown Account,Engaging,2017-06-13,NA,NA,TRUE,FALSE
WA4TPQ5U,Maureen Marcano,GTX Plus Basic,Zoomit,Engaging,2017-06-13,NA,NA,FALSE,FALSE
9C9GO9XO,Niesha Huffines,GTX Plus Basic,Funholding,Lost,2017-06-13,2017-08-21,0,FALSE,TRUE
ULES5Z21,Versie Hillebrand,MG Special,Bioholding,Won,2017-06-13,2017-06-15,59,FALSE,TRUE
IITSDWWL,Vicki Laflamme,MG Advanced,Fasehatice,Won,2017-06-13,2017-06-26,3205,FALSE,TRUE
8GYH6R9J,Wilburn Farren,GTX Basic,Mathtouch,Lost,2017-06-13,2017-06-27,0,FALSE,TRUE
C7ODMOS2,Zane Levy,MG Advanced,Unknown Account,Engaging,2017-06-13,NA,NA,TRUE,FALSE
8X890G2T,Anna Snelling,MG Special,Globex Corporation,Won,2017-06-14,2017-06-23,55,FALSE,TRUE
74YVUL52,Cassey Cress,GTX Basic,Bubba Gump,Lost,2017-06-14,2017-09-17,0,FALSE,TRUE
JS5N8USN,Corliss Cosme,GTX Plus Basic,Unknown Account,Engaging,2017-06-14,NA,NA,TRUE,FALSE
HH4I6PAY,Corliss Cosme,GTX Basic,Ganjaflex,Won,2017-06-14,2017-09-02,525,FALSE,TRUE
TAGD6XU9,Darcel Schlecht,MG Advanced,Isdom,Won,2017-06-14,2017-08-25,3455,FALSE,TRUE
IIREXAQX,Elease Gluck,MG Advanced,Faxquote,Won,2017-06-14,2017-06-25,3110,FALSE,TRUE
8GISH3I9,Garret Kinder,MG Special,Kinnamplus,Lost,2017-06-14,2017-06-27,0,FALSE,TRUE
6M89XBL0,Hayden Neloms,GTX Plus Pro,Scotfind,Won,2017-06-14,2017-09-11,5053,FALSE,TRUE
YT2QLCVS,Hayden Neloms,MG Advanced,Groovestreet,Won,2017-06-14,2017-06-28,3539,FALSE,TRUE
3VC45PML,James Ascencio,GTX Basic,Unknown Account,Engaging,2017-06-14,NA,NA,TRUE,FALSE
4ICL09BD,Jonathan Berthelot,GTX Basic,Rundofase,Won,2017-06-14,2017-08-23,580,FALSE,TRUE
YWWVWOO4,Kami Bicknell,MG Advanced,Rantouch,Lost,2017-06-14,2017-06-20,0,FALSE,TRUE
8TTFFCIK,Lajuana Vencill,MG Advanced,Warephase,Won,2017-06-14,2017-06-17,3468,FALSE,TRUE
5URQT67R,Markita Hansen,GTK 500,Treequote,Engaging,2017-06-14,NA,NA,FALSE,FALSE
YX4E972E,Markita Hansen,GTX Pro,Conecom,Engaging,2017-06-14,NA,NA,FALSE,FALSE
OG13XT4P,Niesha Huffines,MG Special,Ron-tech,Won,2017-06-14,2017-09-19,54,FALSE,TRUE
ZYRRGSQK,Reed Clapper,MG Advanced,Bluth Company,Lost,2017-06-14,2017-06-27,0,FALSE,TRUE
0LDX9VLO,Versie Hillebrand,MG Special,Scottech,Lost,2017-06-14,2017-08-11,0,FALSE,TRUE
XFFFWJQH,Violet Mclelland,MG Special,Gekko & Co,Lost,2017-06-14,2017-08-20,0,FALSE,TRUE
KRSNQKC6,Boris Faz,GTX Plus Pro,Zotware,Won,2017-06-15,2017-06-28,6040,FALSE,TRUE
YY39ZQNV,Cassey Cress,GTX Pro,The New York Inquirer,Won,2017-06-15,2017-09-01,5857,FALSE,TRUE
YHVY1LHH,Cecily Lampkin,MG Advanced,dambase,Won,2017-06-15,2017-06-25,3785,FALSE,TRUE
2BG4ZR42,Corliss Cosme,GTX Plus Basic,Zathunicon,Lost,2017-06-15,2017-09-19,0,FALSE,TRUE
QQCIN1M4,Daniell Hammack,GTX Basic,Initech,Won,2017-06-15,2017-06-26,420,FALSE,TRUE
KIMW6PXN,Daniell Hammack,GTX Pro,Xx-zobam,Won,2017-06-15,2017-06-20,4939,FALSE,TRUE
AKFNIQR0,Darcel Schlecht,GTX Pro,Scottech,Won,2017-06-15,2017-06-30,4564,FALSE,TRUE
D5LEL3HF,Darcel Schlecht,MG Advanced,Rangreen,Won,2017-06-15,2017-09-09,2683,FALSE,TRUE
6X4EEUGA,Elease Gluck,GTK 500,Cheers,Won,2017-06-15,2017-06-30,25464,FALSE,TRUE
KTSB1KYT,Jonathan Berthelot,GTX Basic,Hottechi,Won,2017-06-15,2017-09-09,460,FALSE,TRUE
RB7IA4JX,Jonathan Berthelot,GTX Basic,Rundofase,Won,2017-06-15,2017-06-28,546,FALSE,TRUE
M4HY664H,Jonathan Berthelot,GTX Plus Basic,Conecom,Won,2017-06-15,2017-09-25,918,FALSE,TRUE
D2C191IK,Lajuana Vencill,MG Advanced,Domzoom,Lost,2017-06-15,2017-06-29,0,FALSE,TRUE
I2V3EPW7,Lajuana Vencill,MG Advanced,Toughzap,Won,2017-06-15,2017-08-02,3018,FALSE,TRUE
RB8LSFVK,Markita Hansen,MG Special,Sonron,Won,2017-06-15,2017-08-24,52,FALSE,TRUE
ZU3GICE9,Maureen Marcano,GTX Basic,Unknown Account,Engaging,2017-06-15,NA,NA,TRUE,FALSE
7SYJDW4L,Reed Clapper,MG Special,Bioplex,Won,2017-06-15,2017-08-04,50,FALSE,TRUE
OXNWRI4I,Rosalina Dieter,MG Special,Unknown Account,Engaging,2017-06-15,NA,NA,TRUE,FALSE
O7E0302B,Rosie Papadopoulos,GTX Basic,Xx-zobam,Won,2017-06-15,2017-09-13,524,FALSE,TRUE
U11XXNCF,Rosie Papadopoulos,MG Advanced,Xx-zobam,Won,2017-06-15,2017-06-29,3306,FALSE,TRUE
HKV37WU9,Vicki Laflamme,GTX Basic,Unknown Account,Engaging,2017-06-15,NA,NA,TRUE,FALSE
73FYEJQV,Vicki Laflamme,MG Special,Hatfan,Won,2017-06-15,2017-06-22,54,FALSE,TRUE
C4CQ8FZL,Vicki Laflamme,MG Special,Hottechi,Won,2017-06-15,2017-06-28,53,FALSE,TRUE
OJ1WKIVY,Wilburn Farren,GTX Basic,Zencorporation,Won,2017-06-15,2017-08-29,514,FALSE,TRUE
YXXWQA4G,Zane Levy,MG Advanced,Unknown Account,Engaging,2017-06-15,NA,NA,TRUE,FALSE
L1YN7LDL,Cassey Cress,MG Special,Bluth Company,Engaging,2017-06-16,NA,NA,FALSE,FALSE
N9ZXCBTU,Daniell Hammack,GTX Plus Basic,Konex,Won,2017-06-16,2017-06-25,985,FALSE,TRUE
RLHNJZBW,Darcel Schlecht,GTX Pro,Conecom,Won,2017-06-16,2017-08-11,5843,FALSE,TRUE
GKHTT70P,Darcel Schlecht,GTX Pro,Genco Pura Olive Oil Company,Won,2017-06-16,2017-09-17,4577,FALSE,TRUE
GL8PN4LQ,Darcel Schlecht,MG Advanced,Isdom,Won,2017-06-16,2017-06-24,3323,FALSE,TRUE
TTVQT1YD,Donn Cantrell,MG Advanced,Betasoloin,Lost,2017-06-16,2017-08-31,0,FALSE,TRUE
NOHEK8PU,Donn Cantrell,GTX Basic,Ontomedia,Won,2017-06-16,2017-09-17,483,FALSE,TRUE
56AN1DXW,Garret Kinder,GTX Basic,Initech,Lost,2017-06-16,2017-08-22,0,FALSE,TRUE
WB44DF28,Garret Kinder,GTX Pro,Vehement Capital Partners,Won,2017-06-16,2017-09-18,5206,FALSE,TRUE
DJ60T39C,Gladys Colclough,MG Advanced,Finhigh,Won,2017-06-16,2017-09-04,3621,FALSE,TRUE
52H2CE10,Kami Bicknell,GTX Pro,Faxquote,Won,2017-06-16,2017-06-25,4756,FALSE,TRUE
PVDGIYSB,Lajuana Vencill,GTX Plus Basic,Isdom,Lost,2017-06-16,2017-08-29,0,FALSE,TRUE
F57Z7KJF,Lajuana Vencill,MG Advanced,Stanredtax,Won,2017-06-16,2017-06-24,3228,FALSE,TRUE
NEFPSWOJ,Markita Hansen,GTX Plus Basic,Toughzap,Engaging,2017-06-16,NA,NA,FALSE,FALSE
ZGSQMEQ9,Niesha Huffines,GTX Plus Basic,Bioholding,Won,2017-06-16,2017-09-17,1063,FALSE,TRUE
FM1RH52B,Reed Clapper,GTX Plus Basic,Yearin,Lost,2017-06-16,2017-08-19,0,FALSE,TRUE
PFKDTEYU,Rosie Papadopoulos,GTX Pro,Xx-zobam,Engaging,2017-06-16,NA,NA,FALSE,FALSE
3C5GNT3Q,Vicki Laflamme,MG Special,Unknown Account,Engaging,2017-06-16,NA,NA,TRUE,FALSE
0LRVHITK,Violet Mclelland,MG Special,Unknown Account,Engaging,2017-06-16,NA,NA,TRUE,FALSE
3NM7A8SX,Zane Levy,MG Advanced,Newex,Won,2017-06-16,2017-06-27,4234,FALSE,TRUE
1XWQZ1F8,Cassey Cress,GTX Plus Basic,Plussunin,Won,2017-06-17,2017-09-16,1198,FALSE,TRUE
LXGNXNX1,Corliss Cosme,GTX Pro,Sumace,Won,2017-06-17,2017-09-09,4960,FALSE,TRUE
YQK2K6U5,Darcel Schlecht,GTX Basic,Betatech,Won,2017-06-17,2017-08-22,576,FALSE,TRUE
FROU0UKW,Darcel Schlecht,GTX Plus Pro,Globex Corporation,Won,2017-06-17,2017-08-25,5614,FALSE,TRUE
SD8JJSKT,Darcel Schlecht,MG Advanced,Streethex,Won,2017-06-17,2017-08-30,3422,FALSE,TRUE
HABN7JBG,Elease Gluck,GTX Basic,Rantouch,Engaging,2017-06-17,NA,NA,FALSE,FALSE
2O76H591,James Ascencio,MG Advanced,Unknown Account,Engaging,2017-06-17,NA,NA,TRUE,FALSE
LCWP23CI,James Ascencio,GTX Plus Pro,Finjob,Won,2017-06-17,2017-06-24,5306,FALSE,TRUE
KSOW4MUK,Kami Bicknell,GTX Basic,Unknown Account,Engaging,2017-06-17,NA,NA,TRUE,FALSE
FHYD80FB,Kami Bicknell,GTX Pro,Unknown Account,Engaging,2017-06-17,NA,NA,TRUE,FALSE
1ORXGKVH,Kary Hendrixson,GTX Pro,Sonron,Engaging,2017-06-17,NA,NA,FALSE,FALSE
XQ4FN1KA,Kary Hendrixson,GTX Pro,Golddex,Lost,2017-06-17,2017-09-06,0,FALSE,TRUE
9BTSKY01,Lajuana Vencill,MG Special,Inity,Won,2017-06-17,2017-09-19,60,FALSE,TRUE
EGEJA2HY,Markita Hansen,GTX Basic,Unknown Account,Engaging,2017-06-17,NA,NA,TRUE,FALSE
CQZSFN7C,Markita Hansen,GTK 500,Konex,Lost,2017-06-17,2017-08-15,0,FALSE,TRUE
81LMZHD1,Moses Frase,GTX Plus Pro,Bioholding,Won,2017-06-17,2017-08-16,5018,FALSE,TRUE
TIPG6R0Z,Vicki Laflamme,GTX Basic,Unknown Account,Engaging,2017-06-17,NA,NA,TRUE,FALSE
1J5Y9X1H,Vicki Laflamme,MG Advanced,Groovestreet,Won,2017-06-17,2017-09-17,3295,FALSE,TRUE
6LC0XB2D,Anna Snelling,MG Special,Rundofase,Won,2017-06-18,2017-08-29,61,FALSE,TRUE
YKC8JUSY,Boris Faz,GTX Plus Pro,Mathtouch,Lost,2017-06-18,2017-07-01,0,FALSE,TRUE
H3DYTZIQ,Cassey Cress,GTX Plus Basic,Scottech,Engaging,2017-06-18,NA,NA,FALSE,FALSE
PAQTBHVA,Cassey Cress,MG Special,Zathunicon,Won,2017-06-18,2017-09-23,59,FALSE,TRUE
HEWKNHTH,Daniell Hammack,GTX Plus Pro,Unknown Account,Engaging,2017-06-18,NA,NA,TRUE,FALSE
EFIR7HGR,Daniell Hammack,MG Advanced,Groovestreet,Engaging,2017-06-18,NA,NA,FALSE,FALSE
JRWBU9BS,Daniell Hammack,GTX Pro,Mathtouch,Won,2017-06-18,2017-06-26,3720,FALSE,TRUE
DXF00KY4,Darcel Schlecht,MG Advanced,Isdom,Lost,2017-06-18,2017-08-15,0,FALSE,TRUE
K6ZDH79M,Darcel Schlecht,GTX Pro,Funholding,Won,2017-06-18,2017-08-16,5088,FALSE,TRUE
GKL9QV5B,Elease Gluck,GTX Plus Pro,Scotfind,Won,2017-06-18,2017-06-28,6666,FALSE,TRUE
1V3IQVOF,Gladys Colclough,GTX Plus Basic,Ron-tech,Lost,2017-06-18,2017-08-02,0,FALSE,TRUE
BH7EXL5M,Gladys Colclough,GTX Pro,Isdom,Won,2017-06-18,2017-06-23,5115,FALSE,TRUE
H176AX96,James Ascencio,MG Advanced,Gekko & Co,Engaging,2017-06-18,NA,NA,FALSE,FALSE
K0HLZM4Q,Jonathan Berthelot,GTX Basic,Stanredtax,Lost,2017-06-18,2017-08-21,0,FALSE,TRUE
BTNSR87A,Jonathan Berthelot,GTX Plus Basic,Isdom,Won,2017-06-18,2017-07-01,1149,FALSE,TRUE
L58MN75X,Jonathan Berthelot,GTX Pro,Bioholding,Won,2017-06-18,2017-09-15,5220,FALSE,TRUE
SWV0JUQJ,Jonathan Berthelot,MG Special,Stanredtax,Won,2017-06-18,2017-06-22,60,FALSE,TRUE
XU836DFA,Kami Bicknell,GTX Basic,Unknown Account,Engaging,2017-06-18,NA,NA,TRUE,FALSE
910IXBKP,Kami Bicknell,GTX Basic,Lexiqvolax,Won,2017-06-18,2017-06-22,551,FALSE,TRUE
NTNYA5PE,Markita Hansen,GTX Basic,Cheers,Won,2017-06-18,2017-09-28,505,FALSE,TRUE
AHRCT8IP,Marty Freudenburg,GTX Basic,Warephase,Lost,2017-06-18,2017-09-03,0,FALSE,TRUE
ESH4HX52,Marty Freudenburg,GTX Plus Pro,Globex Corporation,Won,2017-06-18,2017-08-21,5472,FALSE,TRUE
P8LGQH9G,Niesha Huffines,GTX Pro,Genco Pura Olive Oil Company,Lost,2017-06-18,2017-06-21,0,FALSE,TRUE
VT1LZKEY,Vicki Laflamme,GTX Basic,Fasehatice,Lost,2017-06-18,2017-08-29,0,FALSE,TRUE
0WC2J3UP,Anna Snelling,GTX Basic,Funholding,Lost,2017-06-19,2017-08-28,0,FALSE,TRUE
VWSFZUNS,Anna Snelling,GTX Plus Pro,Hottechi,Won,2017-06-19,2017-08-24,5271,FALSE,TRUE
F3UB81V7,Boris Faz,MG Special,Bioplex,Won,2017-06-19,2017-08-23,49,FALSE,TRUE
SEX08VFB,Cassey Cress,MG Advanced,Opentech,Lost,2017-06-19,2017-06-30,0,FALSE,TRUE
961ED0B1,Corliss Cosme,GTX Plus Basic,Unknown Account,Engaging,2017-06-19,NA,NA,TRUE,FALSE
FLANUQCV,Corliss Cosme,GTX Plus Basic,Initech,Won,2017-06-19,2017-09-21,1236,FALSE,TRUE
8MKXIQQK,Daniell Hammack,GTX Pro,Zencorporation,Won,2017-06-19,2017-06-21,5388,FALSE,TRUE
NDMY5PPT,Darcel Schlecht,GTX Pro,Conecom,Lost,2017-06-19,2017-08-27,0,FALSE,TRUE
E4H6CBPJ,Darcel Schlecht,GTX Pro,Funholding,Won,2017-06-19,2017-09-26,5449,FALSE,TRUE
1FAMR9UR,Darcel Schlecht,GTX Pro,Funholding,Won,2017-06-19,2017-06-25,5030,FALSE,TRUE
SYJKN818,Darcel Schlecht,GTX Pro,Hottechi,Won,2017-06-19,2017-08-22,5195,FALSE,TRUE
VMTPCY5G,Hayden Neloms,MG Special,Condax,Won,2017-06-19,2017-06-25,55,FALSE,TRUE
CV0BDYMP,Hayden Neloms,MG Special,Fasehatice,Won,2017-06-19,2017-09-29,62,FALSE,TRUE
7DI7A7G7,James Ascencio,GTX Basic,Sunnamplex,Won,2017-06-19,2017-08-19,459,FALSE,TRUE
WE7YS7HD,Kami Bicknell,GTX Basic,Y-corporation,Lost,2017-06-19,2017-08-25,0,FALSE,TRUE
4DLOXD13,Kami Bicknell,GTX Plus Basic,Y-corporation,Won,2017-06-19,2017-08-07,1097,FALSE,TRUE
XN63KZRZ,Kami Bicknell,GTX Plus Pro,Plexzap,Won,2017-06-19,2017-09-29,5033,FALSE,TRUE
LLQCQOCR,Kary Hendrixson,GTX Plus Basic,Unknown Account,Engaging,2017-06-19,NA,NA,TRUE,FALSE
WSG25BZ9,Kary Hendrixson,GTX Pro,Blackzim,Won,2017-06-19,2017-09-22,4966,FALSE,TRUE
6GL2LRUH,Kary Hendrixson,MG Special,Finjob,Won,2017-06-19,2017-06-24,52,FALSE,TRUE
K0G1IB3Q,Markita Hansen,MG Special,Doncon,Won,2017-06-19,2017-06-27,54,FALSE,TRUE
54OH0061,Maureen Marcano,GTX Pro,Unknown Account,Engaging,2017-06-19,NA,NA,TRUE,FALSE
UYJDOT4Q,Maureen Marcano,GTX Plus Pro,Sonron,Won,2017-06-19,2017-09-12,5816,FALSE,TRUE
VOSSIXSY,Maureen Marcano,MG Special,Condax,Won,2017-06-19,2017-09-03,53,FALSE,TRUE
ILUMUKG8,Maureen Marcano,MG Advanced,Plexzap,Won,2017-06-19,2017-08-15,3994,FALSE,TRUE
DYUWF61W,Moses Frase,GTX Plus Pro,Warephase,Lost,2017-06-19,2017-06-28,0,FALSE,TRUE
NUNQGOUW,Moses Frase,MG Special,Statholdings,Won,2017-06-19,2017-09-04,57,FALSE,TRUE
CKT1GTY2,Reed Clapper,MG Special,Condax,Lost,2017-06-19,2017-07-02,0,FALSE,TRUE
FUHP1IXR,Rosalina Dieter,MG Advanced,Scotfind,Won,2017-06-19,2017-08-05,3752,FALSE,TRUE
TJEEFJG8,Rosie Papadopoulos,GTX Pro,Condax,Won,2017-06-19,2017-09-21,4759,FALSE,TRUE
ABRQIWS9,Versie Hillebrand,GTX Basic,Statholdings,Won,2017-06-19,2017-08-24,555,FALSE,TRUE
B3K4Z5L0,Violet Mclelland,GTX Basic,Umbrella Corporation,Lost,2017-06-19,2017-06-24,0,FALSE,TRUE
PCVNB0NO,Zane Levy,GTX Basic,Unknown Account,Engaging,2017-06-19,NA,NA,TRUE,FALSE
IVCON5CU,Zane Levy,GTX Plus Basic,Konex,Won,2017-06-19,2017-09-20,1213,FALSE,TRUE
RQXFD7FW,Zane Levy,GTX Pro,Sonron,Won,2017-06-19,2017-09-08,4428,FALSE,TRUE
LUP7FYS5,Boris Faz,GTX Plus Pro,Xx-zobam,Lost,2017-06-20,2017-07-02,0,FALSE,TRUE
WEKW3XIN,Cassey Cress,GTX Plus Pro,Condax,Engaging,2017-06-20,NA,NA,FALSE,FALSE
REVQ7DSW,Cassey Cress,GTX Pro,Konex,Lost,2017-06-20,2017-08-08,0,FALSE,TRUE
YSNODM63,Cecily Lampkin,GTX Plus Pro,Streethex,Lost,2017-06-20,2017-06-27,0,FALSE,TRUE
PN3T4FUG,Corliss Cosme,GTX Basic,Xx-zobam,Lost,2017-06-20,2017-09-21,0,FALSE,TRUE
AQ3HBL9S,Daniell Hammack,GTX Pro,Iselectrics,Lost,2017-06-20,2017-06-25,0,FALSE,TRUE
VE4LZ8F5,Daniell Hammack,MG Special,Kan-code,Won,2017-06-20,2017-08-25,62,FALSE,TRUE
Q5R1PYJS,Darcel Schlecht,GTX Pro,Bioholding,Lost,2017-06-20,2017-09-11,0,FALSE,TRUE
5AOWZ6AG,Donn Cantrell,MG Advanced,Silis,Won,2017-06-20,2017-08-09,3546,FALSE,TRUE
E29GOFUV,Elease Gluck,MG Special,Sumace,Engaging,2017-06-20,NA,NA,FALSE,FALSE
2MKG6ZDD,James Ascencio,GTX Basic,Domzoom,Engaging,2017-06-20,NA,NA,FALSE,FALSE
RUFJMV3I,James Ascencio,MG Special,Unknown Account,Engaging,2017-06-20,NA,NA,TRUE,FALSE
3AIA6RL3,Jonathan Berthelot,GTX Plus Basic,Hottechi,Won,2017-06-20,2017-08-20,1132,FALSE,TRUE
KDPBAHOJ,Kami Bicknell,MG Advanced,Unknown Account,Engaging,2017-06-20,NA,NA,TRUE,FALSE
OXPNURPT,Kami Bicknell,GTX Basic,Cheers,Lost,2017-06-20,2017-08-13,0,FALSE,TRUE
9TRVSW35,Maureen Marcano,MG Special,Condax,Won,2017-06-20,2017-08-19,57,FALSE,TRUE
GTH3VIDW,Maureen Marcano,MG Special,Fasehatice,Won,2017-06-20,2017-06-23,61,FALSE,TRUE
WFNKJ2LT,Maureen Marcano,MG Special,Plusstrip,Won,2017-06-20,2017-07-01,57,FALSE,TRUE
P7GCDFU8,Reed Clapper,GTX Basic,Massive Dynamic,Won,2017-06-20,2017-09-14,649,FALSE,TRUE
96798U7Y,Rosie Papadopoulos,GTX Pro,Unknown Account,Engaging,2017-06-20,NA,NA,TRUE,FALSE
O22J2QPD,Rosie Papadopoulos,GTX Pro,Donware,Lost,2017-06-20,2017-08-15,0,FALSE,TRUE
ACOJBA02,Versie Hillebrand,GTX Plus Pro,Finhigh,Won,2017-06-20,2017-07-01,4813,FALSE,TRUE
2FGEGLVU,Vicki Laflamme,MG Special,Doncon,Lost,2017-06-20,2017-06-23,0,FALSE,TRUE
FQB53DQH,Vicki Laflamme,MG Special,Blackzim,Won,2017-06-20,2017-07-01,51,FALSE,TRUE
1C2V9RAO,Vicki Laflamme,MG Advanced,Goodsilron,Won,2017-06-20,2017-09-13,3241,FALSE,TRUE
MNTTYFR6,Violet Mclelland,MG Special,Initech,Lost,2017-06-20,2017-08-04,0,FALSE,TRUE
7FN6LV2E,Violet Mclelland,GTX Basic,Sumace,Won,2017-06-20,2017-09-12,592,FALSE,TRUE
B6Z5NFV0,Wilburn Farren,MG Advanced,Unknown Account,Engaging,2017-06-20,NA,NA,TRUE,FALSE
V8I2CE9V,Wilburn Farren,GTX Basic,Zotware,Won,2017-06-20,2017-09-20,506,FALSE,TRUE
VH6OFWCV,Zane Levy,MG Advanced,Unknown Account,Engaging,2017-06-20,NA,NA,TRUE,FALSE
1FXXXLJY,Zane Levy,GTX Basic,Labdrill,Lost,2017-06-20,2017-09-25,0,FALSE,TRUE
NYI5VMXK,Anna Snelling,MG Advanced,Codehow,Won,2017-06-21,2017-09-06,3571,FALSE,TRUE
OJ1NQRDS,Cassey Cress,GTX Basic,The New York Inquirer,Lost,2017-06-21,2017-08-30,0,FALSE,TRUE
Z9W748SJ,Cassey Cress,MG Special,Iselectrics,Won,2017-06-21,2017-07-03,60,FALSE,TRUE
LWX9V7HI,Cassey Cress,MG Special,Konex,Won,2017-06-21,2017-09-15,59,FALSE,TRUE
PAQOPSR0,Corliss Cosme,GTX Basic,Silis,Won,2017-06-21,2017-06-25,551,FALSE,TRUE
BJO4VYLK,Daniell Hammack,GTX Pro,Unknown Account,Engaging,2017-06-21,NA,NA,TRUE,FALSE
AFQG21L7,Darcel Schlecht,GTX Pro,Funholding,Lost,2017-06-21,2017-07-01,0,FALSE,TRUE
RQJKAR7E,Darcel Schlecht,GTX Pro,Isdom,Lost,2017-06-21,2017-07-02,0,FALSE,TRUE
6BV9IARK,Darcel Schlecht,GTX Pro,Isdom,Won,2017-06-21,2017-07-01,4826,FALSE,TRUE
NTGU3NYS,Elease Gluck,MG Special,Green-Plus,Won,2017-06-21,2017-09-30,58,FALSE,TRUE
3F5AAJZB,Garret Kinder,GTX Pro,Gekko & Co,Won,2017-06-21,2017-06-26,5622,FALSE,TRUE
RJH0CL3Z,Gladys Colclough,MG Special,Hottechi,Lost,2017-06-21,2017-07-02,0,FALSE,TRUE
EK0KWGQX,Gladys Colclough,MG Advanced,Dontechi,Won,2017-06-21,2017-08-27,3177,FALSE,TRUE
K33NPCAY,Kami Bicknell,MG Special,Fasehatice,Won,2017-06-21,2017-08-11,56,FALSE,TRUE
14CNQKX8,Kary Hendrixson,GTX Pro,Unknown Account,Engaging,2017-06-21,NA,NA,TRUE,FALSE
1LLRNE8G,Maureen Marcano,GTX Plus Basic,Kan-code,Won,2017-06-21,2017-09-22,990,FALSE,TRUE
EFWND7VS,Niesha Huffines,GTX Basic,Warephase,Won,2017-06-21,2017-09-30,587,FALSE,TRUE
IR2D4ZG5,Rosie Papadopoulos,GTX Plus Pro,Bioplex,Won,2017-06-21,2017-06-27,6229,FALSE,TRUE
BYBZJBC9,Versie Hillebrand,MG Special,Warephase,Lost,2017-06-21,2017-08-02,0,FALSE,TRUE
BO8DSRV7,Vicki Laflamme,GTX Plus Basic,Xx-holding,Won,2017-06-21,2017-09-23,1027,FALSE,TRUE
LD1HNIUL,Vicki Laflamme,MG Advanced,Scotfind,Won,2017-06-21,2017-06-23,3559,FALSE,TRUE
RX39Z0P1,Zane Levy,GTX Basic,Green-Plus,Won,2017-06-21,2017-08-28,506,FALSE,TRUE
PFHUAJ47,Anna Snelling,MG Special,Gogozoom,Lost,2017-06-22,2017-07-03,0,FALSE,TRUE
CKJZ86N6,Anna Snelling,MG Advanced,Genco Pura Olive Oil Company,Lost,2017-06-22,2017-08-11,0,FALSE,TRUE
ASC1OWNE,Anna Snelling,GTX Plus Pro,Stanredtax,Won,2017-06-22,2017-09-12,6250,FALSE,TRUE
WCEPUBH5,Cecily Lampkin,MG Advanced,Hottechi,Won,2017-06-22,2017-09-12,3510,FALSE,TRUE
VHZFABAC,Daniell Hammack,MG Special,Unknown Account,Engaging,2017-06-22,NA,NA,TRUE,FALSE
VMIMPP6H,Daniell Hammack,GTX Plus Basic,Umbrella Corporation,Won,2017-06-22,2017-09-11,1078,FALSE,TRUE
B0XO4WY7,Donn Cantrell,GTX Basic,Massive Dynamic,Won,2017-06-22,2017-07-02,553,FALSE,TRUE
VYPIKMKO,Jonathan Berthelot,GTX Basic,Toughzap,Won,2017-06-22,2017-08-27,612,FALSE,TRUE
VCD47XNB,Jonathan Berthelot,GTX Plus Basic,Funholding,Won,2017-06-22,2017-06-26,1033,FALSE,TRUE
8QH99OEZ,Jonathan Berthelot,GTX Plus Basic,Inity,Won,2017-06-22,2017-09-13,1051,FALSE,TRUE
1DMERFNB,Kary Hendrixson,GTX Basic,Y-corporation,Won,2017-06-22,2017-09-22,628,FALSE,TRUE
FR8FT0ZX,Markita Hansen,GTX Plus Pro,Green-Plus,Won,2017-06-22,2017-09-04,4916,FALSE,TRUE
DG7LABPD,Marty Freudenburg,MG Advanced,Stanredtax,Won,2017-06-22,2017-09-28,3590,FALSE,TRUE
ZMYUFTS9,Moses Frase,MG Advanced,Domzoom,Won,2017-06-22,2017-08-16,3207,FALSE,TRUE
P60EK5NN,Moses Frase,MG Advanced,Zumgoity,Won,2017-06-22,2017-09-21,2739,FALSE,TRUE
YRYMSUE3,Niesha Huffines,GTX Basic,Gogozoom,Won,2017-06-22,2017-07-03,557,FALSE,TRUE
UZOTC90C,Reed Clapper,GTX Pro,Yearin,Won,2017-06-22,2017-06-30,5302,FALSE,TRUE
5AAN00N1,Versie Hillebrand,MG Special,Domzoom,Lost,2017-06-22,2017-08-26,0,FALSE,TRUE
JFHKBG40,Versie Hillebrand,MG Advanced,Zumgoity,Won,2017-06-22,2017-07-01,3465,FALSE,TRUE
10THTNLC,Zane Levy,GTX Plus Basic,Unknown Account,Engaging,2017-06-22,NA,NA,TRUE,FALSE
RJD0D0GD,Zane Levy,GTX Pro,Zoomit,Won,2017-06-22,2017-09-06,4356,FALSE,TRUE
L9IXFTIL,Boris Faz,GTX Pro,Gekko & Co,Won,2017-06-23,2017-09-21,5301,FALSE,TRUE
QU6CFZ22,Cassey Cress,MG Advanced,Unknown Account,Engaging,2017-06-23,NA,NA,TRUE,FALSE
HPBCTTV3,Cecily Lampkin,MG Advanced,Rangreen,Lost,2017-06-23,2017-07-04,0,FALSE,TRUE
48FB5MD2,Cecily Lampkin,MG Special,Treequote,Won,2017-06-23,2017-07-05,66,FALSE,TRUE
EJZM1INM,Corliss Cosme,GTX Basic,Vehement Capital Partners,Lost,2017-06-23,2017-07-03,0,FALSE,TRUE
FKNT3I12,Corliss Cosme,GTX Pro,Acme Corporation,Lost,2017-06-23,2017-07-01,0,FALSE,TRUE
BLY5FD3N,Corliss Cosme,GTX Plus Pro,Iselectrics,Won,2017-06-23,2017-07-01,5640,FALSE,TRUE
LXLU6LFC,Daniell Hammack,MG Advanced,Kinnamplus,Lost,2017-06-23,2017-08-30,0,FALSE,TRUE
A60QAIT3,Daniell Hammack,GTX Plus Basic,Kan-code,Won,2017-06-23,2017-09-28,1291,FALSE,TRUE
RQ3BV2I5,Daniell Hammack,GTX Pro,Mathtouch,Won,2017-06-23,2017-09-27,3729,FALSE,TRUE
W8CSV90F,Darcel Schlecht,GTX Pro,Treequote,Lost,2017-06-23,2017-08-23,0,FALSE,TRUE
0W6S0ODT,Gladys Colclough,MG Special,Conecom,Won,2017-06-23,2017-07-03,49,FALSE,TRUE
408AHOYL,Hayden Neloms,MG Advanced,Singletechno,Lost,2017-06-23,2017-07-03,0,FALSE,TRUE
557JX4BM,Hayden Neloms,GTX Plus Basic,Plusstrip,Won,2017-06-23,2017-09-12,1099,FALSE,TRUE
QPZFP9WT,Kary Hendrixson,GTX Pro,Labdrill,Lost,2017-06-23,2017-07-04,0,FALSE,TRUE
L5T284M7,Lajuana Vencill,MG Advanced,Condax,Lost,2017-06-23,2017-07-03,0,FALSE,TRUE
G17TENJ4,Marty Freudenburg,MG Advanced,Konmatfix,Lost,2017-06-23,2017-09-22,0,FALSE,TRUE
VRSTX620,Niesha Huffines,GTX Plus Basic,Condax,Won,2017-06-23,2017-07-02,932,FALSE,TRUE
Y9VWZ93C,Reed Clapper,GTX Basic,Silis,Lost,2017-06-23,2017-07-01,0,FALSE,TRUE
Y6IIUECA,Reed Clapper,GTX Plus Basic,Donquadtech,Won,2017-06-23,2017-07-04,880,FALSE,TRUE
LXWQDEU3,Reed Clapper,GTX Pro,Ganjaflex,Won,2017-06-23,2017-09-18,4801,FALSE,TRUE
P1E4KWF7,Rosie Papadopoulos,MG Special,Konex,Won,2017-06-23,2017-07-01,59,FALSE,TRUE
BN84DD6H,Versie Hillebrand,MG Special,Finhigh,Lost,2017-06-23,2017-07-05,0,FALSE,TRUE
R8MZ10BW,Versie Hillebrand,MG Special,Ron-tech,Won,2017-06-23,2017-09-29,52,FALSE,TRUE
PI8RROK0,Versie Hillebrand,MG Advanced,Stanredtax,Won,2017-06-23,2017-09-21,2949,FALSE,TRUE
GID40O2B,Vicki Laflamme,GTX Pro,Doncon,Lost,2017-06-23,2017-07-06,0,FALSE,TRUE
BJOY31DL,Violet Mclelland,MG Special,Betasoloin,Engaging,2017-06-23,NA,NA,FALSE,FALSE
KDRIBXNQ,Violet Mclelland,MG Special,Konex,Won,2017-06-23,2017-08-15,50,FALSE,TRUE
TCK6V290,Violet Mclelland,MG Advanced,Plussunin,Won,2017-06-23,2017-06-30,3863,FALSE,TRUE
O9WYT5ST,Zane Levy,GTX Pro,Kan-code,Engaging,2017-06-23,NA,NA,FALSE,FALSE
VFZ5GB3W,Zane Levy,GTX Basic,Golddex,Lost,2017-06-23,2017-07-04,0,FALSE,TRUE
UKSS5YPE,Anna Snelling,MG Special,Stanredtax,Won,2017-06-24,2017-07-02,64,FALSE,TRUE
EBLSL27F,Boris Faz,GTX Plus Pro,Unknown Account,Engaging,2017-06-24,NA,NA,TRUE,FALSE
13FIM9V3,Corliss Cosme,GTX Pro,Unknown Account,Engaging,2017-06-24,NA,NA,TRUE,FALSE
RDDUG8VD,Corliss Cosme,GTX Plus Basic,Umbrella Corporation,Lost,2017-06-24,2017-07-03,0,FALSE,TRUE
Z3QJESWJ,Corliss Cosme,GTX Plus Pro,Kinnamplus,Won,2017-06-24,2017-08-22,5038,FALSE,TRUE
PYIQ65W0,Corliss Cosme,GTX Pro,Zotware,Won,2017-06-24,2017-07-02,5088,FALSE,TRUE
RGRUF328,Gladys Colclough,MG Special,Statholdings,Won,2017-06-24,2017-08-14,48,FALSE,TRUE
TLSSOOVB,Hayden Neloms,GTX Plus Basic,Dalttechnology,Lost,2017-06-24,2017-07-04,0,FALSE,TRUE
74KGIZW4,Kary Hendrixson,GTX Pro,Betasoloin,Engaging,2017-06-24,NA,NA,FALSE,FALSE
2YBEN3MV,Kary Hendrixson,GTX Plus Basic,Green-Plus,Lost,2017-06-24,2017-09-08,0,FALSE,TRUE
EFA9E6WV,Kary Hendrixson,GTX Plus Pro,Lexiqvolax,Won,2017-06-24,2017-09-30,5056,FALSE,TRUE
YTSX7IW3,Markita Hansen,MG Special,Blackzim,Won,2017-06-24,2017-07-02,59,FALSE,TRUE
86DMJ7GA,Maureen Marcano,GTX Plus Basic,Cheers,Lost,2017-06-24,2017-08-20,0,FALSE,TRUE
CMD0758L,Maureen Marcano,GTX Basic,Faxquote,Won,2017-06-24,2017-08-21,562,FALSE,TRUE
CM5MFWCO,Moses Frase,MG Special,Codehow,Won,2017-06-24,2017-09-10,63,FALSE,TRUE
0MNAGD91,Moses Frase,MG Advanced,Betatech,Won,2017-06-24,2017-07-05,3355,FALSE,TRUE
HSYU33MS,Vicki Laflamme,MG Special,Unknown Account,Engaging,2017-06-24,NA,NA,TRUE,FALSE
9S749GJD,Violet Mclelland,MG Advanced,Bluth Company,Lost,2017-06-24,2017-07-05,0,FALSE,TRUE
LBZY9VUG,Violet Mclelland,MG Special,Massive Dynamic,Won,2017-06-24,2017-09-17,55,FALSE,TRUE
6UUTR15S,Zane Levy,GTX Plus Pro,Newex,Won,2017-06-24,2017-09-23,4059,FALSE,TRUE
DVPYKS4A,Cassey Cress,MG Advanced,Bubba Gump,Lost,2017-06-25,2017-07-04,0,FALSE,TRUE
9SRU5CI6,Cecily Lampkin,GTX Plus Basic,Codehow,Won,2017-06-25,2017-08-09,1128,FALSE,TRUE
Z6R4KJFU,Daniell Hammack,GTX Pro,Unknown Account,Engaging,2017-06-25,NA,NA,TRUE,FALSE
GZ5M7MIQ,Darcel Schlecht,GTX Plus Basic,Conecom,Lost,2017-06-25,2017-07-01,0,FALSE,TRUE
CM2GVLV6,Darcel Schlecht,GTX Plus Pro,Ron-tech,Won,2017-06-25,2017-07-08,5536,FALSE,TRUE
NZB45UZX,Darcel Schlecht,GTX Pro,Genco Pura Olive Oil Company,Won,2017-06-25,2017-09-03,4964,FALSE,TRUE
T2J83GFD,Darcel Schlecht,MG Special,Domzoom,Won,2017-06-25,2017-07-03,54,FALSE,TRUE
28S2Z15A,Darcel Schlecht,MG Special,Ron-tech,Won,2017-06-25,2017-08-02,56,FALSE,TRUE
WOJBLO4B,Donn Cantrell,GTX Plus Pro,Vehement Capital Partners,Lost,2017-06-25,2017-07-02,0,FALSE,TRUE
788SW6EX,Donn Cantrell,GTX Pro,Gekko & Co,Lost,2017-06-25,2017-08-19,0,FALSE,TRUE
EUOA0E47,Donn Cantrell,MG Advanced,Zotware,Won,2017-06-25,2017-07-05,3423,FALSE,TRUE
S9ZUMLSY,Elease Gluck,MG Special,J-Texon,Lost,2017-06-25,2017-09-13,0,FALSE,TRUE
0UCQUW6U,Garret Kinder,MG Advanced,Umbrella Corporation,Lost,2017-06-25,2017-07-07,0,FALSE,TRUE
07FRJ44N,Gladys Colclough,GTX Plus Pro,Cancity,Lost,2017-06-25,2017-07-03,0,FALSE,TRUE
NMN9DVEV,Gladys Colclough,GTX Plus Basic,Rangreen,Won,2017-06-25,2017-09-14,1102,FALSE,TRUE
95V8BLR2,Kami Bicknell,GTX Basic,Goodsilron,Won,2017-06-25,2017-09-22,519,FALSE,TRUE
BDGB4NS0,Kary Hendrixson,GTX Plus Pro,Hatfan,Lost,2017-06-25,2017-07-02,0,FALSE,TRUE
SPHS260Y,Kary Hendrixson,MG Special,Hatfan,Lost,2017-06-25,2017-08-27,0,FALSE,TRUE
O9L7KMPU,Lajuana Vencill,GTX Plus Basic,Isdom,Lost,2017-06-25,2017-08-27,0,FALSE,TRUE
FGES2PQ2,Lajuana Vencill,MG Advanced,Bioholding,Lost,2017-06-25,2017-07-04,0,FALSE,TRUE
81DXTTI5,Lajuana Vencill,GTX Plus Pro,Isdom,Won,2017-06-25,2017-07-03,5536,FALSE,TRUE
JGG9CO2Y,Marty Freudenburg,GTX Plus Pro,Betatech,Lost,2017-06-25,2017-08-14,0,FALSE,TRUE
95B6AKI1,Marty Freudenburg,GTX Plus Basic,Warephase,Won,2017-06-25,2017-07-02,839,FALSE,TRUE
N1G2CFCB,Maureen Marcano,GTX Basic,Dalttechnology,Won,2017-06-25,2017-09-06,500,FALSE,TRUE
40VSPND6,Moses Frase,MG Advanced,Rangreen,Won,2017-06-25,2017-09-24,3679,FALSE,TRUE
QWYRCDA8,Niesha Huffines,GTX Plus Basic,Treequote,Lost,2017-06-25,2017-07-05,0,FALSE,TRUE
00ZD3M4J,Reed Clapper,GTX Pro,Plussunin,Lost,2017-06-25,2017-07-04,0,FALSE,TRUE
24REVMX7,Rosalina Dieter,GTX Basic,Unknown Account,Engaging,2017-06-25,NA,NA,TRUE,FALSE
AW4PSTWR,Rosie Papadopoulos,GTX Basic,Ron-tech,Engaging,2017-06-25,NA,NA,FALSE,FALSE
CJZFFC91,Versie Hillebrand,MG Special,Codehow,Lost,2017-06-25,2017-08-07,0,FALSE,TRUE
2FNTCPOU,Vicki Laflamme,GTX Plus Pro,Unknown Account,Engaging,2017-06-25,NA,NA,TRUE,FALSE
A8QRKXG3,Vicki Laflamme,GTX Pro,Unknown Account,Engaging,2017-06-25,NA,NA,TRUE,FALSE
3PD8YBPK,Vicki Laflamme,GTX Basic,Scotfind,Lost,2017-06-25,2017-07-04,0,FALSE,TRUE
KBG5R0WH,Vicki Laflamme,GTX Plus Pro,Blackzim,Lost,2017-06-25,2017-07-02,0,FALSE,TRUE
7RPM84Y4,Vicki Laflamme,MG Advanced,Goodsilron,Won,2017-06-25,2017-06-30,3815,FALSE,TRUE
LFN6XPK7,Vicki Laflamme,MG Advanced,Sunnamplex,Won,2017-06-25,2017-06-27,2753,FALSE,TRUE
S2SC8AP7,Violet Mclelland,MG Special,Unknown Account,Engaging,2017-06-25,NA,NA,TRUE,FALSE
18LZY55R,Violet Mclelland,MG Special,Xx-zobam,Won,2017-06-25,2017-07-02,60,FALSE,TRUE
E88W1Z0H,Zane Levy,GTX Basic,Kan-code,Lost,2017-06-25,2017-07-02,0,FALSE,TRUE
UQALCAIV,Zane Levy,GTX Plus Basic,Rantouch,Won,2017-06-25,2017-07-03,1137,FALSE,TRUE
6E2Y3HKI,Boris Faz,GTX Plus Pro,Yearin,Won,2017-06-26,2017-07-04,5201,FALSE,TRUE
YWKFH7VT,Cassey Cress,GTX Basic,Mathtouch,Lost,2017-06-26,2017-09-27,0,FALSE,TRUE
MF4299DQ,Cassey Cress,MG Advanced,Bluth Company,Lost,2017-06-26,2017-07-03,0,FALSE,TRUE
ZRZI054E,Cecily Lampkin,GTX Basic,Toughzap,Won,2017-06-26,2017-07-06,612,FALSE,TRUE
CN69EYQ1,Corliss Cosme,GTX Plus Pro,Donquadtech,Won,2017-06-26,2017-09-11,4905,FALSE,TRUE
ZT52DT8H,Daniell Hammack,MG Advanced,Unknown Account,Engaging,2017-06-26,NA,NA,TRUE,FALSE
KX80WC22,Daniell Hammack,MG Special,The New York Inquirer,Lost,2017-06-26,2017-07-07,0,FALSE,TRUE
YQ6VELF1,Darcel Schlecht,GTX Pro,Streethex,Lost,2017-06-26,2017-07-03,0,FALSE,TRUE
NX4ODZY2,Darcel Schlecht,GTX Plus Basic,Streethex,Won,2017-06-26,2017-08-31,1028,FALSE,TRUE
L2QMWU4H,Darcel Schlecht,GTX Plus Pro,Codehow,Won,2017-06-26,2017-09-12,4430,FALSE,TRUE
0MPEK4ZA,Donn Cantrell,GTX Plus Basic,Donquadtech,Lost,2017-06-26,2017-09-18,0,FALSE,TRUE
TP0SU68U,Donn Cantrell,GTX Plus Basic,Opentech,Lost,2017-06-26,2017-07-09,0,FALSE,TRUE
8U7LNL7U,Donn Cantrell,GTX Pro,Zathunicon,Lost,2017-06-26,2017-07-03,0,FALSE,TRUE
XVYL67FL,Donn Cantrell,GTX Basic,Bioplex,Won,2017-06-26,2017-07-06,541,FALSE,TRUE
AIN2RE2H,Elease Gluck,GTX Pro,Groovestreet,Lost,2017-06-26,2017-07-05,0,FALSE,TRUE
G1303HIC,Gladys Colclough,GTX Pro,Cancity,Won,2017-06-26,2017-07-02,5081,FALSE,TRUE
HVDQ4EEA,Gladys Colclough,MG Advanced,Rangreen,Won,2017-06-26,2017-06-28,3478,FALSE,TRUE
2RB900SL,James Ascencio,GTX Pro,J-Texon,Won,2017-06-26,2017-09-15,5541,FALSE,TRUE
AUS25SFH,Jonathan Berthelot,GTX Basic,Cancity,Won,2017-06-26,2017-07-03,504,FALSE,TRUE
ND0OV6MQ,Kary Hendrixson,GTX Plus Basic,Unknown Account,Engaging,2017-06-26,NA,NA,TRUE,FALSE
O6DSGX6P,Lajuana Vencill,GTX Basic,Bioholding,Lost,2017-06-26,2017-08-10,0,FALSE,TRUE
2MBFRRGW,Lajuana Vencill,GTX Basic,Dontechi,Lost,2017-06-26,2017-07-03,0,FALSE,TRUE
Q3HYAWDW,Markita Hansen,MG Advanced,Golddex,Won,2017-06-26,2017-08-24,3838,FALSE,TRUE
94TA0AWF,Marty Freudenburg,GTX Plus Pro,Scottech,Won,2017-06-26,2017-08-26,5217,FALSE,TRUE
G1XX0IB4,Marty Freudenburg,GTX Plus Pro,Streethex,Won,2017-06-26,2017-07-05,4181,FALSE,TRUE
VIMY08JH,Maureen Marcano,GTX Basic,Hatfan,Won,2017-06-26,2017-07-06,518,FALSE,TRUE
WPTNE0QN,Moses Frase,GTX Basic,Streethex,Won,2017-06-26,2017-09-17,533,FALSE,TRUE
DLGW8Y7B,Rosalina Dieter,MG Advanced,Singletechno,Won,2017-06-26,2017-08-03,3855,FALSE,TRUE
YSOUU0T0,Vicki Laflamme,GTX Basic,Plusstrip,Lost,2017-06-26,2017-07-07,0,FALSE,TRUE
23NAJF9W,Zane Levy,GTX Pro,Plussunin,Engaging,2017-06-26,NA,NA,FALSE,FALSE
HM4TKVET,Zane Levy,GTX Basic,Nam-zim,Won,2017-06-26,2017-07-04,617,FALSE,TRUE
Q81Q0PJK,Anna Snelling,GTX Plus Basic,Warephase,Won,2017-06-27,2017-07-06,991,FALSE,TRUE
3BEPEWRS,Cassey Cress,GTX Pro,Opentech,Lost,2017-06-27,2017-08-24,0,FALSE,TRUE
Y5HR9J3G,Cecily Lampkin,GTX Basic,Domzoom,Won,2017-06-27,2017-08-01,513,FALSE,TRUE
STYLQ47K,Corliss Cosme,GTX Plus Pro,Ganjaflex,Won,2017-06-27,2017-07-07,5121,FALSE,TRUE
HTF7TYQS,Daniell Hammack,GTX Pro,Unknown Account,Engaging,2017-06-27,NA,NA,TRUE,FALSE
W07JMUG9,Daniell Hammack,MG Advanced,Kan-code,Lost,2017-06-27,2017-07-01,0,FALSE,TRUE
L8CG1IQO,Darcel Schlecht,GTX Basic,Condax,Lost,2017-06-27,2017-07-06,0,FALSE,TRUE
6CFONO4W,Darcel Schlecht,GTX Pro,Zumgoity,Won,2017-06-27,2017-07-06,4635,FALSE,TRUE
AMGC18DS,Donn Cantrell,GTX Plus Pro,Zotware,Lost,2017-06-27,2017-09-08,0,FALSE,TRUE
RKT3WVBC,Garret Kinder,GTX Basic,Iselectrics,Won,2017-06-27,2017-09-20,470,FALSE,TRUE
H5ZSM3IR,Gladys Colclough,MG Special,Isdom,Lost,2017-06-27,2017-09-01,0,FALSE,TRUE
07WKR17A,Gladys Colclough,GTX Plus Pro,Treequote,Won,2017-06-27,2017-09-17,6193,FALSE,TRUE
7GM1XD9W,James Ascencio,GTX Pro,Faxquote,Won,2017-06-27,2017-09-16,4277,FALSE,TRUE
QM6GJ78P,Kami Bicknell,MG Special,Blackzim,Won,2017-06-27,2017-07-07,59,FALSE,TRUE
L582YMSV,Kary Hendrixson,GTX Pro,Xx-holding,Lost,2017-06-27,2017-09-08,0,FALSE,TRUE
EQS3UNXX,Markita Hansen,GTX Basic,Condax,Lost,2017-06-27,2017-07-06,0,FALSE,TRUE
DZR5L7XQ,Markita Hansen,GTX Pro,Green-Plus,Lost,2017-06-27,2017-07-05,0,FALSE,TRUE
DQ0DSK7P,Marty Freudenburg,GTX Plus Basic,Globex Corporation,Won,2017-06-27,2017-07-02,1176,FALSE,TRUE
CGEXH2QO,Moses Frase,GTX Plus Pro,Finhigh,Lost,2017-06-27,2017-07-08,0,FALSE,TRUE
MIX6JTSN,Moses Frase,GTX Basic,Statholdings,Won,2017-06-27,2017-07-05,541,FALSE,TRUE
9KYX5G9K,Niesha Huffines,GTX Plus Pro,Domzoom,Won,2017-06-27,2017-07-01,4766,FALSE,TRUE
FG29YOWT,Reed Clapper,MG Advanced,Iselectrics,Lost,2017-06-27,2017-09-06,0,FALSE,TRUE
KWYKKVJC,Reed Clapper,GTX Pro,Vehement Capital Partners,Won,2017-06-27,2017-07-01,4785,FALSE,TRUE
T7TDUK3T,Versie Hillebrand,MG Advanced,Rangreen,Won,2017-06-27,2017-09-12,3046,FALSE,TRUE
42YPT5L7,Versie Hillebrand,MG Advanced,Ron-tech,Won,2017-06-27,2017-07-04,3548,FALSE,TRUE
99I4V65G,Vicki Laflamme,MG Advanced,Rantouch,Lost,2017-06-27,2017-07-06,0,FALSE,TRUE
ACZQMAR4,Vicki Laflamme,MG Advanced,Rantouch,Won,2017-06-27,2017-07-07,3615,FALSE,TRUE
R443AUAG,Violet Mclelland,GTX Pro,Unknown Account,Engaging,2017-06-27,NA,NA,TRUE,FALSE
TP9IE6PV,Anna Snelling,GTX Basic,Genco Pura Olive Oil Company,Won,2017-06-28,2017-09-11,631,FALSE,TRUE
E5CD0W5M,Cassey Cress,GTX Basic,Kan-code,Lost,2017-06-28,2017-07-01,0,FALSE,TRUE
HKH717ED,Cecily Lampkin,GTX Basic,Hottechi,Lost,2017-06-28,2017-08-11,0,FALSE,TRUE
DAW2JTP5,Cecily Lampkin,MG Special,Genco Pura Olive Oil Company,Lost,2017-06-28,2017-07-07,0,FALSE,TRUE
HBMOSBAK,Daniell Hammack,GTX Pro,Massive Dynamic,Lost,2017-06-28,2017-08-14,0,FALSE,TRUE
V0V6O05H,Darcel Schlecht,GTX Pro,Condax,Lost,2017-06-28,2017-07-07,0,FALSE,TRUE
3DY60YA7,Darcel Schlecht,GTX Pro,Stanredtax,Lost,2017-06-28,2017-07-06,0,FALSE,TRUE
8H19L55Y,Darcel Schlecht,GTX Pro,Streethex,Won,2017-06-28,2017-07-07,4162,FALSE,TRUE
TPNU79C1,Darcel Schlecht,MG Special,Toughzap,Won,2017-06-28,2017-09-29,54,FALSE,TRUE
TFQR150O,Donn Cantrell,GTX Pro,Iselectrics,Won,2017-06-28,2017-07-02,5064,FALSE,TRUE
9MM27P8C,Elease Gluck,MG Advanced,Kan-code,Lost,2017-06-28,2017-07-07,0,FALSE,TRUE
MMWD47ZY,Gladys Colclough,GTX Plus Basic,Konmatfix,Lost,2017-06-28,2017-08-29,0,FALSE,TRUE
JFIBKWMQ,Gladys Colclough,MG Special,Konmatfix,Lost,2017-06-28,2017-07-09,0,FALSE,TRUE
6FUPOO3I,Gladys Colclough,MG Advanced,Conecom,Won,2017-06-28,2017-07-07,3865,FALSE,TRUE
29VR6EL4,Hayden Neloms,MG Advanced,Konex,Lost,2017-06-28,2017-09-14,0,FALSE,TRUE
L45N3D2E,James Ascencio,GTX Pro,Plexzap,Lost,2017-06-28,2017-07-04,0,FALSE,TRUE
K1OBT27J,James Ascencio,GTX Basic,Xx-holding,Won,2017-06-28,2017-08-10,553,FALSE,TRUE
OZL7CDMQ,Jonathan Berthelot,GTX Plus Basic,Finhigh,Lost,2017-06-28,2017-07-03,0,FALSE,TRUE
LZ6PSZ4T,Jonathan Berthelot,MG Advanced,Dontechi,Lost,2017-06-28,2017-07-05,0,FALSE,TRUE
5CFCTZ5K,Jonathan Berthelot,GTX Basic,Ron-tech,Won,2017-06-28,2017-09-02,501,FALSE,TRUE
EG5M02ZV,Kary Hendrixson,GTX Basic,J-Texon,Won,2017-06-28,2017-09-27,539,FALSE,TRUE
5UKQ16DK,Kary Hendrixson,GTX Plus Basic,Singletechno,Won,2017-06-28,2017-07-04,1028,FALSE,TRUE
C9M5B1N6,Kary Hendrixson,GTX Pro,Nam-zim,Won,2017-06-28,2017-09-13,3951,FALSE,TRUE
ZS4PKX65,Lajuana Vencill,GTX Basic,Finhigh,Won,2017-06-28,2017-08-11,560,FALSE,TRUE
PYLS9RJH,Markita Hansen,GTX Plus Pro,Goodsilron,Lost,2017-06-28,2017-07-05,0,FALSE,TRUE
X2ZONP2D,Moses Frase,GTX Plus Pro,Betatech,Lost,2017-06-28,2017-08-24,0,FALSE,TRUE
Y5CP83V4,Moses Frase,GTX Basic,Isdom,Won,2017-06-28,2017-09-30,530,FALSE,TRUE
V71FMJBD,Rosie Papadopoulos,MG Advanced,Unknown Account,Engaging,2017-06-28,NA,NA,TRUE,FALSE
9Y2HDGST,Versie Hillebrand,GTX Basic,Dontechi,Won,2017-06-28,2017-07-02,462,FALSE,TRUE
7R0G2LC1,Vicki Laflamme,GTX Plus Basic,Blackzim,Won,2017-06-28,2017-09-07,1211,FALSE,TRUE
8FX574BJ,Vicki Laflamme,GTX Pro,Scotfind,Won,2017-06-28,2017-07-03,4264,FALSE,TRUE
AU5Q1XCW,Vicki Laflamme,MG Advanced,Faxquote,Won,2017-06-28,2017-09-09,3104,FALSE,TRUE
SZAMHBGA,Violet Mclelland,MG Advanced,Nam-zim,Engaging,2017-06-28,NA,NA,FALSE,FALSE
CUMYWQYP,Violet Mclelland,MG Special,Gekko & Co,Won,2017-06-28,2017-09-30,56,FALSE,TRUE
29ZDUK49,Anna Snelling,GTX Plus Basic,Betatech,Won,2017-06-29,2017-07-10,1047,FALSE,TRUE
VLVP8FPJ,Cassey Cress,MG Advanced,Iselectrics,Lost,2017-06-29,2017-07-08,0,FALSE,TRUE
ZD1X3R4G,Corliss Cosme,GTX Plus Basic,Unknown Account,Engaging,2017-06-29,NA,NA,TRUE,FALSE
SNGS64S7,Darcel Schlecht,GTX Pro,Statholdings,Lost,2017-06-29,2017-07-06,0,FALSE,TRUE
CMCVD0N8,Darcel Schlecht,GTX Pro,Warephase,Won,2017-06-29,2017-07-08,5321,FALSE,TRUE
NNKWGFDH,Darcel Schlecht,MG Special,Globex Corporation,Won,2017-06-29,2017-07-06,57,FALSE,TRUE
YC6QEUJN,Garret Kinder,GTX Plus Basic,Kan-code,Won,2017-06-29,2017-07-08,950,FALSE,TRUE
794XWMYE,Garret Kinder,MG Special,Mathtouch,Won,2017-06-29,2017-09-07,61,FALSE,TRUE
FHK0BBGK,Garret Kinder,MG Special,Xx-zobam,Won,2017-06-29,2017-07-08,62,FALSE,TRUE
461LIUS7,Gladys Colclough,GTX Plus Basic,Isdom,Won,2017-06-29,2017-07-07,1105,FALSE,TRUE
Y9SCLUH8,Jonathan Berthelot,GTX Plus Basic,Ron-tech,Won,2017-06-29,2017-09-02,835,FALSE,TRUE
J75Y9C75,Kami Bicknell,GTX Plus Basic,Rantouch,Won,2017-06-29,2017-08-28,1104,FALSE,TRUE
PUP6JDT9,Kami Bicknell,MG Advanced,Kan-code,Won,2017-06-29,2017-09-12,3464,FALSE,TRUE
EMUG64GW,Kary Hendrixson,GTX Basic,Unknown Account,Engaging,2017-06-29,NA,NA,TRUE,FALSE
88AA2RK1,Kary Hendrixson,GTX Basic,Sonron,Lost,2017-06-29,2017-07-06,0,FALSE,TRUE
4F222JU9,Lajuana Vencill,MG Special,Scottech,Lost,2017-06-29,2017-08-31,0,FALSE,TRUE
CBYRECX6,Lajuana Vencill,MG Advanced,Streethex,Lost,2017-06-29,2017-07-06,0,FALSE,TRUE
XYRO1TLJ,Markita Hansen,GTX Pro,Unknown Account,Engaging,2017-06-29,NA,NA,TRUE,FALSE
QXT65QTI,Markita Hansen,GTX Basic,Hottechi,Lost,2017-06-29,2017-07-10,0,FALSE,TRUE
8RTR1VMP,Markita Hansen,MG Special,Condax,Lost,2017-06-29,2017-07-06,0,FALSE,TRUE
T7RA32XV,Markita Hansen,MG Special,Singletechno,Lost,2017-06-29,2017-07-06,0,FALSE,TRUE
8IYVJKT4,Maureen Marcano,GTX Pro,Dalttechnology,Lost,2017-06-29,2017-07-10,0,FALSE,TRUE
G087QT6R,Moses Frase,MG Advanced,Rundofase,Won,2017-06-29,2017-07-06,3676,FALSE,TRUE
JT1UUOXN,Niesha Huffines,GTX Pro,Konmatfix,Lost,2017-06-29,2017-07-08,0,FALSE,TRUE
PUTILZZG,Niesha Huffines,GTX Basic,Treequote,Won,2017-06-29,2017-08-09,568,FALSE,TRUE
QU7MSL36,Reed Clapper,GTX Pro,Plussunin,Won,2017-06-29,2017-07-09,4837,FALSE,TRUE
FEGSJ8QI,Rosalina Dieter,GTX Pro,Sonron,Won,2017-06-29,2017-08-19,4936,FALSE,TRUE
1SKIPYI7,Rosalina Dieter,MG Special,Groovestreet,Won,2017-06-29,2017-09-03,55,FALSE,TRUE
66Q03Q2P,Versie Hillebrand,GTX Basic,Konmatfix,Won,2017-06-29,2017-07-10,466,FALSE,TRUE
T4FR3FAC,Vicki Laflamme,MG Advanced,Unknown Account,Engaging,2017-06-29,NA,NA,TRUE,FALSE
Z1NWKS9A,Vicki Laflamme,MG Special,Finjob,Lost,2017-06-29,2017-07-05,0,FALSE,TRUE
ZZCKQ2JV,Vicki Laflamme,GTX Pro,Newex,Won,2017-06-29,2017-07-04,4856,FALSE,TRUE
F3G00C56,Vicki Laflamme,MG Advanced,Plexzap,Won,2017-06-29,2017-07-08,3562,FALSE,TRUE
9824T94P,Violet Mclelland,GTX Pro,Mathtouch,Won,2017-06-29,2017-07-09,5159,FALSE,TRUE
B8TD9HCN,Violet Mclelland,MG Advanced,Kinnamplus,Won,2017-06-29,2017-07-11,3172,FALSE,TRUE
PEFTXK4Q,Wilburn Farren,MG Advanced,Kinnamplus,Won,2017-06-29,2017-09-10,3350,FALSE,TRUE
LUIEQRMQ,Zane Levy,GTX Basic,Goodsilron,Won,2017-06-29,2017-07-10,595,FALSE,TRUE
8QOUXQEV,Anna Snelling,GTX Basic,Betatech,Won,2017-06-30,2017-09-27,560,FALSE,TRUE
BMH2FEGF,Boris Faz,GTX Plus Basic,Unknown Account,Engaging,2017-06-30,NA,NA,TRUE,FALSE
6SC26SGG,Boris Faz,GTX Plus Basic,Yearin,Won,2017-06-30,2017-07-02,1167,FALSE,TRUE
GITEQ8VZ,Cassey Cress,GTX Plus Pro,Initech,Lost,2017-06-30,2017-07-10,0,FALSE,TRUE
2Y9R7T2W,Cassey Cress,MG Advanced,Betasoloin,Won,2017-06-30,2017-09-26,3280,FALSE,TRUE
8U5GBXK1,Cecily Lampkin,MG Advanced,Genco Pura Olive Oil Company,Won,2017-06-30,2017-09-15,3427,FALSE,TRUE
THI3LNT0,Corliss Cosme,GTX Basic,Silis,Lost,2017-06-30,2017-07-12,0,FALSE,TRUE
KTLIR2ZX,Daniell Hammack,GTX Plus Basic,Plussunin,Lost,2017-06-30,2017-07-08,0,FALSE,TRUE
G2EECJNG,Daniell Hammack,GTX Plus Basic,Iselectrics,Won,2017-06-30,2017-09-27,940,FALSE,TRUE
UZN5JBF3,Darcel Schlecht,GTX Basic,Warephase,Won,2017-06-30,2017-09-29,565,FALSE,TRUE
2CZVRGQ4,Darcel Schlecht,GTX Pro,Conecom,Won,2017-06-30,2017-07-06,4749,FALSE,TRUE
K5D2IP27,Elease Gluck,MG Special,Labdrill,Won,2017-06-30,2017-07-09,51,FALSE,TRUE
PTKOWYW6,Gladys Colclough,MG Special,Statholdings,Lost,2017-06-30,2017-08-28,0,FALSE,TRUE
3T23AW36,James Ascencio,GTX Plus Basic,Unknown Account,Engaging,2017-06-30,NA,NA,TRUE,FALSE
G3DIX74Y,James Ascencio,GTX Pro,Y-corporation,Lost,2017-06-30,2017-07-08,0,FALSE,TRUE
4F8MNVNP,Jonathan Berthelot,GTX Basic,Warephase,Lost,2017-06-30,2017-07-07,0,FALSE,TRUE
7UL8T1BZ,Markita Hansen,MG Special,Doncon,Lost,2017-06-30,2017-07-01,0,FALSE,TRUE
4HP16LRH,Marty Freudenburg,MG Advanced,Konmatfix,Won,2017-06-30,2017-07-09,3699,FALSE,TRUE
MNTHSHH6,Maureen Marcano,GTX Plus Pro,Cheers,Won,2017-06-30,2017-07-07,5909,FALSE,TRUE
Q7C5MJ4W,Moses Frase,GTX Basic,Condax,Lost,2017-06-30,2017-11-01,0,FALSE,TRUE
ON9H54WD,Niesha Huffines,GTX Pro,Dontechi,Lost,2017-06-30,2017-07-01,0,FALSE,TRUE
8M3H9UME,Reed Clapper,GTX Plus Pro,Condax,Lost,2017-06-30,2017-07-07,0,FALSE,TRUE
5J1C46RJ,Reed Clapper,GTX Plus Pro,Massive Dynamic,Won,2017-06-30,2017-09-19,5927,FALSE,TRUE
0BSYDRMT,Reed Clapper,MG Special,Bluth Company,Won,2017-06-30,2017-09-18,60,FALSE,TRUE
NKERC6IA,Reed Clapper,MG Advanced,Zencorporation,Won,2017-06-30,2017-07-11,3351,FALSE,TRUE
H6AN87LE,Rosalina Dieter,MG Special,Nam-zim,Won,2017-06-30,2017-07-09,64,FALSE,TRUE
1SSFC7XZ,Rosie Papadopoulos,MG Advanced,Donquadtech,Lost,2017-06-30,2017-07-02,0,FALSE,TRUE
0XK80WX8,Versie Hillebrand,MG Special,dambase,Won,2017-06-30,2017-07-11,47,FALSE,TRUE
X4ARE2PT,Versie Hillebrand,MG Special,Dontechi,Won,2017-06-30,2017-07-01,53,FALSE,TRUE
KCIFANLK,Vicki Laflamme,GTX Basic,Y-corporation,Lost,2017-06-30,2017-07-12,0,FALSE,TRUE
J7U29ZM5,Violet Mclelland,GTX Basic,Acme Corporation,Lost,2017-06-30,2017-09-23,0,FALSE,TRUE
JUHQ1POT,Boris Faz,GTX Plus Basic,Streethex,Engaging,2017-07-01,NA,NA,FALSE,FALSE
3KVXBQ5V,Boris Faz,GTX Plus Basic,Acme Corporation,Lost,2017-07-01,2017-08-15,0,FALSE,TRUE
7T9J42UX,Cecily Lampkin,GTX Plus Pro,Globex Corporation,Won,2017-07-01,2017-07-11,4391,FALSE,TRUE
FOJG3OCO,Corliss Cosme,GTX Plus Pro,Unknown Account,Engaging,2017-07-01,NA,NA,TRUE,FALSE
04SCU6DK,Corliss Cosme,MG Advanced,Unknown Account,Engaging,2017-07-01,NA,NA,TRUE,FALSE
2J649YC5,Darcel Schlecht,GTX Plus Basic,Statholdings,Won,2017-07-01,2017-07-11,1308,FALSE,TRUE
9N66Q1VO,Darcel Schlecht,GTX Pro,Rangreen,Won,2017-07-01,2017-09-23,4888,FALSE,TRUE
ZWXKCHOO,Donn Cantrell,GTX Basic,Condax,Won,2017-07-01,2017-09-25,535,FALSE,TRUE
I8OUZNDS,Elease Gluck,GTX Plus Pro,Dalttechnology,Lost,2017-07-01,2017-11-03,0,FALSE,TRUE
CJZLM3WA,Garret Kinder,MG Special,Betasoloin,Lost,2017-07-01,2017-09-16,0,FALSE,TRUE
4QTD5X53,Gladys Colclough,MG Advanced,Isdom,Won,2017-07-01,2017-07-06,3252,FALSE,TRUE
AR33M33M,Hayden Neloms,GTX Plus Basic,Unknown Account,Engaging,2017-07-01,NA,NA,TRUE,FALSE
LQXWWZGN,Jonathan Berthelot,GTX Basic,Hottechi,Lost,2017-07-01,2017-07-03,0,FALSE,TRUE
NT510FGZ,Jonathan Berthelot,MG Special,Toughzap,Lost,2017-07-01,2017-08-27,0,FALSE,TRUE
2IQ0ZY9W,Jonathan Berthelot,GTX Basic,Scottech,Won,2017-07-01,2017-07-11,574,FALSE,TRUE
N3TUSU37,Jonathan Berthelot,GTX Plus Basic,Codehow,Won,2017-07-01,2017-08-11,1012,FALSE,TRUE
VSYO182N,Kary Hendrixson,GTX Pro,Dalttechnology,Engaging,2017-07-01,NA,NA,FALSE,FALSE
O6LVMQ5R,Kary Hendrixson,GTX Basic,Dalttechnology,Won,2017-07-01,2017-07-07,576,FALSE,TRUE
072ELFQF,Lajuana Vencill,MG Advanced,Isdom,Lost,2017-07-01,2017-07-03,0,FALSE,TRUE
CDFKC6E0,Markita Hansen,MG Special,Sonron,Lost,2017-07-01,2017-07-03,0,FALSE,TRUE
Z005FB1N,Markita Hansen,MG Advanced,Hottechi,Lost,2017-07-01,2017-07-08,0,FALSE,TRUE
LYAFXO9B,Markita Hansen,GTX Basic,J-Texon,Won,2017-07-01,2017-07-12,592,FALSE,TRUE
SNY2UWJ2,Markita Hansen,GTX Pro,Doncon,Won,2017-07-01,2017-07-09,4859,FALSE,TRUE
UFIAFP10,Markita Hansen,MG Special,Green-Plus,Won,2017-07-01,2017-07-02,50,FALSE,TRUE
MG7CZFIG,Markita Hansen,MG Advanced,Konex,Won,2017-07-01,2017-09-30,3225,FALSE,TRUE
H4U50AEW,Marty Freudenburg,GTX Plus Pro,Stanredtax,Won,2017-07-01,2017-07-09,5422,FALSE,TRUE
8PU9FIQS,Marty Freudenburg,MG Advanced,Domzoom,Won,2017-07-01,2017-07-11,3657,FALSE,TRUE
FBQN3UM3,Maureen Marcano,GTX Plus Basic,Fasehatice,Lost,2017-07-01,2017-07-07,0,FALSE,TRUE
MJ12SZ89,Maureen Marcano,GTX Plus Pro,Goodsilron,Won,2017-07-01,2017-07-10,4974,FALSE,TRUE
B6F9PSRN,Maureen Marcano,GTX Pro,Lexiqvolax,Won,2017-07-01,2017-08-07,4689,FALSE,TRUE
RLDIPPFT,Niesha Huffines,GTX Plus Basic,Toughzap,Lost,2017-07-01,2017-07-10,0,FALSE,TRUE
TKKSOBRC,Niesha Huffines,MG Special,Warephase,Won,2017-07-01,2017-07-12,50,FALSE,TRUE
FCWU08BA,Reed Clapper,GTX Pro,Mathtouch,Lost,2017-07-01,2017-07-03,0,FALSE,TRUE
AX63HIS9,Reed Clapper,GTX Pro,Kan-code,Won,2017-07-01,2017-08-23,4611,FALSE,TRUE
BCA6Y34B,Rosie Papadopoulos,MG Advanced,Unknown Account,Engaging,2017-07-01,NA,NA,TRUE,FALSE
1F8MPXZQ,Versie Hillebrand,MG Advanced,Stanredtax,Lost,2017-07-01,2017-07-13,0,FALSE,TRUE
H9N9DP3D,Vicki Laflamme,GTX Basic,Unknown Account,Engaging,2017-07-01,NA,NA,TRUE,FALSE
YY3ACGA2,Vicki Laflamme,GTX Basic,Kan-code,Won,2017-07-01,2017-07-11,571,FALSE,TRUE
6MQA3YYW,Violet Mclelland,MG Special,Umbrella Corporation,Lost,2017-07-01,2017-07-03,0,FALSE,TRUE
IM5AGXLX,Wilburn Farren,GTX Plus Pro,Betasoloin,Lost,2017-07-01,2017-08-06,0,FALSE,TRUE
313EIVW4,Anna Snelling,GTX Plus Basic,Bioholding,Lost,2017-07-02,2017-07-10,0,FALSE,TRUE
NNAYAA7T,Anna Snelling,MG Advanced,Stanredtax,Lost,2017-07-02,2017-07-13,0,FALSE,TRUE
019I751P,Anna Snelling,GTX Plus Basic,Statholdings,Won,2017-07-02,2017-07-09,1180,FALSE,TRUE
WQAKXOYU,Boris Faz,GTX Pro,Unknown Account,Engaging,2017-07-02,NA,NA,TRUE,FALSE
5TRALM9T,Boris Faz,GTX Plus Pro,Vehement Capital Partners,Lost,2017-07-02,2017-09-17,0,FALSE,TRUE
LWC0UJWD,Cassey Cress,GTX Basic,Bioplex,Lost,2017-07-02,2017-07-03,0,FALSE,TRUE
PI0FYKXU,Cassey Cress,GTX Plus Pro,Zathunicon,Won,2017-07-02,2017-07-04,5274,FALSE,TRUE
I7QSO0VZ,Cecily Lampkin,GTX Basic,Rundofase,Won,2017-07-02,2017-07-04,480,FALSE,TRUE
HAUB1NBF,Corliss Cosme,GTX Pro,Unknown Account,Engaging,2017-07-02,NA,NA,TRUE,FALSE
5AU1SJA7,Corliss Cosme,GTX Pro,Ontomedia,Won,2017-07-02,2017-07-08,4830,FALSE,TRUE
Z9S1ZX7W,Daniell Hammack,GTX Plus Basic,Condax,Engaging,2017-07-02,NA,NA,FALSE,FALSE
S9N98QU9,Daniell Hammack,GTX Plus Pro,Bluth Company,Lost,2017-07-02,2017-07-03,0,FALSE,TRUE
A9Q7ERA4,Darcel Schlecht,GTX Plus Pro,Finhigh,Won,2017-07-02,2017-07-04,5333,FALSE,TRUE
HLDA8IA1,Elease Gluck,MG Special,Unknown Account,Engaging,2017-07-02,NA,NA,TRUE,FALSE
RY8Z6RH2,Elease Gluck,MG Advanced,Condax,Lost,2017-07-02,2017-07-11,0,FALSE,TRUE
9J8O59QW,Gladys Colclough,GTX Plus Pro,Stanredtax,Lost,2017-07-02,2017-08-24,0,FALSE,TRUE
KWVYR0LQ,Gladys Colclough,MG Advanced,Codehow,Lost,2017-07-02,2017-07-03,0,FALSE,TRUE
0D95JSVW,James Ascencio,GTX Plus Pro,Hatfan,Won,2017-07-02,2017-09-16,6192,FALSE,TRUE
4EGO7VCJ,Kami Bicknell,GTX Pro,Unknown Account,Engaging,2017-07-02,NA,NA,TRUE,FALSE
74JAOLQU,Kami Bicknell,GTX Basic,Rantouch,Lost,2017-07-02,2017-08-16,0,FALSE,TRUE
CMLYDJFN,Kami Bicknell,GTX Basic,Plexzap,Won,2017-07-02,2017-08-11,490,FALSE,TRUE
HIV4W2E0,Kary Hendrixson,GTX Plus Basic,Betasoloin,Engaging,2017-07-02,NA,NA,FALSE,FALSE
TFQEGZ1X,Lajuana Vencill,GTX Basic,Ron-tech,Lost,2017-07-02,2017-07-04,0,FALSE,TRUE
5COSD90U,Markita Hansen,GTX Basic,Konex,Lost,2017-07-02,2017-07-09,0,FALSE,TRUE
6TBAKLMX,Niesha Huffines,GTX Plus Basic,Funholding,Won,2017-07-02,2017-09-23,1157,FALSE,TRUE
B50V1XGA,Vicki Laflamme,MG Advanced,Fasehatice,Lost,2017-07-02,2017-08-31,0,FALSE,TRUE
SOW7H1RP,Vicki Laflamme,MG Advanced,Lexiqvolax,Lost,2017-07-02,2017-07-03,0,FALSE,TRUE
OHJGW03I,Violet Mclelland,MG Special,Yearin,Won,2017-07-02,2017-07-13,55,FALSE,TRUE
R6KPUAH7,Zane Levy,MG Advanced,Sunnamplex,Lost,2017-07-02,2017-07-06,0,FALSE,TRUE
AJQC76NI,Zane Levy,GTX Pro,Doncon,Won,2017-07-02,2017-08-26,4655,FALSE,TRUE
PH5GSB37,Boris Faz,GTX Pro,Massive Dynamic,Won,2017-07-03,2017-08-26,5833,FALSE,TRUE
9OLZU3WB,Cecily Lampkin,MG Special,Condax,Won,2017-07-03,2017-09-23,47,FALSE,TRUE
JDXET5H9,Cecily Lampkin,MG Special,Warephase,Won,2017-07-03,2017-08-31,51,FALSE,TRUE
8RE1600O,Darcel Schlecht,GTX Pro,Inity,Lost,2017-07-03,2017-07-04,0,FALSE,TRUE
NGMC9NSG,Darcel Schlecht,MG Advanced,Gogozoom,Lost,2017-07-03,2017-07-12,0,FALSE,TRUE
G6FKELQV,Donn Cantrell,GTX Basic,Initech,Lost,2017-07-03,2017-09-25,0,FALSE,TRUE
IKNMU8HM,Donn Cantrell,GTX Plus Pro,Plussunin,Lost,2017-07-03,2017-09-10,0,FALSE,TRUE
AHIDE6VS,Donn Cantrell,GTX Basic,Kan-code,Won,2017-07-03,2017-07-12,540,FALSE,TRUE
YZJLPVJG,Donn Cantrell,GTX Plus Pro,Konex,Won,2017-07-03,2017-07-04,4915,FALSE,TRUE
GOSCKNUX,James Ascencio,GTX Plus Pro,Rantouch,Lost,2017-07-03,2017-07-04,0,FALSE,TRUE
GC3IVG7S,James Ascencio,GTX Plus Pro,Singletechno,Lost,2017-07-03,2017-07-05,0,FALSE,TRUE
S81YI4QH,James Ascencio,GTX Plus Pro,Sunnamplex,Lost,2017-07-03,2017-07-10,0,FALSE,TRUE
M3MJY0CK,James Ascencio,GTX Plus Pro,Lexiqvolax,Won,2017-07-03,2017-09-27,6693,FALSE,TRUE
H2HNTSIP,Jonathan Berthelot,MG Advanced,Hottechi,Won,2017-07-03,2017-07-05,3101,FALSE,TRUE
8APZZ20T,Kami Bicknell,GTX Plus Basic,Y-corporation,Lost,2017-07-03,2017-08-15,0,FALSE,TRUE
RABLXW5E,Kami Bicknell,MG Special,Hatfan,Won,2017-07-03,2017-09-02,56,FALSE,TRUE
35LLMROC,Kary Hendrixson,GTX Basic,Unknown Account,Engaging,2017-07-03,NA,NA,TRUE,FALSE
TJTOVN5K,Kary Hendrixson,GTX Plus Basic,Cheers,Won,2017-07-03,2017-07-12,935,FALSE,TRUE
1IG94UUQ,Kary Hendrixson,GTX Plus Basic,Singletechno,Won,2017-07-03,2017-07-13,1133,FALSE,TRUE
MN8UHP5B,Kary Hendrixson,GTX Pro,Y-corporation,Won,2017-07-03,2017-08-12,4904,FALSE,TRUE
D7JDQB12,Lajuana Vencill,MG Advanced,Bioholding,Won,2017-07-03,2017-09-23,2857,FALSE,TRUE
GWI45VGH,Lajuana Vencill,MG Advanced,Dontechi,Won,2017-07-03,2017-09-02,3118,FALSE,TRUE
G3TZD0CB,Marty Freudenburg,GTX Plus Basic,Funholding,Won,2017-07-03,2017-07-11,1204,FALSE,TRUE
1PAPS9QO,Maureen Marcano,MG Advanced,Y-corporation,Lost,2017-07-03,2017-07-09,0,FALSE,TRUE
WXCEZ7JY,Moses Frase,GTX Basic,Conecom,Won,2017-07-03,2017-09-06,376,FALSE,TRUE
WR45SVGN,Versie Hillebrand,GTX Basic,Toughzap,Won,2017-07-03,2017-11-02,511,FALSE,TRUE
WAFSPTW6,Vicki Laflamme,GTX Basic,Lexiqvolax,Won,2017-07-03,2017-07-14,491,FALSE,TRUE
5FYPINRL,Violet Mclelland,MG Special,Donware,Lost,2017-07-03,2017-07-16,0,FALSE,TRUE
VLPSQ076,Wilburn Farren,MG Advanced,Betasoloin,Lost,2017-07-03,2017-07-12,0,FALSE,TRUE
3AX6QBR3,Wilburn Farren,MG Advanced,Donquadtech,Won,2017-07-03,2017-09-07,3101,FALSE,TRUE
ZY3AVAK0,Zane Levy,MG Special,Y-corporation,Lost,2017-07-03,2017-08-22,0,FALSE,TRUE
FVCL72VU,Anna Snelling,GTX Plus Pro,Cancity,Lost,2017-07-04,2017-07-14,0,FALSE,TRUE
24OSGLGF,Anna Snelling,MG Special,Dontechi,Won,2017-07-04,2017-07-06,56,FALSE,TRUE
49T60OCI,Cassey Cress,GTX Plus Pro,Scottech,Engaging,2017-07-04,NA,NA,FALSE,FALSE
31NQQEEO,Cassey Cress,GTX Basic,Opentech,Lost,2017-07-04,2017-09-11,0,FALSE,TRUE
ADRU5BLP,Darcel Schlecht,GTX Plus Basic,Inity,Lost,2017-07-04,2017-07-12,0,FALSE,TRUE
AUPXRV8O,Darcel Schlecht,GTX Plus Basic,Ron-tech,Won,2017-07-04,2017-09-05,1300,FALSE,TRUE
CI00UV0Y,Darcel Schlecht,GTX Pro,Rundofase,Won,2017-07-04,2017-07-05,4544,FALSE,TRUE
VH3C0A8F,Donn Cantrell,GTX Basic,Mathtouch,Lost,2017-07-04,2017-07-05,0,FALSE,TRUE
1E5MFGR7,Donn Cantrell,GTX Basic,Plussunin,Lost,2017-07-04,2017-09-26,0,FALSE,TRUE
TS2JEK3E,Donn Cantrell,GTX Basic,Betasoloin,Won,2017-07-04,2017-09-23,531,FALSE,TRUE
4R0TB2CL,Donn Cantrell,GTX Pro,Bubba Gump,Won,2017-07-04,2017-07-13,4669,FALSE,TRUE
5OJ3QR1W,Gladys Colclough,MG Special,Inity,Lost,2017-07-04,2017-11-03,0,FALSE,TRUE
R162LSFR,Kami Bicknell,GTX Pro,Goodsilron,Lost,2017-07-04,2017-07-06,0,FALSE,TRUE
W07RZO17,Kary Hendrixson,MG Advanced,Unknown Account,Engaging,2017-07-04,NA,NA,TRUE,FALSE
X7J3O7TC,Kary Hendrixson,GTX Basic,Dalttechnology,Lost,2017-07-04,2017-07-11,0,FALSE,TRUE
Q7RV0YW6,Kary Hendrixson,GTX Plus Basic,Green-Plus,Lost,2017-07-04,2017-07-10,0,FALSE,TRUE
S5E8MBO3,Markita Hansen,GTX Basic,Plexzap,Lost,2017-07-04,2017-09-19,0,FALSE,TRUE
UGB3A3CE,Maureen Marcano,MG Special,Unknown Account,Engaging,2017-07-04,NA,NA,TRUE,FALSE
QE6A49LE,Moses Frase,MG Special,Hottechi,Lost,2017-07-04,2017-07-11,0,FALSE,TRUE
XGMMHWZC,Moses Frase,GTX Basic,Domzoom,Won,2017-07-04,2017-09-25,475,FALSE,TRUE
7MK55ULJ,Moses Frase,GTX Plus Basic,Ron-tech,Won,2017-07-04,2017-07-05,1102,FALSE,TRUE
0VZIDVCC,Moses Frase,MG Special,Zumgoity,Won,2017-07-04,2017-07-09,55,FALSE,TRUE
D1XYQH35,Niesha Huffines,GTX Basic,Treequote,Lost,2017-07-04,2017-07-15,0,FALSE,TRUE
XAR2VX09,Versie Hillebrand,MG Special,Scottech,Lost,2017-07-04,2017-07-06,0,FALSE,TRUE
YTQH4YM9,Versie Hillebrand,MG Special,Cancity,Won,2017-07-04,2017-07-05,63,FALSE,TRUE
KMLW6GXY,Vicki Laflamme,MG Advanced,Kan-code,Lost,2017-07-04,2017-07-12,0,FALSE,TRUE
IG734VZK,Vicki Laflamme,GTX Plus Pro,Plusstrip,Won,2017-07-04,2017-07-14,5971,FALSE,TRUE
W3C2KLXD,Wilburn Farren,GTX Plus Pro,Ganjaflex,Won,2017-07-04,2017-08-27,5710,FALSE,TRUE
8Z1SIQSI,Zane Levy,GTX Pro,Rantouch,Lost,2017-07-04,2017-07-09,0,FALSE,TRUE
IZJR1WDM,Zane Levy,MG Special,Plexzap,Won,2017-07-04,2017-09-21,52,FALSE,TRUE
5MRPZ44K,Anna Snelling,GTX Basic,Domzoom,Won,2017-07-05,2017-08-28,522,FALSE,TRUE
AWORM94L,Cassey Cress,GTX Basic,Unknown Account,Engaging,2017-07-05,NA,NA,TRUE,FALSE
W0LFL18P,Cassey Cress,GTX Plus Basic,Iselectrics,Lost,2017-07-05,2017-07-12,0,FALSE,TRUE
5H9ELV2H,Cassey Cress,GTX Plus Pro,Zathunicon,Lost,2017-07-05,2017-07-13,0,FALSE,TRUE
KDDN1E4O,Cassey Cress,GTX Plus Basic,Betasoloin,Won,2017-07-05,2017-07-14,1109,FALSE,TRUE
S8JALB62,Cassey Cress,MG Advanced,The New York Inquirer,Won,2017-07-05,2017-07-06,3508,FALSE,TRUE
2HPCHBIL,Corliss Cosme,GTX Plus Pro,Bluth Company,Lost,2017-07-05,2017-07-14,0,FALSE,TRUE
Q9JV7YXX,Daniell Hammack,GTX Plus Basic,Plussunin,Lost,2017-07-05,2017-07-16,0,FALSE,TRUE
J3N73B00,Darcel Schlecht,GTX Pro,Hottechi,Won,2017-07-05,2017-08-29,4346,FALSE,TRUE
STG85Q0N,Donn Cantrell,GTX Basic,Kinnamplus,Lost,2017-07-05,2017-07-06,0,FALSE,TRUE
VMI5QYS3,Donn Cantrell,GTX Pro,Xx-zobam,Lost,2017-07-05,2017-07-09,0,FALSE,TRUE
09W047QT,Donn Cantrell,GTX Pro,Umbrella Corporation,Won,2017-07-05,2017-08-10,4565,FALSE,TRUE
VXOZC2CN,Garret Kinder,GTX Plus Basic,Vehement Capital Partners,Won,2017-07-05,2017-09-29,1319,FALSE,TRUE
JAMW5SWB,James Ascencio,GTX Pro,Hottechi,Won,2017-07-05,2017-07-06,5157,FALSE,TRUE
WCKKFSVL,Jonathan Berthelot,MG Advanced,Dontechi,Lost,2017-07-05,2017-07-06,0,FALSE,TRUE
GVCWDG9Y,Jonathan Berthelot,GTX Pro,Globex Corporation,Won,2017-07-05,2017-07-17,4213,FALSE,TRUE
SXYJU7LC,Kami Bicknell,GTX Basic,Unknown Account,Engaging,2017-07-05,NA,NA,TRUE,FALSE
UEXJN3Y6,Kami Bicknell,GTX Plus Basic,Konex,Won,2017-07-05,2017-07-12,1230,FALSE,TRUE
QP0QCP8Y,Kary Hendrixson,GTX Plus Pro,Dalttechnology,Engaging,2017-07-05,NA,NA,FALSE,FALSE
MCQGU5EA,Kary Hendrixson,GTX Basic,Sunnamplex,Won,2017-07-05,2017-07-15,443,FALSE,TRUE
M0IN22XH,Kary Hendrixson,GTX Plus Basic,Zoomit,Won,2017-07-05,2017-09-26,1043,FALSE,TRUE
8HWWW76K,Lajuana Vencill,GTX Basic,dambase,Lost,2017-07-05,2017-07-07,0,FALSE,TRUE
707CQDQK,Markita Hansen,MG Special,Groovestreet,Lost,2017-07-05,2017-08-23,0,FALSE,TRUE
4PTCB3CS,Marty Freudenburg,MG Advanced,Globex Corporation,Lost,2017-07-05,2017-07-13,0,FALSE,TRUE
IEB855X8,Marty Freudenburg,MG Advanced,Codehow,Won,2017-07-05,2017-08-08,3458,FALSE,TRUE
IDA8D96H,Maureen Marcano,GTX Plus Pro,Zoomit,Lost,2017-07-05,2017-07-13,0,FALSE,TRUE
DLQNAOWB,Rosalina Dieter,MG Special,Plusstrip,Lost,2017-07-05,2017-07-07,0,FALSE,TRUE
K7056XS7,Rosie Papadopoulos,MG Advanced,Kinnamplus,Engaging,2017-07-05,NA,NA,FALSE,FALSE
R9V8QAPK,Rosie Papadopoulos,MG Special,Kan-code,Won,2017-07-05,2017-07-14,58,FALSE,TRUE
P6KXSJPD,Versie Hillebrand,MG Special,Codehow,Lost,2017-07-05,2017-07-10,0,FALSE,TRUE
KM0RKC4Q,Vicki Laflamme,GTX Basic,Hottechi,Lost,2017-07-05,2017-07-06,0,FALSE,TRUE
58TUIJ6D,Zane Levy,GTX Pro,Cheers,Lost,2017-07-05,2017-07-17,0,FALSE,TRUE
BXOIQHTS,Zane Levy,GTX Basic,Y-corporation,Won,2017-07-05,2017-09-20,658,FALSE,TRUE
CC3B5DSU,Anna Snelling,GTX Plus Pro,Treequote,Lost,2017-07-06,2017-07-16,0,FALSE,TRUE
GLM4XZLI,Cassey Cress,GTX Plus Pro,Donware,Lost,2017-07-06,2017-07-07,0,FALSE,TRUE
K8VBNOW9,Cassey Cress,GTX Plus Pro,Plussunin,Won,2017-07-06,2017-09-01,4791,FALSE,TRUE
3GEDSDVN,Cecily Lampkin,GTX Basic,Inity,Won,2017-07-06,2017-07-08,590,FALSE,TRUE
R0ZYAJFM,Cecily Lampkin,GTX Plus Pro,Isdom,Won,2017-07-06,2017-07-14,5629,FALSE,TRUE
BRFZCNMP,Corliss Cosme,GTX Plus Basic,Unknown Account,Engaging,2017-07-06,NA,NA,TRUE,FALSE
R8X2RVQ2,Corliss Cosme,GTX Pro,Vehement Capital Partners,Lost,2017-07-06,2017-07-15,0,FALSE,TRUE
E2KGQVEO,Daniell Hammack,MG Advanced,Unknown Account,Engaging,2017-07-06,NA,NA,TRUE,FALSE
DFG6OP8T,Daniell Hammack,GTX Plus Pro,Massive Dynamic,Lost,2017-07-06,2017-07-18,0,FALSE,TRUE
JB4MECWM,Daniell Hammack,GTX Pro,Xx-zobam,Lost,2017-07-06,2017-07-07,0,FALSE,TRUE
CDGA1SD7,Darcel Schlecht,GTX Pro,Streethex,Won,2017-07-06,2017-09-12,4323,FALSE,TRUE
SBILEY2W,Darcel Schlecht,GTX Pro,Treequote,Won,2017-07-06,2017-07-12,5085,FALSE,TRUE
JMTKEPXF,Donn Cantrell,MG Advanced,Zotware,Won,2017-07-06,2017-07-17,2996,FALSE,TRUE
937CNF5D,Garret Kinder,GTX Pro,Condax,Won,2017-07-06,2017-07-14,4682,FALSE,TRUE
EQ399D3M,Hayden Neloms,MG Advanced,Sonron,Won,2017-07-06,2017-07-14,3250,FALSE,TRUE
DOVNGYN4,Kami Bicknell,GTX Basic,Green-Plus,Lost,2017-07-06,2017-07-12,0,FALSE,TRUE
A0IS9TWV,Kary Hendrixson,GTX Pro,Kan-code,Lost,2017-07-06,2017-07-16,0,FALSE,TRUE
E7TDBIDS,Kary Hendrixson,GTX Pro,Kan-code,Won,2017-07-06,2017-09-06,5323,FALSE,TRUE
TIFPUXSQ,Marty Freudenburg,GTX Basic,Condax,Lost,2017-07-06,2017-07-07,0,FALSE,TRUE
LXDCC260,Marty Freudenburg,GTX Plus Pro,Funholding,Won,2017-07-06,2017-07-07,5966,FALSE,TRUE
81PWOUF0,Maureen Marcano,GTX Pro,Unknown Account,Engaging,2017-07-06,NA,NA,TRUE,FALSE
1Z72JRDI,Maureen Marcano,MG Advanced,Labdrill,Won,2017-07-06,2017-07-16,3452,FALSE,TRUE
XTBADYHW,Moses Frase,MG Special,Toughzap,Lost,2017-07-06,2017-07-17,0,FALSE,TRUE
PPDU7OWD,Moses Frase,MG Advanced,Stanredtax,Lost,2017-07-06,2017-07-13,0,FALSE,TRUE
CJ05Q2G5,Rosalina Dieter,GTX Basic,Labdrill,Lost,2017-07-06,2017-07-11,0,FALSE,TRUE
MON3JWUF,Vicki Laflamme,GTX Basic,Faxquote,Won,2017-07-06,2017-07-13,583,FALSE,TRUE
SFMKU2FV,Violet Mclelland,MG Special,Ontomedia,Lost,2017-07-06,2017-07-16,0,FALSE,TRUE
9FH2VYQQ,Zane Levy,GTX Plus Basic,Goodsilron,Lost,2017-07-06,2017-07-13,0,FALSE,TRUE
PMVKMS6A,Zane Levy,GTX Basic,J-Texon,Won,2017-07-06,2017-09-27,507,FALSE,TRUE
E62A05BH,Anna Snelling,GTX Basic,Inity,Lost,2017-07-07,2017-07-15,0,FALSE,TRUE
U3GCADFV,Anna Snelling,MG Special,Rangreen,Lost,2017-07-07,2017-07-13,0,FALSE,TRUE
CFI2GXN1,Boris Faz,GTX Pro,Unknown Account,Engaging,2017-07-07,NA,NA,TRUE,FALSE
611J0LEK,Boris Faz,GTX Basic,Betasoloin,Won,2017-07-07,2017-07-09,574,FALSE,TRUE
5M5TW9RC,Cassey Cress,GTX Plus Basic,Umbrella Corporation,Engaging,2017-07-07,NA,NA,FALSE,FALSE
ZWA2ES4F,Cassey Cress,MG Special,Opentech,Won,2017-07-07,2017-09-07,48,FALSE,TRUE
LNT5B9XY,Cecily Lampkin,MG Special,Statholdings,Lost,2017-07-07,2017-07-17,0,FALSE,TRUE
CPQ348W9,Cecily Lampkin,GTX Basic,Isdom,Won,2017-07-07,2017-07-15,458,FALSE,TRUE
UZ0MRAFU,Cecily Lampkin,GTX Plus Pro,Codehow,Won,2017-07-07,2017-09-18,5455,FALSE,TRUE
VFO5EK6R,Corliss Cosme,GTX Basic,Silis,Lost,2017-07-07,2017-07-14,0,FALSE,TRUE
GE5SORJX,Corliss Cosme,GTX Plus Pro,Kan-code,Won,2017-07-07,2017-09-17,5666,FALSE,TRUE
03O9FNTZ,Daniell Hammack,GTX Plus Basic,Bluth Company,Won,2017-07-07,2017-07-09,1107,FALSE,TRUE
FIQIRK37,Daniell Hammack,GTX Pro,Acme Corporation,Won,2017-07-07,2017-07-08,4089,FALSE,TRUE
M6J6VNVQ,Donn Cantrell,GTX Basic,Ontomedia,Won,2017-07-07,2017-09-08,498,FALSE,TRUE
S767XDO3,Elease Gluck,MG Advanced,Hatfan,Lost,2017-07-07,2017-09-07,0,FALSE,TRUE
ZPKCSV3R,Jonathan Berthelot,MG Special,Dontechi,Won,2017-07-07,2017-07-11,64,FALSE,TRUE
CLA3RTMS,Kami Bicknell,MG Advanced,Xx-holding,Lost,2017-07-07,2017-07-09,0,FALSE,TRUE
K1K48OTP,Kary Hendrixson,GTX Plus Pro,Conecom,Engaging,2017-07-07,NA,NA,FALSE,FALSE
OJWV4RT2,Kary Hendrixson,GTX Basic,Konex,Lost,2017-07-07,2017-07-09,0,FALSE,TRUE
PMQCN4PR,Kary Hendrixson,GTX Basic,Finjob,Won,2017-07-07,2017-07-09,565,FALSE,TRUE
CBIFB5BB,Kary Hendrixson,GTX Basic,Kan-code,Won,2017-07-07,2017-07-17,579,FALSE,TRUE
BSVZWUXR,Lajuana Vencill,MG Special,Hottechi,Won,2017-07-07,2017-09-11,56,FALSE,TRUE
PU2UJDTV,Markita Hansen,GTX Pro,Scotfind,Won,2017-07-07,2017-09-05,4063,FALSE,TRUE
LN9NU0A8,Marty Freudenburg,GTX Plus Basic,Inity,Won,2017-07-07,2017-07-17,1193,FALSE,TRUE
KD27RNU9,Moses Frase,GTX Basic,Scottech,Lost,2017-07-07,2017-07-15,0,FALSE,TRUE
FN50OJHN,Niesha Huffines,GTX Plus Basic,Betatech,Won,2017-07-07,2017-07-11,1088,FALSE,TRUE
YA68AAQK,Reed Clapper,GTX Plus Basic,Xx-zobam,Lost,2017-07-07,2017-09-17,0,FALSE,TRUE
90K2ZTKB,Rosalina Dieter,MG Special,Xx-holding,Won,2017-07-07,2017-09-11,58,FALSE,TRUE
YYTZSTL0,Rosie Papadopoulos,GTX Plus Pro,Unknown Account,Engaging,2017-07-07,NA,NA,TRUE,FALSE
1M0THQSZ,Vicki Laflamme,MG Advanced,Golddex,Lost,2017-07-07,2017-07-09,0,FALSE,TRUE
Y1GEH2EG,Vicki Laflamme,GTX Plus Pro,Green-Plus,Won,2017-07-07,2017-07-13,4466,FALSE,TRUE
ORM1IRQ2,Violet Mclelland,MG Special,Unknown Account,Engaging,2017-07-07,NA,NA,TRUE,FALSE
593L4BNI,Violet Mclelland,GTX Basic,Kinnamplus,Lost,2017-07-07,2017-07-14,0,FALSE,TRUE
83EZC8YK,Violet Mclelland,MG Advanced,Xx-zobam,Lost,2017-07-07,2017-07-15,0,FALSE,TRUE
4MTCQ31T,Anna Snelling,MG Special,Gogozoom,Won,2017-07-08,2017-11-06,55,FALSE,TRUE
QU220OFI,Boris Faz,GTX Basic,Finhigh,Engaging,2017-07-08,NA,NA,FALSE,FALSE
TJYNW3C7,Cassey Cress,GTX Plus Basic,Donware,Lost,2017-07-08,2017-07-15,0,FALSE,TRUE
COGZW25D,Cassey Cress,GTX Plus Basic,Konex,Won,2017-07-08,2017-07-16,861,FALSE,TRUE
B3A6VXVQ,Corliss Cosme,GTX Basic,Acme Corporation,Engaging,2017-07-08,NA,NA,FALSE,FALSE
O83AR1CC,Corliss Cosme,MG Advanced,Plussunin,Lost,2017-07-08,2017-07-09,0,FALSE,TRUE
BOG3D6D7,Corliss Cosme,GTX Pro,Umbrella Corporation,Won,2017-07-08,2017-07-19,5137,FALSE,TRUE
J03H7OQF,Darcel Schlecht,MG Special,Betatech,Won,2017-07-08,2017-07-16,54,FALSE,TRUE
DJXM9LIW,Donn Cantrell,GTX Plus Basic,Kinnamplus,Won,2017-07-08,2017-07-14,1020,FALSE,TRUE
6XH71PH8,Donn Cantrell,GTX Plus Basic,Yearin,Won,2017-07-08,2017-09-28,1136,FALSE,TRUE
AW1U6QKR,Donn Cantrell,MG Special,Konex,Won,2017-07-08,2017-07-14,55,FALSE,TRUE
MAVEITJH,Elease Gluck,GTX Pro,Groovestreet,Won,2017-07-08,2017-09-09,5097,FALSE,TRUE
GUJNYTXN,Garret Kinder,GTX Basic,Kinnamplus,Won,2017-07-08,2017-07-09,483,FALSE,TRUE
QKXCMJVB,James Ascencio,GTX Basic,Unknown Account,Engaging,2017-07-08,NA,NA,TRUE,FALSE
ELLLRB7A,James Ascencio,GTX Basic,Zoomit,Won,2017-07-08,2017-08-29,587,FALSE,TRUE
F4EHCQIC,James Ascencio,GTX Plus Pro,Kan-code,Won,2017-07-08,2017-07-16,5284,FALSE,TRUE
EHC9KQDN,Jonathan Berthelot,GTX Basic,Scottech,Lost,2017-07-08,2017-07-09,0,FALSE,TRUE
MBLFZPU2,Jonathan Berthelot,GTX Basic,Warephase,Lost,2017-07-08,2017-09-12,0,FALSE,TRUE
L0SOZL9A,Kary Hendrixson,MG Advanced,Y-corporation,Lost,2017-07-08,2017-09-28,0,FALSE,TRUE
00XBYXIB,Kary Hendrixson,GTX Plus Basic,Green-Plus,Won,2017-07-08,2017-07-09,993,FALSE,TRUE
ASN7OCWQ,Markita Hansen,GTX Basic,Groovestreet,Lost,2017-07-08,2017-07-15,0,FALSE,TRUE
SHS9HQX4,Maureen Marcano,GTX Pro,Finjob,Won,2017-07-08,2017-09-19,4642,FALSE,TRUE
JYEQFGS5,Reed Clapper,GTX Pro,Umbrella Corporation,Lost,2017-07-08,2017-07-17,0,FALSE,TRUE
S9DVJGUO,Reed Clapper,GTX Pro,Kan-code,Won,2017-07-08,2017-07-15,4530,FALSE,TRUE
0YPN92QB,Rosalina Dieter,MG Special,Y-corporation,Lost,2017-07-08,2017-07-10,0,FALSE,TRUE
UIA0FO51,Rosie Papadopoulos,MG Advanced,Xx-zobam,Won,2017-07-08,2017-07-09,3569,FALSE,TRUE
48J7F1A2,Vicki Laflamme,MG Advanced,Hottechi,Won,2017-07-08,2017-08-31,3276,FALSE,TRUE
0D37PQA0,Violet Mclelland,GTX Plus Basic,Unknown Account,Engaging,2017-07-08,NA,NA,TRUE,FALSE
D193SPY4,Violet Mclelland,MG Special,Plussunin,Engaging,2017-07-08,NA,NA,FALSE,FALSE
SFIMNCPZ,Violet Mclelland,MG Advanced,Mathtouch,Lost,2017-07-08,2017-07-10,0,FALSE,TRUE
57NT8T8S,Zane Levy,GTX Basic,Finjob,Lost,2017-07-08,2017-07-16,0,FALSE,TRUE
7GLF1GBJ,Zane Levy,GTX Plus Basic,Green-Plus,Lost,2017-07-08,2017-07-16,0,FALSE,TRUE
YST07PM6,Zane Levy,GTX Plus Pro,Doncon,Lost,2017-07-08,2017-07-17,0,FALSE,TRUE
HPU7RQG6,Zane Levy,GTX Plus Pro,Rantouch,Lost,2017-07-08,2017-07-15,0,FALSE,TRUE
6Z1XK6YR,Zane Levy,GTX Pro,Hatfan,Lost,2017-07-08,2017-11-09,0,FALSE,TRUE
045D5MZO,Zane Levy,GTX Plus Pro,Kan-code,Won,2017-07-08,2017-07-17,5576,FALSE,TRUE
K1UREXI5,Anna Snelling,GTX Basic,Genco Pura Olive Oil Company,Won,2017-07-09,2017-09-16,460,FALSE,TRUE
M7Y1LHHA,Boris Faz,GTX Basic,Zathunicon,Won,2017-07-09,2017-07-16,457,FALSE,TRUE
NK1B8YME,Cassey Cress,GTX Plus Pro,Unknown Account,Engaging,2017-07-09,NA,NA,TRUE,FALSE
WP6SUIMC,Cassey Cress,MG Advanced,Silis,Lost,2017-07-09,2017-07-15,0,FALSE,TRUE
SGI5I4X1,Corliss Cosme,GTX Basic,Gekko & Co,Won,2017-07-09,2017-07-10,665,FALSE,TRUE
U07VUUGP,Corliss Cosme,GTX Plus Basic,Zathunicon,Won,2017-07-09,2017-07-15,1122,FALSE,TRUE
SEC6K7X2,Corliss Cosme,GTX Plus Pro,Umbrella Corporation,Won,2017-07-09,2017-07-18,5578,FALSE,TRUE
OT26ZUZ7,Daniell Hammack,GTX Pro,Betatech,Engaging,2017-07-09,NA,NA,FALSE,FALSE
MXVBWIE5,Darcel Schlecht,GTX Basic,Rundofase,Won,2017-07-09,2017-09-08,460,FALSE,TRUE
794F5VJB,Donn Cantrell,GTX Plus Basic,Donware,Won,2017-07-09,2017-08-31,1133,FALSE,TRUE
TNEB1XNK,Donn Cantrell,GTX Plus Basic,Gekko & Co,Won,2017-07-09,2017-09-18,1194,FALSE,TRUE
P60PIE95,Donn Cantrell,GTX Plus Pro,Yearin,Won,2017-07-09,2017-09-16,5861,FALSE,TRUE
HI9S2MRZ,Elease Gluck,GTX Plus Basic,Unknown Account,Engaging,2017-07-09,NA,NA,TRUE,FALSE
QKOAWRXD,Gladys Colclough,GTX Basic,Dontechi,Lost,2017-07-09,2017-07-17,0,FALSE,TRUE
NC7V5K1T,Gladys Colclough,GTX Plus Basic,Stanredtax,Won,2017-07-09,2017-08-28,1194,FALSE,TRUE
XTAPYDDI,Gladys Colclough,GTX Pro,Funholding,Won,2017-07-09,2017-07-11,4440,FALSE,TRUE
0CTHPQGT,Jonathan Berthelot,MG Special,Cancity,Won,2017-07-09,2017-07-19,53,FALSE,TRUE
N9KFOKLS,Kami Bicknell,GTX Basic,Sonron,Lost,2017-07-09,2017-07-14,0,FALSE,TRUE
02SSRMSA,Lajuana Vencill,GTX Plus Basic,Inity,Won,2017-07-09,2017-07-13,1192,FALSE,TRUE
HBJPBF3P,Marty Freudenburg,MG Special,Conecom,Won,2017-07-09,2017-09-01,54,FALSE,TRUE
E6D2DBXF,Moses Frase,MG Advanced,Ron-tech,Lost,2017-07-09,2017-07-13,0,FALSE,TRUE
OUMM04QV,Moses Frase,GTX Plus Pro,Warephase,Won,2017-07-09,2017-07-18,4651,FALSE,TRUE
TZQWGMG7,Niesha Huffines,GTX Plus Pro,Rangreen,Lost,2017-07-09,2017-07-19,0,FALSE,TRUE
66KFPHBT,Niesha Huffines,GTX Plus Pro,Betatech,Won,2017-07-09,2017-09-24,5944,FALSE,TRUE
WL4TLMUC,Reed Clapper,MG Advanced,Gekko & Co,Lost,2017-07-09,2017-07-17,0,FALSE,TRUE
6AO6E15O,Rosalina Dieter,GTX Pro,Statholdings,Engaging,2017-07-09,NA,NA,FALSE,FALSE
OW9OM3UO,Rosalina Dieter,MG Advanced,Unknown Account,Engaging,2017-07-09,NA,NA,TRUE,FALSE
HXMJ5048,Vicki Laflamme,MG Advanced,Green-Plus,Lost,2017-07-09,2017-07-17,0,FALSE,TRUE
CQYAMIQ3,Zane Levy,GTX Pro,Unknown Account,Engaging,2017-07-09,NA,NA,TRUE,FALSE
6178B4JM,Anna Snelling,GTX Plus Basic,Domzoom,Won,2017-07-10,2017-07-17,962,FALSE,TRUE
WC7KCJ2N,Boris Faz,GTX Plus Basic,Silis,Won,2017-07-10,2017-07-21,1063,FALSE,TRUE
5GBVA3ZZ,Cassey Cress,MG Advanced,Zencorporation,Lost,2017-07-10,2017-07-23,0,FALSE,TRUE
B7WWPCO6,Cecily Lampkin,GTX Basic,Gogozoom,Lost,2017-07-10,2017-07-23,0,FALSE,TRUE
152DN1FE,Darcel Schlecht,GTX Plus Basic,Cancity,Lost,2017-07-10,2017-07-12,0,FALSE,TRUE
3NJHQZT6,Darcel Schlecht,MG Special,Streethex,Lost,2017-07-10,2017-07-17,0,FALSE,TRUE
9GOWJ93R,Darcel Schlecht,MG Advanced,Domzoom,Won,2017-07-10,2017-09-03,2572,FALSE,TRUE
QAB3H9H5,Gladys Colclough,GTX Pro,Globex Corporation,Lost,2017-07-10,2017-07-11,0,FALSE,TRUE
9B9VDAFU,Gladys Colclough,GTX Pro,Warephase,Won,2017-07-10,2017-07-18,4631,FALSE,TRUE
L9F6QP4P,Gladys Colclough,MG Advanced,Isdom,Won,2017-07-10,2017-07-19,3230,FALSE,TRUE
1D5AYQO6,Hayden Neloms,MG Special,Condax,Won,2017-07-10,2017-07-19,59,FALSE,TRUE
6WR7JQ3C,James Ascencio,MG Advanced,Labdrill,Won,2017-07-10,2017-11-03,3624,FALSE,TRUE
Y2XXRYMX,Kami Bicknell,GTX Plus Basic,Labdrill,Lost,2017-07-10,2017-11-11,0,FALSE,TRUE
Z9DK5289,Kami Bicknell,GTX Pro,Golddex,Lost,2017-07-10,2017-07-12,0,FALSE,TRUE
MN34I4DD,Kami Bicknell,GTX Plus Pro,Hatfan,Won,2017-07-10,2017-09-22,5848,FALSE,TRUE
9CQ6TMET,Kami Bicknell,MG Special,Dalttechnology,Won,2017-07-10,2017-07-11,42,FALSE,TRUE
N54HHLC4,Kary Hendrixson,GTX Plus Pro,Sunnamplex,Lost,2017-07-10,2017-07-12,0,FALSE,TRUE
TPP1IGKV,Kary Hendrixson,GTX Pro,Nam-zim,Lost,2017-07-10,2017-07-17,0,FALSE,TRUE
9USDNUBL,Markita Hansen,GTX Plus Pro,Hatfan,Lost,2017-07-10,2017-08-29,0,FALSE,TRUE
Q82O5QTN,Marty Freudenburg,MG Advanced,Rangreen,Lost,2017-07-10,2017-07-12,0,FALSE,TRUE
2HVDAY4L,Moses Frase,MG Special,Cancity,Lost,2017-07-10,2017-07-21,0,FALSE,TRUE
0FGWN6O0,Moses Frase,GTX Basic,Isdom,Won,2017-07-10,2017-07-19,588,FALSE,TRUE
FQXZBTEG,Reed Clapper,GTX Plus Basic,Zencorporation,Lost,2017-07-10,2017-07-18,0,FALSE,TRUE
8IGYTN3H,Reed Clapper,MG Special,Yearin,Won,2017-07-10,2017-07-17,54,FALSE,TRUE
QV3TAWDT,Rosie Papadopoulos,GTX Pro,Unknown Account,Engaging,2017-07-10,NA,NA,TRUE,FALSE
OTNZ5ZCN,Vicki Laflamme,GTX Pro,Singletechno,Won,2017-07-10,2017-09-06,5099,FALSE,TRUE
USJWM3F3,Violet Mclelland,GTX Basic,Unknown Account,Engaging,2017-07-10,NA,NA,TRUE,FALSE
7O2ISWVB,Zane Levy,GTX Plus Pro,Plexzap,Lost,2017-07-10,2017-07-15,0,FALSE,TRUE
QUAD5082,Boris Faz,MG Advanced,Konex,Lost,2017-07-11,2017-07-21,0,FALSE,TRUE
0T9KUEQ2,Cassey Cress,GTX Plus Pro,Unknown Account,Engaging,2017-07-11,NA,NA,TRUE,FALSE
P6H45Y25,Cecily Lampkin,GTX Basic,Scottech,Lost,2017-07-11,2017-09-16,0,FALSE,TRUE
28EVFB8G,Cecily Lampkin,GTX Plus Basic,Treequote,Lost,2017-07-11,2017-07-13,0,FALSE,TRUE
VV5LDD24,Corliss Cosme,MG Advanced,Silis,Lost,2017-07-11,2017-07-13,0,FALSE,TRUE
SF3KBDJF,Daniell Hammack,GTX Pro,Silis,Lost,2017-07-11,2017-08-18,0,FALSE,TRUE
DKUVKTIT,Daniell Hammack,GTX Plus Pro,Initech,Won,2017-07-11,2017-07-19,4881,FALSE,TRUE
OYUUU6B9,Darcel Schlecht,GTX Basic,Bioholding,Lost,2017-07-11,2017-11-09,0,FALSE,TRUE
IIVNXACR,Darcel Schlecht,GTX Pro,Codehow,Lost,2017-07-11,2017-07-12,0,FALSE,TRUE
OWBGBQ4G,Darcel Schlecht,GTX Pro,Stanredtax,Lost,2017-07-11,2017-07-18,0,FALSE,TRUE
X2EH33CU,Gladys Colclough,MG Advanced,Genco Pura Olive Oil Company,Won,2017-07-11,2017-07-12,2878,FALSE,TRUE
GNT6EM5M,Hayden Neloms,MG Special,Xx-holding,Lost,2017-07-11,2017-07-12,0,FALSE,TRUE
U3ZMURXR,Hayden Neloms,MG Advanced,Finjob,Won,2017-07-11,2017-09-08,3121,FALSE,TRUE
4UTOXXV4,James Ascencio,GTX Plus Pro,Golddex,Lost,2017-07-11,2017-07-12,0,FALSE,TRUE
KHWG1W75,James Ascencio,MG Special,Goodsilron,Won,2017-07-11,2017-07-18,57,FALSE,TRUE
MWAW08I7,Jonathan Berthelot,GTX Basic,Treequote,Won,2017-07-11,2017-07-12,576,FALSE,TRUE
0QV1LRME,Jonathan Berthelot,GTX Plus Basic,Konmatfix,Won,2017-07-11,2017-07-18,1258,FALSE,TRUE
63GAY8GB,Kami Bicknell,GTX Plus Basic,Singletechno,Lost,2017-07-11,2017-08-22,0,FALSE,TRUE
JB3J080M,Kary Hendrixson,GTX Plus Pro,Unknown Account,Engaging,2017-07-11,NA,NA,TRUE,FALSE
GXHAIS33,Kary Hendrixson,GTX Basic,Doncon,Lost,2017-07-11,2017-09-29,0,FALSE,TRUE
VBRZZAP8,Kary Hendrixson,GTX Basic,Hottechi,Won,2017-07-11,2017-07-20,491,FALSE,TRUE
JR76K5YA,Markita Hansen,GTX Basic,Sunnamplex,Won,2017-07-11,2017-08-23,494,FALSE,TRUE
Z3TX2K6F,Maureen Marcano,GTX Pro,Dalttechnology,Lost,2017-07-11,2017-07-20,0,FALSE,TRUE
RGUC0V54,Maureen Marcano,GTX Plus Basic,Zoomit,Won,2017-07-11,2017-09-19,882,FALSE,TRUE
M93A8LTF,Reed Clapper,GTX Plus Basic,Konex,Won,2017-07-11,2017-07-20,1076,FALSE,TRUE
CQW6TYOX,Rosalina Dieter,GTK 500,Cheers,Lost,2017-07-11,2017-07-18,0,FALSE,TRUE
P7H8UY1P,Rosalina Dieter,MG Special,Dalttechnology,Lost,2017-07-11,2017-09-21,0,FALSE,TRUE
6XLFG3VK,Rosalina Dieter,MG Special,Zoomit,Won,2017-07-11,2017-07-19,57,FALSE,TRUE
9ZPY98PB,Vicki Laflamme,GTX Basic,Nam-zim,Lost,2017-07-11,2017-07-13,0,FALSE,TRUE
YRXDI9E8,Vicki Laflamme,MG Advanced,Cheers,Lost,2017-07-11,2017-11-05,0,FALSE,TRUE
1JB82QZ0,Vicki Laflamme,MG Advanced,Sonron,Lost,2017-07-11,2017-07-12,0,FALSE,TRUE
G5GPTVMU,Anna Snelling,GTX Plus Basic,Bioholding,Lost,2017-07-12,2017-08-31,0,FALSE,TRUE
856VG3CS,Boris Faz,GTX Plus Basic,Plussunin,Won,2017-07-12,2017-09-28,1100,FALSE,TRUE
J80ZEYYM,Cassey Cress,MG Advanced,Donquadtech,Won,2017-07-12,2017-09-18,3630,FALSE,TRUE
21OMR381,Corliss Cosme,MG Special,Unknown Account,Engaging,2017-07-12,NA,NA,TRUE,FALSE
X9HFP474,Daniell Hammack,GTX Basic,Dontechi,Engaging,2017-07-12,NA,NA,FALSE,FALSE
T51ULXCZ,Darcel Schlecht,GTX Pro,Bioholding,Lost,2017-07-12,2017-07-23,0,FALSE,TRUE
3S73ZUQH,Darcel Schlecht,MG Advanced,Betatech,Lost,2017-07-12,2017-07-21,0,FALSE,TRUE
JUU6C7NO,Donn Cantrell,GTX Plus Basic,Ontomedia,Lost,2017-07-12,2017-09-27,0,FALSE,TRUE
8SNDBWPP,Donn Cantrell,GTX Plus Pro,Massive Dynamic,Lost,2017-07-12,2017-09-28,0,FALSE,TRUE
0PH153YF,Gladys Colclough,GTX Pro,Condax,Lost,2017-07-12,2017-07-13,0,FALSE,TRUE
YNYZNOWR,Hayden Neloms,MG Advanced,Cheers,Lost,2017-07-12,2017-07-25,0,FALSE,TRUE
HUNM56HY,Hayden Neloms,MG Advanced,Sunnamplex,Won,2017-07-12,2017-07-23,3741,FALSE,TRUE
SIONXEMH,Hayden Neloms,MG Advanced,Y-corporation,Won,2017-07-12,2017-07-14,2905,FALSE,TRUE
JX08Z5L5,James Ascencio,GTX Plus Basic,Singletechno,Lost,2017-07-12,2017-07-25,0,FALSE,TRUE
BUJ1TX7Y,Maureen Marcano,GTX Plus Basic,Finjob,Won,2017-07-12,2017-09-14,1023,FALSE,TRUE
6C70OX62,Maureen Marcano,MG Advanced,Y-corporation,Won,2017-07-12,2017-09-24,3257,FALSE,TRUE
V9WVYEE9,Moses Frase,GTX Plus Pro,Codehow,Lost,2017-07-12,2017-07-20,0,FALSE,TRUE
3N6BHLN6,Niesha Huffines,GTX Plus Basic,Streethex,Won,2017-07-12,2017-08-20,960,FALSE,TRUE
SQWCQRGY,Reed Clapper,GTX Pro,Silis,Lost,2017-07-12,2017-07-14,0,FALSE,TRUE
32K5LEDV,Reed Clapper,GTX Plus Pro,Silis,Won,2017-07-12,2017-07-18,5538,FALSE,TRUE
R0XNAFUB,Zane Levy,GTX Basic,Unknown Account,Engaging,2017-07-12,NA,NA,TRUE,FALSE
XW1ONOVO,Boris Faz,MG Advanced,Kan-code,Won,2017-07-13,2017-07-23,3420,FALSE,TRUE
100W6J9A,Darcel Schlecht,GTX Pro,Treequote,Lost,2017-07-13,2017-07-19,0,FALSE,TRUE
YYRYSVOO,Darcel Schlecht,GTX Pro,Bioholding,Won,2017-07-13,2017-07-16,5382,FALSE,TRUE
P7AX4B3N,Elease Gluck,MG Special,Sonron,Lost,2017-07-13,2017-07-24,0,FALSE,TRUE
GC1TSADL,Elease Gluck,GTX Pro,Faxquote,Won,2017-07-13,2017-07-18,5703,FALSE,TRUE
QF1I965E,Garret Kinder,MG Advanced,Mathtouch,Won,2017-07-13,2017-09-30,3340,FALSE,TRUE
P93UCMW8,Hayden Neloms,MG Advanced,Hottechi,Lost,2017-07-13,2017-07-15,0,FALSE,TRUE
YKBRF0NG,Kary Hendrixson,GTX Plus Basic,Nam-zim,Won,2017-07-13,2017-08-09,1014,FALSE,TRUE
OP2DIRC2,Lajuana Vencill,GTX Basic,Inity,Won,2017-07-13,2017-07-19,536,FALSE,TRUE
VIHXI2JA,Markita Hansen,GTX Plus Basic,Konex,Lost,2017-07-13,2017-07-14,0,FALSE,TRUE
IC4J0BIZ,Niesha Huffines,GTX Basic,Codehow,Won,2017-07-13,2017-07-24,550,FALSE,TRUE
BNMJAOF4,Niesha Huffines,GTX Basic,Gogozoom,Won,2017-07-13,2017-09-28,469,FALSE,TRUE
VSWHUBD0,Niesha Huffines,GTX Basic,Ron-tech,Won,2017-07-13,2017-07-14,585,FALSE,TRUE
7ZWN0JO9,Niesha Huffines,GTX Plus Basic,Scottech,Won,2017-07-13,2017-08-29,943,FALSE,TRUE
KLPVD6LR,Reed Clapper,GTX Basic,Bioplex,Lost,2017-07-13,2017-07-21,0,FALSE,TRUE
U3M8XTMY,Reed Clapper,GTX Plus Basic,Plussunin,Won,2017-07-13,2017-08-01,1319,FALSE,TRUE
P89VI9EN,Reed Clapper,GTX Pro,Bubba Gump,Won,2017-07-13,2017-07-22,5873,FALSE,TRUE
4LOHS2AJ,Rosie Papadopoulos,MG Special,Unknown Account,Engaging,2017-07-13,NA,NA,TRUE,FALSE
SPUXDRGN,Vicki Laflamme,MG Advanced,Kan-code,Lost,2017-07-13,2017-08-28,0,FALSE,TRUE
PDIYRBQJ,Zane Levy,GTX Plus Basic,Lexiqvolax,Lost,2017-07-13,2017-07-15,0,FALSE,TRUE
185PGG0J,Anna Snelling,MG Special,Treequote,Won,2017-07-14,2017-07-17,44,FALSE,TRUE
QQ5LW9HV,Boris Faz,MG Advanced,Plussunin,Lost,2017-07-14,2017-07-26,0,FALSE,TRUE
8EF4D82U,Boris Faz,GTX Pro,Mathtouch,Won,2017-07-14,2017-09-14,3834,FALSE,TRUE
GFMLCHB0,Cassey Cress,GTX Plus Basic,Zathunicon,Lost,2017-07-14,2017-07-21,0,FALSE,TRUE
TFS537LA,Cassey Cress,GTX Plus Pro,Iselectrics,Lost,2017-07-14,2017-07-15,0,FALSE,TRUE
2X86737Q,Cecily Lampkin,GTX Plus Pro,Inity,Won,2017-07-14,2017-07-16,5537,FALSE,TRUE
HSZOPWWT,Corliss Cosme,GTX Basic,Donware,Won,2017-07-14,2017-09-15,530,FALSE,TRUE
1KVGSF08,Corliss Cosme,GTX Plus Pro,Konex,Won,2017-07-14,2017-09-23,4989,FALSE,TRUE
UDFMSH1S,Darcel Schlecht,GTX Plus Pro,Streethex,Lost,2017-07-14,2017-07-25,0,FALSE,TRUE
516C0X9F,Darcel Schlecht,GTX Plus Basic,Statholdings,Won,2017-07-14,2017-07-26,1144,FALSE,TRUE
DPAEMTHC,Donn Cantrell,GTX Basic,Konex,Lost,2017-07-14,2017-07-15,0,FALSE,TRUE
A6T69X6T,Elease Gluck,MG Advanced,Xx-holding,Lost,2017-07-14,2017-09-08,0,FALSE,TRUE
DDD515FB,Hayden Neloms,MG Advanced,Xx-holding,Won,2017-07-14,2017-07-15,3362,FALSE,TRUE
6GKGGY0U,James Ascencio,GTX Pro,Green-Plus,Lost,2017-07-14,2017-07-25,0,FALSE,TRUE
8M6TB2ZX,James Ascencio,GTX Plus Pro,Goodsilron,Won,2017-07-14,2017-07-21,5013,FALSE,TRUE
8JH8YA79,Kami Bicknell,GTX Basic,Unknown Account,Engaging,2017-07-14,NA,NA,TRUE,FALSE
BABQISCH,Kami Bicknell,GTX Basic,Hatfan,Lost,2017-07-14,2017-07-15,0,FALSE,TRUE
T46KPPNB,Kary Hendrixson,GTX Plus Basic,Blackzim,Lost,2017-07-14,2017-07-16,0,FALSE,TRUE
9CE6F4NZ,Kary Hendrixson,GTX Basic,Plusstrip,Won,2017-07-14,2017-08-27,431,FALSE,TRUE
Z9KNL9A1,Kary Hendrixson,GTX Pro,Groovestreet,Won,2017-07-14,2017-07-24,5161,FALSE,TRUE
7JBR36G8,Lajuana Vencill,GTX Basic,Genco Pura Olive Oil Company,Won,2017-07-14,2017-07-16,579,FALSE,TRUE
EYTBRK2B,Lajuana Vencill,MG Advanced,Warephase,Won,2017-07-14,2017-07-24,3411,FALSE,TRUE
KFXZNC4N,Markita Hansen,MG Special,Xx-holding,Lost,2017-07-14,2017-09-11,0,FALSE,TRUE
SJ62BMK5,Markita Hansen,MG Advanced,Plusstrip,Won,2017-07-14,2017-07-15,3973,FALSE,TRUE
YDJV1DFE,Niesha Huffines,MG Advanced,Ron-tech,Lost,2017-07-14,2017-11-09,0,FALSE,TRUE
GHDAXC7T,Reed Clapper,GTX Plus Basic,Zathunicon,Won,2017-07-14,2017-07-15,1029,FALSE,TRUE
FQQ2JJZ1,Rosie Papadopoulos,MG Special,Gekko & Co,Won,2017-07-14,2017-07-23,59,FALSE,TRUE
NCJJBWU3,Versie Hillebrand,MG Special,Globex Corporation,Lost,2017-07-14,2017-07-22,0,FALSE,TRUE
8BYEALF9,Vicki Laflamme,MG Special,Unknown Account,Engaging,2017-07-14,NA,NA,TRUE,FALSE
8SGMUWET,Vicki Laflamme,GTX Basic,Goodsilron,Won,2017-07-14,2017-09-29,534,FALSE,TRUE
3KVS08NL,Violet Mclelland,MG Special,Iselectrics,Won,2017-07-14,2017-07-15,48,FALSE,TRUE
CLIIR1T0,Zane Levy,MG Special,Finjob,Won,2017-07-14,2017-07-25,57,FALSE,TRUE
PHXX81YF,Daniell Hammack,GTX Plus Pro,Donware,Lost,2017-07-15,2017-07-17,0,FALSE,TRUE
6K7LDRKR,Darcel Schlecht,GTX Plus Pro,Stanredtax,Won,2017-07-15,2017-11-11,4009,FALSE,TRUE
J6UOUH6Y,Darcel Schlecht,MG Advanced,dambase,Won,2017-07-15,2017-09-03,3255,FALSE,TRUE
2EYTB3PX,Donn Cantrell,MG Advanced,Condax,Won,2017-07-15,2017-07-25,3724,FALSE,TRUE
1U945R0D,Elease Gluck,MG Advanced,Dalttechnology,Lost,2017-07-15,2017-07-16,0,FALSE,TRUE
FX4D649Y,Hayden Neloms,GTX Plus Basic,Fasehatice,Lost,2017-07-15,2017-07-24,0,FALSE,TRUE
4QBSY3CB,James Ascencio,GTX Plus Basic,Golddex,Lost,2017-07-15,2017-08-26,0,FALSE,TRUE
ZWVRS27V,Jonathan Berthelot,MG Special,Rundofase,Lost,2017-07-15,2017-11-04,0,FALSE,TRUE
8BBXNESQ,Kary Hendrixson,GTX Plus Pro,Labdrill,Lost,2017-07-15,2017-07-22,0,FALSE,TRUE
3JJ7YI88,Lajuana Vencill,MG Special,Gogozoom,Lost,2017-07-15,2017-07-16,0,FALSE,TRUE
AKMDEG3I,Markita Hansen,MG Advanced,Faxquote,Lost,2017-07-15,2017-07-17,0,FALSE,TRUE
568NS3GO,Markita Hansen,MG Advanced,Cheers,Won,2017-07-15,2017-08-27,2791,FALSE,TRUE
YVDQ80A0,Maureen Marcano,GTX Plus Basic,Unknown Account,Engaging,2017-07-15,NA,NA,TRUE,FALSE
TQLO6QP6,Niesha Huffines,MG Advanced,Cancity,Won,2017-07-15,2017-09-02,3501,FALSE,TRUE
DLVEVD9O,Reed Clapper,GTX Plus Pro,Yearin,Lost,2017-07-15,2017-07-27,0,FALSE,TRUE
C75RV9DY,Reed Clapper,GTX Basic,Ganjaflex,Won,2017-07-15,2017-07-16,555,FALSE,TRUE
CI9S6CST,Rosalina Dieter,MG Special,Unknown Account,Engaging,2017-07-15,NA,NA,TRUE,FALSE
EUQCW0ZA,Rosalina Dieter,GTX Basic,Lexiqvolax,Won,2017-07-15,2017-07-23,650,FALSE,TRUE
CEOMZE9H,Vicki Laflamme,GTX Basic,Nam-zim,Lost,2017-07-15,2017-07-26,0,FALSE,TRUE
TT5QRQTF,Vicki Laflamme,MG Special,Konex,Won,2017-07-15,2017-07-21,61,FALSE,TRUE
5NXD4U83,Vicki Laflamme,MG Special,Newex,Won,2017-07-15,2017-07-17,54,FALSE,TRUE
1IL51ZIW,Violet Mclelland,MG Special,Condax,Lost,2017-07-15,2017-07-22,0,FALSE,TRUE
CM33NN0P,Wilburn Farren,MG Advanced,Silis,Lost,2017-07-15,2017-07-23,0,FALSE,TRUE
P3QQIMTA,Anna Snelling,GTX Basic,Rundofase,Lost,2017-07-16,2017-07-24,0,FALSE,TRUE
WB1CQNJU,Anna Snelling,MG Advanced,Funholding,Lost,2017-07-16,2017-07-17,0,FALSE,TRUE
OQYDQCTM,Anna Snelling,MG Special,Rangreen,Won,2017-07-16,2017-07-25,59,FALSE,TRUE
ISQJD695,Boris Faz,GTX Basic,Sunnamplex,Engaging,2017-07-16,NA,NA,FALSE,FALSE
M1VNX1D7,Cassey Cress,GTX Pro,Acme Corporation,Won,2017-07-16,2017-07-28,5318,FALSE,TRUE
TWO2Q99P,Cecily Lampkin,GTX Plus Pro,Conecom,Won,2017-07-16,2017-09-30,5753,FALSE,TRUE
72UVDOKU,Cecily Lampkin,MG Special,Konmatfix,Won,2017-07-16,2017-07-24,62,FALSE,TRUE
DMSQ0TSG,Cecily Lampkin,MG Advanced,Isdom,Won,2017-07-16,2017-08-12,3146,FALSE,TRUE
FEWIDJGH,Darcel Schlecht,GTX Basic,Rundofase,Won,2017-07-16,2017-07-18,538,FALSE,TRUE
AUZM3MLU,Darcel Schlecht,GTX Plus Basic,Betatech,Won,2017-07-16,2017-09-18,1071,FALSE,TRUE
GS2CLR52,Darcel Schlecht,GTX Pro,Betatech,Won,2017-07-16,2017-07-17,4488,FALSE,TRUE
HYP3SXPV,Darcel Schlecht,MG Advanced,Isdom,Won,2017-07-16,2017-08-02,2837,FALSE,TRUE
9G93P7SV,Donn Cantrell,MG Advanced,Kan-code,Won,2017-07-16,2017-09-30,3593,FALSE,TRUE
7XSAHM67,Elease Gluck,GTX Basic,Hottechi,Won,2017-07-16,2017-09-28,583,FALSE,TRUE
M2A8EY5Q,Hayden Neloms,GTX Plus Pro,Unknown Account,Engaging,2017-07-16,NA,NA,TRUE,FALSE
N7MDRJ01,Jonathan Berthelot,GTX Basic,Isdom,Lost,2017-07-16,2017-07-25,0,FALSE,TRUE
4ID56TXX,Jonathan Berthelot,MG Advanced,Genco Pura Olive Oil Company,Lost,2017-07-16,2017-07-28,0,FALSE,TRUE
ZOX0FW5W,Kami Bicknell,GTX Pro,Scotfind,Lost,2017-07-16,2017-07-23,0,FALSE,TRUE
4SFRUL8J,Kami Bicknell,MG Advanced,Labdrill,Lost,2017-07-16,2017-07-22,0,FALSE,TRUE
UB2UAI38,Kami Bicknell,GTX Plus Basic,Singletechno,Won,2017-07-16,2017-07-21,1109,FALSE,TRUE
B00OD1IF,Kami Bicknell,GTX Plus Basic,Zoomit,Won,2017-07-16,2017-07-23,1106,FALSE,TRUE
OGO6SNTQ,Kary Hendrixson,GTX Plus Pro,Plusstrip,Lost,2017-07-16,2017-07-24,0,FALSE,TRUE
I6ZC5V1K,Kary Hendrixson,GTX Plus Pro,Labdrill,Won,2017-07-16,2017-07-26,5008,FALSE,TRUE
1N3G9WG2,Kary Hendrixson,GTX Pro,Y-corporation,Won,2017-07-16,2017-07-19,5621,FALSE,TRUE
JHNXPUNX,Lajuana Vencill,GTX Basic,Rangreen,Won,2017-07-16,2017-07-17,550,FALSE,TRUE
NPHD3ZTC,Moses Frase,GTX Basic,Rangreen,Won,2017-07-16,2017-09-03,574,FALSE,TRUE
06KTPHYC,Rosalina Dieter,MG Advanced,Hottechi,Lost,2017-07-16,2017-07-24,0,FALSE,TRUE
YCA44Q4U,Wilburn Farren,MG Special,Kinnamplus,Won,2017-07-16,2017-07-25,52,FALSE,TRUE
FR4GTSEQ,Zane Levy,GTX Basic,Xx-holding,Won,2017-07-16,2017-09-15,477,FALSE,TRUE
S46ZLF3G,Anna Snelling,GTX Basic,Betatech,Lost,2017-07-17,2017-07-26,0,FALSE,TRUE
WHZEK68G,Anna Snelling,MG Special,Streethex,Lost,2017-07-17,2017-07-22,0,FALSE,TRUE
3CB3WNBM,Boris Faz,GTX Basic,Kinnamplus,Engaging,2017-07-17,NA,NA,FALSE,FALSE
EJDRMHNC,Boris Faz,MG Special,Unknown Account,Engaging,2017-07-17,NA,NA,TRUE,FALSE
O8C2G4G2,Cassey Cress,MG Advanced,Unknown Account,Engaging,2017-07-17,NA,NA,TRUE,FALSE
DAJBIHBZ,Cassey Cress,MG Advanced,Silis,Lost,2017-07-17,2017-07-28,0,FALSE,TRUE
P6BJ24ZP,Cassey Cress,GTX Plus Basic,Plussunin,Won,2017-07-17,2017-07-20,1202,FALSE,TRUE
XORHQFNJ,Cecily Lampkin,MG Advanced,Funholding,Lost,2017-07-17,2017-08-05,0,FALSE,TRUE
ZFRPQV2M,Cecily Lampkin,MG Special,Funholding,Won,2017-07-17,2017-11-03,51,FALSE,TRUE
RVRBCZAI,Daniell Hammack,GTX Plus Basic,Kan-code,Lost,2017-07-17,2017-07-18,0,FALSE,TRUE
2897DN4S,Darcel Schlecht,GTX Plus Basic,Finhigh,Lost,2017-07-17,2017-07-18,0,FALSE,TRUE
1DIL2X16,Darcel Schlecht,GTX Pro,Rundofase,Lost,2017-07-17,2017-07-28,0,FALSE,TRUE
BMQEY089,Darcel Schlecht,GTX Plus Basic,Scottech,Won,2017-07-17,2017-09-16,1203,FALSE,TRUE
CYOJ4G39,Darcel Schlecht,GTX Pro,Isdom,Won,2017-07-17,2017-07-19,5673,FALSE,TRUE
5IOG6X00,Donn Cantrell,GTX Plus Pro,Gekko & Co,Won,2017-07-17,2017-09-08,6205,FALSE,TRUE
HBN3R2TJ,Elease Gluck,MG Advanced,Unknown Account,Engaging,2017-07-17,NA,NA,TRUE,FALSE
QG6BCBXM,Elease Gluck,GTX Plus Pro,Sonron,Lost,2017-07-17,2017-08-03,0,FALSE,TRUE
CAXTE48L,Hayden Neloms,MG Advanced,Cheers,Won,2017-07-17,2017-07-24,3363,FALSE,TRUE
OO3BM7A9,Hayden Neloms,MG Advanced,Konex,Won,2017-07-17,2017-11-03,3700,FALSE,TRUE
NYPU55W4,James Ascencio,GTX Pro,Kan-code,Lost,2017-07-17,2017-11-01,0,FALSE,TRUE
VE334W2U,Jonathan Berthelot,GTX Basic,Codehow,Won,2017-07-17,2017-09-23,546,FALSE,TRUE
AX7WS66G,Jonathan Berthelot,GTX Basic,Toughzap,Won,2017-07-17,2017-07-24,617,FALSE,TRUE
OB8UCQ17,Jonathan Berthelot,GTX Basic,Warephase,Won,2017-07-17,2017-07-26,490,FALSE,TRUE
BV4JZ4G8,Kami Bicknell,GTX Basic,Konex,Lost,2017-07-17,2017-07-19,0,FALSE,TRUE
8CV5MZWW,Kami Bicknell,GTX Basic,Nam-zim,Lost,2017-07-17,2017-07-21,0,FALSE,TRUE
3L965RUK,Kary Hendrixson,MG Advanced,Kan-code,Won,2017-07-17,2017-07-26,3665,FALSE,TRUE
RZ8HI1Y5,Lajuana Vencill,GTX Plus Basic,Warephase,Lost,2017-07-17,2017-07-24,0,FALSE,TRUE
IYKSBD0U,Markita Hansen,MG Advanced,Hatfan,Lost,2017-07-17,2017-07-18,0,FALSE,TRUE
YVGDC8L2,Marty Freudenburg,MG Special,Rangreen,Won,2017-07-17,2017-07-26,53,FALSE,TRUE
JZU0JH07,Maureen Marcano,GTX Plus Basic,Finjob,Lost,2017-07-17,2017-09-28,0,FALSE,TRUE
ZEWNPF3K,Maureen Marcano,GTX Plus Basic,Singletechno,Won,2017-07-17,2017-11-13,1075,FALSE,TRUE
6T64JWH9,Maureen Marcano,GTX Pro,Sonron,Won,2017-07-17,2017-07-25,4683,FALSE,TRUE
E7RTG575,Niesha Huffines,GTX Plus Basic,Statholdings,Won,2017-07-17,2017-07-27,1114,FALSE,TRUE
I9U5PCM3,Reed Clapper,GTX Pro,Betasoloin,Won,2017-07-17,2017-11-17,5452,FALSE,TRUE
H1Y2W48V,Rosalina Dieter,GTX Pro,Groovestreet,Won,2017-07-17,2017-09-07,5561,FALSE,TRUE
YFNRXR7X,Rosie Papadopoulos,MG Special,Plussunin,Won,2017-07-17,2017-07-25,57,FALSE,TRUE
9MZPL59I,Versie Hillebrand,MG Special,Streethex,Lost,2017-07-17,2017-08-03,0,FALSE,TRUE
7A3R2M9T,Vicki Laflamme,GTX Plus Pro,Sonron,Engaging,2017-07-17,NA,NA,FALSE,FALSE
1RL933VJ,Vicki Laflamme,GTX Pro,Kan-code,Lost,2017-07-17,2017-09-22,0,FALSE,TRUE
GAE0E4RI,Vicki Laflamme,MG Advanced,Cheers,Lost,2017-07-17,2017-07-29,0,FALSE,TRUE
VBN56JMP,Vicki Laflamme,GTX Basic,Goodsilron,Won,2017-07-17,2017-07-18,496,FALSE,TRUE
7ITUU2YO,Vicki Laflamme,GTX Pro,Lexiqvolax,Won,2017-07-17,2017-09-17,5054,FALSE,TRUE
NDLX894H,Violet Mclelland,MG Special,Bluth Company,Lost,2017-07-17,2017-07-18,0,FALSE,TRUE
6ALH2N0I,Violet Mclelland,MG Special,Gekko & Co,Won,2017-07-17,2017-08-20,55,FALSE,TRUE
G8XGVIG2,Zane Levy,GTX Plus Basic,Lexiqvolax,Lost,2017-07-17,2017-07-26,0,FALSE,TRUE
HCR2GJ3O,Zane Levy,GTX Pro,Xx-holding,Lost,2017-07-17,2017-07-27,0,FALSE,TRUE
QABD6SAS,Zane Levy,GTX Plus Basic,Singletechno,Won,2017-07-17,2017-09-21,1064,FALSE,TRUE
GUJCRHYU,Zane Levy,GTX Pro,Goodsilron,Won,2017-07-17,2017-07-28,5268,FALSE,TRUE
SHKTBB71,Anna Snelling,MG Special,Condax,Won,2017-07-18,2017-07-27,54,FALSE,TRUE
G0L0B1QC,Cassey Cress,MG Advanced,Opentech,Won,2017-07-18,2017-07-28,3407,FALSE,TRUE
O28I4VDY,Corliss Cosme,GTX Plus Basic,Unknown Account,Engaging,2017-07-18,NA,NA,TRUE,FALSE
3YC624RD,Daniell Hammack,GTX Basic,Bubba Gump,Lost,2017-07-18,2017-08-05,0,FALSE,TRUE
715TBGPE,Darcel Schlecht,GTX Pro,Rundofase,Lost,2017-07-18,2017-08-30,0,FALSE,TRUE
1Q3JQFAU,Darcel Schlecht,MG Special,dambase,Lost,2017-07-18,2017-07-26,0,FALSE,TRUE
O3K5RKMI,Darcel Schlecht,GTX Plus Basic,Treequote,Won,2017-07-18,2017-07-19,752,FALSE,TRUE
75P6HFA0,Darcel Schlecht,MG Advanced,Statholdings,Won,2017-07-18,2017-09-03,3727,FALSE,TRUE
NE0XCH5E,Elease Gluck,MG Special,Condax,Lost,2017-07-18,2017-07-31,0,FALSE,TRUE
W01768VM,Elease Gluck,GTX Basic,Zoomit,Won,2017-07-18,2017-07-28,532,FALSE,TRUE
38CPLDAR,Garret Kinder,GTX Plus Pro,Xx-zobam,Lost,2017-07-18,2017-07-30,0,FALSE,TRUE
TZRNKT72,Gladys Colclough,GTX Plus Pro,Hottechi,Lost,2017-07-18,2017-07-23,0,FALSE,TRUE
4LXAW8CH,Gladys Colclough,GTX Plus Pro,Inity,Lost,2017-07-18,2017-08-07,0,FALSE,TRUE
GOGIZWW6,Gladys Colclough,MG Advanced,Condax,Won,2017-07-18,2017-09-27,3139,FALSE,TRUE
DOPOI0R5,Hayden Neloms,MG Advanced,Finjob,Won,2017-07-18,2017-07-28,3403,FALSE,TRUE
XRWMLGOG,James Ascencio,MG Advanced,Unknown Account,Engaging,2017-07-18,NA,NA,TRUE,FALSE
69V1WQLK,James Ascencio,GTX Plus Pro,Plusstrip,Won,2017-07-18,2017-07-27,5440,FALSE,TRUE
FEDXQCKJ,Marty Freudenburg,GTX Plus Pro,Globex Corporation,Won,2017-07-18,2017-07-26,5698,FALSE,TRUE
MIXJ9F4F,Maureen Marcano,GTX Plus Basic,Unknown Account,Engaging,2017-07-18,NA,NA,TRUE,FALSE
RSP75BOI,Moses Frase,GTX Plus Pro,Streethex,Lost,2017-07-18,2017-07-19,0,FALSE,TRUE
CKDPWHTZ,Moses Frase,GTX Basic,Genco Pura Olive Oil Company,Won,2017-07-18,2017-07-28,563,FALSE,TRUE
ECBFFQL0,Niesha Huffines,GTX Basic,Stanredtax,Lost,2017-07-18,2017-07-28,0,FALSE,TRUE
Z8HW4Z9W,Rosie Papadopoulos,GTX Basic,Kan-code,Lost,2017-07-18,2017-07-26,0,FALSE,TRUE
0KVZKA5T,Vicki Laflamme,MG Special,Konex,Lost,2017-07-18,2017-07-25,0,FALSE,TRUE
944H7LRC,Vicki Laflamme,GTX Plus Pro,Sonron,Won,2017-07-18,2017-07-27,4673,FALSE,TRUE
F0OWRRLN,Vicki Laflamme,MG Advanced,Konex,Won,2017-07-18,2017-07-28,3405,FALSE,TRUE
39EYEBMK,Violet Mclelland,GTX Basic,Unknown Account,Engaging,2017-07-18,NA,NA,TRUE,FALSE
P4RLJHR3,Violet Mclelland,GTX Basic,Umbrella Corporation,Won,2017-07-18,2017-11-15,566,FALSE,TRUE
M10S36W3,Wilburn Farren,GTX Plus Pro,Konex,Won,2017-07-18,2017-11-06,5559,FALSE,TRUE
HT8UEA0H,Zane Levy,GTX Pro,Scotfind,Lost,2017-07-18,2017-07-25,0,FALSE,TRUE
GR6C7GQ9,Zane Levy,GTX Pro,Goodsilron,Won,2017-07-18,2017-09-16,4797,FALSE,TRUE
LAYVBSH4,Anna Snelling,GTX Basic,Unknown Account,Engaging,2017-07-19,NA,NA,TRUE,FALSE
055Z2OAS,Anna Snelling,MG Special,Dontechi,Engaging,2017-07-19,NA,NA,FALSE,FALSE
Q9VC6GV0,Anna Snelling,MG Special,Konmatfix,Engaging,2017-07-19,NA,NA,FALSE,FALSE
G11DEJSL,Anna Snelling,MG Special,Dontechi,Lost,2017-07-19,2017-07-30,0,FALSE,TRUE
BP45IP77,Anna Snelling,MG Special,Betatech,Won,2017-07-19,2017-07-25,53,FALSE,TRUE
3XJI7AD8,Cassey Cress,MG Advanced,Zotware,Lost,2017-07-19,2017-09-27,0,FALSE,TRUE
8D8JOXP6,Cecily Lampkin,MG Special,Unknown Account,Engaging,2017-07-19,NA,NA,TRUE,FALSE
IPHP2GVT,Cecily Lampkin,MG Special,Unknown Account,Engaging,2017-07-19,NA,NA,TRUE,FALSE
XP7YG96H,Corliss Cosme,GTX Plus Basic,Donquadtech,Won,2017-07-19,2017-07-30,955,FALSE,TRUE
GP4JNSJY,Daniell Hammack,GTX Plus Pro,Yearin,Lost,2017-07-19,2017-07-30,0,FALSE,TRUE
X8M3SCVF,Darcel Schlecht,GTX Basic,Unknown Account,Engaging,2017-07-19,NA,NA,TRUE,FALSE
I3KQNE9V,Darcel Schlecht,GTX Plus Pro,Isdom,Engaging,2017-07-19,NA,NA,FALSE,FALSE
NU4ACGMY,Darcel Schlecht,GTX Pro,Unknown Account,Engaging,2017-07-19,NA,NA,TRUE,FALSE
EBVL81O5,Darcel Schlecht,GTX Pro,Betatech,Lost,2017-07-19,2017-07-22,0,FALSE,TRUE
NDHQMBA0,Darcel Schlecht,GTX Plus Basic,Globex Corporation,Won,2017-07-19,2017-08-03,1060,FALSE,TRUE
XV03TJV1,Darcel Schlecht,GTX Pro,Gogozoom,Won,2017-07-19,2017-07-26,5401,FALSE,TRUE
CCLIVXMG,Elease Gluck,GTX Pro,Unknown Account,Engaging,2017-07-19,NA,NA,TRUE,FALSE
FQ5A489H,Garret Kinder,GTX Plus Pro,Kan-code,Won,2017-07-19,2017-07-26,4895,FALSE,TRUE
3PZ6Y6AJ,Gladys Colclough,GTX Plus Pro,Treequote,Won,2017-07-19,2017-07-21,4907,FALSE,TRUE
LDK61ORQ,Hayden Neloms,MG Special,Xx-zobam,Engaging,2017-07-19,NA,NA,FALSE,FALSE
564Y2IOV,Hayden Neloms,MG Advanced,Y-corporation,Lost,2017-07-19,2017-07-29,0,FALSE,TRUE
W7VULS00,Hayden Neloms,GTX Plus Basic,Sunnamplex,Won,2017-07-19,2017-09-30,1170,FALSE,TRUE
PLW3NMLJ,Hayden Neloms,MG Advanced,Faxquote,Won,2017-07-19,2017-07-28,2718,FALSE,TRUE
MMVGTXDB,James Ascencio,MG Special,Plusstrip,Lost,2017-07-19,2017-08-30,0,FALSE,TRUE
PQOHTS9I,Jonathan Berthelot,GTX Pro,Inity,Engaging,2017-07-19,NA,NA,FALSE,FALSE
6UCZ36IC,Kami Bicknell,GTX Basic,Kan-code,Lost,2017-07-19,2017-11-04,0,FALSE,TRUE
4IC989F8,Kary Hendrixson,GTX Basic,Green-Plus,Lost,2017-07-19,2017-07-30,0,FALSE,TRUE
Y5FM7TJT,Kary Hendrixson,MG Special,Plexzap,Lost,2017-07-19,2017-07-21,0,FALSE,TRUE
OB3K0SVW,Kary Hendrixson,GTX Basic,Goodsilron,Won,2017-07-19,2017-08-08,624,FALSE,TRUE
LORMJLTE,Lajuana Vencill,GTX Plus Basic,Konmatfix,Engaging,2017-07-19,NA,NA,FALSE,FALSE
HIVUC1C4,Lajuana Vencill,MG Special,Unknown Account,Engaging,2017-07-19,NA,NA,TRUE,FALSE
WWOCI25Z,Lajuana Vencill,GTX Plus Pro,Isdom,Lost,2017-07-19,2017-07-30,0,FALSE,TRUE
1UFFP5T3,Lajuana Vencill,MG Advanced,Cancity,Lost,2017-07-19,2017-08-02,0,FALSE,TRUE
ALMZ6ZUI,Lajuana Vencill,GTX Basic,Genco Pura Olive Oil Company,Won,2017-07-19,2017-07-29,537,FALSE,TRUE
B4UIGJRX,Lajuana Vencill,GTX Plus Basic,Dontechi,Won,2017-07-19,2017-07-30,1089,FALSE,TRUE
ZCAEQT06,Lajuana Vencill,MG Advanced,Codehow,Won,2017-07-19,2017-07-27,3352,FALSE,TRUE
XBO6IN0E,Markita Hansen,GTX Pro,Rantouch,Lost,2017-07-19,2017-11-01,0,FALSE,TRUE
U1SBKB0U,Markita Hansen,GTX Basic,Singletechno,Won,2017-07-19,2017-07-23,535,FALSE,TRUE
E3XLWCWX,Marty Freudenburg,GTX Plus Pro,Ontomedia,Engaging,2017-07-19,NA,NA,FALSE,FALSE
7LD79NYD,Marty Freudenburg,MG Advanced,Unknown Account,Engaging,2017-07-19,NA,NA,TRUE,FALSE
8S7IAR2D,Marty Freudenburg,GTX Basic,Rangreen,Won,2017-07-19,2017-09-25,571,FALSE,TRUE
RWQKOD1W,Maureen Marcano,MG Advanced,Cheers,Won,2017-07-19,2017-09-29,3535,FALSE,TRUE
BKOWQMMV,Moses Frase,GTX Basic,Unknown Account,Engaging,2017-07-19,NA,NA,TRUE,FALSE
6TOOTFQV,Moses Frase,MG Advanced,Bioholding,Won,2017-07-19,2017-07-27,3985,FALSE,TRUE
2WDSO6PG,Niesha Huffines,GTX Basic,Hatfan,Engaging,2017-07-19,NA,NA,FALSE,FALSE
I776MNA8,Rosie Papadopoulos,MG Advanced,Massive Dynamic,Won,2017-07-19,2017-07-21,3568,FALSE,TRUE
IQFDPIND,Versie Hillebrand,GTX Basic,Unknown Account,Engaging,2017-07-19,NA,NA,TRUE,FALSE
VG17J29L,Versie Hillebrand,MG Special,Bioholding,Lost,2017-07-19,2017-07-29,0,FALSE,TRUE
F7R8ICT8,Versie Hillebrand,MG Special,Funholding,Won,2017-07-19,2017-07-27,65,FALSE,TRUE
KULR6FMD,Versie Hillebrand,MG Special,Funholding,Won,2017-07-19,2017-07-25,47,FALSE,TRUE
JHCA115A,Vicki Laflamme,GTX Pro,Green-Plus,Engaging,2017-07-19,NA,NA,FALSE,FALSE
DMG5EOFC,Violet Mclelland,MG Advanced,Lexiqvolax,Engaging,2017-07-19,NA,NA,FALSE,FALSE
ZGFB0IF1,Anna Snelling,GTX Plus Basic,Unknown Account,Engaging,2017-07-20,NA,NA,TRUE,FALSE
LD4F6QTP,Anna Snelling,GTX Plus Pro,Groovestreet,Engaging,2017-07-20,NA,NA,FALSE,FALSE
1FEHFRKX,Anna Snelling,GTX Plus Pro,Labdrill,Engaging,2017-07-20,NA,NA,FALSE,FALSE
DNBR1VHP,Anna Snelling,MG Special,Silis,Engaging,2017-07-20,NA,NA,FALSE,FALSE
1R2CLEGQ,Anna Snelling,MG Special,Unknown Account,Engaging,2017-07-20,NA,NA,TRUE,FALSE
KOG75BRP,Anna Snelling,GTX Plus Basic,Ron-tech,Lost,2017-07-20,2017-11-11,0,FALSE,TRUE
SV3T5L5N,Anna Snelling,GTX Plus Basic,Ron-tech,Won,2017-07-20,2017-07-21,1160,FALSE,TRUE
THRXY3SV,Anna Snelling,GTX Plus Pro,Stanredtax,Won,2017-07-20,2017-08-23,5847,FALSE,TRUE
9BFHDZOK,Boris Faz,MG Advanced,Kan-code,Lost,2017-07-20,2017-07-30,0,FALSE,TRUE
IHOU09D6,Boris Faz,GTX Plus Basic,Yearin,Won,2017-07-20,2017-09-20,1029,FALSE,TRUE
BJWS06GX,Corliss Cosme,GTX Plus Pro,Ontomedia,Lost,2017-07-20,2017-07-21,0,FALSE,TRUE
4IVW7F68,Corliss Cosme,GTX Pro,Donquadtech,Lost,2017-07-20,2017-07-31,0,FALSE,TRUE
NSO0UHK1,Daniell Hammack,GTX Plus Basic,Unknown Account,Engaging,2017-07-20,NA,NA,TRUE,FALSE
ROSYV895,Daniell Hammack,MG Advanced,Konex,Lost,2017-07-20,2017-11-09,0,FALSE,TRUE
LHBWJAD3,Darcel Schlecht,GTX Plus Basic,Unknown Account,Engaging,2017-07-20,NA,NA,TRUE,FALSE
KRWKDPWW,Darcel Schlecht,GTX Plus Basic,Unknown Account,Engaging,2017-07-20,NA,NA,TRUE,FALSE
6V7FT2YU,Darcel Schlecht,GTX Pro,Unknown Account,Engaging,2017-07-20,NA,NA,TRUE,FALSE
3V7Q3G52,Darcel Schlecht,GTX Pro,Funholding,Lost,2017-07-20,2017-07-28,0,FALSE,TRUE
4U3OSLNM,Darcel Schlecht,GTX Pro,Gogozoom,Lost,2017-07-20,2017-07-28,0,FALSE,TRUE
LX4D50OF,Darcel Schlecht,GTX Pro,Rangreen,Lost,2017-07-20,2017-08-04,0,FALSE,TRUE
CWBHL1S7,Darcel Schlecht,GTX Pro,Stanredtax,Lost,2017-07-20,2017-07-28,0,FALSE,TRUE
FCBBJJIJ,Darcel Schlecht,MG Advanced,Bioholding,Lost,2017-07-20,2017-07-23,0,FALSE,TRUE
1D1L6FJX,Darcel Schlecht,GTX Pro,Treequote,Won,2017-07-20,2017-08-17,5058,FALSE,TRUE
L2P99XIG,Donn Cantrell,GTX Plus Basic,Gekko & Co,Lost,2017-07-20,2017-09-21,0,FALSE,TRUE
DEN2BPRR,Donn Cantrell,GTX Pro,Silis,Lost,2017-07-20,2017-09-27,0,FALSE,TRUE
1QGOH13Z,Donn Cantrell,GTX Pro,Zathunicon,Lost,2017-07-20,2017-07-28,0,FALSE,TRUE
PCTOIQZA,Gladys Colclough,MG Advanced,Rangreen,Won,2017-07-20,2017-11-14,3552,FALSE,TRUE
OI3UIKVF,Hayden Neloms,GTX Plus Basic,Konmatfix,Engaging,2017-07-20,NA,NA,FALSE,FALSE
8AK1G9IT,Hayden Neloms,GTX Plus Pro,Kan-code,Won,2017-07-20,2017-11-08,5526,FALSE,TRUE
GY10EROJ,Jonathan Berthelot,GTX Basic,Cheers,Engaging,2017-07-20,NA,NA,FALSE,FALSE
90G292UY,Jonathan Berthelot,GTX Basic,Unknown Account,Engaging,2017-07-20,NA,NA,TRUE,FALSE
JDHHDOX8,Jonathan Berthelot,GTX Basic,Unknown Account,Engaging,2017-07-20,NA,NA,TRUE,FALSE
KTWP0SMT,Jonathan Berthelot,GTX Basic,Unknown Account,Engaging,2017-07-20,NA,NA,TRUE,FALSE
29W6WPLA,Jonathan Berthelot,GTX Plus Basic,Gekko & Co,Engaging,2017-07-20,NA,NA,FALSE,FALSE
CDVDL9I5,Jonathan Berthelot,GTX Plus Basic,Unknown Account,Engaging,2017-07-20,NA,NA,TRUE,FALSE
PJ75Q8VM,Jonathan Berthelot,GTX Pro,Unknown Account,Engaging,2017-07-20,NA,NA,TRUE,FALSE
0NSRB3EO,Jonathan Berthelot,MG Special,Unknown Account,Engaging,2017-07-20,NA,NA,TRUE,FALSE
TDJ3N8EJ,Kami Bicknell,MG Advanced,Kinnamplus,Engaging,2017-07-20,NA,NA,FALSE,FALSE
AEMGFUYH,Kary Hendrixson,GTX Pro,Plexzap,Won,2017-07-20,2017-07-26,4428,FALSE,TRUE
7439NGIG,Marty Freudenburg,GTX Pro,Sumace,Engaging,2017-07-20,NA,NA,FALSE,FALSE
6GLF0PU0,Maureen Marcano,GTX Basic,Singletechno,Won,2017-07-20,2017-07-27,523,FALSE,TRUE
3JW6CZ7K,Moses Frase,GTX Basic,Unknown Account,Engaging,2017-07-20,NA,NA,TRUE,FALSE
F3EOBN5A,Moses Frase,GTX Plus Pro,Genco Pura Olive Oil Company,Engaging,2017-07-20,NA,NA,FALSE,FALSE
AERVH1AC,Niesha Huffines,GTX Plus Basic,Unknown Account,Engaging,2017-07-20,NA,NA,TRUE,FALSE
BBOWBQA6,Niesha Huffines,GTX Plus Pro,Blackzim,Engaging,2017-07-20,NA,NA,FALSE,FALSE
908W84Y6,Reed Clapper,GTX Plus Basic,Mathtouch,Lost,2017-07-20,2017-07-22,0,FALSE,TRUE
48CVYAIE,Reed Clapper,GTX Plus Pro,Plussunin,Lost,2017-07-20,2017-07-30,0,FALSE,TRUE
ULY6LFT1,Rosie Papadopoulos,GTX Pro,Mathtouch,Won,2017-07-20,2017-07-31,5392,FALSE,TRUE
IYDR200I,Vicki Laflamme,GTX Basic,Finjob,Lost,2017-07-20,2017-07-27,0,FALSE,TRUE
2QHB4SYK,Violet Mclelland,MG Special,Zencorporation,Won,2017-07-20,2017-07-28,55,FALSE,TRUE
GEQ7KT9J,Wilburn Farren,GTX Plus Basic,Plussunin,Engaging,2017-07-20,NA,NA,FALSE,FALSE
S50ETCN7,Anna Snelling,GTX Plus Basic,Unknown Account,Engaging,2017-07-21,NA,NA,TRUE,FALSE
0KRVN3V5,Anna Snelling,MG Advanced,Hatfan,Engaging,2017-07-21,NA,NA,FALSE,FALSE
JNDSA5B4,Anna Snelling,GTX Basic,Treequote,Lost,2017-07-21,2017-11-06,0,FALSE,TRUE
L3DT2WVO,Boris Faz,GTX Pro,Gekko & Co,Won,2017-07-21,2017-11-20,4197,FALSE,TRUE
OCMCRBJR,Boris Faz,MG Advanced,Mathtouch,Won,2017-07-21,2017-09-18,3830,FALSE,TRUE
II0SKLFO,Cassey Cress,GTX Basic,Donware,Won,2017-07-21,2017-07-30,494,FALSE,TRUE
UJ58VMZT,Cecily Lampkin,GTX Plus Basic,Unknown Account,Engaging,2017-07-21,NA,NA,TRUE,FALSE
E8GD44YC,Cecily Lampkin,GTX Plus Basic,Unknown Account,Engaging,2017-07-21,NA,NA,TRUE,FALSE
A3T91VUM,Cecily Lampkin,MG Special,Unknown Account,Engaging,2017-07-21,NA,NA,TRUE,FALSE
LIYJSU0E,Daniell Hammack,GTX Plus Pro,Konex,Won,2017-07-21,2017-07-22,5118,FALSE,TRUE
S6YZO6UQ,Darcel Schlecht,GTX Pro,Unknown Account,Engaging,2017-07-21,NA,NA,TRUE,FALSE
PI45UJKA,Darcel Schlecht,GTX Pro,Unknown Account,Engaging,2017-07-21,NA,NA,TRUE,FALSE
T9QD8U1Y,Darcel Schlecht,MG Special,Betasoloin,Engaging,2017-07-21,NA,NA,FALSE,FALSE
WLDFQR7Z,Darcel Schlecht,MG Advanced,Bubba Gump,Engaging,2017-07-21,NA,NA,FALSE,FALSE
PNISVWNN,Darcel Schlecht,MG Advanced,Scotfind,Engaging,2017-07-21,NA,NA,FALSE,FALSE
SEDTNUD7,Darcel Schlecht,GTX Plus Basic,Toughzap,Won,2017-07-21,2017-07-28,1000,FALSE,TRUE
9UO306XU,Darcel Schlecht,GTX Pro,Conecom,Won,2017-07-21,2017-07-26,5347,FALSE,TRUE
GN16L9RW,Donn Cantrell,GTX Basic,Ganjaflex,Lost,2017-07-21,2017-07-22,0,FALSE,TRUE
GVRA1VJJ,Donn Cantrell,GTX Basic,Sumace,Lost,2017-07-21,2017-07-29,0,FALSE,TRUE
TBXMDI2Q,Donn Cantrell,GTX Plus Pro,Plussunin,Won,2017-07-21,2017-08-23,5340,FALSE,TRUE
0HVUV9OY,Gladys Colclough,GTX Basic,Unknown Account,Engaging,2017-07-21,NA,NA,TRUE,FALSE
GVJFKHNL,Gladys Colclough,MG Special,Silis,Engaging,2017-07-21,NA,NA,FALSE,FALSE
COSC7XVA,Gladys Colclough,MG Advanced,Unknown Account,Engaging,2017-07-21,NA,NA,TRUE,FALSE
L6CE1E4L,Gladys Colclough,GTX Basic,Streethex,Lost,2017-07-21,2017-11-17,0,FALSE,TRUE
RNCYPVJO,Gladys Colclough,MG Advanced,Stanredtax,Won,2017-07-21,2017-07-31,2970,FALSE,TRUE
9UTOQBAH,James Ascencio,GTX Pro,Rantouch,Lost,2017-07-21,2017-07-28,0,FALSE,TRUE
WARBRUXU,Jonathan Berthelot,GTX Basic,Stanredtax,Engaging,2017-07-21,NA,NA,FALSE,FALSE
02K37JAK,Jonathan Berthelot,GTX Plus Basic,Unknown Account,Engaging,2017-07-21,NA,NA,TRUE,FALSE
6F5TIV66,Jonathan Berthelot,GTX Plus Basic,Unknown Account,Engaging,2017-07-21,NA,NA,TRUE,FALSE
HTEAOHFO,Kami Bicknell,GTX Basic,Unknown Account,Engaging,2017-07-21,NA,NA,TRUE,FALSE
PAUXUGK3,Kary Hendrixson,GTX Plus Basic,Sonron,Won,2017-07-21,2017-07-30,997,FALSE,TRUE
VJ9K12PY,Lajuana Vencill,MG Special,Unknown Account,Engaging,2017-07-21,NA,NA,TRUE,FALSE
HWY9HTK2,Lajuana Vencill,GTX Plus Basic,Funholding,Lost,2017-07-21,2017-07-29,0,FALSE,TRUE
983QHALZ,Lajuana Vencill,MG Advanced,Stanredtax,Lost,2017-07-21,2017-07-30,0,FALSE,TRUE
MV7I9RKH,Marty Freudenburg,GTX Plus Basic,Treequote,Engaging,2017-07-21,NA,NA,FALSE,FALSE
CBQRKYZP,Marty Freudenburg,GTX Plus Pro,Silis,Engaging,2017-07-21,NA,NA,FALSE,FALSE
ETLF2H4K,Maureen Marcano,GTX Plus Basic,Unknown Account,Engaging,2017-07-21,NA,NA,TRUE,FALSE
XVB2CGL6,Maureen Marcano,GTX Pro,Unknown Account,Engaging,2017-07-21,NA,NA,TRUE,FALSE
GE4QGOCI,Moses Frase,MG Special,Unknown Account,Engaging,2017-07-21,NA,NA,TRUE,FALSE
P5B6BZWO,Moses Frase,GTX Basic,Finhigh,Won,2017-07-21,2017-07-30,526,FALSE,TRUE
F7ZPP0C4,Niesha Huffines,GTX Plus Pro,Codehow,Lost,2017-07-21,2017-07-28,0,FALSE,TRUE
N0UCNVKJ,Niesha Huffines,GTX Basic,Dontechi,Won,2017-07-21,2017-07-30,418,FALSE,TRUE
5OAWTEIU,Niesha Huffines,MG Special,Streethex,Won,2017-07-21,2017-07-28,54,FALSE,TRUE
55NG8O95,Rosalina Dieter,GTX Basic,Groovestreet,Won,2017-07-21,2017-09-07,622,FALSE,TRUE
DL3Q5HAD,Rosie Papadopoulos,GTX Plus Pro,Umbrella Corporation,Won,2017-07-21,2017-08-23,4930,FALSE,TRUE
3YDXZ4FA,Versie Hillebrand,GTX Plus Pro,Unknown Account,Engaging,2017-07-21,NA,NA,TRUE,FALSE
EUBMHJGQ,Versie Hillebrand,MG Special,Hottechi,Engaging,2017-07-21,NA,NA,FALSE,FALSE
0T9EBKZL,Versie Hillebrand,MG Special,Scottech,Won,2017-07-21,2017-07-28,51,FALSE,TRUE
6KOHYTT4,Versie Hillebrand,MG Advanced,Betatech,Won,2017-07-21,2017-07-30,3167,FALSE,TRUE
3L8ECZK8,Versie Hillebrand,MG Advanced,Globex Corporation,Won,2017-07-21,2017-09-27,3038,FALSE,TRUE
R69OYH4Z,Vicki Laflamme,GTX Pro,Umbrella Corporation,Engaging,2017-07-21,NA,NA,FALSE,FALSE
S0Z4QVL2,Vicki Laflamme,GTX Pro,Unknown Account,Engaging,2017-07-21,NA,NA,TRUE,FALSE
JAH8NGC2,Vicki Laflamme,MG Advanced,Xx-holding,Won,2017-07-21,2017-09-24,2851,FALSE,TRUE
I9SPENCQ,Violet Mclelland,GTX Plus Basic,Cheers,Engaging,2017-07-21,NA,NA,FALSE,FALSE
REAFB3C3,Zane Levy,GTX Basic,Unknown Account,Engaging,2017-07-21,NA,NA,TRUE,FALSE
0Z8ZAS2M,Zane Levy,GTX Basic,Unknown Account,Engaging,2017-07-21,NA,NA,TRUE,FALSE
VRCYXSP1,Zane Levy,GTX Basic,Unknown Account,Engaging,2017-07-21,NA,NA,TRUE,FALSE
93818DZF,Zane Levy,GTX Basic,Dalttechnology,Lost,2017-07-21,2017-11-18,0,FALSE,TRUE
7B3DXNZL,Zane Levy,GTX Pro,Doncon,Won,2017-07-21,2017-07-22,5283,FALSE,TRUE
DZAFN4I1,Zane Levy,MG Special,Doncon,Won,2017-07-21,2017-07-23,49,FALSE,TRUE
QRR70537,Anna Snelling,GTX Basic,Unknown Account,Engaging,2017-07-22,NA,NA,TRUE,FALSE
T4AW06MM,Anna Snelling,GTX Plus Pro,Unknown Account,Engaging,2017-07-22,NA,NA,TRUE,FALSE
FEFNNXH1,Anna Snelling,MG Special,Singletechno,Engaging,2017-07-22,NA,NA,FALSE,FALSE
3DATPTEH,Anna Snelling,MG Special,Unknown Account,Engaging,2017-07-22,NA,NA,TRUE,FALSE
FT5U6NIG,Anna Snelling,MG Special,Unknown Account,Engaging,2017-07-22,NA,NA,TRUE,FALSE
RQF6II3D,Anna Snelling,MG Special,Unknown Account,Engaging,2017-07-22,NA,NA,TRUE,FALSE
E9J482PX,Anna Snelling,MG Advanced,Unknown Account,Engaging,2017-07-22,NA,NA,TRUE,FALSE
RZYCBSQN,Anna Snelling,GTX Plus Basic,Condax,Lost,2017-07-22,2017-07-29,0,FALSE,TRUE
84BIAFGY,Anna Snelling,MG Advanced,Statholdings,Lost,2017-07-22,2017-11-03,0,FALSE,TRUE
YQACOZV4,Cassey Cress,GTX Plus Basic,Xx-zobam,Lost,2017-07-22,2017-09-12,0,FALSE,TRUE
DNIX6FCG,Cassey Cress,MG Special,Gekko & Co,Lost,2017-07-22,2017-07-27,0,FALSE,TRUE
6U7RD3TG,Cassey Cress,MG Advanced,Initech,Won,2017-07-22,2017-07-23,3684,FALSE,TRUE
610D6711,Cassey Cress,MG Advanced,Silis,Won,2017-07-22,2017-11-23,2986,FALSE,TRUE
8QDSXHQ8,Cecily Lampkin,GTX Basic,Unknown Account,Engaging,2017-07-22,NA,NA,TRUE,FALSE
5DQZSOBE,Cecily Lampkin,GTX Plus Basic,Unknown Account,Engaging,2017-07-22,NA,NA,TRUE,FALSE
OT5G3M9A,Cecily Lampkin,MG Advanced,Treequote,Engaging,2017-07-22,NA,NA,FALSE,FALSE
3Z5NBGAT,Cecily Lampkin,MG Special,Stanredtax,Won,2017-07-22,2017-07-23,50,FALSE,TRUE
WNRDPS5I,Corliss Cosme,GTX Pro,Donware,Lost,2017-07-22,2017-08-02,0,FALSE,TRUE
ZUSDWKSM,Corliss Cosme,GTX Pro,Ganjaflex,Lost,2017-07-22,2017-07-29,0,FALSE,TRUE
TQQDICC6,Darcel Schlecht,GTX Basic,Unknown Account,Engaging,2017-07-22,NA,NA,TRUE,FALSE
P66UXGPS,Darcel Schlecht,GTX Plus Basic,Unknown Account,Engaging,2017-07-22,NA,NA,TRUE,FALSE
FY5MBCWQ,Darcel Schlecht,GTX Pro,Unknown Account,Engaging,2017-07-22,NA,NA,TRUE,FALSE
UAX2OR58,Darcel Schlecht,MG Special,Unknown Account,Engaging,2017-07-22,NA,NA,TRUE,FALSE
NK1TQTYO,Darcel Schlecht,GTX Pro,Streethex,Lost,2017-07-22,2017-07-24,0,FALSE,TRUE
676KO0LG,Darcel Schlecht,GTX Plus Basic,Gogozoom,Won,2017-07-22,2017-07-29,927,FALSE,TRUE
D6PFP040,Darcel Schlecht,GTX Pro,dambase,Won,2017-07-22,2017-09-05,5113,FALSE,TRUE
MHMD41XY,Elease Gluck,MG Special,Blackzim,Won,2017-07-22,2017-07-23,51,FALSE,TRUE
YBY3PA1S,Gladys Colclough,GTX Basic,Unknown Account,Engaging,2017-07-22,NA,NA,TRUE,FALSE
751V8OFM,Gladys Colclough,GTX Plus Basic,Funholding,Engaging,2017-07-22,NA,NA,FALSE,FALSE
33BMGHPN,Gladys Colclough,MG Special,Opentech,Engaging,2017-07-22,NA,NA,FALSE,FALSE
XNHTLVT1,Gladys Colclough,MG Special,Unknown Account,Engaging,2017-07-22,NA,NA,TRUE,FALSE
8TFYRWZ6,Gladys Colclough,MG Advanced,Mathtouch,Engaging,2017-07-22,NA,NA,FALSE,FALSE
LRLER1XS,Hayden Neloms,MG Special,Finjob,Won,2017-07-22,2017-09-14,64,FALSE,TRUE
E26Z10W7,James Ascencio,MG Special,Unknown Account,Engaging,2017-07-22,NA,NA,TRUE,FALSE
ZTQD4PLQ,Jonathan Berthelot,GTX Plus Basic,Unknown Account,Engaging,2017-07-22,NA,NA,TRUE,FALSE
4RWE00T8,Jonathan Berthelot,GTX Basic,Rundofase,Lost,2017-07-22,2017-11-05,0,FALSE,TRUE
P3XN6SXX,Jonathan Berthelot,GTX Plus Basic,Domzoom,Lost,2017-07-22,2017-07-24,0,FALSE,TRUE
L65X2CDL,Jonathan Berthelot,GTX Pro,Hottechi,Lost,2017-07-22,2017-11-12,0,FALSE,TRUE
12HRYJQH,Kary Hendrixson,GTX Basic,Konex,Won,2017-07-22,2017-07-23,442,FALSE,TRUE
2CZUU9E0,Lajuana Vencill,GTX Basic,Unknown Account,Engaging,2017-07-22,NA,NA,TRUE,FALSE
I2ESAAIK,Lajuana Vencill,GTX Plus Basic,Unknown Account,Engaging,2017-07-22,NA,NA,TRUE,FALSE
IMLG35AP,Lajuana Vencill,GTX Plus Pro,Unknown Account,Engaging,2017-07-22,NA,NA,TRUE,FALSE
0T2CY70E,Lajuana Vencill,MG Advanced,Unknown Account,Engaging,2017-07-22,NA,NA,TRUE,FALSE
5ZA8MURX,Markita Hansen,GTX Pro,Fasehatice,Lost,2017-07-22,2017-07-30,0,FALSE,TRUE
Y7AC2LSL,Markita Hansen,MG Advanced,Blackzim,Won,2017-07-22,2017-09-30,3015,FALSE,TRUE
ME2X1TEG,Marty Freudenburg,MG Advanced,Cancity,Lost,2017-07-22,2017-07-24,0,FALSE,TRUE
30KP0JMN,Maureen Marcano,GTX Plus Pro,Xx-holding,Lost,2017-07-22,2017-07-23,0,FALSE,TRUE
AWCGYWTE,Moses Frase,MG Special,Kinnamplus,Engaging,2017-07-22,NA,NA,FALSE,FALSE
UJTU7DUB,Moses Frase,MG Special,Unknown Account,Engaging,2017-07-22,NA,NA,TRUE,FALSE
JOLNKYNH,Moses Frase,MG Advanced,Unknown Account,Engaging,2017-07-22,NA,NA,TRUE,FALSE
TV2M081C,Moses Frase,MG Advanced,Unknown Account,Engaging,2017-07-22,NA,NA,TRUE,FALSE
SJGOQMLT,Moses Frase,MG Advanced,Unknown Account,Engaging,2017-07-22,NA,NA,TRUE,FALSE
BG156UAV,Moses Frase,MG Advanced,Condax,Lost,2017-07-22,2017-07-23,0,FALSE,TRUE
S7T5AHQH,Moses Frase,GTX Plus Basic,Stanredtax,Won,2017-07-22,2017-07-23,1174,FALSE,TRUE
48UPZJ45,Niesha Huffines,MG Advanced,Rangreen,Won,2017-07-22,2017-09-28,3696,FALSE,TRUE
T0SO96YG,Reed Clapper,GTX Basic,Mathtouch,Lost,2017-07-22,2017-07-30,0,FALSE,TRUE
YCQABCDI,Reed Clapper,MG Advanced,Betasoloin,Won,2017-07-22,2017-11-03,3252,FALSE,TRUE
MM79TSUR,Versie Hillebrand,MG Special,Unknown Account,Engaging,2017-07-22,NA,NA,TRUE,FALSE
INLVV78V,Versie Hillebrand,MG Special,Unknown Account,Engaging,2017-07-22,NA,NA,TRUE,FALSE
4JTH72JR,Versie Hillebrand,MG Special,Unknown Account,Engaging,2017-07-22,NA,NA,TRUE,FALSE
TTKPNDTP,Versie Hillebrand,MG Advanced,Unknown Account,Engaging,2017-07-22,NA,NA,TRUE,FALSE
8JZ4R9BW,Versie Hillebrand,MG Special,Genco Pura Olive Oil Company,Lost,2017-07-22,2017-11-04,0,FALSE,TRUE
PTFOEUO4,Versie Hillebrand,MG Special,Globex Corporation,Lost,2017-07-22,2017-07-23,0,FALSE,TRUE
ZCCBTBIQ,Vicki Laflamme,GTX Pro,Doncon,Lost,2017-07-22,2017-07-23,0,FALSE,TRUE
1TJ6WP5R,Vicki Laflamme,MG Special,Hottechi,Won,2017-07-22,2017-09-23,65,FALSE,TRUE
QELHQ898,Zane Levy,GTX Plus Basic,Statholdings,Engaging,2017-07-22,NA,NA,FALSE,FALSE
J732416R,Anna Snelling,MG Special,Unknown Account,Engaging,2017-07-23,NA,NA,TRUE,FALSE
IAUXJ05J,Anna Snelling,MG Special,Unknown Account,Engaging,2017-07-23,NA,NA,TRUE,FALSE
G7H64S20,Anna Snelling,MG Advanced,Unknown Account,Engaging,2017-07-23,NA,NA,TRUE,FALSE
9Q7NSPTF,Cassey Cress,GTX Plus Pro,Unknown Account,Engaging,2017-07-23,NA,NA,TRUE,FALSE
WHF75273,Cassey Cress,GTX Plus Basic,Yearin,Won,2017-07-23,2017-09-05,904,FALSE,TRUE
AH58AQ3B,Cecily Lampkin,GTX Basic,Toughzap,Won,2017-07-23,2017-07-24,541,FALSE,TRUE
292W4P09,Corliss Cosme,GTX Basic,Kinnamplus,Won,2017-07-23,2017-07-25,630,FALSE,TRUE
MG0LTCCE,Daniell Hammack,GTX Plus Basic,Xx-zobam,Won,2017-07-23,2017-07-30,1231,FALSE,TRUE
ZRCQXB38,Darcel Schlecht,GTX Basic,Unknown Account,Engaging,2017-07-23,NA,NA,TRUE,FALSE
EJJCUJ3P,Darcel Schlecht,GTX Plus Basic,Unknown Account,Engaging,2017-07-23,NA,NA,TRUE,FALSE
ODFL6HOF,Darcel Schlecht,GTX Plus Basic,Unknown Account,Engaging,2017-07-23,NA,NA,TRUE,FALSE
Q1HNDPKW,Darcel Schlecht,GTX Pro,Unknown Account,Engaging,2017-07-23,NA,NA,TRUE,FALSE
ANNUH4KM,Darcel Schlecht,GTX Basic,Domzoom,Won,2017-07-23,2017-11-20,556,FALSE,TRUE
L3V8UK9H,Darcel Schlecht,GTX Plus Basic,Stanredtax,Won,2017-07-23,2017-07-31,1070,FALSE,TRUE
2CRE26AC,Elease Gluck,MG Special,Newex,Won,2017-07-23,2017-07-25,57,FALSE,TRUE
6GG9CSTV,Gladys Colclough,MG Special,Unknown Account,Engaging,2017-07-23,NA,NA,TRUE,FALSE
5WSQ6D2E,Gladys Colclough,MG Special,Unknown Account,Engaging,2017-07-23,NA,NA,TRUE,FALSE
3J1LNCA4,Hayden Neloms,GTX Plus Basic,Hatfan,Lost,2017-07-23,2017-07-31,0,FALSE,TRUE
4PDYHVX1,James Ascencio,GTX Plus Pro,J-Texon,Won,2017-07-23,2017-07-25,4824,FALSE,TRUE
BICJY3FZ,Jonathan Berthelot,GTX Plus Pro,Streethex,Won,2017-07-23,2017-11-19,6049,FALSE,TRUE
4P12PLQA,Kami Bicknell,MG Special,Doncon,Won,2017-07-23,2017-07-28,58,FALSE,TRUE
4942W0E7,Kami Bicknell,MG Advanced,Konex,Won,2017-07-23,2017-08-20,3335,FALSE,TRUE
TGTJ0NBT,Kary Hendrixson,GTX Plus Basic,Doncon,Lost,2017-07-23,2017-07-30,0,FALSE,TRUE
K6MTPSB5,Lajuana Vencill,GTX Basic,Unknown Account,Engaging,2017-07-23,NA,NA,TRUE,FALSE
D2QPN9LN,Lajuana Vencill,GTX Basic,Unknown Account,Engaging,2017-07-23,NA,NA,TRUE,FALSE
021Z2J9L,Markita Hansen,GTK 500,Rundofase,Engaging,2017-07-23,NA,NA,FALSE,FALSE
W8W6N0LL,Markita Hansen,GTX Pro,Kan-code,Lost,2017-07-23,2017-11-07,0,FALSE,TRUE
SEF4LOIS,Marty Freudenburg,GTX Plus Basic,Dontechi,Lost,2017-07-23,2017-07-25,0,FALSE,TRUE
BNIU5YZ2,Marty Freudenburg,GTX Plus Basic,Toughzap,Won,2017-07-23,2017-08-07,1006,FALSE,TRUE
CPK36NED,Marty Freudenburg,MG Advanced,Streethex,Won,2017-07-23,2017-08-02,3367,FALSE,TRUE
VYWQ3U5S,Maureen Marcano,GTX Basic,Finjob,Lost,2017-07-23,2017-11-10,0,FALSE,TRUE
HDWQM6JT,Maureen Marcano,GTX Plus Basic,Sonron,Lost,2017-07-23,2017-07-28,0,FALSE,TRUE
EYBMEX1Z,Moses Frase,GTX Basic,Unknown Account,Engaging,2017-07-23,NA,NA,TRUE,FALSE
T0MUE2H7,Moses Frase,MG Special,Statholdings,Lost,2017-07-23,2017-08-06,0,FALSE,TRUE
G1M1KVHU,Niesha Huffines,GTX Plus Basic,Xx-zobam,Engaging,2017-07-23,NA,NA,FALSE,FALSE
LXS3Z82E,Niesha Huffines,MG Advanced,Unknown Account,Engaging,2017-07-23,NA,NA,TRUE,FALSE
ZDRRL61D,Niesha Huffines,GTX Plus Basic,Cancity,Lost,2017-07-23,2017-07-25,0,FALSE,TRUE
YRWX35AS,Reed Clapper,GTX Pro,Ontomedia,Lost,2017-07-23,2017-07-31,0,FALSE,TRUE
YT5I3AUS,Reed Clapper,GTX Basic,Xx-zobam,Won,2017-07-23,2017-07-31,494,FALSE,TRUE
IS8Z2CQA,Reed Clapper,GTX Pro,Ontomedia,Won,2017-07-23,2017-07-30,4434,FALSE,TRUE
S3LATQVJ,Versie Hillebrand,GTX Plus Basic,Kinnamplus,Engaging,2017-07-23,NA,NA,FALSE,FALSE
P3Z2LYCL,Versie Hillebrand,MG Special,Unknown Account,Engaging,2017-07-23,NA,NA,TRUE,FALSE
LPR6G7AE,Versie Hillebrand,MG Special,Treequote,Lost,2017-07-23,2017-07-28,0,FALSE,TRUE
CJAQVPDP,Versie Hillebrand,MG Advanced,Zumgoity,Lost,2017-07-23,2017-09-05,0,FALSE,TRUE
757V8R2Z,Violet Mclelland,MG Special,Initech,Won,2017-07-23,2017-09-01,54,FALSE,TRUE
7KUYF1U3,Violet Mclelland,MG Special,Kan-code,Won,2017-07-23,2017-08-06,48,FALSE,TRUE
7QE84GCH,Violet Mclelland,MG Advanced,Donware,Won,2017-07-23,2017-09-12,2855,FALSE,TRUE
1WA46LC9,Wilburn Farren,GTX Basic,Kinnamplus,Won,2017-07-23,2017-07-30,538,FALSE,TRUE
MIGDLH14,Zane Levy,GTX Basic,Unknown Account,Engaging,2017-07-23,NA,NA,TRUE,FALSE
L9CJZZ59,Zane Levy,GTX Plus Pro,J-Texon,Lost,2017-07-23,2017-09-29,0,FALSE,TRUE
7FZ9CBZ3,Anna Snelling,GTX Plus Pro,Scotfind,Engaging,2017-07-24,NA,NA,FALSE,FALSE
513PSPBN,Anna Snelling,GTX Plus Pro,Unknown Account,Engaging,2017-07-24,NA,NA,TRUE,FALSE
JWUWBI4D,Anna Snelling,GTX Plus Pro,Funholding,Lost,2017-07-24,2017-09-03,0,FALSE,TRUE
11LIZUQE,Cassey Cress,MG Advanced,Unknown Account,Engaging,2017-07-24,NA,NA,TRUE,FALSE
GHB3UIDV,Corliss Cosme,GTX Basic,Zotware,Won,2017-07-24,2017-07-26,458,FALSE,TRUE
0TC6I9SJ,Darcel Schlecht,GTX Pro,Dontechi,Engaging,2017-07-24,NA,NA,FALSE,FALSE
WGFTBY3W,Darcel Schlecht,GTX Pro,Unknown Account,Engaging,2017-07-24,NA,NA,TRUE,FALSE
NCCB118E,Darcel Schlecht,GTX Pro,Unknown Account,Engaging,2017-07-24,NA,NA,TRUE,FALSE
WSQHC199,Darcel Schlecht,MG Special,Unknown Account,Engaging,2017-07-24,NA,NA,TRUE,FALSE
VV6T07G4,Darcel Schlecht,MG Advanced,Unknown Account,Engaging,2017-07-24,NA,NA,TRUE,FALSE
23R03LTJ,Darcel Schlecht,GTX Plus Basic,Warephase,Won,2017-07-24,2017-08-07,996,FALSE,TRUE
AHUTOSMS,Darcel Schlecht,GTX Pro,Genco Pura Olive Oil Company,Won,2017-07-24,2017-07-31,4772,FALSE,TRUE
2T3QDLXY,Donn Cantrell,GTX Pro,Initech,Won,2017-07-24,2017-07-26,4490,FALSE,TRUE
J5DVK5F3,Donn Cantrell,MG Advanced,Gekko & Co,Won,2017-07-24,2017-11-02,3260,FALSE,TRUE
M3PCMYJ0,Elease Gluck,GTX Basic,Doncon,Won,2017-07-24,2017-08-06,584,FALSE,TRUE
H5RRJOD9,Elease Gluck,MG Advanced,Kan-code,Won,2017-07-24,2017-07-30,3371,FALSE,TRUE
7OZ7L8BB,Gladys Colclough,GTX Basic,Unknown Account,Engaging,2017-07-24,NA,NA,TRUE,FALSE
RTWAUR7C,Gladys Colclough,GTX Plus Pro,Y-corporation,Engaging,2017-07-24,NA,NA,FALSE,FALSE
BUQ655AB,Gladys Colclough,GTX Pro,Condax,Won,2017-07-24,2017-09-27,4868,FALSE,TRUE
QDNA6HW3,Gladys Colclough,MG Advanced,Rangreen,Won,2017-07-24,2017-08-07,3271,FALSE,TRUE
QGXJLNK1,Jonathan Berthelot,GTX Basic,Unknown Account,Engaging,2017-07-24,NA,NA,TRUE,FALSE
T0VHKKCN,Jonathan Berthelot,GTX Pro,Treequote,Lost,2017-07-24,2017-07-25,0,FALSE,TRUE
E3Z74U5K,Lajuana Vencill,GTX Basic,Unknown Account,Engaging,2017-07-24,NA,NA,TRUE,FALSE
7R0TEEHW,Lajuana Vencill,MG Special,Condax,Lost,2017-07-24,2017-08-28,0,FALSE,TRUE
Q3HHDSDS,Marty Freudenburg,GTX Basic,Unknown Account,Engaging,2017-07-24,NA,NA,TRUE,FALSE
0S6OQ9AO,Marty Freudenburg,GTX Plus Basic,Unknown Account,Engaging,2017-07-24,NA,NA,TRUE,FALSE
CA3BRUJO,Marty Freudenburg,GTX Plus Basic,Konmatfix,Won,2017-07-24,2017-07-25,1171,FALSE,TRUE
7AFBJFP5,Maureen Marcano,MG Special,Unknown Account,Engaging,2017-07-24,NA,NA,TRUE,FALSE
7MP6KLZO,Moses Frase,GTX Basic,Goodsilron,Engaging,2017-07-24,NA,NA,FALSE,FALSE
2TYZRE2R,Moses Frase,MG Special,Massive Dynamic,Engaging,2017-07-24,NA,NA,FALSE,FALSE
U5K1Y35J,Moses Frase,MG Special,Inity,Won,2017-07-24,2017-07-25,58,FALSE,TRUE
H2FCUPHJ,Niesha Huffines,GTX Pro,Unknown Account,Engaging,2017-07-24,NA,NA,TRUE,FALSE
Y7TVU9AY,Niesha Huffines,GTX Basic,Streethex,Lost,2017-07-24,2017-11-06,0,FALSE,TRUE
ZNZCBGN7,Rosie Papadopoulos,GTX Pro,Yearin,Lost,2017-07-24,2017-07-26,0,FALSE,TRUE
IT2UBEW4,Rosie Papadopoulos,MG Special,Zotware,Won,2017-07-24,2017-07-25,59,FALSE,TRUE
806KPNNN,Versie Hillebrand,GTX Basic,Zathunicon,Engaging,2017-07-24,NA,NA,FALSE,FALSE
8Y4LJOJ0,Versie Hillebrand,GTX Plus Basic,Unknown Account,Engaging,2017-07-24,NA,NA,TRUE,FALSE
Z7EBMMAE,Versie Hillebrand,MG Special,Unknown Account,Engaging,2017-07-24,NA,NA,TRUE,FALSE
KT4OEP4X,Versie Hillebrand,MG Special,Unknown Account,Engaging,2017-07-24,NA,NA,TRUE,FALSE
ODHVHXKS,Versie Hillebrand,MG Special,Unknown Account,Engaging,2017-07-24,NA,NA,TRUE,FALSE
SZS2IPM3,Versie Hillebrand,MG Advanced,Doncon,Engaging,2017-07-24,NA,NA,FALSE,FALSE
YY2DWBG5,Versie Hillebrand,MG Advanced,Ron-tech,Engaging,2017-07-24,NA,NA,FALSE,FALSE
X19CKKZ1,Versie Hillebrand,MG Special,Hottechi,Won,2017-07-24,2017-07-31,50,FALSE,TRUE
DZOLKFK6,Vicki Laflamme,GTX Plus Pro,Hatfan,Lost,2017-07-24,2017-11-21,0,FALSE,TRUE
H5E0GSHQ,Violet Mclelland,MG Special,Kinnamplus,Lost,2017-07-24,2017-07-30,0,FALSE,TRUE
P91SQBST,Anna Snelling,MG Special,Dalttechnology,Engaging,2017-07-25,NA,NA,FALSE,FALSE
4DLY9ZDH,Anna Snelling,MG Advanced,Dalttechnology,Engaging,2017-07-25,NA,NA,FALSE,FALSE
ZNEQXZZK,Anna Snelling,MG Advanced,Donquadtech,Engaging,2017-07-25,NA,NA,FALSE,FALSE
CBPVAIQ7,Boris Faz,GTX Basic,Opentech,Lost,2017-07-25,2017-08-03,0,FALSE,TRUE
JND57DH5,Boris Faz,MG Special,Iselectrics,Won,2017-07-25,2017-08-01,48,FALSE,TRUE
8PUH80YZ,Cassey Cress,GTX Basic,Bubba Gump,Won,2017-07-25,2017-08-21,511,FALSE,TRUE
22WVAXR2,Cassey Cress,GTX Plus Basic,Massive Dynamic,Won,2017-07-25,2017-07-29,1311,FALSE,TRUE
VVO21D4Z,Cecily Lampkin,GTX Basic,Unknown Account,Engaging,2017-07-25,NA,NA,TRUE,FALSE
SXFE42KG,Cecily Lampkin,MG Advanced,Gogozoom,Engaging,2017-07-25,NA,NA,FALSE,FALSE
MA9SBSLE,Cecily Lampkin,MG Special,Dontechi,Lost,2017-07-25,2017-07-27,0,FALSE,TRUE
PKRDEUWE,Corliss Cosme,GTX Basic,Kan-code,Lost,2017-07-25,2017-08-02,0,FALSE,TRUE
LJ5FQGLZ,Daniell Hammack,GTX Plus Pro,Plussunin,Won,2017-07-25,2017-07-27,6100,FALSE,TRUE
KMJMLQ4P,Daniell Hammack,MG Special,Silis,Won,2017-07-25,2017-08-01,61,FALSE,TRUE
APIB681L,Darcel Schlecht,GTX Basic,Unknown Account,Engaging,2017-07-25,NA,NA,TRUE,FALSE
TFSKOBH7,Darcel Schlecht,GTX Basic,Unknown Account,Engaging,2017-07-25,NA,NA,TRUE,FALSE
LUTZ8UQM,Darcel Schlecht,GTX Pro,Isdom,Engaging,2017-07-25,NA,NA,FALSE,FALSE
1QKDD1OI,Darcel Schlecht,GTX Pro,Isdom,Engaging,2017-07-25,NA,NA,FALSE,FALSE
2GFL3TAF,Darcel Schlecht,GTX Pro,Unknown Account,Engaging,2017-07-25,NA,NA,TRUE,FALSE
CUSWE9PB,Darcel Schlecht,GTX Pro,Unknown Account,Engaging,2017-07-25,NA,NA,TRUE,FALSE
XFCKQ7RI,Darcel Schlecht,MG Advanced,Unknown Account,Engaging,2017-07-25,NA,NA,TRUE,FALSE
94E71JAP,Darcel Schlecht,GTX Plus Basic,Isdom,Lost,2017-07-25,2017-11-13,0,FALSE,TRUE
VBVO5X8W,Darcel Schlecht,GTX Pro,dambase,Lost,2017-07-25,2017-08-08,0,FALSE,TRUE
6UUZ4IJ5,Darcel Schlecht,GTX Basic,Ron-tech,Won,2017-07-25,2017-08-03,528,FALSE,TRUE
6EXXL6M4,Darcel Schlecht,GTX Basic,Stanredtax,Won,2017-07-25,2017-07-31,581,FALSE,TRUE
L9BTE2RA,Darcel Schlecht,GTX Plus Pro,Toughzap,Won,2017-07-25,2017-09-29,5947,FALSE,TRUE
EVU2E5ZZ,Donn Cantrell,MG Advanced,Gekko & Co,Lost,2017-07-25,2017-08-02,0,FALSE,TRUE
PQL5GITI,Gladys Colclough,GTX Basic,Unknown Account,Engaging,2017-07-25,NA,NA,TRUE,FALSE
8AK3KGFA,Gladys Colclough,MG Advanced,Unknown Account,Engaging,2017-07-25,NA,NA,TRUE,FALSE
PBTSZ2Q2,Gladys Colclough,GTX Pro,Isdom,Lost,2017-07-25,2017-11-05,0,FALSE,TRUE
7F2DDW3C,Hayden Neloms,MG Advanced,Unknown Account,Engaging,2017-07-25,NA,NA,TRUE,FALSE
BEDNZXVE,Jonathan Berthelot,GTX Basic,Unknown Account,Engaging,2017-07-25,NA,NA,TRUE,FALSE
D28ANNYX,Kami Bicknell,GTX Basic,Green-Plus,Won,2017-07-25,2017-12-02,508,FALSE,TRUE
CGFLLZZI,Kary Hendrixson,MG Special,Unknown Account,Engaging,2017-07-25,NA,NA,TRUE,FALSE
GZ6SFRAT,Lajuana Vencill,MG Special,Hottechi,Engaging,2017-07-25,NA,NA,FALSE,FALSE
JH643YRI,Lajuana Vencill,MG Advanced,Umbrella Corporation,Engaging,2017-07-25,NA,NA,FALSE,FALSE
YCQTM2BQ,Lajuana Vencill,MG Advanced,Unknown Account,Engaging,2017-07-25,NA,NA,TRUE,FALSE
30OFYJUN,Lajuana Vencill,GTX Basic,Dontechi,Lost,2017-07-25,2017-07-31,0,FALSE,TRUE
10ICDVM2,Lajuana Vencill,GTX Basic,Konmatfix,Won,2017-07-25,2017-07-30,537,FALSE,TRUE
KUAZF4E7,Markita Hansen,GTX Plus Basic,Blackzim,Lost,2017-07-25,2017-11-27,0,FALSE,TRUE
Y3TOQUQI,Marty Freudenburg,GTX Basic,Zotware,Engaging,2017-07-25,NA,NA,FALSE,FALSE
RV5Y8DRY,Marty Freudenburg,GTX Plus Pro,Unknown Account,Engaging,2017-07-25,NA,NA,TRUE,FALSE
HJRM13DI,Marty Freudenburg,MG Special,Treequote,Engaging,2017-07-25,NA,NA,FALSE,FALSE
IVANA47K,Marty Freudenburg,GTX Plus Basic,Cancity,Won,2017-07-25,2017-07-27,1031,FALSE,TRUE
G2XP6IGJ,Moses Frase,GTX Basic,Unknown Account,Engaging,2017-07-25,NA,NA,TRUE,FALSE
MLD3WEJC,Moses Frase,MG Advanced,Xx-holding,Engaging,2017-07-25,NA,NA,FALSE,FALSE
DZP0MNRM,Niesha Huffines,GTX Plus Basic,Konex,Engaging,2017-07-25,NA,NA,FALSE,FALSE
OBC504T8,Niesha Huffines,GTX Plus Basic,Unknown Account,Engaging,2017-07-25,NA,NA,TRUE,FALSE
CMW6IQJI,Niesha Huffines,MG Advanced,Faxquote,Engaging,2017-07-25,NA,NA,FALSE,FALSE
4KP2GEFF,Niesha Huffines,GTX Plus Basic,dambase,Won,2017-07-25,2017-11-03,1077,FALSE,TRUE
8ODHXBNE,Rosalina Dieter,MG Special,Unknown Account,Engaging,2017-07-25,NA,NA,TRUE,FALSE
VO1YR5CY,Versie Hillebrand,GTX Basic,Unknown Account,Engaging,2017-07-25,NA,NA,TRUE,FALSE
FHPRER2D,Versie Hillebrand,MG Special,Sonron,Engaging,2017-07-25,NA,NA,FALSE,FALSE
WOB1ULFR,Versie Hillebrand,MG Advanced,Dontechi,Won,2017-07-25,2017-11-04,3306,FALSE,TRUE
7IKDD9UG,Violet Mclelland,GTX Basic,Bioplex,Won,2017-07-25,2017-07-26,491,FALSE,TRUE
UVCHXUIG,Anna Snelling,MG Special,Konmatfix,Engaging,2017-07-26,NA,NA,FALSE,FALSE
V02WMIWK,Anna Snelling,MG Special,Unknown Account,Engaging,2017-07-26,NA,NA,TRUE,FALSE
59SUBXGP,Anna Snelling,MG Special,Streethex,Won,2017-07-26,2017-12-02,53,FALSE,TRUE
37UCYEDY,Cassey Cress,GTX Plus Basic,Bluth Company,Engaging,2017-07-26,NA,NA,FALSE,FALSE
TFL3C3JS,Cassey Cress,GTX Plus Pro,Initech,Won,2017-07-26,2017-09-27,5228,FALSE,TRUE
EM3NYEYC,Cecily Lampkin,GTX Plus Pro,Domzoom,Lost,2017-07-26,2017-07-31,0,FALSE,TRUE
1976N63N,Darcel Schlecht,GTX Plus Basic,Kinnamplus,Engaging,2017-07-26,NA,NA,FALSE,FALSE
7TFHGN6O,Darcel Schlecht,GTX Plus Pro,Inity,Engaging,2017-07-26,NA,NA,FALSE,FALSE
L6223VHA,Darcel Schlecht,GTX Pro,Sumace,Engaging,2017-07-26,NA,NA,FALSE,FALSE
TJ7PNIXL,Darcel Schlecht,GTX Pro,Unknown Account,Engaging,2017-07-26,NA,NA,TRUE,FALSE
VMBM5EKL,Darcel Schlecht,GTX Pro,Unknown Account,Engaging,2017-07-26,NA,NA,TRUE,FALSE
8TD2LLOF,Darcel Schlecht,MG Advanced,Unknown Account,Engaging,2017-07-26,NA,NA,TRUE,FALSE
KPFV2AAL,Darcel Schlecht,GTX Pro,Streethex,Lost,2017-07-26,2017-11-17,0,FALSE,TRUE
V2JOV5MF,Darcel Schlecht,GTX Pro,Domzoom,Won,2017-07-26,2017-07-27,4677,FALSE,TRUE
DEVXF86R,Donn Cantrell,GTX Plus Basic,Acme Corporation,Lost,2017-07-26,2017-09-29,0,FALSE,TRUE
VA9AGU75,Donn Cantrell,GTX Pro,Kan-code,Lost,2017-07-26,2017-09-26,0,FALSE,TRUE
0MKW8IPC,Donn Cantrell,GTX Basic,Xx-zobam,Won,2017-07-26,2017-07-28,554,FALSE,TRUE
7RLLNAYC,Gladys Colclough,MG Special,Unknown Account,Engaging,2017-07-26,NA,NA,TRUE,FALSE
BRDB1I76,Gladys Colclough,MG Special,Unknown Account,Engaging,2017-07-26,NA,NA,TRUE,FALSE
EFKPYBI9,Gladys Colclough,MG Advanced,Xx-holding,Engaging,2017-07-26,NA,NA,FALSE,FALSE
P8P9MKJL,Gladys Colclough,GTX Plus Pro,dambase,Won,2017-07-26,2017-09-23,5548,FALSE,TRUE
S7PY8R2V,Gladys Colclough,MG Advanced,Funholding,Won,2017-07-26,2017-07-28,3809,FALSE,TRUE
PW9DTZON,James Ascencio,GTX Pro,Donquadtech,Engaging,2017-07-26,NA,NA,FALSE,FALSE
G0DTQHIC,Jonathan Berthelot,GTX Basic,Unknown Account,Engaging,2017-07-26,NA,NA,TRUE,FALSE
75WYC9TY,Jonathan Berthelot,GTX Basic,Globex Corporation,Lost,2017-07-26,2017-07-30,0,FALSE,TRUE
FPLXC8Z3,Kary Hendrixson,GTX Plus Pro,Unknown Account,Engaging,2017-07-26,NA,NA,TRUE,FALSE
CEWDZ3ZD,Kary Hendrixson,MG Special,Scotfind,Won,2017-07-26,2017-08-10,53,FALSE,TRUE
OD895EQM,Lajuana Vencill,GTX Plus Pro,Unknown Account,Engaging,2017-07-26,NA,NA,TRUE,FALSE
KPH05GU8,Lajuana Vencill,MG Advanced,The New York Inquirer,Engaging,2017-07-26,NA,NA,FALSE,FALSE
VBB0LCEN,Lajuana Vencill,MG Advanced,Unknown Account,Engaging,2017-07-26,NA,NA,TRUE,FALSE
F56MSU4B,Lajuana Vencill,MG Advanced,Betatech,Lost,2017-07-26,2017-07-30,0,FALSE,TRUE
BR18O9U1,Marty Freudenburg,GTX Plus Basic,Ron-tech,Won,2017-07-26,2017-07-28,1044,FALSE,TRUE
88CM27UB,Maureen Marcano,GTX Pro,Kan-code,Lost,2017-07-26,2017-07-30,0,FALSE,TRUE
IK7LMFER,Moses Frase,MG Special,Unknown Account,Engaging,2017-07-26,NA,NA,TRUE,FALSE
P3K1DVYB,Moses Frase,MG Advanced,Unknown Account,Engaging,2017-07-26,NA,NA,TRUE,FALSE
BB1PRS3T,Moses Frase,MG Advanced,Unknown Account,Engaging,2017-07-26,NA,NA,TRUE,FALSE
WQ5U8PPM,Niesha Huffines,GTX Plus Basic,Umbrella Corporation,Engaging,2017-07-26,NA,NA,FALSE,FALSE
Q5GNQ823,Vicki Laflamme,GTX Pro,Unknown Account,Engaging,2017-07-26,NA,NA,TRUE,FALSE
BE0RAJF5,Vicki Laflamme,GTX Pro,Faxquote,Lost,2017-07-26,2017-08-06,0,FALSE,TRUE
KO7UWLAU,Wilburn Farren,MG Advanced,Xx-zobam,Won,2017-07-26,2017-07-28,3596,FALSE,TRUE
T50TV9SO,Zane Levy,GTX Basic,Unknown Account,Engaging,2017-07-26,NA,NA,TRUE,FALSE
4SJGBWQL,Zane Levy,GTX Plus Basic,Hottechi,Lost,2017-07-26,2017-07-27,0,FALSE,TRUE
AWFSNZ2U,Zane Levy,GTX Plus Basic,Singletechno,Won,2017-07-26,2017-12-01,1091,FALSE,TRUE
S3E48VE0,Zane Levy,GTX Pro,Plexzap,Won,2017-07-26,2017-09-26,6000,FALSE,TRUE
N9GIC5PC,Anna Snelling,GTX Plus Pro,Unknown Account,Engaging,2017-07-27,NA,NA,TRUE,FALSE
1T5WFCEJ,Anna Snelling,GTX Plus Pro,Unknown Account,Engaging,2017-07-27,NA,NA,TRUE,FALSE
1XJFMYCW,Anna Snelling,MG Special,Golddex,Engaging,2017-07-27,NA,NA,FALSE,FALSE
YYU1J6E1,Anna Snelling,MG Special,Unknown Account,Engaging,2017-07-27,NA,NA,TRUE,FALSE
SCR1IKLQ,Anna Snelling,GTX Plus Pro,Bioholding,Won,2017-07-27,2017-07-29,5068,FALSE,TRUE
IF8PILJR,Anna Snelling,MG Special,Globex Corporation,Won,2017-07-27,2017-07-29,46,FALSE,TRUE
2K52EH11,Cassey Cress,MG Advanced,Vehement Capital Partners,Lost,2017-07-27,2017-12-12,0,FALSE,TRUE
KPYCCBQA,Cecily Lampkin,GTX Plus Basic,Unknown Account,Engaging,2017-07-27,NA,NA,TRUE,FALSE
HTY5G7DI,Cecily Lampkin,MG Advanced,Scottech,Won,2017-07-27,2017-08-02,3025,FALSE,TRUE
TX88GTDE,Corliss Cosme,GTX Plus Basic,Donware,Lost,2017-07-27,2017-07-29,0,FALSE,TRUE
SSK95WLX,Darcel Schlecht,GTX Plus Basic,Unknown Account,Engaging,2017-07-27,NA,NA,TRUE,FALSE
PQ104BT2,Darcel Schlecht,GTX Pro,Finjob,Engaging,2017-07-27,NA,NA,FALSE,FALSE
GQ7H31ZJ,Darcel Schlecht,GTX Pro,Funholding,Engaging,2017-07-27,NA,NA,FALSE,FALSE
9B7FS6YL,Darcel Schlecht,GTX Pro,Konex,Engaging,2017-07-27,NA,NA,FALSE,FALSE
M6JT5RL8,Darcel Schlecht,GTX Pro,Unknown Account,Engaging,2017-07-27,NA,NA,TRUE,FALSE
45H84LNT,Darcel Schlecht,GTX Pro,Unknown Account,Engaging,2017-07-27,NA,NA,TRUE,FALSE
E8MIFXOH,Darcel Schlecht,GTX Pro,Unknown Account,Engaging,2017-07-27,NA,NA,TRUE,FALSE
UO8DLVVQ,Darcel Schlecht,GTX Pro,Unknown Account,Engaging,2017-07-27,NA,NA,TRUE,FALSE
R7H0M07R,Darcel Schlecht,MG Advanced,Unknown Account,Engaging,2017-07-27,NA,NA,TRUE,FALSE
JQ5AOYQ8,Darcel Schlecht,MG Advanced,Unknown Account,Engaging,2017-07-27,NA,NA,TRUE,FALSE
2GQH9FKJ,Darcel Schlecht,GTX Pro,dambase,Won,2017-07-27,2017-08-09,4790,FALSE,TRUE
MW3K8553,Darcel Schlecht,GTX Pro,Zumgoity,Won,2017-07-27,2017-08-23,4861,FALSE,TRUE
G7RZTAMV,Gladys Colclough,GTX Plus Pro,Unknown Account,Engaging,2017-07-27,NA,NA,TRUE,FALSE
82K9NWKO,Gladys Colclough,MG Advanced,Unknown Account,Engaging,2017-07-27,NA,NA,TRUE,FALSE
E41SDK40,Gladys Colclough,GTX Basic,Cancity,Lost,2017-07-27,2017-09-15,0,FALSE,TRUE
RFXH6VDX,Hayden Neloms,GTX Plus Basic,Unknown Account,Engaging,2017-07-27,NA,NA,TRUE,FALSE
RDFUGEA2,James Ascencio,GTX Basic,Hottechi,Won,2017-07-27,2017-09-15,586,FALSE,TRUE
64KHY8MT,Jonathan Berthelot,GTX Basic,Unknown Account,Engaging,2017-07-27,NA,NA,TRUE,FALSE
5PWO4RPC,Jonathan Berthelot,GTX Basic,Unknown Account,Engaging,2017-07-27,NA,NA,TRUE,FALSE
PU62ZGX4,Jonathan Berthelot,GTX Plus Basic,Singletechno,Engaging,2017-07-27,NA,NA,FALSE,FALSE
EVDKJDY3,Jonathan Berthelot,GTX Plus Basic,Unknown Account,Engaging,2017-07-27,NA,NA,TRUE,FALSE
I8TEUO2C,Kami Bicknell,GTX Basic,Scotfind,Won,2017-07-27,2017-08-10,514,FALSE,TRUE
BY1TB6D2,Markita Hansen,GTX Pro,Konex,Won,2017-07-27,2017-07-28,4209,FALSE,TRUE
WX546S1D,Marty Freudenburg,GTX Basic,Unknown Account,Engaging,2017-07-27,NA,NA,TRUE,FALSE
S2Y2Q1D2,Marty Freudenburg,GTX Plus Basic,Singletechno,Engaging,2017-07-27,NA,NA,FALSE,FALSE
PYRLUYIQ,Marty Freudenburg,GTX Plus Basic,Y-corporation,Engaging,2017-07-27,NA,NA,FALSE,FALSE
2AMVTZLM,Marty Freudenburg,MG Special,Genco Pura Olive Oil Company,Lost,2017-07-27,2017-08-01,0,FALSE,TRUE
8IOAX81S,Marty Freudenburg,GTX Plus Basic,Domzoom,Won,2017-07-27,2017-08-07,965,FALSE,TRUE
EN8JHUXA,Moses Frase,GTX Basic,Unknown Account,Engaging,2017-07-27,NA,NA,TRUE,FALSE
I3IRJZRL,Niesha Huffines,GTX Basic,Unknown Account,Engaging,2017-07-27,NA,NA,TRUE,FALSE
51H02FX1,Niesha Huffines,MG Special,Unknown Account,Engaging,2017-07-27,NA,NA,TRUE,FALSE
9SRD5NCR,Rosalina Dieter,GTK 500,Unknown Account,Engaging,2017-07-27,NA,NA,TRUE,FALSE
EYWL3H5G,Rosalina Dieter,GTX Plus Pro,Newex,Lost,2017-07-27,2017-07-28,0,FALSE,TRUE
18YA4UUP,Versie Hillebrand,GTX Plus Pro,Xx-zobam,Engaging,2017-07-27,NA,NA,FALSE,FALSE
WVT3X6IC,Versie Hillebrand,MG Special,Unknown Account,Engaging,2017-07-27,NA,NA,TRUE,FALSE
YUGFGRUT,Vicki Laflamme,GTX Basic,Groovestreet,Won,2017-07-27,2017-08-06,651,FALSE,TRUE
VD2KHXRY,Zane Levy,GTX Pro,Toughzap,Engaging,2017-07-27,NA,NA,FALSE,FALSE
P7MSQO38,Anna Snelling,GTX Basic,Yearin,Engaging,2017-07-28,NA,NA,FALSE,FALSE
10QE4JCA,Anna Snelling,MG Special,Unknown Account,Engaging,2017-07-28,NA,NA,TRUE,FALSE
O6B0YK1X,Anna Snelling,MG Advanced,Conecom,Lost,2017-07-28,2017-08-03,0,FALSE,TRUE
DXRG254A,Boris Faz,GTX Basic,Unknown Account,Engaging,2017-07-28,NA,NA,TRUE,FALSE
NLWICKPS,Cassey Cress,GTX Plus Basic,Umbrella Corporation,Lost,2017-07-28,2017-11-07,0,FALSE,TRUE
Z6FPHRV7,Corliss Cosme,GTX Basic,Ganjaflex,Won,2017-07-28,2017-11-11,550,FALSE,TRUE
X33HL9WS,Daniell Hammack,GTX Plus Basic,Unknown Account,Engaging,2017-07-28,NA,NA,TRUE,FALSE
9Z2WTTNY,Darcel Schlecht,GTX Plus Basic,Statholdings,Engaging,2017-07-28,NA,NA,FALSE,FALSE
ZJLW1OPF,Darcel Schlecht,GTX Pro,Xx-zobam,Engaging,2017-07-28,NA,NA,FALSE,FALSE
Q62JFLLD,Darcel Schlecht,GTX Pro,Unknown Account,Engaging,2017-07-28,NA,NA,TRUE,FALSE
3PPHOXTT,Darcel Schlecht,MG Special,Unknown Account,Engaging,2017-07-28,NA,NA,TRUE,FALSE
LJ59Y2TK,Darcel Schlecht,GTX Pro,Ron-tech,Lost,2017-07-28,2017-07-29,0,FALSE,TRUE
80S3ED8B,Darcel Schlecht,GTX Basic,Conecom,Won,2017-07-28,2017-08-23,589,FALSE,TRUE
2IKGOPW1,Darcel Schlecht,GTX Pro,Inity,Won,2017-07-28,2017-07-30,4387,FALSE,TRUE
7Y10BR02,Darcel Schlecht,GTX Pro,Streethex,Won,2017-07-28,2017-07-30,4555,FALSE,TRUE
4L8RQVL9,Donn Cantrell,GTX Pro,Massive Dynamic,Lost,2017-07-28,2017-08-06,0,FALSE,TRUE
9T954T67,Elease Gluck,GTX Basic,Green-Plus,Won,2017-07-28,2017-07-29,514,FALSE,TRUE
N07XYH50,Gladys Colclough,GTX Pro,Newex,Engaging,2017-07-28,NA,NA,FALSE,FALSE
CEOEM2MY,Hayden Neloms,GTX Plus Basic,Nam-zim,Lost,2017-07-28,2017-07-29,0,FALSE,TRUE
VIFA2I18,Jonathan Berthelot,GTX Basic,Unknown Account,Engaging,2017-07-28,NA,NA,TRUE,FALSE
7K31BXX3,Jonathan Berthelot,GTX Pro,Unknown Account,Engaging,2017-07-28,NA,NA,TRUE,FALSE
I5FVCO24,Jonathan Berthelot,GTX Pro,Cancity,Won,2017-07-28,2017-07-29,4671,FALSE,TRUE
WTG4IAG0,Kami Bicknell,MG Special,Labdrill,Lost,2017-07-28,2017-07-29,0,FALSE,TRUE
NFKUICVA,Kami Bicknell,GTX Basic,Singletechno,Won,2017-07-28,2017-11-15,518,FALSE,TRUE
V3G1HBTZ,Lajuana Vencill,GTX Basic,Nam-zim,Engaging,2017-07-28,NA,NA,FALSE,FALSE
XV41LZYE,Lajuana Vencill,GTX Basic,Unknown Account,Engaging,2017-07-28,NA,NA,TRUE,FALSE
0RI2I8ZL,Lajuana Vencill,GTX Basic,Unknown Account,Engaging,2017-07-28,NA,NA,TRUE,FALSE
7W9S4DCZ,Lajuana Vencill,MG Special,Dalttechnology,Engaging,2017-07-28,NA,NA,FALSE,FALSE
3L3W9W8I,Marty Freudenburg,GTX Basic,Unknown Account,Engaging,2017-07-28,NA,NA,TRUE,FALSE
WL6CZ7N4,Marty Freudenburg,GTX Plus Basic,Unknown Account,Engaging,2017-07-28,NA,NA,TRUE,FALSE
8UCQBI6J,Marty Freudenburg,GTX Pro,Cancity,Won,2017-07-28,2017-07-29,4172,FALSE,TRUE
M5FP7HGQ,Moses Frase,MG Special,Unknown Account,Engaging,2017-07-28,NA,NA,TRUE,FALSE
Q8Q4R3SW,Moses Frase,GTX Plus Pro,dambase,Lost,2017-07-28,2017-08-10,0,FALSE,TRUE
SJ3QA8KP,Niesha Huffines,MG Advanced,Treequote,Engaging,2017-07-28,NA,NA,FALSE,FALSE
BZNGP0DN,Reed Clapper,MG Special,Massive Dynamic,Won,2017-07-28,2017-08-10,53,FALSE,TRUE
M2ZRU2UH,Rosalina Dieter,GTX Basic,Unknown Account,Engaging,2017-07-28,NA,NA,TRUE,FALSE
Z31RDLIF,Rosie Papadopoulos,MG Advanced,Gekko & Co,Lost,2017-07-28,2017-11-27,0,FALSE,TRUE
NX2EICNQ,Versie Hillebrand,GTX Basic,Kan-code,Engaging,2017-07-28,NA,NA,FALSE,FALSE
E4KNZB95,Versie Hillebrand,MG Special,Bioholding,Won,2017-07-28,2017-08-19,53,FALSE,TRUE
PJDA3RWU,Versie Hillebrand,MG Special,Condax,Won,2017-07-28,2017-08-03,60,FALSE,TRUE
YUORNX7C,Versie Hillebrand,MG Special,Inity,Won,2017-07-28,2017-11-01,53,FALSE,TRUE
0WJLKMUA,Violet Mclelland,GTX Pro,Acme Corporation,Lost,2017-07-28,2017-07-29,0,FALSE,TRUE
7XP06LUZ,Wilburn Farren,MG Special,Zathunicon,Lost,2017-07-28,2017-12-02,0,FALSE,TRUE
5BT0Y4MB,Zane Levy,GTX Basic,Green-Plus,Lost,2017-07-28,2017-07-30,0,FALSE,TRUE
T0TDA2O1,Anna Snelling,GTX Plus Pro,Unknown Account,Engaging,2017-07-29,NA,NA,TRUE,FALSE
B1ZN2CFP,Anna Snelling,MG Advanced,Unknown Account,Engaging,2017-07-29,NA,NA,TRUE,FALSE
WCCEBK6E,Anna Snelling,GTX Plus Pro,Isdom,Won,2017-07-29,2017-08-05,4603,FALSE,TRUE
3A2CCWEG,Cecily Lampkin,MG Special,Unknown Account,Engaging,2017-07-29,NA,NA,TRUE,FALSE
5SCMRQ9N,Cecily Lampkin,GTX Basic,Finhigh,Won,2017-07-29,2017-09-05,610,FALSE,TRUE
4QQOSYGL,Corliss Cosme,MG Advanced,Unknown Account,Engaging,2017-07-29,NA,NA,TRUE,FALSE
A3I4JHP0,Daniell Hammack,GTX Plus Basic,Konex,Won,2017-07-29,2017-08-06,1189,FALSE,TRUE
NJNY07JZ,Darcel Schlecht,GTX Basic,Codehow,Engaging,2017-07-29,NA,NA,FALSE,FALSE
UWI771ZX,Darcel Schlecht,GTX Plus Basic,Unknown Account,Engaging,2017-07-29,NA,NA,TRUE,FALSE
YI1V6SOX,Darcel Schlecht,GTX Pro,The New York Inquirer,Engaging,2017-07-29,NA,NA,FALSE,FALSE
PNTHPFHY,Darcel Schlecht,GTX Pro,Unknown Account,Engaging,2017-07-29,NA,NA,TRUE,FALSE
2I7IFY8D,Darcel Schlecht,GTX Pro,Unknown Account,Engaging,2017-07-29,NA,NA,TRUE,FALSE
T1SITEI0,Darcel Schlecht,MG Special,Singletechno,Engaging,2017-07-29,NA,NA,FALSE,FALSE
DOVFYIIO,Donn Cantrell,GTX Pro,Massive Dynamic,Lost,2017-07-29,2017-07-30,0,FALSE,TRUE
BC53PQMQ,Donn Cantrell,GTX Plus Pro,Sumace,Won,2017-07-29,2017-07-31,5480,FALSE,TRUE
AU1OZUN8,Elease Gluck,MG Special,Sonron,Won,2017-07-29,2017-11-02,56,FALSE,TRUE
09GK47AY,Garret Kinder,GTX Plus Basic,Ontomedia,Lost,2017-07-29,2017-08-02,0,FALSE,TRUE
D6CRJSEP,Garret Kinder,GTX Plus Basic,Zotware,Won,2017-07-29,2017-09-16,983,FALSE,TRUE
5G9WEZTP,Garret Kinder,GTX Pro,Massive Dynamic,Won,2017-07-29,2017-08-16,5319,FALSE,TRUE
3FI1J4VO,Gladys Colclough,MG Special,Unknown Account,Engaging,2017-07-29,NA,NA,TRUE,FALSE
KRK5YFGW,James Ascencio,GTX Pro,Konex,Won,2017-07-29,2017-08-08,4941,FALSE,TRUE
GJQFUUWI,James Ascencio,MG Advanced,Sunnamplex,Won,2017-07-29,2017-08-02,3260,FALSE,TRUE
7BKYKVF2,Jonathan Berthelot,GTX Plus Basic,Unknown Account,Engaging,2017-07-29,NA,NA,TRUE,FALSE
6US3WW0M,Jonathan Berthelot,MG Special,Unknown Account,Engaging,2017-07-29,NA,NA,TRUE,FALSE
9M72KPA3,Kami Bicknell,GTX Plus Basic,Bluth Company,Engaging,2017-07-29,NA,NA,FALSE,FALSE
4OYGRQGO,Kami Bicknell,MG Advanced,Unknown Account,Engaging,2017-07-29,NA,NA,TRUE,FALSE
7SO4NKFP,Kami Bicknell,GTX Plus Basic,Hottechi,Lost,2017-07-29,2017-08-03,0,FALSE,TRUE
VZ1ETER5,Kami Bicknell,GTX Plus Pro,Goodsilron,Won,2017-07-29,2017-07-31,4842,FALSE,TRUE
YOFRJU68,Kami Bicknell,MG Advanced,Blackzim,Won,2017-07-29,2017-09-29,3463,FALSE,TRUE
SPMQ0BHA,Lajuana Vencill,GTX Basic,Unknown Account,Engaging,2017-07-29,NA,NA,TRUE,FALSE
ERTQ4SN3,Lajuana Vencill,MG Special,Zumgoity,Engaging,2017-07-29,NA,NA,FALSE,FALSE
F9V6EWDG,Lajuana Vencill,GTX Basic,Konmatfix,Lost,2017-07-29,2017-08-01,0,FALSE,TRUE
FQI66XXN,Marty Freudenburg,GTX Basic,Unknown Account,Engaging,2017-07-29,NA,NA,TRUE,FALSE
5EFR0VAZ,Maureen Marcano,GTX Basic,Newex,Lost,2017-07-29,2017-07-30,0,FALSE,TRUE
4MTIOMFQ,Reed Clapper,GTX Pro,Mathtouch,Won,2017-07-29,2017-08-08,4252,FALSE,TRUE
J096XFZG,Rosie Papadopoulos,GTX Pro,Zotware,Won,2017-07-29,2017-09-04,4906,FALSE,TRUE
1RXGKOUE,Versie Hillebrand,GTX Plus Pro,Unknown Account,Engaging,2017-07-29,NA,NA,TRUE,FALSE
G40058T1,Versie Hillebrand,MG Special,Yearin,Engaging,2017-07-29,NA,NA,FALSE,FALSE
TQZLDFIJ,Versie Hillebrand,MG Special,Unknown Account,Engaging,2017-07-29,NA,NA,TRUE,FALSE
4U2Z53VS,Versie Hillebrand,MG Special,Inity,Lost,2017-07-29,2017-08-10,0,FALSE,TRUE
3SD04QJ4,Wilburn Farren,MG Advanced,Unknown Account,Engaging,2017-07-29,NA,NA,TRUE,FALSE
ERD6D5K3,Anna Snelling,GTX Basic,Unknown Account,Engaging,2017-07-30,NA,NA,TRUE,FALSE
VVM42VWQ,Anna Snelling,GTX Basic,Unknown Account,Engaging,2017-07-30,NA,NA,TRUE,FALSE
MK380H70,Anna Snelling,MG Special,Unknown Account,Engaging,2017-07-30,NA,NA,TRUE,FALSE
5SNCUQ8Z,Anna Snelling,MG Special,Unknown Account,Engaging,2017-07-30,NA,NA,TRUE,FALSE
6YMJLH2F,Anna Snelling,GTX Plus Pro,Finhigh,Lost,2017-07-30,2017-08-07,0,FALSE,TRUE
SP9W5IND,Boris Faz,MG Special,Acme Corporation,Engaging,2017-07-30,NA,NA,FALSE,FALSE
P9EJ68SM,Cassey Cress,GTX Plus Basic,Unknown Account,Engaging,2017-07-30,NA,NA,TRUE,FALSE
IG540SIB,Cecily Lampkin,MG Advanced,Unknown Account,Engaging,2017-07-30,NA,NA,TRUE,FALSE
D6U1NYBU,Corliss Cosme,MG Advanced,Umbrella Corporation,Won,2017-07-30,2017-11-18,3113,FALSE,TRUE
9Q2SYGPP,Daniell Hammack,GTX Plus Basic,Bluth Company,Won,2017-07-30,2017-08-10,1097,FALSE,TRUE
CUZDYOOO,Darcel Schlecht,GTX Basic,Unknown Account,Engaging,2017-07-30,NA,NA,TRUE,FALSE
EY7OI10Z,Darcel Schlecht,GTX Plus Basic,Unknown Account,Engaging,2017-07-30,NA,NA,TRUE,FALSE
R55U5QI4,Darcel Schlecht,GTX Plus Pro,Scottech,Engaging,2017-07-30,NA,NA,FALSE,FALSE
TJ95PY76,Darcel Schlecht,GTX Pro,J-Texon,Engaging,2017-07-30,NA,NA,FALSE,FALSE
R6OZIG5J,Darcel Schlecht,MG Advanced,Unknown Account,Engaging,2017-07-30,NA,NA,TRUE,FALSE
DVT7NPEH,Darcel Schlecht,MG Advanced,Unknown Account,Engaging,2017-07-30,NA,NA,TRUE,FALSE
EY73E4ZB,Darcel Schlecht,MG Advanced,Hottechi,Lost,2017-07-30,2017-08-05,0,FALSE,TRUE
KQLS98VW,Darcel Schlecht,GTX Plus Basic,Condax,Won,2017-07-30,2017-12-04,1245,FALSE,TRUE
LKQL4GRO,Darcel Schlecht,GTX Plus Basic,Scottech,Won,2017-07-30,2017-08-04,1160,FALSE,TRUE
4DKUZ8JE,Darcel Schlecht,MG Special,Bioholding,Won,2017-07-30,2017-07-31,53,FALSE,TRUE
V3QM4V7G,Donn Cantrell,GTX Pro,Initech,Lost,2017-07-30,2017-08-11,0,FALSE,TRUE
S9JXWIBD,Gladys Colclough,GTX Plus Basic,Unknown Account,Engaging,2017-07-30,NA,NA,TRUE,FALSE
0XBGT413,Gladys Colclough,GTX Pro,Unknown Account,Engaging,2017-07-30,NA,NA,TRUE,FALSE
RTOIXNPC,Gladys Colclough,MG Special,Unknown Account,Engaging,2017-07-30,NA,NA,TRUE,FALSE
LZWH2OGW,Gladys Colclough,MG Advanced,Funholding,Lost,2017-07-30,2017-08-06,0,FALSE,TRUE
R7JSQI5U,Hayden Neloms,MG Advanced,Newex,Lost,2017-07-30,2017-07-31,0,FALSE,TRUE
S5NZI5UN,James Ascencio,GTX Pro,Cheers,Won,2017-07-30,2017-09-10,5031,FALSE,TRUE
XQQ3JS90,Jonathan Berthelot,GTX Pro,Rangreen,Won,2017-07-30,2017-07-31,5741,FALSE,TRUE
7COYG1Z2,Kami Bicknell,MG Special,Unknown Account,Engaging,2017-07-30,NA,NA,TRUE,FALSE
5SED9K1C,Kami Bicknell,GTX Plus Basic,Plusstrip,Won,2017-07-30,2017-08-09,1038,FALSE,TRUE
OVLGWURN,Kary Hendrixson,GTX Basic,Unknown Account,Engaging,2017-07-30,NA,NA,TRUE,FALSE
810GB47D,Kary Hendrixson,GTX Basic,Condax,Lost,2017-07-30,2017-08-05,0,FALSE,TRUE
GZCWRMIR,Kary Hendrixson,GTX Basic,J-Texon,Lost,2017-07-30,2017-11-20,0,FALSE,TRUE
UHIIYU2J,Lajuana Vencill,GTX Basic,Unknown Account,Engaging,2017-07-30,NA,NA,TRUE,FALSE
5W29OCB8,Lajuana Vencill,MG Special,Bioholding,Engaging,2017-07-30,NA,NA,FALSE,FALSE
PST4NDK4,Lajuana Vencill,GTX Basic,Funholding,Won,2017-07-30,2017-08-09,502,FALSE,TRUE
R7I947IZ,Marty Freudenburg,GTX Plus Basic,Unknown Account,Engaging,2017-07-30,NA,NA,TRUE,FALSE
754UOV5F,Marty Freudenburg,MG Special,Unknown Account,Engaging,2017-07-30,NA,NA,TRUE,FALSE
MTN3BOMC,Maureen Marcano,GTX Plus Basic,Unknown Account,Engaging,2017-07-30,NA,NA,TRUE,FALSE
8U9DLK26,Maureen Marcano,GTX Pro,Nam-zim,Won,2017-07-30,2017-07-31,4913,FALSE,TRUE
ABT1TDH1,Moses Frase,GTX Basic,Unknown Account,Engaging,2017-07-30,NA,NA,TRUE,FALSE
DJFMG9QI,Moses Frase,MG Special,Plusstrip,Engaging,2017-07-30,NA,NA,FALSE,FALSE
DDWSCXZA,Moses Frase,MG Advanced,Rundofase,Won,2017-07-30,2017-09-19,3457,FALSE,TRUE
GWQX8BSZ,Niesha Huffines,GTX Basic,Donquadtech,Engaging,2017-07-30,NA,NA,FALSE,FALSE
D9NLFAEG,Niesha Huffines,GTX Basic,Unknown Account,Engaging,2017-07-30,NA,NA,TRUE,FALSE
TX5SADEI,Niesha Huffines,GTX Plus Basic,Dontechi,Engaging,2017-07-30,NA,NA,FALSE,FALSE
I5AKI9KC,Niesha Huffines,MG Special,Unknown Account,Engaging,2017-07-30,NA,NA,TRUE,FALSE
T2UA7F7Z,Reed Clapper,GTX Plus Pro,Opentech,Won,2017-07-30,2017-08-08,5204,FALSE,TRUE
FOGOYZ75,Rosie Papadopoulos,MG Advanced,Plussunin,Won,2017-07-30,2017-08-07,3019,FALSE,TRUE
I9IJS5BM,Rosie Papadopoulos,MG Advanced,Sumace,Won,2017-07-30,2017-08-18,3453,FALSE,TRUE
0M3NCPQX,Versie Hillebrand,MG Special,Unknown Account,Engaging,2017-07-30,NA,NA,TRUE,FALSE
RN7M3757,Versie Hillebrand,MG Advanced,Unknown Account,Engaging,2017-07-30,NA,NA,TRUE,FALSE
2HU8CPJ3,Vicki Laflamme,MG Advanced,Labdrill,Won,2017-07-30,2017-11-13,3464,FALSE,TRUE
OJ42ZCHR,Violet Mclelland,MG Special,Unknown Account,Engaging,2017-07-30,NA,NA,TRUE,FALSE
M2UI5MKB,Violet Mclelland,MG Advanced,Zathunicon,Won,2017-07-30,2017-08-19,2937,FALSE,TRUE
HWVR6IJ7,Wilburn Farren,GTX Basic,Kan-code,Won,2017-07-30,2017-08-15,463,FALSE,TRUE
QD4ONE04,Anna Snelling,MG Special,Rangreen,Engaging,2017-07-31,NA,NA,FALSE,FALSE
V0XFS245,Boris Faz,GTX Pro,Bluth Company,Won,2017-07-31,2017-09-11,4096,FALSE,TRUE
0PT4RY4P,Cecily Lampkin,MG Advanced,Unknown Account,Engaging,2017-07-31,NA,NA,TRUE,FALSE
FSEV7ZJC,Darcel Schlecht,GTX Pro,Unknown Account,Engaging,2017-07-31,NA,NA,TRUE,FALSE
OEP0IJ6S,Darcel Schlecht,GTX Pro,Unknown Account,Engaging,2017-07-31,NA,NA,TRUE,FALSE
YWGU40CP,Darcel Schlecht,MG Special,Unknown Account,Engaging,2017-07-31,NA,NA,TRUE,FALSE
ICG3THQK,Gladys Colclough,GTX Basic,Sumace,Engaging,2017-07-31,NA,NA,FALSE,FALSE
WOO9JXOQ,Gladys Colclough,MG Advanced,Sumace,Engaging,2017-07-31,NA,NA,FALSE,FALSE
OBDEDIXA,Hayden Neloms,MG Advanced,Unknown Account,Engaging,2017-07-31,NA,NA,TRUE,FALSE
1O72EKFY,James Ascencio,GTX Plus Pro,Unknown Account,Engaging,2017-07-31,NA,NA,TRUE,FALSE
4XXAK1QL,Jonathan Berthelot,GTX Basic,Unknown Account,Engaging,2017-07-31,NA,NA,TRUE,FALSE
WU81R3XH,Lajuana Vencill,GTX Basic,Unknown Account,Engaging,2017-07-31,NA,NA,TRUE,FALSE
HHWZEWDV,Lajuana Vencill,GTX Plus Basic,Unknown Account,Engaging,2017-07-31,NA,NA,TRUE,FALSE
EMH2I8XE,Lajuana Vencill,MG Advanced,Acme Corporation,Engaging,2017-07-31,NA,NA,FALSE,FALSE
UBO7V799,Lajuana Vencill,MG Advanced,Unknown Account,Engaging,2017-07-31,NA,NA,TRUE,FALSE
DZQW0KQ4,Markita Hansen,GTX Plus Pro,Unknown Account,Engaging,2017-07-31,NA,NA,TRUE,FALSE
BBGCBEUY,Markita Hansen,GTX Plus Basic,Plexzap,Lost,2017-07-31,2017-08-04,0,FALSE,TRUE
6PHF576T,Markita Hansen,GTX Pro,Y-corporation,Lost,2017-07-31,2017-11-23,0,FALSE,TRUE
XN43RX9C,Markita Hansen,MG Advanced,Sunnamplex,Won,2017-07-31,2017-08-10,3187,FALSE,TRUE
OAUUCC2N,Marty Freudenburg,GTX Plus Basic,Unknown Account,Engaging,2017-07-31,NA,NA,TRUE,FALSE
283MDYKM,Moses Frase,GTX Plus Basic,Unknown Account,Engaging,2017-07-31,NA,NA,TRUE,FALSE
56LUBQTV,Moses Frase,MG Advanced,Unknown Account,Engaging,2017-07-31,NA,NA,TRUE,FALSE
DOU4T9EI,Moses Frase,MG Special,Cancity,Lost,2017-07-31,2017-11-02,0,FALSE,TRUE
XUU1PPTJ,Moses Frase,GTX Plus Pro,Rangreen,Won,2017-07-31,2017-11-10,5234,FALSE,TRUE
Q65B52C5,Niesha Huffines,GTX Basic,Kan-code,Engaging,2017-07-31,NA,NA,FALSE,FALSE
STI8KYWL,Niesha Huffines,GTX Plus Basic,Unknown Account,Engaging,2017-07-31,NA,NA,TRUE,FALSE
KZMZH8L6,Reed Clapper,GTX Plus Pro,Zotware,Won,2017-07-31,2017-09-28,6180,FALSE,TRUE
K63TD0WD,Versie Hillebrand,MG Special,Unknown Account,Engaging,2017-07-31,NA,NA,TRUE,FALSE
7WU2BQ2P,Versie Hillebrand,MG Special,Inity,Won,2017-07-31,2017-08-10,53,FALSE,TRUE
5B4H3E7V,Vicki Laflamme,MG Special,Konex,Lost,2017-07-31,2017-08-05,0,FALSE,TRUE
6YCDG16T,Vicki Laflamme,MG Advanced,Cheers,Won,2017-07-31,2017-08-12,3687,FALSE,TRUE
EP9JNNF1,Violet Mclelland,MG Special,Unknown Account,Engaging,2017-07-31,NA,NA,TRUE,FALSE
BVKAXY66,Zane Levy,GTX Pro,Konex,Won,2017-07-31,2017-08-20,6069,FALSE,TRUE
I1R23P5F,Anna Snelling,GTX Plus Basic,Unknown Account,Engaging,2017-08-01,NA,NA,TRUE,FALSE
CFKXEPFN,Anna Snelling,GTX Plus Basic,Unknown Account,Engaging,2017-08-01,NA,NA,TRUE,FALSE
4ZB2W6O7,Anna Snelling,MG Special,Plusstrip,Engaging,2017-08-01,NA,NA,FALSE,FALSE
H85L45JM,Anna Snelling,MG Special,Unknown Account,Engaging,2017-08-01,NA,NA,TRUE,FALSE
D9VTKEEH,Anna Snelling,GTX Plus Basic,Genco Pura Olive Oil Company,Lost,2017-08-01,2017-08-11,0,FALSE,TRUE
7CYRCTXI,Anna Snelling,MG Advanced,Konmatfix,Won,2017-08-01,2017-08-16,3452,FALSE,TRUE
A2YIYWNW,Cassey Cress,MG Advanced,Unknown Account,Engaging,2017-08-01,NA,NA,TRUE,FALSE
IH4M0XTK,Cassey Cress,MG Advanced,Kinnamplus,Won,2017-08-01,2017-08-09,3156,FALSE,TRUE
L9AZZGNK,Daniell Hammack,GTX Basic,Gekko & Co,Lost,2017-08-01,2017-08-14,0,FALSE,TRUE
HISWL7B0,Darcel Schlecht,GTX Pro,Unknown Account,Engaging,2017-08-01,NA,NA,TRUE,FALSE
BSKNQJOJ,Darcel Schlecht,GTX Pro,Unknown Account,Engaging,2017-08-01,NA,NA,TRUE,FALSE
1FLN8BTI,Darcel Schlecht,MG Special,Rundofase,Engaging,2017-08-01,NA,NA,FALSE,FALSE
VAL8O4PH,Darcel Schlecht,MG Special,Unknown Account,Engaging,2017-08-01,NA,NA,TRUE,FALSE
MLPVWTC2,Darcel Schlecht,MG Advanced,Statholdings,Lost,2017-08-01,2017-11-23,0,FALSE,TRUE
RZXMIHGO,Gladys Colclough,GTX Basic,Unknown Account,Engaging,2017-08-01,NA,NA,TRUE,FALSE
IW6S2BN0,Gladys Colclough,GTX Plus Basic,Unknown Account,Engaging,2017-08-01,NA,NA,TRUE,FALSE
G78ZK6XI,Gladys Colclough,MG Special,Unknown Account,Engaging,2017-08-01,NA,NA,TRUE,FALSE
9C3YHNBY,Gladys Colclough,MG Advanced,Unknown Account,Engaging,2017-08-01,NA,NA,TRUE,FALSE
U4L1277G,Hayden Neloms,GTX Plus Basic,Unknown Account,Engaging,2017-08-01,NA,NA,TRUE,FALSE
6BBYA0L3,Hayden Neloms,GTX Plus Basic,Rantouch,Won,2017-08-01,2017-08-06,1157,FALSE,TRUE
S3J60BK0,James Ascencio,GTX Plus Basic,Plexzap,Won,2017-08-01,2017-11-22,1040,FALSE,TRUE
IKIJHQPN,Jonathan Berthelot,MG Special,Streethex,Won,2017-08-01,2017-12-16,49,FALSE,TRUE
YE7F777U,Lajuana Vencill,GTX Basic,Unknown Account,Engaging,2017-08-01,NA,NA,TRUE,FALSE
OJ9KBQML,Lajuana Vencill,GTX Basic,Inity,Won,2017-08-01,2017-09-19,454,FALSE,TRUE
W66UPKL4,Markita Hansen,GTX Plus Basic,Zoomit,Won,2017-08-01,2017-11-18,1106,FALSE,TRUE
DO6VKC2G,Marty Freudenburg,GTK 500,Unknown Account,Engaging,2017-08-01,NA,NA,TRUE,FALSE
MBYOJR5A,Marty Freudenburg,GTX Plus Pro,Unknown Account,Engaging,2017-08-01,NA,NA,TRUE,FALSE
NBJR3GVR,Marty Freudenburg,GTX Pro,Unknown Account,Engaging,2017-08-01,NA,NA,TRUE,FALSE
2S7CMLRJ,Maureen Marcano,GTX Plus Basic,Goodsilron,Won,2017-08-01,2017-08-08,1143,FALSE,TRUE
18KMXL8N,Maureen Marcano,GTX Plus Pro,J-Texon,Won,2017-08-01,2017-11-06,4434,FALSE,TRUE
Y7244XW7,Moses Frase,MG Special,Plussunin,Engaging,2017-08-01,NA,NA,FALSE,FALSE
22HV3N2W,Niesha Huffines,GTX Plus Basic,Rangreen,Engaging,2017-08-01,NA,NA,FALSE,FALSE
FKY3O5O1,Niesha Huffines,GTX Pro,Zotware,Engaging,2017-08-01,NA,NA,FALSE,FALSE
WRKPDK7O,Versie Hillebrand,GTX Plus Pro,Hatfan,Engaging,2017-08-01,NA,NA,FALSE,FALSE
3FWZBSW1,Versie Hillebrand,MG Special,Cancity,Engaging,2017-08-01,NA,NA,FALSE,FALSE
VIY7P8J6,Versie Hillebrand,MG Special,Hatfan,Engaging,2017-08-01,NA,NA,FALSE,FALSE
PR1H7NHK,Versie Hillebrand,MG Special,Mathtouch,Engaging,2017-08-01,NA,NA,FALSE,FALSE
A9TEJW6U,Versie Hillebrand,MG Special,Unknown Account,Engaging,2017-08-01,NA,NA,TRUE,FALSE
1DC9PQ4S,Versie Hillebrand,MG Special,Unknown Account,Engaging,2017-08-01,NA,NA,TRUE,FALSE
K44PIQTN,Vicki Laflamme,GTX Plus Basic,Rantouch,Won,2017-08-01,2017-09-26,1193,FALSE,TRUE
NWQHHVEM,Vicki Laflamme,GTX Pro,Goodsilron,Won,2017-08-01,2017-08-21,5049,FALSE,TRUE
ZJ76J97A,Vicki Laflamme,GTX Pro,Konex,Won,2017-08-01,2017-08-19,5300,FALSE,TRUE
4Q1A27SA,Vicki Laflamme,MG Advanced,Singletechno,Won,2017-08-01,2017-11-20,3597,FALSE,TRUE
GVOKY9KD,Violet Mclelland,GTX Pro,Xx-zobam,Lost,2017-08-01,2017-11-11,0,FALSE,TRUE
JGXK8P6T,Zane Levy,MG Advanced,Unknown Account,Engaging,2017-08-01,NA,NA,TRUE,FALSE
FOQK8G8Y,Zane Levy,GTX Basic,Sonron,Won,2017-08-01,2017-08-06,606,FALSE,TRUE
OEUK1UW5,Corliss Cosme,GTX Plus Basic,Condax,Won,2017-08-02,2017-11-09,1123,FALSE,TRUE
LF45YLLR,Corliss Cosme,GTX Pro,Initech,Won,2017-08-02,2017-08-12,5205,FALSE,TRUE
RYYTO9Z5,Daniell Hammack,GTX Basic,Yearin,Won,2017-08-02,2017-11-01,592,FALSE,TRUE
R9VR53F3,Daniell Hammack,GTX Plus Pro,Umbrella Corporation,Won,2017-08-02,2017-08-14,6284,FALSE,TRUE
D5H30X5X,Gladys Colclough,MG Special,Warephase,Lost,2017-08-02,2017-11-07,0,FALSE,TRUE
FLXN0TBT,Hayden Neloms,MG Advanced,Labdrill,Lost,2017-08-02,2017-08-10,0,FALSE,TRUE
U8H8VGI0,James Ascencio,GTX Pro,Lexiqvolax,Lost,2017-08-02,2017-11-02,0,FALSE,TRUE
R1X6U9CU,James Ascencio,GTX Plus Pro,Kan-code,Won,2017-08-02,2017-08-05,4231,FALSE,TRUE
URQYDGX8,Jonathan Berthelot,GTX Basic,Unknown Account,Engaging,2017-08-02,NA,NA,TRUE,FALSE
IT1XRUTD,Lajuana Vencill,GTX Plus Pro,Warephase,Lost,2017-08-02,2017-08-13,0,FALSE,TRUE
VTSKKTQO,Lajuana Vencill,MG Advanced,Zumgoity,Lost,2017-08-02,2017-08-13,0,FALSE,TRUE
KIKG1BGV,Moses Frase,MG Advanced,Domzoom,Engaging,2017-08-02,NA,NA,FALSE,FALSE
2E2FDZHG,Niesha Huffines,GTX Pro,Unknown Account,Engaging,2017-08-02,NA,NA,TRUE,FALSE
3Z2AMU5T,Reed Clapper,MG Advanced,Kinnamplus,Lost,2017-08-02,2017-11-23,0,FALSE,TRUE
8LP076IV,Versie Hillebrand,MG Special,Unknown Account,Engaging,2017-08-02,NA,NA,TRUE,FALSE
CWXHKUV5,Versie Hillebrand,MG Special,Unknown Account,Engaging,2017-08-02,NA,NA,TRUE,FALSE
N909ADDC,Vicki Laflamme,MG Advanced,Unknown Account,Engaging,2017-08-02,NA,NA,TRUE,FALSE
R0O1UYNW,Violet Mclelland,MG Special,Bluth Company,Won,2017-08-02,2017-08-10,53,FALSE,TRUE
ULJG457F,Anna Snelling,MG Special,Unknown Account,Engaging,2017-08-03,NA,NA,TRUE,FALSE
AZN2K0V9,Anna Snelling,MG Advanced,Ganjaflex,Engaging,2017-08-03,NA,NA,FALSE,FALSE
G44S6CLC,Anna Snelling,MG Special,Cancity,Won,2017-08-03,2017-08-16,52,FALSE,TRUE
IMLB4653,Boris Faz,GTX Plus Basic,Gekko & Co,Won,2017-08-03,2017-08-22,938,FALSE,TRUE
6TGCOE5O,Cassey Cress,GTX Plus Pro,Unknown Account,Engaging,2017-08-03,NA,NA,TRUE,FALSE
QIEAKLRU,Cecily Lampkin,MG Advanced,Unknown Account,Engaging,2017-08-03,NA,NA,TRUE,FALSE
ZE6HA778,Darcel Schlecht,MG Advanced,Inity,Lost,2017-08-03,2017-08-08,0,FALSE,TRUE
6KPKOR79,Donn Cantrell,GTX Plus Basic,Bioplex,Won,2017-08-03,2017-09-13,1050,FALSE,TRUE
D42GA3LC,Donn Cantrell,MG Advanced,Vehement Capital Partners,Won,2017-08-03,2017-08-11,3440,FALSE,TRUE
A04V2WB3,Elease Gluck,GTK 500,Unknown Account,Engaging,2017-08-03,NA,NA,TRUE,FALSE
TIPXNDS2,Gladys Colclough,MG Special,Betatech,Engaging,2017-08-03,NA,NA,FALSE,FALSE
3G61D5KV,Gladys Colclough,MG Special,Unknown Account,Engaging,2017-08-03,NA,NA,TRUE,FALSE
58J528HO,Gladys Colclough,GTX Pro,Rundofase,Lost,2017-08-03,2017-08-15,0,FALSE,TRUE
6RZ5GSAB,Jonathan Berthelot,GTX Basic,Unknown Account,Engaging,2017-08-03,NA,NA,TRUE,FALSE
RD6Y5R4P,Kami Bicknell,MG Special,Cancity,Engaging,2017-08-03,NA,NA,FALSE,FALSE
7VSFD2MV,Kary Hendrixson,GTX Basic,Unknown Account,Engaging,2017-08-03,NA,NA,TRUE,FALSE
PBVC1VI7,Kary Hendrixson,GTX Plus Basic,Konex,Lost,2017-08-03,2017-11-09,0,FALSE,TRUE
3BA9OPGY,Lajuana Vencill,MG Special,Unknown Account,Engaging,2017-08-03,NA,NA,TRUE,FALSE
LDQITW5C,Lajuana Vencill,MG Advanced,Acme Corporation,Engaging,2017-08-03,NA,NA,FALSE,FALSE
9V2SW5MV,Marty Freudenburg,MG Advanced,Unknown Account,Engaging,2017-08-03,NA,NA,TRUE,FALSE
0R5KAHNB,Moses Frase,MG Advanced,Umbrella Corporation,Engaging,2017-08-03,NA,NA,FALSE,FALSE
ATMWAQL5,Niesha Huffines,GTX Plus Basic,Gogozoom,Engaging,2017-08-03,NA,NA,FALSE,FALSE
SUUVV6RP,Niesha Huffines,MG Special,Unknown Account,Engaging,2017-08-03,NA,NA,TRUE,FALSE
U4BPFJC5,Niesha Huffines,GTX Plus Basic,Inity,Won,2017-08-03,2017-08-21,1126,FALSE,TRUE
MJ3XHBY0,Reed Clapper,GTX Pro,Donquadtech,Won,2017-08-03,2017-08-14,3963,FALSE,TRUE
LT75S3LM,Reed Clapper,GTX Pro,Kinnamplus,Won,2017-08-03,2017-08-11,5401,FALSE,TRUE
B28O6RVD,Rosie Papadopoulos,MG Advanced,Silis,Lost,2017-08-03,2017-08-20,0,FALSE,TRUE
O9MGYBG4,Rosie Papadopoulos,GTX Plus Basic,Silis,Won,2017-08-03,2017-12-02,965,FALSE,TRUE
XB1ZV04H,Versie Hillebrand,GTX Basic,Unknown Account,Engaging,2017-08-03,NA,NA,TRUE,FALSE
Q1TS5ZKD,Versie Hillebrand,MG Special,Unknown Account,Engaging,2017-08-03,NA,NA,TRUE,FALSE
FLH1KDV2,Versie Hillebrand,GTX Basic,Hottechi,Won,2017-08-03,2017-11-01,534,FALSE,TRUE
NNH4EBG8,Vicki Laflamme,MG Special,Mathtouch,Engaging,2017-08-03,NA,NA,FALSE,FALSE
GVSAAKF4,Wilburn Farren,MG Special,Massive Dynamic,Won,2017-08-03,2017-11-21,50,FALSE,TRUE
5UFU5IO4,Corliss Cosme,MG Special,Cancity,Engaging,2017-08-04,NA,NA,FALSE,FALSE
VLYT262U,Daniell Hammack,GTX Plus Basic,Unknown Account,Engaging,2017-08-04,NA,NA,TRUE,FALSE
UM1OU73X,Darcel Schlecht,GTX Pro,Unknown Account,Engaging,2017-08-04,NA,NA,TRUE,FALSE
69U39SXU,Darcel Schlecht,GTX Pro,Unknown Account,Engaging,2017-08-04,NA,NA,TRUE,FALSE
R6F1053X,Donn Cantrell,GTX Pro,Konex,Won,2017-08-04,2017-08-11,5186,FALSE,TRUE
OB2PHGFR,Elease Gluck,MG Advanced,J-Texon,Won,2017-08-04,2017-11-04,3308,FALSE,TRUE
ZCUMC0XC,Gladys Colclough,MG Special,Unknown Account,Engaging,2017-08-04,NA,NA,TRUE,FALSE
Y2X0X0WQ,Gladys Colclough,MG Advanced,Finhigh,Won,2017-08-04,2017-12-07,3367,FALSE,TRUE
V1KABF71,Jonathan Berthelot,GTX Plus Basic,Unknown Account,Engaging,2017-08-04,NA,NA,TRUE,FALSE
DZ47F0UT,Kary Hendrixson,GTX Plus Basic,Labdrill,Lost,2017-08-04,2017-08-08,0,FALSE,TRUE
7WYZ9HMC,Kary Hendrixson,GTX Basic,Scotfind,Won,2017-08-04,2017-09-16,518,FALSE,TRUE
CPOA6FVA,Lajuana Vencill,GTX Basic,Unknown Account,Engaging,2017-08-04,NA,NA,TRUE,FALSE
5VW9YVTU,Moses Frase,GTX Basic,Condax,Engaging,2017-08-04,NA,NA,FALSE,FALSE
FUI9BIS3,Moses Frase,MG Advanced,Funholding,Engaging,2017-08-04,NA,NA,FALSE,FALSE
49SUORYW,Niesha Huffines,GTX Plus Basic,Betasoloin,Engaging,2017-08-04,NA,NA,FALSE,FALSE
RG8P75PG,Reed Clapper,GTX Pro,Initech,Lost,2017-08-04,2017-08-10,0,FALSE,TRUE
P0YQ3HNN,Reed Clapper,GTX Plus Basic,Kan-code,Won,2017-08-04,2017-09-11,1128,FALSE,TRUE
TGI9B9AD,Reed Clapper,GTX Plus Pro,Bioplex,Won,2017-08-04,2017-12-16,6318,FALSE,TRUE
51VR0RD3,Violet Mclelland,MG Special,Unknown Account,Engaging,2017-08-04,NA,NA,TRUE,FALSE
4PNXMXXC,Anna Snelling,GTX Basic,Unknown Account,Engaging,2017-08-05,NA,NA,TRUE,FALSE
OVA9HMN1,Anna Snelling,GTX Plus Pro,Unknown Account,Engaging,2017-08-05,NA,NA,TRUE,FALSE
DAAHNY6T,Anna Snelling,MG Special,Unknown Account,Engaging,2017-08-05,NA,NA,TRUE,FALSE
80QJ0BQH,Anna Snelling,MG Special,Unknown Account,Engaging,2017-08-05,NA,NA,TRUE,FALSE
WA58C7SV,Anna Snelling,MG Advanced,Cancity,Lost,2017-08-05,2017-11-26,0,FALSE,TRUE
MOAP4XN7,Boris Faz,GTX Pro,Unknown Account,Engaging,2017-08-05,NA,NA,TRUE,FALSE
2N2MUDOA,Daniell Hammack,GTX Pro,Bioholding,Engaging,2017-08-05,NA,NA,FALSE,FALSE
EFUIZFRA,Daniell Hammack,GTX Pro,Ontomedia,Won,2017-08-05,2017-09-19,4935,FALSE,TRUE
RCJRB8W8,Darcel Schlecht,GTX Plus Pro,Unknown Account,Engaging,2017-08-05,NA,NA,TRUE,FALSE
5NGPM4C3,Darcel Schlecht,GTX Plus Pro,Unknown Account,Engaging,2017-08-05,NA,NA,TRUE,FALSE
D4ZMTQLE,Darcel Schlecht,GTX Plus Basic,Scottech,Won,2017-08-05,2017-12-20,1013,FALSE,TRUE
QFXZT1TV,Donn Cantrell,GTX Basic,Yearin,Won,2017-08-05,2017-12-20,573,FALSE,TRUE
3Q8GSOKD,Donn Cantrell,GTX Basic,Zathunicon,Won,2017-08-05,2017-12-04,535,FALSE,TRUE
7DOGGIXI,Elease Gluck,MG Special,Bioplex,Engaging,2017-08-05,NA,NA,FALSE,FALSE
7CC4DUSQ,Elease Gluck,MG Advanced,Fasehatice,Lost,2017-08-05,2017-11-29,0,FALSE,TRUE
NY7Z4I06,Kary Hendrixson,GTX Plus Pro,Betasoloin,Engaging,2017-08-05,NA,NA,FALSE,FALSE
G2KW3DWD,Lajuana Vencill,GTX Plus Basic,Condax,Won,2017-08-05,2017-11-02,1080,FALSE,TRUE
IK72767Q,Marty Freudenburg,GTX Basic,Finhigh,Won,2017-08-05,2017-12-14,609,FALSE,TRUE
9P180HVQ,Moses Frase,GTX Basic,Zencorporation,Engaging,2017-08-05,NA,NA,FALSE,FALSE
ACGLK2YE,Moses Frase,GTX Plus Basic,Treequote,Engaging,2017-08-05,NA,NA,FALSE,FALSE
0F9GSZRO,Moses Frase,GTX Basic,Bioholding,Lost,2017-08-05,2017-11-11,0,FALSE,TRUE
BEELPVP0,Moses Frase,MG Special,Scottech,Lost,2017-08-05,2017-08-15,0,FALSE,TRUE
3A54O8JT,Versie Hillebrand,MG Special,Unknown Account,Engaging,2017-08-05,NA,NA,TRUE,FALSE
2DOZJ7GT,Versie Hillebrand,MG Advanced,Gogozoom,Lost,2017-08-05,2017-11-08,0,FALSE,TRUE
1V1L46NV,Versie Hillebrand,GTX Basic,Rundofase,Won,2017-08-05,2017-11-09,563,FALSE,TRUE
R9GI5SJ5,Vicki Laflamme,MG Advanced,Domzoom,Engaging,2017-08-05,NA,NA,FALSE,FALSE
SGYL0QMJ,Zane Levy,GTX Pro,Plexzap,Lost,2017-08-05,2017-11-07,0,FALSE,TRUE
XNOQAL9G,Anna Snelling,MG Special,Betatech,Lost,2017-08-06,2017-11-29,0,FALSE,TRUE
WO1OYV0Z,Boris Faz,GTX Plus Pro,Unknown Account,Engaging,2017-08-06,NA,NA,TRUE,FALSE
ZGK1AWBD,Boris Faz,MG Special,Vehement Capital Partners,Engaging,2017-08-06,NA,NA,FALSE,FALSE
AV72Y65Y,Cecily Lampkin,MG Special,Streethex,Engaging,2017-08-06,NA,NA,FALSE,FALSE
2PP30ME4,Corliss Cosme,GTX Plus Basic,Konex,Lost,2017-08-06,2017-11-04,0,FALSE,TRUE
UADVV91I,Corliss Cosme,MG Special,Bluth Company,Won,2017-08-06,2017-12-01,59,FALSE,TRUE
E9PMCMA3,Corliss Cosme,MG Special,Donquadtech,Won,2017-08-06,2017-11-14,54,FALSE,TRUE
EGW6AN01,Daniell Hammack,MG Advanced,Donquadtech,Lost,2017-08-06,2017-11-08,0,FALSE,TRUE
A8NDGVJE,Darcel Schlecht,GTX Pro,Unknown Account,Engaging,2017-08-06,NA,NA,TRUE,FALSE
NI5XQR33,Darcel Schlecht,GTX Plus Basic,Cancity,Lost,2017-08-06,2017-08-14,0,FALSE,TRUE
QYUZ3KVU,Donn Cantrell,MG Advanced,Mathtouch,Won,2017-08-06,2017-08-11,3114,FALSE,TRUE
5TOZM59X,Elease Gluck,MG Special,Rantouch,Won,2017-08-06,2017-08-17,60,FALSE,TRUE
XWOG5DC0,Garret Kinder,GTX Basic,Donware,Lost,2017-08-06,2017-11-08,0,FALSE,TRUE
IQAFSIV4,Garret Kinder,GTX Basic,Kan-code,Won,2017-08-06,2017-08-27,422,FALSE,TRUE
EETBBG75,Garret Kinder,MG Advanced,Konex,Won,2017-08-06,2017-09-20,3971,FALSE,TRUE
7FFV8D9U,Gladys Colclough,GTX Pro,Plusstrip,Engaging,2017-08-06,NA,NA,FALSE,FALSE
04T6SOQW,Kami Bicknell,GTX Basic,Unknown Account,Engaging,2017-08-06,NA,NA,TRUE,FALSE
STYAF310,Kami Bicknell,GTX Plus Basic,Faxquote,Lost,2017-08-06,2017-11-04,0,FALSE,TRUE
6W7QAH1B,Kami Bicknell,GTX Basic,Konex,Won,2017-08-06,2017-12-18,510,FALSE,TRUE
KXLD5YKX,Kami Bicknell,MG Advanced,Scotfind,Won,2017-08-06,2017-11-19,4032,FALSE,TRUE
SLMY2KDA,Kary Hendrixson,GTX Pro,Unknown Account,Engaging,2017-08-06,NA,NA,TRUE,FALSE
PDMZ1I99,Lajuana Vencill,MG Advanced,Globex Corporation,Engaging,2017-08-06,NA,NA,FALSE,FALSE
ESYGBBLP,Lajuana Vencill,GTX Basic,Dontechi,Lost,2017-08-06,2017-12-10,0,FALSE,TRUE
AD2YEH7W,Marty Freudenburg,GTX Plus Pro,Unknown Account,Engaging,2017-08-06,NA,NA,TRUE,FALSE
98K99UW9,Rosie Papadopoulos,GTX Plus Pro,Unknown Account,Engaging,2017-08-06,NA,NA,TRUE,FALSE
ZDSAVCDQ,Rosie Papadopoulos,MG Special,Plussunin,Won,2017-08-06,2017-08-12,52,FALSE,TRUE
OMJHW2J1,Versie Hillebrand,MG Advanced,Unknown Account,Engaging,2017-08-06,NA,NA,TRUE,FALSE
G6CMP5I9,Versie Hillebrand,MG Advanced,Unknown Account,Engaging,2017-08-06,NA,NA,TRUE,FALSE
OSG9KZGB,Anna Snelling,GTX Plus Basic,Kan-code,Engaging,2017-08-07,NA,NA,FALSE,FALSE
693K7IAT,Boris Faz,GTX Basic,Funholding,Engaging,2017-08-07,NA,NA,FALSE,FALSE
QRWC159J,Boris Faz,MG Advanced,Sumace,Lost,2017-08-07,2017-12-08,0,FALSE,TRUE
TXPUCPT8,Cecily Lampkin,MG Advanced,Globex Corporation,Won,2017-08-07,2017-11-17,3684,FALSE,TRUE
2ZVWE5NE,Corliss Cosme,GTX Plus Basic,Sumace,Lost,2017-08-07,2017-12-19,0,FALSE,TRUE
4335LVQT,Corliss Cosme,GTX Plus Pro,Zotware,Won,2017-08-07,2017-11-19,4648,FALSE,TRUE
MJ0RRDLN,Corliss Cosme,GTX Pro,Gekko & Co,Won,2017-08-07,2017-12-05,4639,FALSE,TRUE
QAJPUEN2,Darcel Schlecht,GTX Pro,Betatech,Lost,2017-08-07,2017-08-18,0,FALSE,TRUE
4XLLUO6J,Darcel Schlecht,GTX Plus Pro,Inity,Won,2017-08-07,2017-09-17,6360,FALSE,TRUE
5R408EB5,Elease Gluck,GTX Plus Basic,Singletechno,Lost,2017-08-07,2017-12-19,0,FALSE,TRUE
FB0Q3FYP,Gladys Colclough,GTX Pro,Inity,Won,2017-08-07,2017-09-22,4722,FALSE,TRUE
JZ2VUXZQ,Hayden Neloms,GTX Plus Basic,Rantouch,Lost,2017-08-07,2017-08-26,0,FALSE,TRUE
RB54V758,James Ascencio,MG Advanced,Sunnamplex,Won,2017-08-07,2017-08-17,3039,FALSE,TRUE
38C7HEG6,Jonathan Berthelot,GTX Plus Basic,Rundofase,Won,2017-08-07,2017-11-01,1080,FALSE,TRUE
FNXCNUR1,Kami Bicknell,GTX Plus Basic,Blackzim,Lost,2017-08-07,2017-11-24,0,FALSE,TRUE
DSPMSOTB,Lajuana Vencill,MG Advanced,Globex Corporation,Won,2017-08-07,2017-12-13,3063,FALSE,TRUE
WD7Q5D3G,Markita Hansen,GTX Plus Basic,Unknown Account,Engaging,2017-08-07,NA,NA,TRUE,FALSE
ZC987DAQ,Markita Hansen,MG Advanced,Unknown Account,Engaging,2017-08-07,NA,NA,TRUE,FALSE
AOVU3VUJ,Markita Hansen,GTX Basic,Konex,Lost,2017-08-07,2017-11-17,0,FALSE,TRUE
I6M40320,Niesha Huffines,GTX Plus Basic,Betatech,Engaging,2017-08-07,NA,NA,FALSE,FALSE
SYA1A4E5,Niesha Huffines,GTX Pro,Unknown Account,Engaging,2017-08-07,NA,NA,TRUE,FALSE
9AESK6QV,Vicki Laflamme,GTX Basic,Unknown Account,Engaging,2017-08-07,NA,NA,TRUE,FALSE
6DUFMKIG,Vicki Laflamme,MG Special,J-Texon,Lost,2017-08-07,2017-08-13,0,FALSE,TRUE
R2DID6L7,Violet Mclelland,MG Special,Acme Corporation,Won,2017-08-07,2017-11-04,52,FALSE,TRUE
WHS3UZHR,Violet Mclelland,MG Special,Bluth Company,Won,2017-08-07,2017-11-09,51,FALSE,TRUE
5UFQONQU,Zane Levy,GTX Pro,Condax,Won,2017-08-07,2017-11-27,4480,FALSE,TRUE
RRQIGS7E,Anna Snelling,MG Special,dambase,Won,2017-08-08,2017-08-18,53,FALSE,TRUE
1VFRN1GB,Cassey Cress,GTX Basic,Xx-zobam,Won,2017-08-08,2017-08-27,582,FALSE,TRUE
Q8QGD2OG,Cecily Lampkin,MG Advanced,Unknown Account,Engaging,2017-08-08,NA,NA,TRUE,FALSE
AHXFADIU,Cecily Lampkin,GTX Plus Pro,Cancity,Lost,2017-08-08,2017-11-01,0,FALSE,TRUE
PWKFVQFA,Cecily Lampkin,MG Advanced,Warephase,Won,2017-08-08,2017-11-08,3354,FALSE,TRUE
8CAXVCDF,Daniell Hammack,MG Advanced,Donware,Lost,2017-08-08,2017-08-09,0,FALSE,TRUE
0SIWRBDT,Daniell Hammack,GTX Plus Basic,Konex,Won,2017-08-08,2017-12-22,1135,FALSE,TRUE
FH3UXT3T,Darcel Schlecht,GTX Pro,Unknown Account,Engaging,2017-08-08,NA,NA,TRUE,FALSE
VQB0ZCYJ,Donn Cantrell,GTX Pro,Initech,Won,2017-08-08,2017-08-11,4859,FALSE,TRUE
6IMKESNY,Jonathan Berthelot,GTX Plus Basic,Toughzap,Won,2017-08-08,2017-08-17,1085,FALSE,TRUE
CLRPASVW,Kami Bicknell,GTX Basic,Cancity,Engaging,2017-08-08,NA,NA,FALSE,FALSE
18N5WD04,Kary Hendrixson,MG Special,Singletechno,Lost,2017-08-08,2017-09-24,0,FALSE,TRUE
FS60AX8A,Lajuana Vencill,GTX Basic,Unknown Account,Engaging,2017-08-08,NA,NA,TRUE,FALSE
R26IBPEJ,Lajuana Vencill,GTX Basic,Finhigh,Lost,2017-08-08,2017-11-13,0,FALSE,TRUE
TCBW39GW,Marty Freudenburg,GTX Plus Basic,Zumgoity,Won,2017-08-08,2017-11-07,1196,FALSE,TRUE
F9QHNS68,Marty Freudenburg,GTX Plus Pro,Warephase,Won,2017-08-08,2017-08-19,5572,FALSE,TRUE
7DA7E2K7,Maureen Marcano,MG Advanced,J-Texon,Won,2017-08-08,2017-11-06,3415,FALSE,TRUE
O7LSETHG,Rosie Papadopoulos,MG Advanced,Unknown Account,Engaging,2017-08-08,NA,NA,TRUE,FALSE
GTH7MXLG,Versie Hillebrand,MG Special,Scottech,Lost,2017-08-08,2017-08-15,0,FALSE,TRUE
FCBSZ6FJ,Anna Snelling,GTX Plus Pro,Unknown Account,Engaging,2017-08-09,NA,NA,TRUE,FALSE
S931EBRN,Cassey Cress,GTX Basic,Unknown Account,Engaging,2017-08-09,NA,NA,TRUE,FALSE
2QISWUQ9,Cassey Cress,GTX Basic,Kinnamplus,Lost,2017-08-09,2017-12-05,0,FALSE,TRUE
8CJ0DC9P,Daniell Hammack,GTX Plus Basic,Vehement Capital Partners,Lost,2017-08-09,2017-11-12,0,FALSE,TRUE
S0WEFDP2,Daniell Hammack,GTX Plus Basic,Plussunin,Won,2017-08-09,2017-09-24,1176,FALSE,TRUE
MUSSD9WD,Darcel Schlecht,GTX Plus Basic,Goodsilron,Engaging,2017-08-09,NA,NA,FALSE,FALSE
9B20R6A5,Darcel Schlecht,GTX Pro,Unknown Account,Engaging,2017-08-09,NA,NA,TRUE,FALSE
PXXIJWXD,Darcel Schlecht,GTX Pro,Streethex,Won,2017-08-09,2017-11-02,4313,FALSE,TRUE
AQFXE1TA,Donn Cantrell,GTX Pro,Konex,Won,2017-08-09,2017-09-15,4662,FALSE,TRUE
N4JDVO8F,Elease Gluck,GTX Basic,Singletechno,Lost,2017-08-09,2017-08-12,0,FALSE,TRUE
GXJF1O6U,Elease Gluck,MG Advanced,Cheers,Lost,2017-08-09,2017-11-18,0,FALSE,TRUE
UZTMM5MG,Garret Kinder,GTX Pro,Xx-zobam,Lost,2017-08-09,2017-11-20,0,FALSE,TRUE
XMVJ5X59,Garret Kinder,MG Advanced,Plussunin,Won,2017-08-09,2017-11-07,2715,FALSE,TRUE
AJ3CFCFA,Hayden Neloms,GTX Plus Basic,Hatfan,Lost,2017-08-09,2017-11-19,0,FALSE,TRUE
SX73M3HS,James Ascencio,GTX Basic,Hottechi,Won,2017-08-09,2017-12-19,511,FALSE,TRUE
BJH89YWM,Jonathan Berthelot,GTX Basic,Unknown Account,Engaging,2017-08-09,NA,NA,TRUE,FALSE
EVXPG3V5,Lajuana Vencill,GTX Basic,The New York Inquirer,Engaging,2017-08-09,NA,NA,FALSE,FALSE
YDUL6H8V,Markita Hansen,GTX Plus Basic,Goodsilron,Won,2017-08-09,2017-12-08,1017,FALSE,TRUE
FSNL204U,Marty Freudenburg,GTX Plus Pro,Hatfan,Engaging,2017-08-09,NA,NA,FALSE,FALSE
RC4LEDIA,Marty Freudenburg,MG Advanced,Unknown Account,Engaging,2017-08-09,NA,NA,TRUE,FALSE
DY5RYWTV,Maureen Marcano,GTX Plus Basic,Labdrill,Lost,2017-08-09,2017-08-20,0,FALSE,TRUE
3F9NDPA0,Maureen Marcano,GTX Plus Basic,Konex,Won,2017-08-09,2017-08-10,1102,FALSE,TRUE
UMKU4ZGE,Maureen Marcano,MG Special,Kan-code,Won,2017-08-09,2017-12-04,67,FALSE,TRUE
56SRDF1B,Moses Frase,MG Special,Genco Pura Olive Oil Company,Won,2017-08-09,2017-09-09,59,FALSE,TRUE
ID7F5VGK,Niesha Huffines,GTX Plus Pro,Domzoom,Lost,2017-08-09,2017-11-25,0,FALSE,TRUE
6UQTAD4C,Niesha Huffines,GTX Basic,Hottechi,Won,2017-08-09,2017-12-09,569,FALSE,TRUE
HT17GEXI,Reed Clapper,GTX Basic,Xx-zobam,Won,2017-08-09,2017-12-13,517,FALSE,TRUE
298J5EM0,Vicki Laflamme,GTX Basic,Unknown Account,Engaging,2017-08-09,NA,NA,TRUE,FALSE
5Q2BP80H,Wilburn Farren,GTX Basic,Iselectrics,Lost,2017-08-09,2017-11-03,0,FALSE,TRUE
JVKP9OCT,Boris Faz,GTX Plus Basic,Donware,Won,2017-08-10,2017-08-22,1171,FALSE,TRUE
COJKCSVG,Corliss Cosme,GTX Basic,Kinnamplus,Lost,2017-08-10,2017-08-22,0,FALSE,TRUE
533RTCAL,Corliss Cosme,GTX Plus Basic,Donquadtech,Won,2017-08-10,2017-08-20,1143,FALSE,TRUE
NUBMO8S7,Daniell Hammack,GTX Pro,Kan-code,Won,2017-08-10,2017-12-07,5315,FALSE,TRUE
Z4OOTJAJ,Darcel Schlecht,GTX Plus Pro,Unknown Account,Engaging,2017-08-10,NA,NA,TRUE,FALSE
DNL2IICB,Darcel Schlecht,MG Advanced,Codehow,Lost,2017-08-10,2017-08-12,0,FALSE,TRUE
X7V78ZY0,Elease Gluck,MG Special,Scotfind,Won,2017-08-10,2017-08-16,49,FALSE,TRUE
5GEBBVQQ,Garret Kinder,GTX Plus Pro,Bubba Gump,Lost,2017-08-10,2017-11-06,0,FALSE,TRUE
988J5AUI,Hayden Neloms,GTX Plus Basic,Unknown Account,Engaging,2017-08-10,NA,NA,TRUE,FALSE
DMN53GAI,Hayden Neloms,MG Advanced,J-Texon,Won,2017-08-10,2017-08-13,3511,FALSE,TRUE
MBPJUJ7F,Jonathan Berthelot,GTX Basic,Plexzap,Engaging,2017-08-10,NA,NA,FALSE,FALSE
B7VEJNPV,Jonathan Berthelot,GTX Pro,Codehow,Lost,2017-08-10,2017-11-23,0,FALSE,TRUE
CR13KZ71,Kary Hendrixson,GTX Pro,Y-corporation,Lost,2017-08-10,2017-11-20,0,FALSE,TRUE
2KWJIZX6,Lajuana Vencill,GTX Plus Basic,Unknown Account,Engaging,2017-08-10,NA,NA,TRUE,FALSE
99EA6HXJ,Markita Hansen,GTX Basic,Unknown Account,Engaging,2017-08-10,NA,NA,TRUE,FALSE
J31SUXQJ,Marty Freudenburg,GTX Plus Pro,Sumace,Engaging,2017-08-10,NA,NA,FALSE,FALSE
DYO98F6J,Marty Freudenburg,MG Special,Unknown Account,Engaging,2017-08-10,NA,NA,TRUE,FALSE
C23N9DE9,Marty Freudenburg,GTX Plus Basic,Codehow,Won,2017-08-10,2017-08-27,1108,FALSE,TRUE
FW7QS11M,Maureen Marcano,MG Special,Golddex,Lost,2017-08-10,2017-11-07,0,FALSE,TRUE
ZRBHYBW9,Maureen Marcano,MG Special,Groovestreet,Lost,2017-08-10,2017-11-03,0,FALSE,TRUE
EEB0JYIQ,Niesha Huffines,GTX Plus Basic,Unknown Account,Engaging,2017-08-10,NA,NA,TRUE,FALSE
JLK580ND,Niesha Huffines,GTX Basic,Stanredtax,Lost,2017-08-10,2017-09-16,0,FALSE,TRUE
GN9SQ77J,Niesha Huffines,GTX Plus Pro,Inity,Won,2017-08-10,2017-08-25,5671,FALSE,TRUE
68EYCEV4,Rosie Papadopoulos,GTX Pro,Faxquote,Engaging,2017-08-10,NA,NA,FALSE,FALSE
1S09GEOL,Rosie Papadopoulos,GTX Basic,Bubba Gump,Lost,2017-08-10,2017-09-09,0,FALSE,TRUE
W0TOD23Z,Versie Hillebrand,GTX Basic,Bioholding,Won,2017-08-10,2017-09-24,546,FALSE,TRUE
2SI35CTV,Vicki Laflamme,MG Special,Golddex,Won,2017-08-10,2017-12-06,57,FALSE,TRUE
58CZCKFN,Vicki Laflamme,MG Advanced,Doncon,Won,2017-08-10,2017-09-28,3195,FALSE,TRUE
3E6J4YRT,Violet Mclelland,GTX Basic,Zotware,Lost,2017-08-10,2017-11-06,0,FALSE,TRUE
L4QYOBFW,Anna Snelling,MG Special,Globex Corporation,Lost,2017-08-11,2017-11-06,0,FALSE,TRUE
DSC7UB3W,Anna Snelling,MG Special,Globex Corporation,Lost,2017-08-11,2017-08-23,0,FALSE,TRUE
ZHXBOIJ6,Anna Snelling,MG Special,Dontechi,Won,2017-08-11,2017-08-18,46,FALSE,TRUE
FBVCN3BA,Anna Snelling,MG Special,Streethex,Won,2017-08-11,2017-11-07,65,FALSE,TRUE
P4D1NK6D,Elease Gluck,GTX Basic,Unknown Account,Engaging,2017-08-11,NA,NA,TRUE,FALSE
5MAXF8FK,Gladys Colclough,GTX Plus Pro,The New York Inquirer,Engaging,2017-08-11,NA,NA,FALSE,FALSE
52FDATJV,James Ascencio,GTX Pro,Cheers,Lost,2017-08-11,2017-08-24,0,FALSE,TRUE
KJGZN9D4,Jonathan Berthelot,GTX Basic,Rangreen,Won,2017-08-11,2017-11-11,526,FALSE,TRUE
MITXNS42,Jonathan Berthelot,GTX Pro,Genco Pura Olive Oil Company,Won,2017-08-11,2017-11-10,4809,FALSE,TRUE
Z7Q2USU1,Markita Hansen,MG Special,Unknown Account,Engaging,2017-08-11,NA,NA,TRUE,FALSE
ORJRH2SQ,Markita Hansen,GTX Plus Basic,Green-Plus,Won,2017-08-11,2017-08-14,1105,FALSE,TRUE
8CBTC1PX,Marty Freudenburg,MG Advanced,Streethex,Engaging,2017-08-11,NA,NA,FALSE,FALSE
UMF3KRCL,Maureen Marcano,GTX Basic,Unknown Account,Engaging,2017-08-11,NA,NA,TRUE,FALSE
VJSI29OF,Versie Hillebrand,MG Special,Unknown Account,Engaging,2017-08-11,NA,NA,TRUE,FALSE
GFU8P2SC,Versie Hillebrand,MG Special,Bioholding,Lost,2017-08-11,2017-08-17,0,FALSE,TRUE
SBCNMFUN,Vicki Laflamme,MG Special,Sunnamplex,Won,2017-08-11,2017-08-16,56,FALSE,TRUE
JCIKEHD8,Violet Mclelland,GTX Plus Basic,Iselectrics,Lost,2017-08-11,2017-11-09,0,FALSE,TRUE
GVZMMURY,Zane Levy,GTX Pro,Hatfan,Lost,2017-08-11,2017-11-29,0,FALSE,TRUE
6KEWAQMX,Cassey Cress,GTX Pro,Unknown Account,Engaging,2017-08-12,NA,NA,TRUE,FALSE
0PUDG8KY,Cassey Cress,GTX Basic,Zathunicon,Lost,2017-08-12,2017-08-24,0,FALSE,TRUE
XTCCGBYM,Cassey Cress,GTX Pro,Ganjaflex,Won,2017-08-12,2017-11-10,4161,FALSE,TRUE
QFRZLXF3,Cecily Lampkin,MG Special,Unknown Account,Engaging,2017-08-12,NA,NA,TRUE,FALSE
8MUD1WS1,Cecily Lampkin,MG Advanced,Unknown Account,Engaging,2017-08-12,NA,NA,TRUE,FALSE
0UB5IQXA,Cecily Lampkin,MG Special,Codehow,Won,2017-08-12,2017-11-23,65,FALSE,TRUE
EIS1B0GM,Corliss Cosme,GTX Pro,Umbrella Corporation,Lost,2017-08-12,2017-08-13,0,FALSE,TRUE
ASVOOKMY,Corliss Cosme,GTX Basic,Zathunicon,Won,2017-08-12,2017-09-03,524,FALSE,TRUE
HMWIP0F2,Darcel Schlecht,MG Special,Finjob,Engaging,2017-08-12,NA,NA,FALSE,FALSE
WAPSW48Y,Darcel Schlecht,GTX Pro,Ron-tech,Lost,2017-08-12,2017-11-01,0,FALSE,TRUE
J6TNURHV,Darcel Schlecht,GTX Basic,Inity,Won,2017-08-12,2017-11-20,481,FALSE,TRUE
9PG07FPP,Darcel Schlecht,GTX Basic,Treequote,Won,2017-08-12,2017-11-11,520,FALSE,TRUE
U3HKMX4U,Darcel Schlecht,GTX Pro,Codehow,Won,2017-08-12,2017-11-04,4582,FALSE,TRUE
A7YPY8KI,Elease Gluck,MG Special,Fasehatice,Won,2017-08-12,2017-08-21,53,FALSE,TRUE
27REMGYU,James Ascencio,GTX Basic,Unknown Account,Engaging,2017-08-12,NA,NA,TRUE,FALSE
IFTZ75Z9,Kary Hendrixson,GTX Plus Basic,Labdrill,Lost,2017-08-12,2017-12-03,0,FALSE,TRUE
E8QYYAGE,Lajuana Vencill,GTX Basic,Stanredtax,Lost,2017-08-12,2017-09-12,0,FALSE,TRUE
O0L6JUYE,Marty Freudenburg,GTX Basic,Bluth Company,Engaging,2017-08-12,NA,NA,FALSE,FALSE
ZR436XWW,Maureen Marcano,GTX Plus Basic,Unknown Account,Engaging,2017-08-12,NA,NA,TRUE,FALSE
XE0H6MOP,Maureen Marcano,GTX Basic,Hottechi,Won,2017-08-12,2017-09-22,559,FALSE,TRUE
44Q1W18Y,Moses Frase,MG Special,Zoomit,Engaging,2017-08-12,NA,NA,FALSE,FALSE
LT111IZL,Moses Frase,MG Special,Unknown Account,Engaging,2017-08-12,NA,NA,TRUE,FALSE
QHY85D44,Moses Frase,MG Special,Unknown Account,Engaging,2017-08-12,NA,NA,TRUE,FALSE
R0YCRJVQ,Moses Frase,MG Advanced,Isdom,Lost,2017-08-12,2017-08-17,0,FALSE,TRUE
7ZN8YCH8,Versie Hillebrand,MG Special,Gekko & Co,Engaging,2017-08-12,NA,NA,FALSE,FALSE
3OA6FZUD,Versie Hillebrand,MG Advanced,Treequote,Won,2017-08-12,2017-11-29,3165,FALSE,TRUE
B96E3BBD,Vicki Laflamme,GTX Basic,Unknown Account,Engaging,2017-08-12,NA,NA,TRUE,FALSE
MQEFGUOG,Vicki Laflamme,GTX Basic,Unknown Account,Engaging,2017-08-12,NA,NA,TRUE,FALSE
3C6E0D28,Vicki Laflamme,GTX Plus Pro,Unknown Account,Engaging,2017-08-12,NA,NA,TRUE,FALSE
58W7CZGD,Vicki Laflamme,GTX Pro,Cancity,Engaging,2017-08-12,NA,NA,FALSE,FALSE
SUOT8GB6,Vicki Laflamme,MG Advanced,Blackzim,Won,2017-08-12,2017-11-14,3779,FALSE,TRUE
EEQV0YY4,Violet Mclelland,GTX Basic,Unknown Account,Engaging,2017-08-12,NA,NA,TRUE,FALSE
Q3TDGMAR,Violet Mclelland,MG Special,Donquadtech,Won,2017-08-12,2017-11-12,48,FALSE,TRUE
HQ2QSZUP,Anna Snelling,MG Special,Streethex,Won,2017-08-13,2017-11-02,50,FALSE,TRUE
V01XCOAS,Boris Faz,MG Special,Umbrella Corporation,Lost,2017-08-13,2017-11-22,0,FALSE,TRUE
O35V5CTW,Cassey Cress,MG Advanced,Xx-zobam,Lost,2017-08-13,2017-11-24,0,FALSE,TRUE
0OHEJOI5,Corliss Cosme,MG Advanced,Unknown Account,Engaging,2017-08-13,NA,NA,TRUE,FALSE
AIU1UWJZ,Corliss Cosme,GTX Pro,Zotware,Won,2017-08-13,2017-08-22,4498,FALSE,TRUE
C205FMDE,Corliss Cosme,MG Special,Zencorporation,Won,2017-08-13,2017-09-01,59,FALSE,TRUE
KLIOLWPC,Daniell Hammack,GTX Pro,The New York Inquirer,Lost,2017-08-13,2017-08-17,0,FALSE,TRUE
QMFN71BT,Darcel Schlecht,GTX Plus Basic,Unknown Account,Engaging,2017-08-13,NA,NA,TRUE,FALSE
OF5AZQID,Darcel Schlecht,GTX Pro,Dontechi,Won,2017-08-13,2017-11-05,4810,FALSE,TRUE
7O1UQ19W,Gladys Colclough,GTX Basic,Unknown Account,Engaging,2017-08-13,NA,NA,TRUE,FALSE
LFJVV393,Hayden Neloms,GTX Plus Basic,Unknown Account,Engaging,2017-08-13,NA,NA,TRUE,FALSE
QQPAK72N,Hayden Neloms,GTX Plus Pro,Unknown Account,Engaging,2017-08-13,NA,NA,TRUE,FALSE
8H0UQYXW,James Ascencio,MG Advanced,Kan-code,Won,2017-08-13,2017-11-07,3972,FALSE,TRUE
5CAP1055,Kary Hendrixson,GTX Plus Pro,Kan-code,Engaging,2017-08-13,NA,NA,FALSE,FALSE
ZW2GDFKC,Kary Hendrixson,MG Special,J-Texon,Lost,2017-08-13,2017-08-24,0,FALSE,TRUE
96MOALT0,Kary Hendrixson,GTX Basic,Konex,Won,2017-08-13,2017-08-18,573,FALSE,TRUE
DFSFEADV,Lajuana Vencill,GTX Basic,Unknown Account,Engaging,2017-08-13,NA,NA,TRUE,FALSE
PXNDLIL2,Lajuana Vencill,MG Special,Initech,Engaging,2017-08-13,NA,NA,FALSE,FALSE
7FVBMH48,Markita Hansen,MG Advanced,Unknown Account,Engaging,2017-08-13,NA,NA,TRUE,FALSE
714B6OB2,Markita Hansen,GTX Plus Pro,Fasehatice,Lost,2017-08-13,2017-11-18,0,FALSE,TRUE
W6OX0S1Q,Markita Hansen,GTX Pro,Goodsilron,Lost,2017-08-13,2017-08-21,0,FALSE,TRUE
B5WZQP1F,Markita Hansen,GTX Pro,Zoomit,Won,2017-08-13,2017-11-28,5540,FALSE,TRUE
V0G393Q6,Marty Freudenburg,GTX Plus Basic,Unknown Account,Engaging,2017-08-13,NA,NA,TRUE,FALSE
9CPUX0D0,Marty Freudenburg,GTX Pro,Unknown Account,Engaging,2017-08-13,NA,NA,TRUE,FALSE
CYBWWANG,Marty Freudenburg,MG Special,Konmatfix,Lost,2017-08-13,2017-11-25,0,FALSE,TRUE
USS2SNQI,Maureen Marcano,MG Special,Unknown Account,Engaging,2017-08-13,NA,NA,TRUE,FALSE
4BUQW2T0,Maureen Marcano,GTX Plus Basic,Cheers,Won,2017-08-13,2017-08-24,1130,FALSE,TRUE
HQKWQ004,Moses Frase,MG Advanced,Unknown Account,Engaging,2017-08-13,NA,NA,TRUE,FALSE
ZHOK77B4,Reed Clapper,GTX Pro,Zotware,Won,2017-08-13,2017-11-02,4743,FALSE,TRUE
TP4SDOPW,Reed Clapper,MG Advanced,Plussunin,Won,2017-08-13,2017-08-29,3732,FALSE,TRUE
BUZMB3Q4,Vicki Laflamme,MG Special,Finjob,Won,2017-08-13,2017-11-26,59,FALSE,TRUE
92VGMPKP,Zane Levy,GTX Pro,Goodsilron,Lost,2017-08-13,2017-11-07,0,FALSE,TRUE
JTXYATXL,Zane Levy,GTX Basic,Konex,Won,2017-08-13,2017-11-15,510,FALSE,TRUE
SAMPTSH0,Anna Snelling,GTX Plus Basic,Unknown Account,Engaging,2017-08-14,NA,NA,TRUE,FALSE
NSX4NR40,Anna Snelling,GTX Plus Pro,Bioholding,Engaging,2017-08-14,NA,NA,FALSE,FALSE
NPORW46K,Anna Snelling,MG Special,Unknown Account,Engaging,2017-08-14,NA,NA,TRUE,FALSE
0GS0L5VR,Anna Snelling,MG Special,Unknown Account,Engaging,2017-08-14,NA,NA,TRUE,FALSE
DCOMI70R,Anna Snelling,GTX Plus Pro,Inity,Lost,2017-08-14,2017-08-20,0,FALSE,TRUE
LBO52V0N,Cassey Cress,GTX Pro,Unknown Account,Engaging,2017-08-14,NA,NA,TRUE,FALSE
5OOZTQK7,Cassey Cress,MG Advanced,Ganjaflex,Lost,2017-08-14,2017-08-22,0,FALSE,TRUE
P2PVED7R,Cassey Cress,GTX Plus Basic,Kan-code,Won,2017-08-14,2017-08-30,907,FALSE,TRUE
LFMMI05H,Cassey Cress,GTX Plus Pro,Acme Corporation,Won,2017-08-14,2017-12-21,5881,FALSE,TRUE
99NDUEKO,Cecily Lampkin,GTX Plus Pro,Betatech,Lost,2017-08-14,2017-11-09,0,FALSE,TRUE
FJE58EP1,Darcel Schlecht,GTX Pro,Unknown Account,Engaging,2017-08-14,NA,NA,TRUE,FALSE
AILB4LIX,Darcel Schlecht,GTX Pro,Unknown Account,Engaging,2017-08-14,NA,NA,TRUE,FALSE
2ICN8RJP,Darcel Schlecht,GTX Pro,Rundofase,Won,2017-08-14,2017-11-04,3902,FALSE,TRUE
8FGW6RSX,Elease Gluck,MG Special,Unknown Account,Engaging,2017-08-14,NA,NA,TRUE,FALSE
CYV6MJL9,Hayden Neloms,MG Advanced,Unknown Account,Engaging,2017-08-14,NA,NA,TRUE,FALSE
YKMHSGNU,Hayden Neloms,MG Advanced,Y-corporation,Lost,2017-08-14,2017-11-29,0,FALSE,TRUE
Y8ZUSC9C,Jonathan Berthelot,GTX Basic,Unknown Account,Engaging,2017-08-14,NA,NA,TRUE,FALSE
VHT6G2BS,Jonathan Berthelot,GTX Plus Basic,Unknown Account,Engaging,2017-08-14,NA,NA,TRUE,FALSE
KBPKLB2X,Jonathan Berthelot,GTX Pro,Unknown Account,Engaging,2017-08-14,NA,NA,TRUE,FALSE
N0XWYRBU,Kami Bicknell,GTX Plus Pro,Goodsilron,Won,2017-08-14,2017-11-10,6186,FALSE,TRUE
HY9VGF58,Kary Hendrixson,GTX Plus Basic,Plexzap,Won,2017-08-14,2017-08-24,1094,FALSE,TRUE
EZDMNAK8,Lajuana Vencill,MG Advanced,Plussunin,Engaging,2017-08-14,NA,NA,FALSE,FALSE
I6PXHXST,Marty Freudenburg,MG Advanced,Singletechno,Engaging,2017-08-14,NA,NA,FALSE,FALSE
AMP2GT6F,Maureen Marcano,GTX Pro,Unknown Account,Engaging,2017-08-14,NA,NA,TRUE,FALSE
EPC4NBJ5,Maureen Marcano,GTX Plus Basic,Golddex,Lost,2017-08-14,2017-08-28,0,FALSE,TRUE
PQJZNRKK,Rosie Papadopoulos,GTX Pro,Unknown Account,Engaging,2017-08-14,NA,NA,TRUE,FALSE
MVU1OZVS,Versie Hillebrand,MG Special,Rangreen,Won,2017-08-14,2017-11-30,53,FALSE,TRUE
E617EXPD,Vicki Laflamme,MG Advanced,Iselectrics,Engaging,2017-08-14,NA,NA,FALSE,FALSE
1BAF1ZYL,Vicki Laflamme,GTX Basic,Plexzap,Won,2017-08-14,2017-08-19,551,FALSE,TRUE
JEWIBFH9,Wilburn Farren,MG Advanced,Unknown Account,Engaging,2017-08-14,NA,NA,TRUE,FALSE
UV45XZWJ,Zane Levy,MG Special,Blackzim,Lost,2017-08-14,2017-08-18,0,FALSE,TRUE
B08R55ET,Anna Snelling,MG Special,Unknown Account,Engaging,2017-08-15,NA,NA,TRUE,FALSE
3HTSMIGI,Anna Snelling,GTX Plus Basic,Betatech,Lost,2017-08-15,2017-09-27,0,FALSE,TRUE
B5GG52AB,Anna Snelling,GTX Plus Pro,Inity,Lost,2017-08-15,2017-11-15,0,FALSE,TRUE
MTBQF6FE,Anna Snelling,MG Special,Globex Corporation,Won,2017-08-15,2017-11-05,57,FALSE,TRUE
ICR59VIJ,Cassey Cress,MG Advanced,Unknown Account,Engaging,2017-08-15,NA,NA,TRUE,FALSE
3S3O03ZV,Cassey Cress,GTX Basic,Gekko & Co,Won,2017-08-15,2017-08-25,552,FALSE,TRUE
62TFLOG6,Corliss Cosme,MG Advanced,Condax,Lost,2017-08-15,2017-08-28,0,FALSE,TRUE
94JT388Y,Corliss Cosme,GTX Plus Pro,The New York Inquirer,Won,2017-08-15,2017-09-01,4520,FALSE,TRUE
AKC9GNVA,Corliss Cosme,GTX Pro,Umbrella Corporation,Won,2017-08-15,2017-11-09,5868,FALSE,TRUE
0R1F3OIN,Daniell Hammack,MG Advanced,Bioplex,Won,2017-08-15,2017-08-22,2682,FALSE,TRUE
WDUOD19F,Darcel Schlecht,GTX Plus Basic,Dontechi,Lost,2017-08-15,2017-12-03,0,FALSE,TRUE
SFXFXRYV,Darcel Schlecht,GTX Pro,Ron-tech,Lost,2017-08-15,2017-11-20,0,FALSE,TRUE
ANZJNT1Q,Darcel Schlecht,GTX Plus Basic,Rundofase,Won,2017-08-15,2017-08-25,1104,FALSE,TRUE
MX3QZ682,Darcel Schlecht,GTX Pro,Globex Corporation,Won,2017-08-15,2017-11-09,5107,FALSE,TRUE
WMJDLTEF,Donn Cantrell,GTX Basic,Ontomedia,Won,2017-08-15,2017-11-25,533,FALSE,TRUE
3XUKEIQF,Donn Cantrell,GTX Plus Pro,Plussunin,Won,2017-08-15,2017-12-11,5454,FALSE,TRUE
GBQ8OLNP,Gladys Colclough,GTX Plus Pro,Warephase,Lost,2017-08-15,2017-09-05,0,FALSE,TRUE
Y69M70YC,Gladys Colclough,GTX Pro,dambase,Lost,2017-08-15,2017-11-01,0,FALSE,TRUE
TQJJDWWH,James Ascencio,MG Advanced,Unknown Account,Engaging,2017-08-15,NA,NA,TRUE,FALSE
3UOIHNKR,James Ascencio,GTX Plus Pro,Plusstrip,Won,2017-08-15,2017-09-03,5533,FALSE,TRUE
5WVY52IX,Jonathan Berthelot,MG Special,Statholdings,Won,2017-08-15,2017-11-12,57,FALSE,TRUE
3K3LQ0H5,Kami Bicknell,GTX Basic,Scotfind,Won,2017-08-15,2017-08-23,557,FALSE,TRUE
XGHMOHYQ,Lajuana Vencill,GTX Basic,Unknown Account,Engaging,2017-08-15,NA,NA,TRUE,FALSE
5378T3K3,Markita Hansen,GTX Plus Pro,Unknown Account,Engaging,2017-08-15,NA,NA,TRUE,FALSE
3THRXZLP,Markita Hansen,GTX Plus Basic,Scotfind,Lost,2017-08-15,2017-11-12,0,FALSE,TRUE
H45TYGRR,Markita Hansen,MG Advanced,Fasehatice,Won,2017-08-15,2017-08-26,3271,FALSE,TRUE
E4A92U26,Marty Freudenburg,GTX Plus Pro,Isdom,Lost,2017-08-15,2017-08-27,0,FALSE,TRUE
JNYA5ZHI,Moses Frase,MG Special,Codehow,Lost,2017-08-15,2017-11-10,0,FALSE,TRUE
DCNA3CA1,Moses Frase,GTX Basic,Scottech,Won,2017-08-15,2017-12-18,716,FALSE,TRUE
1MQ3015O,Niesha Huffines,GTX Plus Basic,Unknown Account,Engaging,2017-08-15,NA,NA,TRUE,FALSE
PYQ3VX08,Niesha Huffines,GTX Pro,Unknown Account,Engaging,2017-08-15,NA,NA,TRUE,FALSE
484WREJQ,Reed Clapper,GTX Plus Basic,Zencorporation,Won,2017-08-15,2017-09-03,1024,FALSE,TRUE
6H1MBBVR,Reed Clapper,GTX Pro,Mathtouch,Won,2017-08-15,2017-08-23,4545,FALSE,TRUE
2TI1UFAA,Rosie Papadopoulos,MG Special,Acme Corporation,Lost,2017-08-15,2017-11-17,0,FALSE,TRUE
W1XRTUT2,Versie Hillebrand,MG Special,Finhigh,Engaging,2017-08-15,NA,NA,FALSE,FALSE
6SMB6SDY,Vicki Laflamme,GTX Pro,Unknown Account,Engaging,2017-08-15,NA,NA,TRUE,FALSE
BJWKG319,Vicki Laflamme,GTX Pro,Faxquote,Lost,2017-08-15,2017-08-23,0,FALSE,TRUE
IDYA1X6O,Violet Mclelland,MG Special,Donquadtech,Won,2017-08-15,2017-11-23,55,FALSE,TRUE
041Q1IZL,Zane Levy,GTX Pro,Green-Plus,Engaging,2017-08-15,NA,NA,FALSE,FALSE
U83R2K8I,Anna Snelling,MG Special,Treequote,Won,2017-08-16,2017-08-29,53,FALSE,TRUE
SU1NDYXR,Boris Faz,GTX Plus Basic,Stanredtax,Engaging,2017-08-16,NA,NA,FALSE,FALSE
PH1IKJ0W,Boris Faz,GTX Pro,Kan-code,Won,2017-08-16,2017-11-26,4732,FALSE,TRUE
8BP0QGNP,Cassey Cress,GTX Basic,Zencorporation,Won,2017-08-16,2017-11-16,578,FALSE,TRUE
BIH4D0JL,Kami Bicknell,GTX Basic,Blackzim,Won,2017-08-16,2017-08-23,557,FALSE,TRUE
M49ZMLGL,Kami Bicknell,MG Special,Finjob,Won,2017-08-16,2017-09-04,57,FALSE,TRUE
OQAXHZXD,Markita Hansen,GTX Basic,Kan-code,Lost,2017-08-16,2017-08-26,0,FALSE,TRUE
FRRJMFIJ,Rosie Papadopoulos,GTX Basic,Kan-code,Won,2017-08-16,2017-09-24,501,FALSE,TRUE
QROXE17S,Versie Hillebrand,GTX Plus Basic,Rangreen,Won,2017-08-16,2017-08-29,1084,FALSE,TRUE
H3ZR0CQW,Versie Hillebrand,MG Special,Dontechi,Won,2017-08-16,2017-09-02,56,FALSE,TRUE
V7W8CA47,Vicki Laflamme,MG Special,Unknown Account,Engaging,2017-08-16,NA,NA,TRUE,FALSE
9LY4MLGO,Zane Levy,GTX Basic,Singletechno,Lost,2017-08-16,2017-11-13,0,FALSE,TRUE
X2GXIKND,Anna Snelling,GTX Plus Pro,Hottechi,Won,2017-08-17,2017-11-22,5468,FALSE,TRUE
KR22DD8M,Cassey Cress,GTX Basic,Unknown Account,Engaging,2017-08-17,NA,NA,TRUE,FALSE
SY61BAXZ,Cassey Cress,GTX Plus Basic,Rantouch,Engaging,2017-08-17,NA,NA,FALSE,FALSE
KP1L9SXH,Cassey Cress,GTX Basic,Zencorporation,Won,2017-08-17,2017-11-19,567,FALSE,TRUE
84OTUTQX,Corliss Cosme,GTX Plus Basic,Gekko & Co,Lost,2017-08-17,2017-11-05,0,FALSE,TRUE
FKVC924F,Daniell Hammack,GTX Pro,Unknown Account,Engaging,2017-08-17,NA,NA,TRUE,FALSE
LXVCMY4C,Daniell Hammack,GTX Pro,Unknown Account,Engaging,2017-08-17,NA,NA,TRUE,FALSE
DVAOMCYK,Darcel Schlecht,GTX Plus Basic,Dontechi,Won,2017-08-17,2017-11-19,1029,FALSE,TRUE
9LJAADWH,Kary Hendrixson,GTX Basic,Fasehatice,Won,2017-08-17,2017-11-08,430,FALSE,TRUE
8BGC94TT,Maureen Marcano,GTX Pro,Kan-code,Won,2017-08-17,2017-11-17,5316,FALSE,TRUE
P8GXMSXL,Moses Frase,MG Advanced,Ron-tech,Lost,2017-08-17,2017-08-28,0,FALSE,TRUE
QJ1DIUN7,Rosalina Dieter,MG Special,Ganjaflex,Engaging,2017-08-17,NA,NA,FALSE,FALSE
HIOHPBO1,Rosie Papadopoulos,MG Advanced,Kan-code,Won,2017-08-17,2017-09-04,3913,FALSE,TRUE
ESU5NGML,Versie Hillebrand,GTX Basic,Zumgoity,Lost,2017-08-17,2017-08-24,0,FALSE,TRUE
7NDOEFEB,Versie Hillebrand,MG Special,Toughzap,Lost,2017-08-17,2017-08-20,0,FALSE,TRUE
H5SSSZ11,Vicki Laflamme,MG Advanced,Condax,Lost,2017-08-17,2017-08-18,0,FALSE,TRUE
IZ8DDEIO,Vicki Laflamme,MG Advanced,Plexzap,Lost,2017-08-17,2017-11-11,0,FALSE,TRUE
L4R7LDY1,Violet Mclelland,MG Special,Hatfan,Engaging,2017-08-17,NA,NA,FALSE,FALSE
5A4Q7X1W,Zane Levy,GTX Basic,Hottechi,Won,2017-08-17,2017-09-03,655,FALSE,TRUE
UGXAZ29V,Zane Levy,MG Special,Groovestreet,Won,2017-08-17,2017-08-31,46,FALSE,TRUE
RMUIMYJU,Boris Faz,GTX Plus Pro,Acme Corporation,Lost,2017-08-18,2017-08-26,0,FALSE,TRUE
CYIMFEWC,Cecily Lampkin,MG Advanced,dambase,Lost,2017-08-18,2017-08-24,0,FALSE,TRUE
XNKIZY9J,Corliss Cosme,MG Advanced,Unknown Account,Engaging,2017-08-18,NA,NA,TRUE,FALSE
DHVOS14H,Corliss Cosme,MG Advanced,Betasoloin,Lost,2017-08-18,2017-08-31,0,FALSE,TRUE
58CABL04,Corliss Cosme,GTX Plus Pro,Silis,Won,2017-08-18,2017-11-04,6372,FALSE,TRUE
0WERZ67T,Darcel Schlecht,GTX Plus Basic,Warephase,Won,2017-08-18,2017-11-13,986,FALSE,TRUE
ENGMZL6Y,Darcel Schlecht,GTX Pro,Betatech,Won,2017-08-18,2017-09-01,4817,FALSE,TRUE
15PJZKNT,Gladys Colclough,GTX Pro,Stanredtax,Lost,2017-08-18,2017-08-31,0,FALSE,TRUE
ZA2MIHIM,Hayden Neloms,GTX Plus Pro,Green-Plus,Won,2017-08-18,2017-08-20,6529,FALSE,TRUE
0GYOOM2R,Jonathan Berthelot,GTX Pro,Scottech,Lost,2017-08-18,2017-08-25,0,FALSE,TRUE
X9L0T199,Kami Bicknell,GTX Pro,Unknown Account,Engaging,2017-08-18,NA,NA,TRUE,FALSE
VYR4EWHR,Kary Hendrixson,GTX Basic,Unknown Account,Engaging,2017-08-18,NA,NA,TRUE,FALSE
0SSUR0IY,Kary Hendrixson,GTX Basic,Hottechi,Lost,2017-08-18,2017-11-14,0,FALSE,TRUE
1IY7Y42E,Kary Hendrixson,GTX Plus Pro,Condax,Won,2017-08-18,2017-11-14,4454,FALSE,TRUE
M0PGP5H2,Markita Hansen,GTX Plus Basic,Cheers,Won,2017-08-18,2017-09-14,1002,FALSE,TRUE
PJ21R88K,Markita Hansen,MG Special,Green-Plus,Won,2017-08-18,2017-11-04,63,FALSE,TRUE
E3L02XMN,Marty Freudenburg,GTX Basic,Ron-tech,Won,2017-08-18,2017-12-30,580,FALSE,TRUE
PODXJ4SP,Maureen Marcano,GTX Basic,Donquadtech,Engaging,2017-08-18,NA,NA,FALSE,FALSE
MAH5U65E,Vicki Laflamme,MG Advanced,Unknown Account,Engaging,2017-08-18,NA,NA,TRUE,FALSE
S3HMUXS1,Violet Mclelland,MG Special,Vehement Capital Partners,Won,2017-08-18,2017-12-07,49,FALSE,TRUE
5HKITTHD,Boris Faz,GTX Plus Pro,Mathtouch,Won,2017-08-19,2017-12-03,5703,FALSE,TRUE
AZ8ACKLD,Cassey Cress,MG Special,Opentech,Lost,2017-08-19,2017-08-26,0,FALSE,TRUE
NZJXKD9H,Daniell Hammack,MG Special,Unknown Account,Engaging,2017-08-19,NA,NA,TRUE,FALSE
ZN5CVY5V,Darcel Schlecht,GTX Basic,Finhigh,Lost,2017-08-19,2017-08-22,0,FALSE,TRUE
G62CPKZO,Darcel Schlecht,MG Advanced,Dontechi,Lost,2017-08-19,2017-08-26,0,FALSE,TRUE
ONN55X1O,Donn Cantrell,GTX Pro,Kan-code,Lost,2017-08-19,2017-11-11,0,FALSE,TRUE
8N3GXBI5,Jonathan Berthelot,GTX Plus Basic,Funholding,Won,2017-08-19,2017-12-01,1148,FALSE,TRUE
IUKIZFB7,Kami Bicknell,GTX Basic,Singletechno,Lost,2017-08-19,2017-08-25,0,FALSE,TRUE
TLJAFLON,Kary Hendrixson,GTX Basic,J-Texon,Lost,2017-08-19,2017-08-28,0,FALSE,TRUE
9J2JZGFJ,Kary Hendrixson,GTX Plus Basic,Groovestreet,Lost,2017-08-19,2017-11-26,0,FALSE,TRUE
ON2ZRW1X,Kary Hendrixson,GTX Pro,Hottechi,Won,2017-08-19,2017-12-24,4009,FALSE,TRUE
TXUDSYGY,Lajuana Vencill,MG Advanced,Rangreen,Won,2017-08-19,2017-11-02,3024,FALSE,TRUE
H7GXKD3O,Maureen Marcano,GTX Plus Basic,Kan-code,Engaging,2017-08-19,NA,NA,FALSE,FALSE
H7P5O25G,Moses Frase,MG Advanced,Funholding,Lost,2017-08-19,2017-11-20,0,FALSE,TRUE
SKU6MLKY,Rosie Papadopoulos,MG Special,Xx-zobam,Lost,2017-08-19,2017-11-11,0,FALSE,TRUE
SYSPNKUR,Vicki Laflamme,GTX Pro,Doncon,Won,2017-08-19,2017-11-27,5058,FALSE,TRUE
O8E9L7VK,Zane Levy,GTX Basic,Cheers,Lost,2017-08-19,2017-11-25,0,FALSE,TRUE
IX65TNEI,Boris Faz,GTX Pro,Ontomedia,Lost,2017-08-20,2017-09-02,0,FALSE,TRUE
2GVXOWDF,Cassey Cress,GTX Basic,Bluth Company,Won,2017-08-20,2017-09-11,566,FALSE,TRUE
R2DKRFDD,Cassey Cress,GTX Basic,Donquadtech,Won,2017-08-20,2017-11-02,578,FALSE,TRUE
F3FJ3DYK,Darcel Schlecht,GTX Basic,Toughzap,Won,2017-08-20,2017-08-30,620,FALSE,TRUE
W3W3KPBH,Darcel Schlecht,GTX Pro,Finhigh,Won,2017-08-20,2017-09-03,4310,FALSE,TRUE
PVYIL0X4,Hayden Neloms,MG Advanced,Scotfind,Won,2017-08-20,2017-08-21,3448,FALSE,TRUE
KY42W3FG,James Ascencio,GTX Basic,Hatfan,Lost,2017-08-20,2017-11-28,0,FALSE,TRUE
05915PPX,Kami Bicknell,MG Advanced,Xx-holding,Won,2017-08-20,2017-11-19,3517,FALSE,TRUE
QPUPBL50,Kary Hendrixson,GTX Basic,Unknown Account,Engaging,2017-08-20,NA,NA,TRUE,FALSE
7P069DNF,Kary Hendrixson,GTX Plus Basic,Labdrill,Engaging,2017-08-20,NA,NA,FALSE,FALSE
TUKHDOGS,Maureen Marcano,GTX Pro,Unknown Account,Engaging,2017-08-20,NA,NA,TRUE,FALSE
87TZLMU7,Maureen Marcano,GTX Pro,Kan-code,Won,2017-08-20,2017-12-25,3854,FALSE,TRUE
P858PP0L,Moses Frase,MG Advanced,Stanredtax,Won,2017-08-20,2017-12-17,3894,FALSE,TRUE
9D43V124,Vicki Laflamme,MG Special,Mathtouch,Engaging,2017-08-20,NA,NA,FALSE,FALSE
O916VMU7,Vicki Laflamme,MG Advanced,Rantouch,Won,2017-08-20,2017-12-22,2833,FALSE,TRUE
0SPX7FIJ,Violet Mclelland,MG Advanced,Vehement Capital Partners,Lost,2017-08-20,2017-09-06,0,FALSE,TRUE
KEE51TPD,Anna Snelling,MG Special,Domzoom,Won,2017-08-21,2017-11-03,54,FALSE,TRUE
1VFT3UCK,Boris Faz,GTX Plus Basic,Condax,Engaging,2017-08-21,NA,NA,FALSE,FALSE
8RR4WXXZ,Darcel Schlecht,GTX Plus Basic,Codehow,Lost,2017-08-21,2017-11-27,0,FALSE,TRUE
IYU5CGUM,Darcel Schlecht,GTX Basic,Funholding,Won,2017-08-21,2017-11-12,509,FALSE,TRUE
669805IQ,Gladys Colclough,MG Advanced,Treequote,Won,2017-08-21,2017-12-06,3436,FALSE,TRUE
A3JRUDX3,Hayden Neloms,MG Advanced,Plusstrip,Won,2017-08-21,2017-11-27,3514,FALSE,TRUE
NY197B1A,Jonathan Berthelot,GTX Basic,Rangreen,Won,2017-08-21,2017-12-30,611,FALSE,TRUE
R2V49PU5,Kami Bicknell,GTX Plus Basic,Unknown Account,Engaging,2017-08-21,NA,NA,TRUE,FALSE
6AD8WNA2,Kary Hendrixson,MG Special,Doncon,Won,2017-08-21,2017-11-08,58,FALSE,TRUE
TKENIGRA,Lajuana Vencill,MG Advanced,Finhigh,Lost,2017-08-21,2017-11-17,0,FALSE,TRUE
R9ZOFUBX,Lajuana Vencill,GTX Basic,Streethex,Won,2017-08-21,2017-12-13,513,FALSE,TRUE
RFQFJLNJ,Markita Hansen,MG Special,Unknown Account,Engaging,2017-08-21,NA,NA,TRUE,FALSE
8BZLOF0K,Markita Hansen,GTX Plus Basic,Newex,Lost,2017-08-21,2017-08-29,0,FALSE,TRUE
0VFBWUG5,Moses Frase,GTX Plus Basic,Codehow,Lost,2017-08-21,2017-11-03,0,FALSE,TRUE
23J295J4,Rosalina Dieter,MG Special,Xx-holding,Engaging,2017-08-21,NA,NA,FALSE,FALSE
696VNI6G,Versie Hillebrand,MG Special,Treequote,Won,2017-08-21,2017-09-08,54,FALSE,TRUE
8P3O8A9H,Vicki Laflamme,MG Special,Unknown Account,Engaging,2017-08-21,NA,NA,TRUE,FALSE
1I1K838F,Vicki Laflamme,GTX Basic,Nam-zim,Won,2017-08-21,2017-12-23,547,FALSE,TRUE
LHIM2BGF,Violet Mclelland,MG Advanced,Yearin,Lost,2017-08-21,2017-12-08,0,FALSE,TRUE
2O7MVJ1T,Violet Mclelland,GTX Basic,Ganjaflex,Won,2017-08-21,2017-08-26,592,FALSE,TRUE
HDW4BXVN,Wilburn Farren,MG Advanced,The New York Inquirer,Lost,2017-08-21,2017-12-11,0,FALSE,TRUE
5P4O1IU6,Cassey Cress,MG Advanced,Unknown Account,Engaging,2017-08-22,NA,NA,TRUE,FALSE
V9ORUWY8,Cassey Cress,MG Advanced,Ganjaflex,Lost,2017-08-22,2017-12-05,0,FALSE,TRUE
NNLNVB7E,Corliss Cosme,GTX Plus Pro,The New York Inquirer,Won,2017-08-22,2017-11-06,5529,FALSE,TRUE
W3CLJLES,Corliss Cosme,GTX Pro,Gekko & Co,Won,2017-08-22,2017-09-02,5002,FALSE,TRUE
4ELXMIIO,Donn Cantrell,GTX Basic,Umbrella Corporation,Lost,2017-08-22,2017-09-01,0,FALSE,TRUE
4CFMS9QT,Donn Cantrell,GTX Pro,Zotware,Lost,2017-08-22,2017-11-01,0,FALSE,TRUE
YVJ3V0ZI,James Ascencio,GTX Basic,Green-Plus,Won,2017-08-22,2017-12-20,476,FALSE,TRUE
Q1CFR580,Markita Hansen,MG Special,Dalttechnology,Won,2017-08-22,2017-11-18,56,FALSE,TRUE
4S6FW9VM,Marty Freudenburg,GTX Plus Pro,Isdom,Lost,2017-08-22,2017-08-31,0,FALSE,TRUE
PA3EXPCW,Maureen Marcano,GTX Plus Basic,Konex,Lost,2017-08-22,2017-12-01,0,FALSE,TRUE
MPVD0JVF,Maureen Marcano,GTX Basic,Singletechno,Won,2017-08-22,2017-11-30,601,FALSE,TRUE
KZQGC4TA,Maureen Marcano,GTX Plus Basic,Doncon,Won,2017-08-22,2017-12-28,1005,FALSE,TRUE
FKOA9EF9,Moses Frase,GTX Plus Pro,Warephase,Won,2017-08-22,2017-11-11,4731,FALSE,TRUE
Y7TVYRAX,Reed Clapper,GTX Plus Pro,Bubba Gump,Lost,2017-08-22,2017-11-10,0,FALSE,TRUE
04YBYVPV,Reed Clapper,GTX Pro,Ganjaflex,Won,2017-08-22,2017-09-02,4649,FALSE,TRUE
2UZXS1I2,Rosie Papadopoulos,GTX Pro,Umbrella Corporation,Won,2017-08-22,2017-09-01,4787,FALSE,TRUE
TZPE6M07,Wilburn Farren,MG Advanced,Unknown Account,Engaging,2017-08-22,NA,NA,TRUE,FALSE
KU7COUGK,Wilburn Farren,MG Advanced,The New York Inquirer,Won,2017-08-22,2017-12-22,2994,FALSE,TRUE
G03J67Z1,Zane Levy,GTX Plus Basic,Unknown Account,Engaging,2017-08-22,NA,NA,TRUE,FALSE
TM70L0W8,Zane Levy,GTX Pro,Unknown Account,Engaging,2017-08-22,NA,NA,TRUE,FALSE
23K5J6JP,Anna Snelling,MG Advanced,Funholding,Lost,2017-08-23,2017-11-08,0,FALSE,TRUE
X7DYUDEB,Anna Snelling,MG Special,Condax,Won,2017-08-23,2017-11-14,58,FALSE,TRUE
WK1319MB,Boris Faz,MG Advanced,Unknown Account,Engaging,2017-08-23,NA,NA,TRUE,FALSE
EMGB7S71,Cecily Lampkin,GTX Plus Basic,Betatech,Won,2017-08-23,2017-11-13,1074,FALSE,TRUE
EWAMDI1N,Cecily Lampkin,MG Special,Isdom,Won,2017-08-23,2017-08-26,54,FALSE,TRUE
S53EVWFC,Daniell Hammack,GTX Pro,Unknown Account,Engaging,2017-08-23,NA,NA,TRUE,FALSE
5D8MX6L9,Daniell Hammack,GTX Basic,Ganjaflex,Lost,2017-08-23,2017-11-01,0,FALSE,TRUE
Q9BUCL60,Daniell Hammack,GTX Plus Basic,Ganjaflex,Won,2017-08-23,2017-12-03,1054,FALSE,TRUE
AEZIAPTN,Darcel Schlecht,GTX Pro,Betatech,Won,2017-08-23,2017-11-14,4833,FALSE,TRUE
IAW2UHNH,Darcel Schlecht,GTX Pro,Dontechi,Won,2017-08-23,2017-12-20,4744,FALSE,TRUE
1397M445,Garret Kinder,MG Advanced,Plussunin,Lost,2017-08-23,2017-11-03,0,FALSE,TRUE
5IMH88MT,James Ascencio,GTX Basic,Labdrill,Won,2017-08-23,2017-11-29,508,FALSE,TRUE
I86DM1B9,Jonathan Berthelot,MG Special,Gogozoom,Won,2017-08-23,2017-11-19,57,FALSE,TRUE
YB4YJTK4,Kami Bicknell,GTX Basic,Lexiqvolax,Engaging,2017-08-23,NA,NA,FALSE,FALSE
HTZD5YGO,Kary Hendrixson,GTX Plus Basic,J-Texon,Lost,2017-08-23,2017-09-13,0,FALSE,TRUE
FBEP7939,Kary Hendrixson,GTX Pro,Scotfind,Won,2017-08-23,2017-11-15,5280,FALSE,TRUE
NH44FYAA,Kary Hendrixson,MG Special,Sunnamplex,Won,2017-08-23,2017-08-25,62,FALSE,TRUE
Z6AO7S3R,Lajuana Vencill,MG Advanced,Hottechi,Lost,2017-08-23,2017-11-07,0,FALSE,TRUE
8V3XDZ0D,Lajuana Vencill,GTX Basic,Inity,Won,2017-08-23,2017-11-21,528,FALSE,TRUE
18T73EHS,Maureen Marcano,GTX Plus Basic,Labdrill,Won,2017-08-23,2017-08-27,993,FALSE,TRUE
RKTTVMMP,Maureen Marcano,GTX Plus Basic,Y-corporation,Won,2017-08-23,2017-09-10,1121,FALSE,TRUE
UDXG59P0,Maureen Marcano,GTX Plus Pro,Faxquote,Won,2017-08-23,2017-12-03,5110,FALSE,TRUE
VMOGUQA7,Moses Frase,MG Special,Conecom,Won,2017-08-23,2017-12-13,51,FALSE,TRUE
0L3VYSKY,Niesha Huffines,GTX Basic,Isdom,Lost,2017-08-23,2017-09-05,0,FALSE,TRUE
PG5S1KYF,Rosie Papadopoulos,GTX Plus Pro,Kan-code,Lost,2017-08-23,2017-12-31,0,FALSE,TRUE
LVF6FP4A,Rosie Papadopoulos,MG Advanced,Silis,Lost,2017-08-23,2017-11-28,0,FALSE,TRUE
RGZHQ2MJ,Versie Hillebrand,MG Special,Zumgoity,Lost,2017-08-23,2017-09-05,0,FALSE,TRUE
P6NQ2LZK,Vicki Laflamme,GTX Basic,Unknown Account,Engaging,2017-08-23,NA,NA,TRUE,FALSE
0XYUJ7HF,Vicki Laflamme,MG Special,Isdom,Engaging,2017-08-23,NA,NA,FALSE,FALSE
QKW7MDJK,Violet Mclelland,GTX Pro,Unknown Account,Engaging,2017-08-23,NA,NA,TRUE,FALSE
3THBBYXS,Violet Mclelland,GTX Basic,Ganjaflex,Won,2017-08-23,2017-12-08,542,FALSE,TRUE
XHDAW1SQ,Violet Mclelland,GTX Basic,Yearin,Won,2017-08-23,2017-12-21,576,FALSE,TRUE
GIO029D3,Wilburn Farren,GTX Plus Pro,Donquadtech,Lost,2017-08-23,2017-08-31,0,FALSE,TRUE
UIOJX7O0,Cassey Cress,GTX Pro,Unknown Account,Engaging,2017-08-24,NA,NA,TRUE,FALSE
CN8X0DLA,Daniell Hammack,GTX Plus Basic,Stanredtax,Engaging,2017-08-24,NA,NA,FALSE,FALSE
HF1GSBT4,Daniell Hammack,GTX Plus Pro,Unknown Account,Engaging,2017-08-24,NA,NA,TRUE,FALSE
ZVXINY4O,Donn Cantrell,GTX Pro,Zotware,Lost,2017-08-24,2017-11-28,0,FALSE,TRUE
M9N3HWGC,James Ascencio,GTX Basic,Zoomit,Lost,2017-08-24,2017-12-24,0,FALSE,TRUE
H56FMPGG,James Ascencio,GTX Basic,Hottechi,Won,2017-08-24,2017-08-30,551,FALSE,TRUE
Z8Z77GN3,Kami Bicknell,GTX Pro,Unknown Account,Engaging,2017-08-24,NA,NA,TRUE,FALSE
IH4O3JXV,Kami Bicknell,GTX Basic,Singletechno,Won,2017-08-24,2017-09-10,597,FALSE,TRUE
B6L071P2,Kary Hendrixson,GTX Plus Basic,Lexiqvolax,Won,2017-08-24,2017-11-13,948,FALSE,TRUE
3ISHFT20,Kary Hendrixson,MG Special,Zoomit,Won,2017-08-24,2017-12-18,62,FALSE,TRUE
OBFCOV33,Markita Hansen,MG Advanced,Scotfind,Won,2017-08-24,2017-12-08,4139,FALSE,TRUE
78OETKRD,Marty Freudenburg,GTX Plus Pro,dambase,Won,2017-08-24,2017-11-03,6322,FALSE,TRUE
6IJNBKST,Maureen Marcano,GTX Basic,Konex,Lost,2017-08-24,2017-08-31,0,FALSE,TRUE
RM4HCA1W,Niesha Huffines,MG Special,Finhigh,Lost,2017-08-24,2017-08-31,0,FALSE,TRUE
Y1FWLR93,Reed Clapper,GTX Plus Pro,Kan-code,Won,2017-08-24,2017-09-02,5415,FALSE,TRUE
ORUHS3Q2,Rosalina Dieter,GTX Basic,Sonron,Won,2017-08-24,2017-11-17,432,FALSE,TRUE
9RLSCMM9,Rosalina Dieter,MG Special,Condax,Won,2017-08-24,2017-08-30,53,FALSE,TRUE
3QS2B6IN,Versie Hillebrand,MG Special,Rundofase,Won,2017-08-24,2017-09-03,57,FALSE,TRUE
XCB9CPID,Versie Hillebrand,MG Special,Streethex,Won,2017-08-24,2017-12-09,56,FALSE,TRUE
7EJJ9KVZ,Violet Mclelland,MG Special,Donware,Won,2017-08-24,2017-09-03,55,FALSE,TRUE
M4MOGAS4,Violet Mclelland,MG Advanced,Acme Corporation,Won,2017-08-24,2017-08-25,3146,FALSE,TRUE
LKJZEISS,Zane Levy,GTX Basic,Unknown Account,Engaging,2017-08-24,NA,NA,TRUE,FALSE
ZNU9YDS9,Anna Snelling,MG Special,Stanredtax,Won,2017-08-25,2017-11-03,67,FALSE,TRUE
V3VJRFBV,Cassey Cress,GTX Basic,Kan-code,Lost,2017-08-25,2017-11-03,0,FALSE,TRUE
PDI7F0LR,Cassey Cress,MG Advanced,Ganjaflex,Won,2017-08-25,2017-12-04,2613,FALSE,TRUE
Y0M8X7BV,Corliss Cosme,GTX Plus Pro,Unknown Account,Engaging,2017-08-25,NA,NA,TRUE,FALSE
KJ93MS4W,Corliss Cosme,GTX Plus Basic,Yearin,Won,2017-08-25,2017-11-02,977,FALSE,TRUE
TWEVVI99,Daniell Hammack,GTX Plus Basic,Scottech,Engaging,2017-08-25,NA,NA,FALSE,FALSE
5R1XNYTM,Daniell Hammack,MG Advanced,Bubba Gump,Lost,2017-08-25,2017-11-25,0,FALSE,TRUE
PRQ96EWX,Daniell Hammack,GTX Pro,Gekko & Co,Won,2017-08-25,2017-09-07,4445,FALSE,TRUE
RUN3Z87A,Donn Cantrell,GTX Plus Basic,Donquadtech,Lost,2017-08-25,2017-11-18,0,FALSE,TRUE
9RGQ8HED,Garret Kinder,MG Special,Zotware,Won,2017-08-25,2017-12-29,54,FALSE,TRUE
RSSYISWE,Hayden Neloms,MG Advanced,Labdrill,Won,2017-08-25,2017-12-01,3331,FALSE,TRUE
67ORNLJ3,Jonathan Berthelot,GTX Basic,Dontechi,Won,2017-08-25,2017-09-05,474,FALSE,TRUE
M28Z11DC,Kami Bicknell,GTX Plus Basic,Blackzim,Lost,2017-08-25,2017-08-31,0,FALSE,TRUE
DIVKSHY7,Kami Bicknell,GTX Plus Basic,Condax,Won,2017-08-25,2017-11-13,994,FALSE,TRUE
RLTHGLLJ,Kami Bicknell,GTX Plus Pro,Singletechno,Won,2017-08-25,2017-11-23,4773,FALSE,TRUE
EC8A1L94,Lajuana Vencill,MG Special,dambase,Lost,2017-08-25,2017-11-25,0,FALSE,TRUE
0H9C9J03,Markita Hansen,GTX Plus Basic,Unknown Account,Engaging,2017-08-25,NA,NA,TRUE,FALSE
OO4Z7LB9,Niesha Huffines,GTX Plus Basic,Stanredtax,Lost,2017-08-25,2017-08-30,0,FALSE,TRUE
PWOX6RY8,Niesha Huffines,MG Special,Rangreen,Won,2017-08-25,2017-11-22,63,FALSE,TRUE
0VG9PGMI,Rosalina Dieter,GTX Plus Pro,Hatfan,Won,2017-08-25,2017-09-13,6391,FALSE,TRUE
LKFYC5X3,Rosie Papadopoulos,MG Special,Donware,Won,2017-08-25,2017-12-15,58,FALSE,TRUE
984H5OG0,Versie Hillebrand,MG Special,Finhigh,Won,2017-08-25,2017-12-04,54,FALSE,TRUE
AB39AL3A,Vicki Laflamme,GTX Plus Pro,Plexzap,Lost,2017-08-25,2017-11-22,0,FALSE,TRUE
1SKGHPHL,Vicki Laflamme,GTX Plus Pro,Rantouch,Won,2017-08-25,2017-11-21,5129,FALSE,TRUE
VGSH1TSW,Violet Mclelland,MG Special,Vehement Capital Partners,Engaging,2017-08-25,NA,NA,FALSE,FALSE
YTMPHIQY,Violet Mclelland,MG Advanced,Ganjaflex,Lost,2017-08-25,2017-08-30,0,FALSE,TRUE
WZ3FJA3V,Zane Levy,GTX Plus Basic,Labdrill,Engaging,2017-08-25,NA,NA,FALSE,FALSE
TLLW2ZRM,Zane Levy,GTX Pro,Condax,Engaging,2017-08-25,NA,NA,FALSE,FALSE
6HE07D76,Zane Levy,GTX Basic,Hatfan,Won,2017-08-25,2017-11-19,454,FALSE,TRUE
64CTQ6C5,Anna Snelling,GTX Plus Pro,Bioholding,Won,2017-08-26,2017-11-02,6659,FALSE,TRUE
5J4Z0RYC,Cassey Cress,GTX Basic,Bioplex,Won,2017-08-26,2017-09-08,572,FALSE,TRUE
ERWWQ79N,Corliss Cosme,GTX Plus Basic,Bubba Gump,Won,2017-08-26,2017-11-19,1046,FALSE,TRUE
2F41W100,Daniell Hammack,GTX Plus Basic,Unknown Account,Engaging,2017-08-26,NA,NA,TRUE,FALSE
08O63ECM,Donn Cantrell,MG Advanced,Gekko & Co,Won,2017-08-26,2017-12-01,3281,FALSE,TRUE
AMGF31TA,Gladys Colclough,MG Special,Statholdings,Lost,2017-08-26,2017-09-05,0,FALSE,TRUE
DUJ52ZYK,Hayden Neloms,MG Advanced,Singletechno,Won,2017-08-26,2017-09-10,3462,FALSE,TRUE
N2C3ASJ9,James Ascencio,GTX Plus Pro,Scotfind,Won,2017-08-26,2017-09-06,6029,FALSE,TRUE
059K86LU,Kami Bicknell,GTX Plus Pro,Labdrill,Engaging,2017-08-26,NA,NA,FALSE,FALSE
62WFO2I3,Kami Bicknell,GTX Basic,Finjob,Won,2017-08-26,2017-12-04,566,FALSE,TRUE
55O18ALO,Kary Hendrixson,GTX Pro,Fasehatice,Lost,2017-08-26,2017-11-08,0,FALSE,TRUE
ZTUJ5KQ8,Moses Frase,MG Special,Scottech,Lost,2017-08-26,2017-11-12,0,FALSE,TRUE
ZQHJNTDK,Moses Frase,GTX Plus Basic,Isdom,Won,2017-08-26,2017-11-13,1042,FALSE,TRUE
K0IV66AV,Reed Clapper,GTX Basic,Betasoloin,Won,2017-08-26,2017-11-07,539,FALSE,TRUE
8PLXH354,Rosalina Dieter,MG Special,Unknown Account,Engaging,2017-08-26,NA,NA,TRUE,FALSE
KJ4NAGS5,Rosalina Dieter,MG Special,Kan-code,Won,2017-08-26,2017-11-16,56,FALSE,TRUE
70A4A2GV,Versie Hillebrand,MG Special,Gogozoom,Won,2017-08-26,2017-11-28,60,FALSE,TRUE
6TND1V4T,Vicki Laflamme,MG Special,Scotfind,Lost,2017-08-26,2017-08-27,0,FALSE,TRUE
43FW6W9O,Vicki Laflamme,MG Advanced,Sunnamplex,Won,2017-08-26,2017-11-04,3966,FALSE,TRUE
QB4FISNE,Violet Mclelland,MG Special,Bluth Company,Lost,2017-08-26,2017-08-27,0,FALSE,TRUE
41S0S9KP,Wilburn Farren,GTX Basic,Umbrella Corporation,Won,2017-08-26,2017-11-23,471,FALSE,TRUE
RU5X1LZM,Zane Levy,GTX Pro,Unknown Account,Engaging,2017-08-26,NA,NA,TRUE,FALSE
JESVHYTG,Anna Snelling,GTX Basic,Cancity,Won,2017-08-27,2017-09-05,597,FALSE,TRUE
P3HO0L6P,Anna Snelling,MG Special,Condax,Won,2017-08-27,2017-11-14,53,FALSE,TRUE
6GDZDVTV,Anna Snelling,MG Special,Dontechi,Won,2017-08-27,2017-09-13,59,FALSE,TRUE
OO9U4C0Y,Cassey Cress,GTX Plus Basic,Y-corporation,Engaging,2017-08-27,NA,NA,FALSE,FALSE
Y5A5G2L5,Cassey Cress,GTX Basic,Bubba Gump,Won,2017-08-27,2017-12-08,606,FALSE,TRUE
WZN26QZQ,Corliss Cosme,GTX Plus Pro,Lexiqvolax,Engaging,2017-08-27,NA,NA,FALSE,FALSE
PG4UQI8B,Donn Cantrell,GTX Plus Basic,Kan-code,Lost,2017-08-27,2017-11-20,0,FALSE,TRUE
M40Z4KWL,Donn Cantrell,GTX Pro,Zotware,Won,2017-08-27,2017-11-25,5305,FALSE,TRUE
BB46B5C7,Hayden Neloms,GTX Plus Basic,Zoomit,Lost,2017-08-27,2017-11-02,0,FALSE,TRUE
7K1KXMBT,Kami Bicknell,GTX Pro,Unknown Account,Engaging,2017-08-27,NA,NA,TRUE,FALSE
TCJA7XF2,Kami Bicknell,MG Special,Unknown Account,Engaging,2017-08-27,NA,NA,TRUE,FALSE
TPJNVDPH,Kami Bicknell,GTX Basic,Kan-code,Lost,2017-08-27,2017-11-16,0,FALSE,TRUE
FMMAQM87,Kami Bicknell,GTX Basic,Green-Plus,Won,2017-08-27,2017-09-09,596,FALSE,TRUE
46UITTY6,Kary Hendrixson,GTX Basic,Singletechno,Won,2017-08-27,2017-11-04,545,FALSE,TRUE
KK5YBPU6,Markita Hansen,GTX Basic,Labdrill,Won,2017-08-27,2017-08-29,548,FALSE,TRUE
A7FCLQ42,Marty Freudenburg,MG Advanced,Finhigh,Lost,2017-08-27,2017-12-15,0,FALSE,TRUE
G2C5RKTN,Reed Clapper,GTX Basic,Umbrella Corporation,Won,2017-08-27,2017-09-21,415,FALSE,TRUE
UNSJB0L7,Vicki Laflamme,GTX Pro,Singletechno,Won,2017-08-27,2017-08-28,3754,FALSE,TRUE
TGSLH2ZD,Zane Levy,GTX Basic,Unknown Account,Engaging,2017-08-27,NA,NA,TRUE,FALSE
OLXEYM3P,Zane Levy,GTX Basic,Unknown Account,Engaging,2017-08-27,NA,NA,TRUE,FALSE
UJT04PL7,Zane Levy,GTX Basic,Plusstrip,Won,2017-08-27,2017-11-29,498,FALSE,TRUE
DCIFTBM0,Boris Faz,GTX Basic,Condax,Won,2017-08-28,2017-12-21,489,FALSE,TRUE
BTZ06Z6O,Boris Faz,GTX Plus Basic,Ontomedia,Won,2017-08-28,2017-09-05,1022,FALSE,TRUE
S9CGS0IX,Corliss Cosme,GTX Plus Pro,Acme Corporation,Lost,2017-08-28,2017-11-07,0,FALSE,TRUE
ZTYHMEQY,Darcel Schlecht,GTX Basic,Cancity,Won,2017-08-28,2017-09-11,525,FALSE,TRUE
IOTAHMQX,Darcel Schlecht,GTX Plus Basic,Codehow,Won,2017-08-28,2017-09-07,1252,FALSE,TRUE
3ORQ2R0R,Elease Gluck,GTX Pro,Unknown Account,Engaging,2017-08-28,NA,NA,TRUE,FALSE
01DZ14Y0,Gladys Colclough,MG Advanced,dambase,Lost,2017-08-28,2017-11-25,0,FALSE,TRUE
1T91NEIV,Gladys Colclough,MG Special,Conecom,Won,2017-08-28,2017-09-11,63,FALSE,TRUE
41B62CUB,Hayden Neloms,MG Special,J-Texon,Lost,2017-08-28,2017-11-11,0,FALSE,TRUE
G0QOVMMS,Kami Bicknell,GTX Basic,Zoomit,Won,2017-08-28,2017-12-28,474,FALSE,TRUE
FG79OR5X,Kami Bicknell,GTX Plus Basic,Xx-holding,Won,2017-08-28,2017-11-19,1132,FALSE,TRUE
QY4ZMI2F,Lajuana Vencill,GTX Plus Basic,Warephase,Lost,2017-08-28,2017-09-14,0,FALSE,TRUE
VY0QPLGN,Lajuana Vencill,GTX Plus Basic,dambase,Won,2017-08-28,2017-11-12,1215,FALSE,TRUE
XP1PQSPC,Markita Hansen,GTX Plus Basic,Kan-code,Won,2017-08-28,2017-09-27,1081,FALSE,TRUE
K3KT8S1F,Markita Hansen,MG Special,Sonron,Won,2017-08-28,2017-11-07,49,FALSE,TRUE
5CIT07UC,Maureen Marcano,GTX Basic,Hottechi,Won,2017-08-28,2017-09-14,653,FALSE,TRUE
VIZ9ZLVT,Moses Frase,GTX Plus Basic,Rundofase,Lost,2017-08-28,2017-11-30,0,FALSE,TRUE
9ZY0QQ8Q,Moses Frase,MG Advanced,Genco Pura Olive Oil Company,Lost,2017-08-28,2017-11-27,0,FALSE,TRUE
0WGCUB3L,Niesha Huffines,GTX Plus Basic,Rundofase,Won,2017-08-28,2017-09-13,1105,FALSE,TRUE
QCN2DZQQ,Reed Clapper,GTX Plus Basic,The New York Inquirer,Won,2017-08-28,2017-09-21,948,FALSE,TRUE
ZAY2J4I5,Vicki Laflamme,MG Advanced,Zoomit,Lost,2017-08-28,2017-09-10,0,FALSE,TRUE
J25NMK6Q,Violet Mclelland,MG Special,Bluth Company,Lost,2017-08-28,2017-11-11,0,FALSE,TRUE
DZHIAZ5H,Anna Snelling,GTX Plus Basic,Streethex,Lost,2017-08-29,2017-09-05,0,FALSE,TRUE
233HYDSP,Anna Snelling,MG Special,Gogozoom,Won,2017-08-29,2017-12-03,44,FALSE,TRUE
7868JVH9,Cassey Cress,GTX Plus Basic,Rantouch,Engaging,2017-08-29,NA,NA,FALSE,FALSE
EXXFSC3O,Cassey Cress,GTX Pro,Opentech,Won,2017-08-29,2017-11-15,4343,FALSE,TRUE
U68B4UQU,Cecily Lampkin,GTX Plus Pro,Treequote,Won,2017-08-29,2017-09-13,5096,FALSE,TRUE
73EBDWP4,Cecily Lampkin,GTX Plus Pro,Warephase,Won,2017-08-29,2017-09-30,4994,FALSE,TRUE
FQQ3XQNG,Corliss Cosme,GTX Plus Basic,Donquadtech,Won,2017-08-29,2017-12-01,1251,FALSE,TRUE
C4KZVTYR,Donn Cantrell,GTX Basic,Gekko & Co,Won,2017-08-29,2017-11-11,602,FALSE,TRUE
HWXJWHGI,Donn Cantrell,GTX Basic,Sumace,Won,2017-08-29,2017-09-08,600,FALSE,TRUE
W36MU0PW,Donn Cantrell,GTX Basic,Yearin,Won,2017-08-29,2017-09-09,595,FALSE,TRUE
OWEMO7RD,Elease Gluck,MG Special,Sonron,Lost,2017-08-29,2017-11-25,0,FALSE,TRUE
9XU06EA8,Gladys Colclough,GTX Pro,Codehow,Lost,2017-08-29,2017-11-01,0,FALSE,TRUE
DC2NI04U,Hayden Neloms,MG Advanced,Hottechi,Won,2017-08-29,2017-12-31,3064,FALSE,TRUE
RYNZ2WOK,Markita Hansen,MG Advanced,Iselectrics,Engaging,2017-08-29,NA,NA,FALSE,FALSE
BO2XRLBS,Moses Frase,MG Special,Ron-tech,Lost,2017-08-29,2017-11-16,0,FALSE,TRUE
V9YY2XIE,Niesha Huffines,MG Advanced,Zumgoity,Lost,2017-08-29,2017-11-28,0,FALSE,TRUE
J3K9EXW0,Reed Clapper,GTX Plus Pro,Acme Corporation,Won,2017-08-29,2017-12-25,5790,FALSE,TRUE
N9KFQCOH,Rosie Papadopoulos,GTX Pro,Vehement Capital Partners,Won,2017-08-29,2017-09-05,5688,FALSE,TRUE
GSPDR7BH,Versie Hillebrand,GTX Basic,Cancity,Won,2017-08-29,2017-11-02,672,FALSE,TRUE
MB0XTICR,Versie Hillebrand,MG Special,Bioholding,Won,2017-08-29,2017-12-08,62,FALSE,TRUE
04SQ7RNY,Vicki Laflamme,GTX Pro,Fasehatice,Won,2017-08-29,2017-12-19,4577,FALSE,TRUE
PTZ9QLEF,Violet Mclelland,GTX Basic,Unknown Account,Engaging,2017-08-29,NA,NA,TRUE,FALSE
WIHGFD8B,Anna Snelling,MG Special,Funholding,Lost,2017-08-30,2017-11-19,0,FALSE,TRUE
O3Q5B86F,Anna Snelling,GTX Plus Basic,Warephase,Won,2017-08-30,2017-12-26,1118,FALSE,TRUE
PE3P7M7S,Anna Snelling,MG Special,Statholdings,Won,2017-08-30,2017-09-08,55,FALSE,TRUE
401BY1PW,Boris Faz,GTX Pro,Ganjaflex,Won,2017-08-30,2017-12-21,5052,FALSE,TRUE
9RQ8FZYQ,Boris Faz,GTX Pro,Zotware,Won,2017-08-30,2017-09-04,4023,FALSE,TRUE
R65LGLJ0,Cassey Cress,MG Special,Unknown Account,Engaging,2017-08-30,NA,NA,TRUE,FALSE
G7NU2YCG,Cassey Cress,MG Special,Iselectrics,Won,2017-08-30,2017-09-08,57,FALSE,TRUE
R9RWFEEJ,Corliss Cosme,MG Special,Gekko & Co,Won,2017-08-30,2017-11-23,59,FALSE,TRUE
WV2OG7C3,Daniell Hammack,MG Special,Xx-zobam,Lost,2017-08-30,2017-11-18,0,FALSE,TRUE
LDIBOTNO,Daniell Hammack,GTX Pro,Kinnamplus,Won,2017-08-30,2017-09-07,5544,FALSE,TRUE
FC4ZD68R,Darcel Schlecht,GTX Pro,Warephase,Lost,2017-08-30,2017-11-15,0,FALSE,TRUE
YH6ST9KT,Darcel Schlecht,MG Special,Treequote,Lost,2017-08-30,2017-08-31,0,FALSE,TRUE
9S8E95EI,Darcel Schlecht,GTX Pro,Condax,Won,2017-08-30,2017-09-18,4598,FALSE,TRUE
RLHNEVYY,Darcel Schlecht,GTX Pro,Conecom,Won,2017-08-30,2017-09-10,5008,FALSE,TRUE
OFP1MLFY,Darcel Schlecht,GTX Pro,Statholdings,Won,2017-08-30,2017-12-09,3932,FALSE,TRUE
CQELCLO0,Donn Cantrell,GTX Plus Basic,Zathunicon,Won,2017-08-30,2017-12-29,1166,FALSE,TRUE
L351AATH,Gladys Colclough,GTX Plus Basic,Ron-tech,Lost,2017-08-30,2017-12-06,0,FALSE,TRUE
VBKF5FPB,Hayden Neloms,GTX Plus Basic,Dalttechnology,Won,2017-08-30,2017-09-06,1195,FALSE,TRUE
68YAXBZN,James Ascencio,MG Special,Xx-holding,Lost,2017-08-30,2017-11-04,0,FALSE,TRUE
EFB0NFP3,Jonathan Berthelot,GTX Basic,Genco Pura Olive Oil Company,Won,2017-08-30,2017-12-23,551,FALSE,TRUE
CB0NZYB2,Jonathan Berthelot,GTX Basic,Globex Corporation,Won,2017-08-30,2017-09-08,623,FALSE,TRUE
QKUULSVC,Kary Hendrixson,GTX Pro,Kan-code,Lost,2017-08-30,2017-11-16,0,FALSE,TRUE
8838GIT9,Kary Hendrixson,MG Special,Plexzap,Lost,2017-08-30,2017-11-05,0,FALSE,TRUE
5DOARVYO,Lajuana Vencill,MG Special,Genco Pura Olive Oil Company,Lost,2017-08-30,2017-09-10,0,FALSE,TRUE
XXD7OQOH,Markita Hansen,MG Special,Unknown Account,Engaging,2017-08-30,NA,NA,TRUE,FALSE
0N2VYY6Z,Markita Hansen,GTX Basic,Labdrill,Lost,2017-08-30,2017-09-19,0,FALSE,TRUE
LWCKCV0M,Markita Hansen,GTX Pro,Xx-holding,Won,2017-08-30,2017-09-15,4592,FALSE,TRUE
L40FW06K,Marty Freudenburg,GTX Basic,Condax,Won,2017-08-30,2017-12-22,555,FALSE,TRUE
XXXM7BMA,Marty Freudenburg,MG Advanced,Dontechi,Won,2017-08-30,2017-11-14,3703,FALSE,TRUE
F7S1OPQS,Maureen Marcano,GTX Plus Basic,Scotfind,Won,2017-08-30,2017-12-13,942,FALSE,TRUE
U5JFEXOI,Maureen Marcano,GTX Plus Pro,Groovestreet,Won,2017-08-30,2017-12-08,6489,FALSE,TRUE
HR3DH6DX,Niesha Huffines,GTX Pro,Cancity,Lost,2017-08-30,2017-11-20,0,FALSE,TRUE
LMU41E2W,Rosalina Dieter,MG Special,Unknown Account,Engaging,2017-08-30,NA,NA,TRUE,FALSE
9EICLJHY,Rosalina Dieter,MG Special,Sunnamplex,Won,2017-08-30,2017-11-17,63,FALSE,TRUE
01FNZW2T,Rosie Papadopoulos,GTX Pro,Bubba Gump,Won,2017-08-30,2017-12-08,3974,FALSE,TRUE
3CS2IXT0,Versie Hillebrand,MG Special,Conecom,Won,2017-08-30,2017-11-16,66,FALSE,TRUE
O9MHRAK6,Vicki Laflamme,GTX Basic,Finjob,Won,2017-08-30,2017-12-14,532,FALSE,TRUE
1Y58TSUU,Violet Mclelland,MG Special,Unknown Account,Engaging,2017-08-30,NA,NA,TRUE,FALSE
KPW4J1CR,Zane Levy,GTX Basic,Dalttechnology,Won,2017-08-30,2017-12-21,503,FALSE,TRUE
KAPPUUYY,Anna Snelling,GTX Basic,Zumgoity,Won,2017-08-31,2017-11-24,594,FALSE,TRUE
WNTAT1OT,Boris Faz,GTX Basic,Unknown Account,Engaging,2017-08-31,NA,NA,TRUE,FALSE
WRLAVDPH,Cassey Cress,GTX Pro,Ganjaflex,Won,2017-08-31,2017-09-02,4958,FALSE,TRUE
1W5FOS69,Cassey Cress,GTX Pro,Mathtouch,Won,2017-08-31,2017-11-30,4201,FALSE,TRUE
GFBJXXI1,Cecily Lampkin,MG Special,Streethex,Lost,2017-08-31,2017-09-13,0,FALSE,TRUE
2HYR0Q4Y,Corliss Cosme,MG Advanced,Plussunin,Lost,2017-08-31,2017-11-13,0,FALSE,TRUE
XVM3UK16,Daniell Hammack,GTX Plus Pro,Mathtouch,Lost,2017-08-31,2017-11-06,0,FALSE,TRUE
CDAMI76Z,Darcel Schlecht,GTX Plus Pro,Finhigh,Won,2017-08-31,2017-09-10,5293,FALSE,TRUE
6M77EGH7,Donn Cantrell,MG Advanced,Ganjaflex,Won,2017-08-31,2017-11-26,4456,FALSE,TRUE
9CLDDA0W,Hayden Neloms,GTX Plus Basic,Newex,Lost,2017-08-31,2017-11-18,0,FALSE,TRUE
8CQ2I2P2,Jonathan Berthelot,GTX Pro,Globex Corporation,Lost,2017-08-31,2017-11-18,0,FALSE,TRUE
GEFQNRF3,Jonathan Berthelot,GTX Basic,Globex Corporation,Won,2017-08-31,2017-12-20,525,FALSE,TRUE
EDM7CEZ6,Kami Bicknell,GTX Pro,Opentech,Engaging,2017-08-31,NA,NA,FALSE,FALSE
XBPJ6M4K,Kary Hendrixson,GTX Basic,Finhigh,Engaging,2017-08-31,NA,NA,FALSE,FALSE
XRZNF1LQ,Kary Hendrixson,GTX Pro,Unknown Account,Engaging,2017-08-31,NA,NA,TRUE,FALSE
PCQUKUM5,Marty Freudenburg,GTX Plus Pro,Dontechi,Won,2017-08-31,2017-09-16,4809,FALSE,TRUE
6CT660FF,Maureen Marcano,GTX Plus Basic,Unknown Account,Engaging,2017-08-31,NA,NA,TRUE,FALSE
MZ987882,Moses Frase,GTX Plus Basic,Warephase,Won,2017-08-31,2017-12-17,1374,FALSE,TRUE
02EC1993,Moses Frase,MG Special,Scottech,Won,2017-08-31,2017-11-08,57,FALSE,TRUE
NUS67BOQ,Rosie Papadopoulos,GTX Basic,Unknown Account,Engaging,2017-08-31,NA,NA,TRUE,FALSE
UQCPNZO1,Versie Hillebrand,GTX Basic,Zumgoity,Won,2017-08-31,2017-09-15,552,FALSE,TRUE
0NP0XPLQ,Versie Hillebrand,MG Special,Toughzap,Won,2017-08-31,2017-09-03,59,FALSE,TRUE
S2WRH3QA,Versie Hillebrand,MG Advanced,Betatech,Won,2017-08-31,2017-09-30,4011,FALSE,TRUE
RTX8ZJXT,Vicki Laflamme,GTX Basic,Unknown Account,Engaging,2017-08-31,NA,NA,TRUE,FALSE
QJV1UWL5,Vicki Laflamme,MG Special,Rantouch,Won,2017-08-31,2017-12-20,54,FALSE,TRUE
GNAX12Z6,Vicki Laflamme,MG Advanced,Green-Plus,Won,2017-08-31,2017-09-07,3337,FALSE,TRUE
62NZ0THZ,Violet Mclelland,MG Special,Yearin,Won,2017-08-31,2017-09-22,60,FALSE,TRUE
6C6Z3HRA,Zane Levy,GTX Basic,Unknown Account,Engaging,2017-08-31,NA,NA,TRUE,FALSE
PSKWV2JJ,Zane Levy,GTX Plus Basic,Blackzim,Won,2017-08-31,2017-11-19,1011,FALSE,TRUE
05HLE3JL,Anna Snelling,GTX Basic,Stanredtax,Won,2017-09-01,2017-12-03,514,FALSE,TRUE
CAF97SA2,Anna Snelling,GTX Plus Basic,Streethex,Won,2017-09-01,2017-11-13,1060,FALSE,TRUE
AAFPTXEB,Anna Snelling,MG Special,Treequote,Won,2017-09-01,2017-11-08,58,FALSE,TRUE
102XKYAC,Cassey Cress,GTX Pro,Zotware,Engaging,2017-09-01,NA,NA,FALSE,FALSE
D74OAJB4,Cecily Lampkin,MG Advanced,Isdom,Lost,2017-09-01,2017-12-01,0,FALSE,TRUE
A5SCVK7E,Corliss Cosme,GTX Plus Pro,Goodsilron,Engaging,2017-09-01,NA,NA,FALSE,FALSE
CQDL6WZX,Darcel Schlecht,GTX Pro,Isdom,Lost,2017-09-01,2017-09-17,0,FALSE,TRUE
VAV3N62C,Darcel Schlecht,GTX Pro,Cancity,Won,2017-09-01,2017-09-12,4375,FALSE,TRUE
OK7R7I2A,Darcel Schlecht,GTX Pro,Rundofase,Won,2017-09-01,2017-12-04,4819,FALSE,TRUE
ASZNII2J,Elease Gluck,MG Special,Unknown Account,Engaging,2017-09-01,NA,NA,TRUE,FALSE
IOMVIZR8,Gladys Colclough,GTX Pro,Stanredtax,Won,2017-09-01,2017-11-04,5729,FALSE,TRUE
BTT2TM8O,Gladys Colclough,MG Advanced,Warephase,Won,2017-09-01,2017-11-06,3447,FALSE,TRUE
KAGK2GQJ,James Ascencio,GTX Plus Pro,Unknown Account,Engaging,2017-09-01,NA,NA,TRUE,FALSE
FYNL84HO,James Ascencio,GTX Plus Pro,Doncon,Won,2017-09-01,2017-11-13,6101,FALSE,TRUE
ZBB9CDO4,Kami Bicknell,GTX Plus Basic,J-Texon,Won,2017-09-01,2017-09-18,1088,FALSE,TRUE
IV5UVG0R,Kami Bicknell,GTX Plus Pro,Sunnamplex,Won,2017-09-01,2017-09-17,5431,FALSE,TRUE
TDHFX8SC,Kami Bicknell,MG Special,Hottechi,Won,2017-09-01,2017-12-13,50,FALSE,TRUE
7OXU784Y,Kami Bicknell,MG Special,Konex,Won,2017-09-01,2017-11-25,62,FALSE,TRUE
MA6F51AR,Kary Hendrixson,MG Special,Zoomit,Won,2017-09-01,2017-11-29,57,FALSE,TRUE
WDT43Q6O,Niesha Huffines,GTX Plus Basic,Zumgoity,Won,2017-09-01,2017-09-14,1098,FALSE,TRUE
XKYHE3OH,Rosie Papadopoulos,GTX Plus Basic,Umbrella Corporation,Won,2017-09-01,2017-11-16,975,FALSE,TRUE
R65NL57V,Rosie Papadopoulos,MG Special,Plussunin,Won,2017-09-01,2017-11-05,56,FALSE,TRUE
AKBRVLRZ,Versie Hillebrand,MG Special,Globex Corporation,Won,2017-09-01,2017-09-14,63,FALSE,TRUE
8FZ7CWPP,Versie Hillebrand,MG Special,Isdom,Won,2017-09-01,2017-09-11,61,FALSE,TRUE
EQPGDVWK,Zane Levy,GTX Basic,Labdrill,Won,2017-09-01,2017-12-03,614,FALSE,TRUE
I819UEG6,Anna Snelling,MG Special,Gogozoom,Lost,2017-09-02,2017-11-04,0,FALSE,TRUE
TXZTEEUJ,Darcel Schlecht,GTX Pro,Betatech,Lost,2017-09-02,2017-12-13,0,FALSE,TRUE
6OD1J7MW,Elease Gluck,GTX Plus Pro,Plexzap,Engaging,2017-09-02,NA,NA,FALSE,FALSE
XO8TRDKK,Garret Kinder,MG Special,Acme Corporation,Won,2017-09-02,2017-09-17,57,FALSE,TRUE
74YNCNQM,Gladys Colclough,MG Special,Domzoom,Won,2017-09-02,2017-12-04,58,FALSE,TRUE
I5QVV9C5,Hayden Neloms,GTX Plus Basic,Hatfan,Lost,2017-09-02,2017-12-20,0,FALSE,TRUE
SS0ZF7SG,Hayden Neloms,MG Advanced,Goodsilron,Won,2017-09-02,2017-12-15,3482,FALSE,TRUE
2GRNCODO,James Ascencio,GTX Plus Pro,Hatfan,Lost,2017-09-02,2017-11-05,0,FALSE,TRUE
2UNAJCGN,James Ascencio,GTX Plus Pro,Singletechno,Lost,2017-09-02,2017-11-11,0,FALSE,TRUE
ZP5Q4YUJ,James Ascencio,GTX Basic,Plusstrip,Won,2017-09-02,2017-11-24,529,FALSE,TRUE
7XL4JYSB,Kary Hendrixson,MG Advanced,Blackzim,Lost,2017-09-02,2017-11-24,0,FALSE,TRUE
HEZ8H6MK,Kary Hendrixson,GTX Basic,Plusstrip,Won,2017-09-02,2017-11-08,505,FALSE,TRUE
50AWO49B,Markita Hansen,GTX Basic,Sonron,Won,2017-09-02,2017-12-27,456,FALSE,TRUE
CID4Y877,Marty Freudenburg,GTX Plus Basic,Bioholding,Lost,2017-09-02,2017-12-13,0,FALSE,TRUE
T20CPZ52,Marty Freudenburg,GTX Plus Basic,Stanredtax,Lost,2017-09-02,2017-11-29,0,FALSE,TRUE
HVF0VLJ3,Versie Hillebrand,GTX Basic,Globex Corporation,Lost,2017-09-02,2017-11-11,0,FALSE,TRUE
A86ZEF94,Versie Hillebrand,MG Special,Hottechi,Lost,2017-09-02,2017-11-30,0,FALSE,TRUE
8OMML4E8,Vicki Laflamme,GTX Basic,Lexiqvolax,Won,2017-09-02,2017-09-16,555,FALSE,TRUE
283Y9ULR,Vicki Laflamme,MG Special,Konex,Won,2017-09-02,2017-09-23,47,FALSE,TRUE
J0G6ZLYZ,Zane Levy,GTX Plus Pro,Unknown Account,Engaging,2017-09-02,NA,NA,TRUE,FALSE
C0LNV4PU,Zane Levy,GTX Basic,Finjob,Won,2017-09-02,2017-12-04,585,FALSE,TRUE
YB6UP71G,Anna Snelling,MG Special,Bioholding,Won,2017-09-03,2017-09-06,64,FALSE,TRUE
A30VAQHM,Anna Snelling,MG Special,Inity,Won,2017-09-03,2017-11-21,58,FALSE,TRUE
LOQ46F0T,Cassey Cress,GTX Basic,Unknown Account,Engaging,2017-09-03,NA,NA,TRUE,FALSE
ZH2TBHVZ,Donn Cantrell,GTX Basic,Gekko & Co,Won,2017-09-03,2017-09-08,635,FALSE,TRUE
UKJO54QY,Donn Cantrell,GTX Pro,Donquadtech,Won,2017-09-03,2017-09-13,5626,FALSE,TRUE
9868N4GB,Donn Cantrell,MG Advanced,Xx-zobam,Won,2017-09-03,2017-12-14,3595,FALSE,TRUE
JKAYQ4HQ,Elease Gluck,MG Special,Unknown Account,Engaging,2017-09-03,NA,NA,TRUE,FALSE
L5UKY73S,Gladys Colclough,GTX Pro,Treequote,Lost,2017-09-03,2017-11-04,0,FALSE,TRUE
7DDPLMQ5,Gladys Colclough,GTX Pro,Inity,Won,2017-09-03,2017-12-02,4981,FALSE,TRUE
DZP41ANW,Hayden Neloms,GTX Plus Basic,Unknown Account,Engaging,2017-09-03,NA,NA,TRUE,FALSE
GRYHHER0,Hayden Neloms,MG Special,Finhigh,Engaging,2017-09-03,NA,NA,FALSE,FALSE
4KVZVHNN,James Ascencio,GTX Basic,Hatfan,Won,2017-09-03,2017-09-14,524,FALSE,TRUE
ULWQ61OZ,James Ascencio,MG Special,Nam-zim,Won,2017-09-03,2017-12-06,54,FALSE,TRUE
FKU9TS06,Jonathan Berthelot,GTX Pro,Funholding,Won,2017-09-03,2017-09-16,5080,FALSE,TRUE
H8XH5MFQ,Kary Hendrixson,GTX Plus Pro,Unknown Account,Engaging,2017-09-03,NA,NA,TRUE,FALSE
OPFBXGFV,Markita Hansen,MG Special,Scotfind,Won,2017-09-03,2017-12-12,50,FALSE,TRUE
UCV49FYZ,Maureen Marcano,GTX Plus Pro,Nam-zim,Won,2017-09-03,2017-09-09,6656,FALSE,TRUE
F58R70DY,Reed Clapper,GTX Pro,Donquadtech,Won,2017-09-03,2017-09-10,4641,FALSE,TRUE
1H2PVLZ3,Rosalina Dieter,GTK 500,Xx-holding,Won,2017-09-03,2017-11-10,26186,FALSE,TRUE
YPM5PZMD,Vicki Laflamme,MG Special,Unknown Account,Engaging,2017-09-03,NA,NA,TRUE,FALSE
DV6WD759,Vicki Laflamme,MG Advanced,Newex,Won,2017-09-03,2017-09-14,4251,FALSE,TRUE
OGHK250E,Violet Mclelland,GTX Basic,Unknown Account,Engaging,2017-09-03,NA,NA,TRUE,FALSE
SBC67V5T,Violet Mclelland,MG Special,Ganjaflex,Won,2017-09-03,2017-09-11,51,FALSE,TRUE
IDGLZJRX,Violet Mclelland,MG Special,Gekko & Co,Won,2017-09-03,2017-11-09,62,FALSE,TRUE
VYG4BHEE,Zane Levy,GTX Basic,Golddex,Lost,2017-09-03,2017-11-01,0,FALSE,TRUE
YFTW9Z69,Anna Snelling,MG Advanced,Stanredtax,Lost,2017-09-04,2017-11-12,0,FALSE,TRUE
92IDH7MB,Anna Snelling,MG Special,Scottech,Won,2017-09-04,2017-11-21,58,FALSE,TRUE
NR1JSUPQ,Boris Faz,GTX Plus Basic,Donware,Won,2017-09-04,2017-11-11,973,FALSE,TRUE
ZNOARPNW,Boris Faz,GTX Plus Pro,Kinnamplus,Won,2017-09-04,2017-09-13,4954,FALSE,TRUE
FNKZKHTJ,Cassey Cress,GTX Pro,Condax,Won,2017-09-04,2017-09-06,5113,FALSE,TRUE
KXR63BV7,Corliss Cosme,GTX Pro,Unknown Account,Engaging,2017-09-04,NA,NA,TRUE,FALSE
UAVOPRPV,Corliss Cosme,GTX Plus Pro,Xx-zobam,Won,2017-09-04,2017-12-26,4631,FALSE,TRUE
VMUTS9GK,Daniell Hammack,GTX Plus Pro,Condax,Won,2017-09-04,2017-11-01,5807,FALSE,TRUE
SZPU1DSR,Darcel Schlecht,GTX Plus Basic,Hottechi,Lost,2017-09-04,2017-11-30,0,FALSE,TRUE
9EGLQG3N,Gladys Colclough,GTX Basic,Zumgoity,Won,2017-09-04,2017-12-14,640,FALSE,TRUE
BL23633Z,Gladys Colclough,MG Advanced,Konmatfix,Won,2017-09-04,2017-11-25,3830,FALSE,TRUE
87G25M68,James Ascencio,GTX Plus Pro,Cheers,Won,2017-09-04,2017-12-28,5285,FALSE,TRUE
8F3RA844,Jonathan Berthelot,GTX Pro,Betatech,Lost,2017-09-04,2017-11-19,0,FALSE,TRUE
VJ1FT11H,Kami Bicknell,GTX Basic,Xx-holding,Lost,2017-09-04,2017-11-18,0,FALSE,TRUE
TKI8MEZZ,Moses Frase,GTX Plus Basic,Domzoom,Won,2017-09-04,2017-12-31,975,FALSE,TRUE
QSHP9AHU,Moses Frase,GTX Plus Basic,Funholding,Won,2017-09-04,2017-12-13,847,FALSE,TRUE
MIDW7Q49,Niesha Huffines,MG Advanced,Rangreen,Won,2017-09-04,2017-12-15,2814,FALSE,TRUE
PW7QNSFG,Rosalina Dieter,MG Advanced,Lexiqvolax,Won,2017-09-04,2017-11-06,3275,FALSE,TRUE
WGYE40NI,Versie Hillebrand,MG Special,Betatech,Won,2017-09-04,2017-12-26,41,FALSE,TRUE
HLX6W646,Vicki Laflamme,GTX Plus Pro,Dalttechnology,Won,2017-09-04,2017-11-19,5185,FALSE,TRUE
6VMQQKLJ,Vicki Laflamme,GTX Pro,Dalttechnology,Won,2017-09-04,2017-09-15,5191,FALSE,TRUE
VKIR68JX,Violet Mclelland,GTX Plus Basic,Unknown Account,Engaging,2017-09-04,NA,NA,TRUE,FALSE
FYS6IZO4,Violet Mclelland,MG Special,Mathtouch,Won,2017-09-04,2017-11-07,59,FALSE,TRUE
7OSD4T24,Violet Mclelland,MG Special,Silis,Won,2017-09-04,2017-12-08,54,FALSE,TRUE
W533W8G6,Zane Levy,GTX Basic,Unknown Account,Engaging,2017-09-04,NA,NA,TRUE,FALSE
RW3CJO8D,Zane Levy,MG Advanced,Unknown Account,Engaging,2017-09-04,NA,NA,TRUE,FALSE
5E274CQS,Boris Faz,GTX Pro,Unknown Account,Engaging,2017-09-05,NA,NA,TRUE,FALSE
H29A7E6X,Corliss Cosme,GTX Plus Basic,Iselectrics,Won,2017-09-05,2017-11-17,1076,FALSE,TRUE
IDN254QN,Daniell Hammack,GTX Basic,Plussunin,Won,2017-09-05,2017-11-20,490,FALSE,TRUE
W3U1N1RV,Darcel Schlecht,GTX Plus Pro,dambase,Lost,2017-09-05,2017-11-24,0,FALSE,TRUE
5LPKNEEI,Darcel Schlecht,GTX Pro,Betatech,Lost,2017-09-05,2017-09-13,0,FALSE,TRUE
073UCD9F,Gladys Colclough,MG Special,Betatech,Lost,2017-09-05,2017-12-10,0,FALSE,TRUE
7GDSUY9K,Hayden Neloms,GTX Plus Pro,Konmatfix,Engaging,2017-09-05,NA,NA,FALSE,FALSE
H5J7C2FE,Kami Bicknell,GTX Basic,Unknown Account,Engaging,2017-09-05,NA,NA,TRUE,FALSE
DCZOTU5X,Kary Hendrixson,GTX Basic,Konex,Lost,2017-09-05,2017-11-13,0,FALSE,TRUE
KUJ5M6J3,Kary Hendrixson,GTX Pro,Labdrill,Won,2017-09-05,2017-12-27,5663,FALSE,TRUE
YGUOEIEG,Markita Hansen,GTX Plus Basic,Hottechi,Lost,2017-09-05,2017-11-06,0,FALSE,TRUE
1UW6ILCH,Maureen Marcano,GTX Basic,Bioplex,Engaging,2017-09-05,NA,NA,FALSE,FALSE
CRL6IB5Z,Niesha Huffines,GTX Plus Basic,Rundofase,Lost,2017-09-05,2017-11-26,0,FALSE,TRUE
STVHD67J,Niesha Huffines,GTX Plus Basic,Dontechi,Won,2017-09-05,2017-09-16,1166,FALSE,TRUE
I3TDKU30,Rosalina Dieter,MG Special,Nam-zim,Lost,2017-09-05,2017-09-14,0,FALSE,TRUE
YUVNXSSD,Versie Hillebrand,MG Special,Konmatfix,Lost,2017-09-05,2017-09-15,0,FALSE,TRUE
AZJXZFMR,Versie Hillebrand,MG Special,Rangreen,Lost,2017-09-05,2017-11-26,0,FALSE,TRUE
2WPEOPIF,Vicki Laflamme,GTX Basic,Lexiqvolax,Won,2017-09-05,2017-12-04,491,FALSE,TRUE
XMCRTC2K,Vicki Laflamme,GTX Plus Pro,Green-Plus,Won,2017-09-05,2017-11-07,5532,FALSE,TRUE
ZDVZB8PX,Vicki Laflamme,MG Advanced,Blackzim,Won,2017-09-05,2017-11-14,3930,FALSE,TRUE
5JS6JI3P,Vicki Laflamme,MG Advanced,Labdrill,Won,2017-09-05,2017-11-21,2689,FALSE,TRUE
X6NSKI7H,Cassey Cress,GTX Basic,Unknown Account,Engaging,2017-09-06,NA,NA,TRUE,FALSE
FH30JK3J,Cassey Cress,GTX Plus Basic,Ontomedia,Engaging,2017-09-06,NA,NA,FALSE,FALSE
ZPXE49AP,Daniell Hammack,GTX Basic,Unknown Account,Engaging,2017-09-06,NA,NA,TRUE,FALSE
8DPUST4Y,Darcel Schlecht,GTX Pro,Codehow,Won,2017-09-06,2017-11-19,5987,FALSE,TRUE
L1QNLM08,Darcel Schlecht,GTX Pro,Treequote,Won,2017-09-06,2017-12-30,5141,FALSE,TRUE
S4YQYJPM,Darcel Schlecht,MG Special,Codehow,Won,2017-09-06,2017-09-13,48,FALSE,TRUE
6BQMENQR,Donn Cantrell,GTX Pro,Plussunin,Lost,2017-09-06,2017-11-03,0,FALSE,TRUE
XAS0EL71,Donn Cantrell,MG Advanced,Xx-zobam,Won,2017-09-06,2017-09-20,3206,FALSE,TRUE
GQNM1QP8,Elease Gluck,MG Special,Labdrill,Won,2017-09-06,2017-11-29,61,FALSE,TRUE
9CK2HTJP,Garret Kinder,GTX Plus Basic,Acme Corporation,Lost,2017-09-06,2017-12-04,0,FALSE,TRUE
J96E49Z1,Gladys Colclough,GTX Pro,Konmatfix,Won,2017-09-06,2017-11-22,5078,FALSE,TRUE
X96KGPI8,Jonathan Berthelot,GTX Basic,Statholdings,Lost,2017-09-06,2017-11-19,0,FALSE,TRUE
JJDL1F8R,Jonathan Berthelot,GTX Basic,Streethex,Won,2017-09-06,2017-11-07,532,FALSE,TRUE
U1XSUD1P,Kami Bicknell,GTX Basic,Unknown Account,Engaging,2017-09-06,NA,NA,TRUE,FALSE
0J24X1Y0,Kami Bicknell,MG Special,Lexiqvolax,Won,2017-09-06,2017-09-15,56,FALSE,TRUE
OM8LELJW,Kary Hendrixson,GTX Basic,Iselectrics,Engaging,2017-09-06,NA,NA,FALSE,FALSE
SEYFLN8Y,Markita Hansen,GTX Plus Basic,Scotfind,Won,2017-09-06,2017-12-09,1182,FALSE,TRUE
EID3MR9L,Marty Freudenburg,GTX Plus Pro,Funholding,Won,2017-09-06,2017-12-20,5788,FALSE,TRUE
ID2VJE8V,Versie Hillebrand,MG Special,Streethex,Lost,2017-09-06,2017-09-13,0,FALSE,TRUE
T3W0Z8KP,Versie Hillebrand,MG Special,Cancity,Won,2017-09-06,2017-09-12,61,FALSE,TRUE
2WZU46RL,Vicki Laflamme,GTX Pro,Scotfind,Won,2017-09-06,2017-12-16,5115,FALSE,TRUE
576N6HHJ,Vicki Laflamme,GTX Pro,Y-corporation,Won,2017-09-06,2017-09-15,5227,FALSE,TRUE
WEES59KH,Violet Mclelland,MG Special,Unknown Account,Engaging,2017-09-06,NA,NA,TRUE,FALSE
WOS93VI5,Wilburn Farren,GTX Plus Basic,Zathunicon,Won,2017-09-06,2017-12-06,1144,FALSE,TRUE
95YT659K,Zane Levy,MG Special,Groovestreet,Engaging,2017-09-06,NA,NA,FALSE,FALSE
RKI7OEP9,Anna Snelling,MG Special,Statholdings,Lost,2017-09-07,2017-11-18,0,FALSE,TRUE
D9CS7EIY,Anna Snelling,GTX Plus Basic,Ron-tech,Won,2017-09-07,2017-12-12,1249,FALSE,TRUE
IOPIJ6C6,Boris Faz,GTX Plus Basic,Unknown Account,Engaging,2017-09-07,NA,NA,TRUE,FALSE
J1VGTXQS,Boris Faz,GTX Plus Basic,Sumace,Won,2017-09-07,2017-12-03,1106,FALSE,TRUE
T87FD71P,Cassey Cress,GTX Plus Basic,Bubba Gump,Won,2017-09-07,2017-11-18,1251,FALSE,TRUE
P4PX93RN,Corliss Cosme,GTX Pro,Plussunin,Lost,2017-09-07,2017-11-18,0,FALSE,TRUE
RLJI4F93,Corliss Cosme,GTX Pro,Donware,Won,2017-09-07,2017-09-18,4975,FALSE,TRUE
AE306TJU,Corliss Cosme,MG Special,Umbrella Corporation,Won,2017-09-07,2017-09-17,54,FALSE,TRUE
D3BO9JDM,Darcel Schlecht,GTX Pro,Ron-tech,Won,2017-09-07,2017-11-09,3975,FALSE,TRUE
DPDUK8RG,Darcel Schlecht,MG Advanced,Codehow,Won,2017-09-07,2017-09-12,2969,FALSE,TRUE
AR35V2L2,Garret Kinder,GTX Basic,Sumace,Won,2017-09-07,2017-09-13,558,FALSE,TRUE
FAKATVRQ,Gladys Colclough,GTX Pro,Isdom,Lost,2017-09-07,2017-11-29,0,FALSE,TRUE
9SU2A73Y,Jonathan Berthelot,GTX Basic,Betatech,Won,2017-09-07,2017-09-18,585,FALSE,TRUE
98R4AZA8,Kary Hendrixson,GTX Basic,Plexzap,Won,2017-09-07,2017-12-17,566,FALSE,TRUE
9FE75D1D,Markita Hansen,GTX Pro,Scotfind,Won,2017-09-07,2017-11-16,4722,FALSE,TRUE
S5NVSXEX,Moses Frase,GTX Plus Basic,Condax,Won,2017-09-07,2017-12-11,1033,FALSE,TRUE
C6F5DTFR,Niesha Huffines,GTX Basic,Dontechi,Won,2017-09-07,2017-12-19,587,FALSE,TRUE
R4X2MOO1,Reed Clapper,GTX Plus Pro,Silis,Lost,2017-09-07,2017-11-27,0,FALSE,TRUE
QEZ2X87C,Rosalina Dieter,MG Special,Iselectrics,Engaging,2017-09-07,NA,NA,FALSE,FALSE
8FULX0EA,Versie Hillebrand,MG Special,Funholding,Won,2017-09-07,2017-11-02,62,FALSE,TRUE
WA5NRVIG,Versie Hillebrand,MG Special,Konmatfix,Won,2017-09-07,2017-12-12,54,FALSE,TRUE
XO7D3NYR,Vicki Laflamme,GTX Basic,Condax,Won,2017-09-07,2017-11-03,499,FALSE,TRUE
ZN8LHN9B,Wilburn Farren,GTX Plus Pro,Zotware,Lost,2017-09-07,2017-11-17,0,FALSE,TRUE
S8FODURJ,Zane Levy,GTX Basic,Nam-zim,Engaging,2017-09-07,NA,NA,FALSE,FALSE
BFH34LVO,Zane Levy,GTX Basic,Faxquote,Won,2017-09-07,2017-11-26,458,FALSE,TRUE
QHVGK8DM,Zane Levy,MG Special,Condax,Won,2017-09-07,2017-11-30,61,FALSE,TRUE
BALJ5E9J,Anna Snelling,MG Special,Treequote,Lost,2017-09-08,2017-12-17,0,FALSE,TRUE
3Y6REURA,Anna Snelling,GTX Plus Pro,Funholding,Won,2017-09-08,2017-09-24,5600,FALSE,TRUE
3UI5JBOA,Boris Faz,GTX Plus Pro,Umbrella Corporation,Lost,2017-09-08,2017-11-19,0,FALSE,TRUE
8AKZH8QS,Boris Faz,GTX Plus Basic,Zotware,Won,2017-09-08,2017-12-17,1259,FALSE,TRUE
FAS1KT97,Boris Faz,GTX Plus Basic,Zotware,Won,2017-09-08,2017-09-14,1114,FALSE,TRUE
RAPX57I3,Boris Faz,MG Special,Kinnamplus,Won,2017-09-08,2017-11-25,57,FALSE,TRUE
UZ4JMG8Z,Cassey Cress,GTX Plus Basic,Donquadtech,Lost,2017-09-08,2017-11-25,0,FALSE,TRUE
PV411N8I,Cecily Lampkin,MG Special,Scottech,Lost,2017-09-08,2017-11-17,0,FALSE,TRUE
C58775JM,Corliss Cosme,GTX Pro,Bluth Company,Lost,2017-09-08,2017-12-30,0,FALSE,TRUE
A2PIOJWL,Daniell Hammack,GTX Pro,Betasoloin,Lost,2017-09-08,2017-09-19,0,FALSE,TRUE
SSEOGPPI,Darcel Schlecht,MG Advanced,Funholding,Won,2017-09-08,2017-09-10,3346,FALSE,TRUE
5MFY1D4C,Donn Cantrell,GTX Basic,Kan-code,Lost,2017-09-08,2017-09-18,0,FALSE,TRUE
PQLMEIG0,Donn Cantrell,GTX Basic,Kan-code,Lost,2017-09-08,2017-09-22,0,FALSE,TRUE
6CV2KEKP,Donn Cantrell,MG Advanced,Ontomedia,Lost,2017-09-08,2017-09-16,0,FALSE,TRUE
FQD0IJBC,Elease Gluck,GTX Basic,Green-Plus,Lost,2017-09-08,2017-11-25,0,FALSE,TRUE
EJGRLQP8,James Ascencio,GTX Pro,Unknown Account,Engaging,2017-09-08,NA,NA,TRUE,FALSE
8DDR4MUL,James Ascencio,MG Advanced,Unknown Account,Engaging,2017-09-08,NA,NA,TRUE,FALSE
E28C318S,James Ascencio,GTX Basic,Newex,Won,2017-09-08,2017-11-04,546,FALSE,TRUE
6BUW3ZVC,Jonathan Berthelot,GTX Basic,Bioholding,Lost,2017-09-08,2017-11-04,0,FALSE,TRUE
ZW5XV2QY,Kami Bicknell,GTX Basic,Cheers,Lost,2017-09-08,2017-11-14,0,FALSE,TRUE
MOSX49BG,Kami Bicknell,GTX Basic,Finjob,Won,2017-09-08,2017-11-24,596,FALSE,TRUE
BDEP8ZEH,Kary Hendrixson,GTX Plus Basic,Sonron,Lost,2017-09-08,2017-12-21,0,FALSE,TRUE
WSKZBAYI,Kary Hendrixson,GTX Plus Basic,Fasehatice,Won,2017-09-08,2017-12-08,1171,FALSE,TRUE
19H5KFIC,Marty Freudenburg,GTX Plus Basic,Globex Corporation,Won,2017-09-08,2017-12-03,1021,FALSE,TRUE
H0RRUQZ6,Maureen Marcano,MG Special,Unknown Account,Engaging,2017-09-08,NA,NA,TRUE,FALSE
7PCCI1U2,Reed Clapper,MG Advanced,Kan-code,Lost,2017-09-08,2017-11-17,0,FALSE,TRUE
8XXD2LMP,Rosie Papadopoulos,GTX Plus Pro,Donquadtech,Lost,2017-09-08,2017-12-02,0,FALSE,TRUE
USNQY75J,Zane Levy,MG Special,Fasehatice,Lost,2017-09-08,2017-11-04,0,FALSE,TRUE
EI7DU48C,Zane Levy,MG Advanced,Kan-code,Lost,2017-09-08,2017-12-14,0,FALSE,TRUE
1A1BI5VB,Boris Faz,GTX Pro,Mathtouch,Won,2017-09-09,2017-09-22,4609,FALSE,TRUE
UYJVA76O,Cassey Cress,GTX Plus Basic,Zathunicon,Lost,2017-09-09,2017-11-21,0,FALSE,TRUE
DR2H05BG,Cecily Lampkin,GTX Basic,Bioholding,Won,2017-09-09,2017-09-22,600,FALSE,TRUE
M765WQ4W,Corliss Cosme,GTX Pro,Konex,Won,2017-09-09,2017-09-13,5067,FALSE,TRUE
2PXZ68OA,Darcel Schlecht,GTX Pro,Scottech,Won,2017-09-09,2017-12-05,5127,FALSE,TRUE
TDVM9PDL,Donn Cantrell,GTX Basic,Ganjaflex,Won,2017-09-09,2017-12-26,547,FALSE,TRUE
LBYGH8WS,Garret Kinder,GTX Plus Pro,Plussunin,Lost,2017-09-09,2017-09-27,0,FALSE,TRUE
NJC4XMEN,James Ascencio,GTX Plus Basic,Initech,Engaging,2017-09-09,NA,NA,FALSE,FALSE
OBCBK0XR,Kami Bicknell,MG Advanced,Faxquote,Lost,2017-09-09,2017-11-30,0,FALSE,TRUE
IX8AYR6F,Kami Bicknell,GTX Basic,Faxquote,Won,2017-09-09,2017-12-14,582,FALSE,TRUE
4LVXK5H1,Kami Bicknell,GTX Plus Basic,J-Texon,Won,2017-09-09,2017-09-25,1047,FALSE,TRUE
O5CWW9P3,Lajuana Vencill,MG Special,Funholding,Lost,2017-09-09,2017-11-21,0,FALSE,TRUE
IMLFM79C,Markita Hansen,GTX Plus Basic,Unknown Account,Engaging,2017-09-09,NA,NA,TRUE,FALSE
DPXZ0ONG,Niesha Huffines,GTX Pro,Finhigh,Lost,2017-09-09,2017-11-15,0,FALSE,TRUE
2LOQKW1C,Niesha Huffines,GTX Basic,Domzoom,Won,2017-09-09,2017-09-24,568,FALSE,TRUE
MA1LQG9S,Niesha Huffines,GTX Plus Pro,Inity,Won,2017-09-09,2017-11-27,6255,FALSE,TRUE
YR4EFQ4C,Reed Clapper,GTX Pro,Bubba Gump,Won,2017-09-09,2017-12-03,4647,FALSE,TRUE
KB7DTUXO,Rosie Papadopoulos,GTX Pro,Vehement Capital Partners,Won,2017-09-09,2017-11-08,5042,FALSE,TRUE
JMQRT3TC,Versie Hillebrand,MG Special,Dontechi,Won,2017-09-09,2017-12-31,57,FALSE,TRUE
XETHS437,Versie Hillebrand,MG Special,Rundofase,Won,2017-09-09,2017-12-07,53,FALSE,TRUE
6EYTZB6F,Versie Hillebrand,MG Advanced,Konmatfix,Won,2017-09-09,2017-12-12,3811,FALSE,TRUE
DXY9EZ55,Vicki Laflamme,GTX Basic,Hottechi,Won,2017-09-09,2017-12-12,456,FALSE,TRUE
ESZPH44N,Violet Mclelland,GTX Pro,Mathtouch,Lost,2017-09-09,2017-12-19,0,FALSE,TRUE
ITDTMROU,Cassey Cress,MG Advanced,Xx-zobam,Won,2017-09-10,2017-12-05,3371,FALSE,TRUE
IFO74RWI,Cecily Lampkin,GTX Plus Basic,Treequote,Won,2017-09-10,2017-11-29,1151,FALSE,TRUE
4O6T16XI,Cecily Lampkin,MG Advanced,Scottech,Won,2017-09-10,2017-12-25,3748,FALSE,TRUE
SUPA1RHK,Corliss Cosme,GTX Plus Pro,Umbrella Corporation,Won,2017-09-10,2017-09-15,5717,FALSE,TRUE
MDHD11QD,Corliss Cosme,GTX Pro,Donquadtech,Won,2017-09-10,2017-09-15,5027,FALSE,TRUE
PERK5YXJ,Daniell Hammack,GTX Plus Basic,Iselectrics,Won,2017-09-10,2017-12-13,1111,FALSE,TRUE
MUUNQNG2,Darcel Schlecht,GTX Plus Basic,Bioholding,Won,2017-09-10,2017-09-17,1159,FALSE,TRUE
J1SCD7QL,Darcel Schlecht,MG Advanced,Rangreen,Won,2017-09-10,2017-11-06,3251,FALSE,TRUE
9LILLW96,Garret Kinder,GTX Plus Pro,Bubba Gump,Lost,2017-09-10,2017-11-01,0,FALSE,TRUE
R0DKB8FJ,Gladys Colclough,MG Advanced,Genco Pura Olive Oil Company,Lost,2017-09-10,2017-12-07,0,FALSE,TRUE
S5R9O6TL,Gladys Colclough,GTX Plus Basic,Codehow,Won,2017-09-10,2017-12-18,1083,FALSE,TRUE
N78A330G,Gladys Colclough,MG Special,Bioholding,Won,2017-09-10,2017-11-08,54,FALSE,TRUE
ZGW9SCQ0,Hayden Neloms,MG Advanced,Unknown Account,Engaging,2017-09-10,NA,NA,TRUE,FALSE
ZHI12PI4,Hayden Neloms,MG Advanced,Blackzim,Won,2017-09-10,2017-12-29,3302,FALSE,TRUE
34XWXEQE,James Ascencio,GTX Pro,Unknown Account,Engaging,2017-09-10,NA,NA,TRUE,FALSE
38ZR3URJ,James Ascencio,GTX Basic,Golddex,Won,2017-09-10,2017-11-25,552,FALSE,TRUE
6DJ817MW,James Ascencio,GTX Basic,Singletechno,Won,2017-09-10,2017-11-16,468,FALSE,TRUE
9HCLI5PO,Jonathan Berthelot,GTX Basic,dambase,Lost,2017-09-10,2017-11-17,0,FALSE,TRUE
PRY70ISY,Jonathan Berthelot,GTX Basic,Hottechi,Lost,2017-09-10,2017-12-04,0,FALSE,TRUE
8NG46N94,Kami Bicknell,GTX Pro,Unknown Account,Engaging,2017-09-10,NA,NA,TRUE,FALSE
CS2ZS0B4,Kami Bicknell,GTX Plus Pro,Rantouch,Lost,2017-09-10,2017-09-27,0,FALSE,TRUE
R7LGVRHC,Kami Bicknell,GTX Pro,J-Texon,Won,2017-09-10,2017-11-12,4467,FALSE,TRUE
3KLVZN6M,Kary Hendrixson,GTX Basic,Cheers,Won,2017-09-10,2017-12-05,538,FALSE,TRUE
WGSLK719,Kary Hendrixson,MG Advanced,Y-corporation,Won,2017-09-10,2017-12-12,3021,FALSE,TRUE
0MMDQ1OR,Lajuana Vencill,GTX Basic,Codehow,Won,2017-09-10,2017-11-12,511,FALSE,TRUE
SMQV0BRI,Maureen Marcano,GTX Plus Pro,Blackzim,Won,2017-09-10,2017-09-21,5832,FALSE,TRUE
XT8HCGAD,Rosalina Dieter,MG Special,Bubba Gump,Engaging,2017-09-10,NA,NA,FALSE,FALSE
WIQQUZRQ,Rosalina Dieter,MG Special,Unknown Account,Engaging,2017-09-10,NA,NA,TRUE,FALSE
X56STCJP,Versie Hillebrand,GTX Plus Pro,Inity,Lost,2017-09-10,2017-09-30,0,FALSE,TRUE
K214R7RK,Versie Hillebrand,MG Advanced,Conecom,Lost,2017-09-10,2017-11-24,0,FALSE,TRUE
NR9UD54C,Versie Hillebrand,MG Special,Warephase,Won,2017-09-10,2017-11-27,50,FALSE,TRUE
GTXI4PAR,Vicki Laflamme,MG Advanced,Scotfind,Lost,2017-09-10,2017-11-24,0,FALSE,TRUE
T94JAB4C,Vicki Laflamme,MG Special,Plexzap,Won,2017-09-10,2017-11-22,58,FALSE,TRUE
8YOOE8I5,Violet Mclelland,GTX Basic,Umbrella Corporation,Lost,2017-09-10,2017-11-24,0,FALSE,TRUE
8G2OTKLL,Violet Mclelland,MG Special,Mathtouch,Won,2017-09-10,2017-09-27,66,FALSE,TRUE
LOHJU3OB,Zane Levy,GTX Pro,Unknown Account,Engaging,2017-09-10,NA,NA,TRUE,FALSE
LW0Z6TMR,Anna Snelling,GTX Basic,Finhigh,Lost,2017-09-11,2017-09-13,0,FALSE,TRUE
R3NAMX4P,Anna Snelling,GTX Plus Pro,Toughzap,Lost,2017-09-11,2017-11-14,0,FALSE,TRUE
VYJ20GOM,Anna Snelling,MG Special,Cancity,Won,2017-09-11,2017-11-17,44,FALSE,TRUE
GIWI7CWJ,Boris Faz,GTX Plus Basic,Konex,Won,2017-09-11,2017-12-30,1140,FALSE,TRUE
VTO3SNNX,Cassey Cress,GTX Plus Pro,Zencorporation,Won,2017-09-11,2017-09-21,5245,FALSE,TRUE
OVPNOM6O,Cecily Lampkin,GTX Plus Pro,Gogozoom,Won,2017-09-11,2017-12-04,5520,FALSE,TRUE
0558PJL2,Corliss Cosme,GTX Basic,Unknown Account,Engaging,2017-09-11,NA,NA,TRUE,FALSE
JB60NPU9,Corliss Cosme,GTX Pro,Unknown Account,Engaging,2017-09-11,NA,NA,TRUE,FALSE
6KM4E0V1,Darcel Schlecht,GTX Plus Pro,Inity,Lost,2017-09-11,2017-11-19,0,FALSE,TRUE
QWIPE5FB,Darcel Schlecht,GTX Pro,Ron-tech,Lost,2017-09-11,2017-11-14,0,FALSE,TRUE
BZPU6P5P,Garret Kinder,MG Special,Yearin,Lost,2017-09-11,2017-12-23,0,FALSE,TRUE
ZCFAVNF3,Gladys Colclough,MG Special,Streethex,Won,2017-09-11,2017-09-20,53,FALSE,TRUE
77IBMLTB,James Ascencio,GTX Plus Pro,Unknown Account,Engaging,2017-09-11,NA,NA,TRUE,FALSE
RDMKSDT0,Kami Bicknell,GTX Plus Pro,Plusstrip,Won,2017-09-11,2017-12-10,4872,FALSE,TRUE
QPCY8RU0,Kary Hendrixson,GTX Basic,Doncon,Lost,2017-09-11,2017-11-24,0,FALSE,TRUE
Y93GK95W,Markita Hansen,MG Advanced,Hatfan,Won,2017-09-11,2017-09-21,3138,FALSE,TRUE
ZPB5KNCD,Maureen Marcano,GTX Basic,Finjob,Lost,2017-09-11,2017-09-28,0,FALSE,TRUE
ZDAJ4PFJ,Moses Frase,GTX Basic,Bioholding,Won,2017-09-11,2017-12-03,513,FALSE,TRUE
7VHJG9J1,Reed Clapper,GTX Plus Basic,Iselectrics,Lost,2017-09-11,2017-12-28,0,FALSE,TRUE
S2XTTF3B,Rosalina Dieter,MG Special,Unknown Account,Engaging,2017-09-11,NA,NA,TRUE,FALSE
8XY5IA68,Rosie Papadopoulos,GTX Pro,Sonron,Engaging,2017-09-11,NA,NA,FALSE,FALSE
EHPG1PNC,Violet Mclelland,GTX Basic,Kan-code,Won,2017-09-11,2017-12-18,644,FALSE,TRUE
RKOQZJZR,Zane Levy,GTX Plus Basic,J-Texon,Engaging,2017-09-11,NA,NA,FALSE,FALSE
3CJMQNT0,Zane Levy,GTX Pro,Lexiqvolax,Lost,2017-09-11,2017-11-14,0,FALSE,TRUE
1MTLDVU8,Zane Levy,GTX Basic,Newex,Won,2017-09-11,2017-09-19,560,FALSE,TRUE
4Z7LYTKN,Anna Snelling,GTX Plus Pro,Treequote,Lost,2017-09-12,2017-12-06,0,FALSE,TRUE
MX0QEMEB,Anna Snelling,MG Advanced,Statholdings,Lost,2017-09-12,2017-11-27,0,FALSE,TRUE
Y25T06D2,Anna Snelling,GTX Plus Basic,dambase,Won,2017-09-12,2017-12-26,866,FALSE,TRUE
JY5LPMSJ,Boris Faz,GTX Plus Basic,Plussunin,Lost,2017-09-12,2017-09-19,0,FALSE,TRUE
8V5OCDHN,Cassey Cress,GTX Basic,Unknown Account,Engaging,2017-09-12,NA,NA,TRUE,FALSE
YND6FAFG,Corliss Cosme,MG Special,Kan-code,Lost,2017-09-12,2017-12-01,0,FALSE,TRUE
D4PEXI47,Darcel Schlecht,GTX Pro,Inity,Lost,2017-09-12,2017-11-15,0,FALSE,TRUE
WRSA8PVU,Darcel Schlecht,GTX Basic,Finhigh,Won,2017-09-12,2017-12-16,626,FALSE,TRUE
965CJ4YG,Darcel Schlecht,GTX Pro,Toughzap,Won,2017-09-12,2017-12-03,4079,FALSE,TRUE
ML5QMJPM,Garret Kinder,MG Advanced,Konex,Won,2017-09-12,2017-12-05,3497,FALSE,TRUE
EWEW7ZMQ,Garret Kinder,MG Advanced,Opentech,Won,2017-09-12,2017-11-16,3072,FALSE,TRUE
JY8W2PKW,Gladys Colclough,MG Advanced,Genco Pura Olive Oil Company,Lost,2017-09-12,2017-12-15,0,FALSE,TRUE
JFBWABB1,Hayden Neloms,MG Advanced,Labdrill,Won,2017-09-12,2017-11-26,3473,FALSE,TRUE
A0Z6FYRO,Jonathan Berthelot,GTX Basic,Conecom,Won,2017-09-12,2017-09-19,530,FALSE,TRUE
51AC0Q99,Jonathan Berthelot,GTX Plus Basic,Gogozoom,Won,2017-09-12,2017-12-16,1066,FALSE,TRUE
897MKBP9,Jonathan Berthelot,MG Special,Cancity,Won,2017-09-12,2017-12-18,64,FALSE,TRUE
Y5IRSKVA,Jonathan Berthelot,MG Special,Rangreen,Won,2017-09-12,2017-12-25,59,FALSE,TRUE
QS440NN9,Kary Hendrixson,GTX Plus Basic,Goodsilron,Won,2017-09-12,2017-11-30,1077,FALSE,TRUE
JOKH5C6I,Kary Hendrixson,GTX Pro,Sunnamplex,Won,2017-09-12,2017-11-21,4999,FALSE,TRUE
1MZ8GDLF,Marty Freudenburg,MG Special,Betatech,Won,2017-09-12,2017-09-21,72,FALSE,TRUE
64SDWSQH,Maureen Marcano,GTX Plus Pro,Kan-code,Won,2017-09-12,2017-09-20,4870,FALSE,TRUE
XS7CNY5H,Reed Clapper,GTX Plus Basic,Initech,Lost,2017-09-12,2017-09-20,0,FALSE,TRUE
U0SS8E43,Reed Clapper,GTX Pro,Zencorporation,Lost,2017-09-12,2017-12-18,0,FALSE,TRUE
2MH79C2B,Versie Hillebrand,MG Special,Konmatfix,Won,2017-09-12,2017-09-26,54,FALSE,TRUE
3YZFYEMI,Versie Hillebrand,MG Special,Toughzap,Won,2017-09-12,2017-12-09,50,FALSE,TRUE
I35REHYN,Vicki Laflamme,GTX Basic,Genco Pura Olive Oil Company,Engaging,2017-09-12,NA,NA,FALSE,FALSE
Y3AAS62P,Vicki Laflamme,GTX Plus Basic,Zoomit,Engaging,2017-09-12,NA,NA,FALSE,FALSE
BPPV8ZSB,Vicki Laflamme,MG Special,Xx-holding,Lost,2017-09-12,2017-11-01,0,FALSE,TRUE
3NC5XSDF,Violet Mclelland,MG Advanced,Unknown Account,Engaging,2017-09-12,NA,NA,TRUE,FALSE
DRJG2FVR,Violet Mclelland,GTX Plus Pro,Initech,Lost,2017-09-12,2017-09-15,0,FALSE,TRUE
SWXO4J19,Zane Levy,GTX Plus Basic,Konex,Won,2017-09-12,2017-11-20,1029,FALSE,TRUE
07DPEL0B,Anna Snelling,GTX Basic,Cancity,Won,2017-09-13,2017-11-25,629,FALSE,TRUE
5X3TSUA9,Cassey Cress,GTX Plus Basic,Unknown Account,Engaging,2017-09-13,NA,NA,TRUE,FALSE
7GDRCAJR,Cassey Cress,GTX Basic,Iselectrics,Won,2017-09-13,2017-09-24,600,FALSE,TRUE
EJ8YBRD3,Corliss Cosme,GTX Basic,Konex,Lost,2017-09-13,2017-11-03,0,FALSE,TRUE
G7HADWB0,Corliss Cosme,GTX Pro,Kinnamplus,Won,2017-09-13,2017-09-18,4535,FALSE,TRUE
9DY57A6F,Daniell Hammack,GTX Pro,Unknown Account,Engaging,2017-09-13,NA,NA,TRUE,FALSE
M3IFAMV2,Donn Cantrell,MG Advanced,Ontomedia,Lost,2017-09-13,2017-11-29,0,FALSE,TRUE
65AT4VFM,Elease Gluck,MG Special,Dalttechnology,Lost,2017-09-13,2017-09-19,0,FALSE,TRUE
H6SE0L31,Gladys Colclough,GTX Pro,Conecom,Won,2017-09-13,2017-09-29,4805,FALSE,TRUE
ZQC7YA4X,Kami Bicknell,GTX Pro,Kan-code,Lost,2017-09-13,2017-11-17,0,FALSE,TRUE
J9V49YC3,Kary Hendrixson,GTX Plus Pro,Labdrill,Won,2017-09-13,2017-12-12,5158,FALSE,TRUE
H3ZS0FBT,Marty Freudenburg,GTX Basic,Cancity,Won,2017-09-13,2017-11-21,477,FALSE,TRUE
GIIHTQGY,Maureen Marcano,GTX Plus Pro,Lexiqvolax,Won,2017-09-13,2017-11-16,4972,FALSE,TRUE
0LTBCZHI,Niesha Huffines,MG Advanced,Treequote,Won,2017-09-13,2017-11-30,3902,FALSE,TRUE
8U0BUWUQ,Reed Clapper,GTX Plus Basic,Plussunin,Won,2017-09-13,2017-12-14,1176,FALSE,TRUE
ROD5WJDM,Reed Clapper,GTX Pro,Yearin,Won,2017-09-13,2017-12-14,4140,FALSE,TRUE
86GSJWQW,Rosalina Dieter,MG Special,Golddex,Won,2017-09-13,2017-11-30,54,FALSE,TRUE
EQ0PLA0O,Vicki Laflamme,MG Special,Unknown Account,Engaging,2017-09-13,NA,NA,TRUE,FALSE
B7BT5DB8,Vicki Laflamme,MG Special,Dalttechnology,Won,2017-09-13,2017-11-29,51,FALSE,TRUE
NJTWATVH,Zane Levy,GTX Basic,Labdrill,Won,2017-09-13,2017-09-21,518,FALSE,TRUE
ZLIQCT7V,Zane Levy,GTX Basic,Sonron,Won,2017-09-13,2017-12-06,505,FALSE,TRUE
0U0GUDIX,Anna Snelling,GTX Plus Pro,Stanredtax,Won,2017-09-14,2017-09-18,5421,FALSE,TRUE
MN4ZHCUZ,Cassey Cress,GTX Pro,Kan-code,Won,2017-09-14,2017-11-23,3822,FALSE,TRUE
06H63NKF,Darcel Schlecht,GTX Pro,Conecom,Lost,2017-09-14,2017-11-20,0,FALSE,TRUE
GBRQN296,Donn Cantrell,MG Advanced,Ontomedia,Won,2017-09-14,2017-12-17,3331,FALSE,TRUE
RBHXB5V5,Hayden Neloms,MG Special,Zoomit,Lost,2017-09-14,2017-11-27,0,FALSE,TRUE
59O0CDJE,James Ascencio,GTX Basic,Newex,Won,2017-09-14,2017-12-20,504,FALSE,TRUE
RU9Y6GR1,James Ascencio,GTX Plus Basic,Plexzap,Won,2017-09-14,2017-12-10,1117,FALSE,TRUE
GIZAD3ZN,James Ascencio,GTX Pro,Lexiqvolax,Won,2017-09-14,2017-12-07,5230,FALSE,TRUE
6CXJOT2A,Kami Bicknell,GTX Pro,Fasehatice,Won,2017-09-14,2017-09-16,4844,FALSE,TRUE
Y9NTV3K5,Kami Bicknell,MG Advanced,Labdrill,Won,2017-09-14,2017-09-23,3596,FALSE,TRUE
GPVQIS5U,Kary Hendrixson,GTX Pro,Plexzap,Lost,2017-09-14,2017-09-30,0,FALSE,TRUE
LI9RCAQ6,Kary Hendrixson,GTX Pro,Scotfind,Won,2017-09-14,2017-11-01,4593,FALSE,TRUE
DT8SWPLT,Lajuana Vencill,GTX Basic,dambase,Won,2017-09-14,2017-12-12,545,FALSE,TRUE
URRBXP0V,Lajuana Vencill,MG Advanced,Rangreen,Won,2017-09-14,2017-11-08,3362,FALSE,TRUE
CNAQ6R7T,Marty Freudenburg,GTX Plus Basic,Bioholding,Won,2017-09-14,2017-12-14,1086,FALSE,TRUE
VRWH3YJV,Maureen Marcano,GTX Plus Pro,Unknown Account,Engaging,2017-09-14,NA,NA,TRUE,FALSE
FBYWCLLS,Reed Clapper,GTX Basic,Acme Corporation,Lost,2017-09-14,2017-09-28,0,FALSE,TRUE
ZJAIST7C,Rosie Papadopoulos,GTX Pro,Konex,Won,2017-09-14,2017-12-31,5153,FALSE,TRUE
8EQRW9H5,Versie Hillebrand,MG Special,Konmatfix,Lost,2017-09-14,2017-11-29,0,FALSE,TRUE
F0KWRLK1,Vicki Laflamme,GTX Pro,Konex,Won,2017-09-14,2017-11-15,5348,FALSE,TRUE
JBECEURV,Zane Levy,GTX Basic,Unknown Account,Engaging,2017-09-14,NA,NA,TRUE,FALSE
HHP6R0IX,Zane Levy,GTX Pro,Finjob,Won,2017-09-14,2017-11-05,5170,FALSE,TRUE
XMRZQ8PR,Zane Levy,GTX Pro,Scotfind,Won,2017-09-14,2017-09-25,4050,FALSE,TRUE
ER0U0TOC,Corliss Cosme,GTX Basic,Unknown Account,Engaging,2017-09-15,NA,NA,TRUE,FALSE
77JIGDNZ,Daniell Hammack,GTX Plus Basic,Bubba Gump,Lost,2017-09-15,2017-12-07,0,FALSE,TRUE
DK6L8Y0Y,Daniell Hammack,GTX Plus Basic,Vehement Capital Partners,Won,2017-09-15,2017-09-29,1221,FALSE,TRUE
KA6SVT1C,Darcel Schlecht,MG Advanced,Toughzap,Lost,2017-09-15,2017-11-16,0,FALSE,TRUE
8ARRIREI,Darcel Schlecht,GTX Plus Pro,Warephase,Won,2017-09-15,2017-12-09,5669,FALSE,TRUE
W3LRLMKP,Gladys Colclough,GTX Plus Pro,Finhigh,Won,2017-09-15,2017-12-19,5385,FALSE,TRUE
HQKUH8XA,Markita Hansen,GTX Basic,Hottechi,Lost,2017-09-15,2017-12-27,0,FALSE,TRUE
6R6T68GL,Markita Hansen,MG Special,Zoomit,Won,2017-09-15,2017-12-09,48,FALSE,TRUE
PGT70Q4T,Markita Hansen,MG Advanced,Plexzap,Won,2017-09-15,2017-12-01,3663,FALSE,TRUE
24K085JJ,Maureen Marcano,GTX Plus Basic,Unknown Account,Engaging,2017-09-15,NA,NA,TRUE,FALSE
EMORZ8R8,Maureen Marcano,GTX Pro,Groovestreet,Won,2017-09-15,2017-09-30,4695,FALSE,TRUE
V6RULHFZ,Vicki Laflamme,MG Special,Fasehatice,Lost,2017-09-15,2017-12-30,0,FALSE,TRUE
NBBIFIKB,Wilburn Farren,MG Advanced,Unknown Account,Engaging,2017-09-15,NA,NA,TRUE,FALSE
GRYWAPXY,Zane Levy,MG Advanced,Rantouch,Won,2017-09-15,2017-11-07,2712,FALSE,TRUE
ZIEI8JM3,Anna Snelling,MG Special,Ron-tech,Won,2017-09-16,2017-12-07,65,FALSE,TRUE
QDYFLOZW,Anna Snelling,MG Special,Statholdings,Won,2017-09-16,2017-09-23,55,FALSE,TRUE
55YURJ2E,Anna Snelling,MG Special,Streethex,Won,2017-09-16,2017-12-30,58,FALSE,TRUE
R6Q5JOLX,Cassey Cress,GTX Plus Pro,Unknown Account,Engaging,2017-09-16,NA,NA,TRUE,FALSE
1PORK6E3,Cassey Cress,GTX Basic,Ontomedia,Won,2017-09-16,2017-09-27,512,FALSE,TRUE
ENDKZ399,Corliss Cosme,GTX Plus Pro,Kan-code,Won,2017-09-16,2017-09-24,5820,FALSE,TRUE
VSNI41WQ,Daniell Hammack,GTX Plus Pro,Donware,Lost,2017-09-16,2017-11-30,0,FALSE,TRUE
87KZX1UX,Darcel Schlecht,GTX Plus Basic,Codehow,Won,2017-09-16,2017-11-25,1179,FALSE,TRUE
PLRBC69J,Darcel Schlecht,GTX Plus Basic,Rangreen,Won,2017-09-16,2017-09-26,1153,FALSE,TRUE
RZB6Q4FX,Donn Cantrell,GTX Plus Basic,Ganjaflex,Won,2017-09-16,2017-09-21,892,FALSE,TRUE
ASK5U1TD,Donn Cantrell,GTX Plus Basic,Zathunicon,Won,2017-09-16,2017-11-22,1231,FALSE,TRUE
T49Q4GWU,Donn Cantrell,MG Advanced,Plussunin,Won,2017-09-16,2017-12-25,3091,FALSE,TRUE
JJ17IHID,Garret Kinder,GTX Basic,Xx-zobam,Won,2017-09-16,2017-11-24,547,FALSE,TRUE
311WKUHC,James Ascencio,MG Special,Labdrill,Lost,2017-09-16,2017-11-13,0,FALSE,TRUE
JG1CD65M,James Ascencio,GTX Plus Pro,Goodsilron,Won,2017-09-16,2017-09-18,5919,FALSE,TRUE
YIK15TLW,James Ascencio,GTX Plus Pro,Groovestreet,Won,2017-09-16,2017-11-10,5745,FALSE,TRUE
RYJPSM6D,Jonathan Berthelot,GTX Basic,Stanredtax,Lost,2017-09-16,2017-11-19,0,FALSE,TRUE
ZQK0JTVN,Jonathan Berthelot,GTX Basic,Streethex,Lost,2017-09-16,2017-11-26,0,FALSE,TRUE
FB7OTAMV,Jonathan Berthelot,GTX Pro,Warephase,Lost,2017-09-16,2017-12-22,0,FALSE,TRUE
JZD1QDWA,Lajuana Vencill,MG Advanced,Cancity,Lost,2017-09-16,2017-12-06,0,FALSE,TRUE
LOSUVU4T,Markita Hansen,GTX Plus Pro,Konex,Lost,2017-09-16,2017-12-09,0,FALSE,TRUE
85LVQ6PB,Markita Hansen,GTX Plus Basic,Singletechno,Won,2017-09-16,2017-12-15,1252,FALSE,TRUE
02ILGBRB,Moses Frase,MG Special,dambase,Lost,2017-09-16,2017-11-21,0,FALSE,TRUE
ZFIT4XWO,Moses Frase,MG Advanced,Stanredtax,Won,2017-09-16,2017-12-05,3039,FALSE,TRUE
XH69FGJJ,Niesha Huffines,GTX Basic,Treequote,Won,2017-09-16,2017-11-19,637,FALSE,TRUE
JU2PPGP6,Reed Clapper,GTX Basic,Acme Corporation,Lost,2017-09-16,2017-09-26,0,FALSE,TRUE
S8Y9AAWC,Rosalina Dieter,GTX Pro,Zoomit,Won,2017-09-16,2017-12-08,4614,FALSE,TRUE
I2DLJ6C3,Rosie Papadopoulos,MG Special,Gekko & Co,Won,2017-09-16,2017-11-27,51,FALSE,TRUE
DY8DMZZ9,Vicki Laflamme,GTX Plus Pro,Unknown Account,Engaging,2017-09-16,NA,NA,TRUE,FALSE
VEZ8OX88,Vicki Laflamme,GTX Basic,Plexzap,Lost,2017-09-16,2017-11-19,0,FALSE,TRUE
M3QL68T6,Vicki Laflamme,GTX Basic,Plexzap,Won,2017-09-16,2017-12-04,595,FALSE,TRUE
Q3K6K5V9,Vicki Laflamme,MG Special,Zoomit,Won,2017-09-16,2017-12-26,52,FALSE,TRUE
PEGFPDVU,Violet Mclelland,GTX Pro,Konex,Won,2017-09-16,2017-09-30,5604,FALSE,TRUE
NFT2Z7MM,Zane Levy,GTX Plus Basic,Dalttechnology,Lost,2017-09-16,2017-11-18,0,FALSE,TRUE
YC2GBK89,Zane Levy,GTX Plus Basic,Hatfan,Lost,2017-09-16,2017-11-12,0,FALSE,TRUE
U008ILBM,Zane Levy,GTX Plus Basic,Plusstrip,Lost,2017-09-16,2017-11-26,0,FALSE,TRUE
VA0I9SDD,Zane Levy,GTX Pro,Konex,Won,2017-09-16,2017-09-27,5360,FALSE,TRUE
KQ83VL8T,Boris Faz,GTX Plus Basic,Unknown Account,Engaging,2017-09-17,NA,NA,TRUE,FALSE
41HHBQRT,Cassey Cress,GTX Basic,Xx-zobam,Lost,2017-09-17,2017-12-13,0,FALSE,TRUE
T6BHNN1O,Cecily Lampkin,MG Special,Betatech,Lost,2017-09-17,2017-11-13,0,FALSE,TRUE
S8DOH11H,Corliss Cosme,GTX Pro,Ganjaflex,Lost,2017-09-17,2017-11-14,0,FALSE,TRUE
F8F6MA24,Corliss Cosme,GTX Basic,Sumace,Won,2017-09-17,2017-12-19,538,FALSE,TRUE
ZXXWIGFR,Darcel Schlecht,GTX Pro,Cancity,Lost,2017-09-17,2017-12-02,0,FALSE,TRUE
L7CFCOR6,Darcel Schlecht,GTX Plus Pro,Conecom,Won,2017-09-17,2017-11-28,5668,FALSE,TRUE
AAUTJ747,Darcel Schlecht,GTX Pro,Warephase,Won,2017-09-17,2017-12-11,5220,FALSE,TRUE
X7VUR49L,Donn Cantrell,GTX Pro,Betasoloin,Won,2017-09-17,2017-09-26,5763,FALSE,TRUE
U7L0IZLB,James Ascencio,GTX Plus Pro,Sunnamplex,Lost,2017-09-17,2017-11-26,0,FALSE,TRUE
PAQ6EKHB,Kami Bicknell,GTX Basic,Unknown Account,Engaging,2017-09-17,NA,NA,TRUE,FALSE
THNEGVH2,Kary Hendrixson,GTX Plus Basic,Lexiqvolax,Won,2017-09-17,2017-11-14,948,FALSE,TRUE
D1ANNMSO,Lajuana Vencill,GTX Basic,Rundofase,Won,2017-09-17,2017-11-19,487,FALSE,TRUE
LMVQ6B9P,Lajuana Vencill,GTX Plus Basic,Funholding,Won,2017-09-17,2017-11-18,1072,FALSE,TRUE
OQBVGILR,Markita Hansen,MG Special,Singletechno,Won,2017-09-17,2017-12-16,56,FALSE,TRUE
8LA72RM8,Maureen Marcano,MG Advanced,Donware,Engaging,2017-09-17,NA,NA,FALSE,FALSE
7IZQJIPA,Maureen Marcano,GTX Pro,Kan-code,Won,2017-09-17,2017-12-27,4812,FALSE,TRUE
7AH7F190,Reed Clapper,GTX Basic,Betasoloin,Lost,2017-09-17,2017-11-27,0,FALSE,TRUE
ME0LMBYL,Reed Clapper,GTX Plus Basic,Initech,Lost,2017-09-17,2017-12-21,0,FALSE,TRUE
KODTODAA,Reed Clapper,GTX Plus Pro,Betasoloin,Lost,2017-09-17,2017-11-12,0,FALSE,TRUE
RENW2N0H,Reed Clapper,GTX Pro,Bioplex,Won,2017-09-17,2017-11-19,5186,FALSE,TRUE
9F407X6U,Rosalina Dieter,MG Special,Konex,Won,2017-09-17,2017-12-02,49,FALSE,TRUE
S0MZHYQC,Zane Levy,GTX Pro,Konex,Won,2017-09-17,2017-09-27,4800,FALSE,TRUE
HP9TUR60,Daniell Hammack,GTX Pro,Initech,Won,2017-09-18,2017-12-24,5627,FALSE,TRUE
P4PKECH7,Darcel Schlecht,GTX Basic,Gogozoom,Lost,2017-09-18,2017-09-24,0,FALSE,TRUE
USL5PZ4O,Darcel Schlecht,GTX Pro,Stanredtax,Won,2017-09-18,2017-12-06,3779,FALSE,TRUE
3DM5SSI5,Darcel Schlecht,GTX Pro,Warephase,Won,2017-09-18,2017-11-05,5231,FALSE,TRUE
D40ALWGC,Donn Cantrell,GTX Plus Pro,Mathtouch,Lost,2017-09-18,2017-09-28,0,FALSE,TRUE
524QUXI2,Donn Cantrell,GTX Plus Pro,Xx-zobam,Lost,2017-09-18,2017-11-26,0,FALSE,TRUE
8W35TVOQ,Hayden Neloms,MG Advanced,Faxquote,Won,2017-09-18,2017-12-02,2918,FALSE,TRUE
UU7N7LZK,James Ascencio,MG Advanced,Unknown Account,Engaging,2017-09-18,NA,NA,TRUE,FALSE
3D6LLPA1,Jonathan Berthelot,GTX Plus Basic,Funholding,Lost,2017-09-18,2017-12-05,0,FALSE,TRUE
58QZ1YGK,Jonathan Berthelot,GTX Pro,Finhigh,Won,2017-09-18,2017-09-27,4902,FALSE,TRUE
OU42AWAE,Kami Bicknell,GTX Basic,Hatfan,Won,2017-09-18,2017-11-22,531,FALSE,TRUE
ZBDT3T2H,Kary Hendrixson,GTX Basic,Unknown Account,Engaging,2017-09-18,NA,NA,TRUE,FALSE
OJOJPNL6,Kary Hendrixson,GTX Plus Pro,Singletechno,Lost,2017-09-18,2017-11-21,0,FALSE,TRUE
MENKE9IV,Kary Hendrixson,GTX Basic,Singletechno,Won,2017-09-18,2017-11-30,526,FALSE,TRUE
PXSDIDXO,Lajuana Vencill,GTX Basic,Ron-tech,Lost,2017-09-18,2017-11-11,0,FALSE,TRUE
5PIJNVMB,Lajuana Vencill,GTX Basic,Konmatfix,Won,2017-09-18,2017-11-17,485,FALSE,TRUE
WSO3NMK5,Maureen Marcano,MG Advanced,Unknown Account,Engaging,2017-09-18,NA,NA,TRUE,FALSE
ZLFKHXXI,Moses Frase,GTX Basic,Rundofase,Won,2017-09-18,2017-12-25,520,FALSE,TRUE
WIDRX5N6,Niesha Huffines,GTX Plus Basic,Dontechi,Won,2017-09-18,2017-12-23,1020,FALSE,TRUE
HJLKGIH4,Reed Clapper,GTX Plus Basic,Mathtouch,Lost,2017-09-18,2017-12-04,0,FALSE,TRUE
DF6A63B7,Reed Clapper,MG Advanced,Yearin,Lost,2017-09-18,2017-12-20,0,FALSE,TRUE
T2EM55FZ,Rosie Papadopoulos,GTX Pro,Donquadtech,Won,2017-09-18,2017-11-15,4205,FALSE,TRUE
KDQL1O1A,Vicki Laflamme,GTX Basic,Dalttechnology,Lost,2017-09-18,2017-11-05,0,FALSE,TRUE
01XZ9CRY,Zane Levy,GTX Plus Pro,Initech,Engaging,2017-09-18,NA,NA,FALSE,FALSE
HJY0TQ7X,Zane Levy,MG Special,Toughzap,Engaging,2017-09-18,NA,NA,FALSE,FALSE
75HKH8PS,Anna Snelling,GTX Plus Basic,Funholding,Lost,2017-09-19,2017-09-30,0,FALSE,TRUE
NK2CHYT1,Cecily Lampkin,GTX Plus Basic,Ron-tech,Lost,2017-09-19,2017-11-08,0,FALSE,TRUE
A7OVC1WK,Corliss Cosme,GTX Plus Pro,Unknown Account,Engaging,2017-09-19,NA,NA,TRUE,FALSE
0WGAPLOI,Darcel Schlecht,GTX Pro,dambase,Won,2017-09-19,2017-12-07,4990,FALSE,TRUE
GXPA5D3A,Darcel Schlecht,GTX Pro,Domzoom,Won,2017-09-19,2017-09-29,5450,FALSE,TRUE
8598PVIX,Elease Gluck,MG Special,Groovestreet,Won,2017-09-19,2017-11-11,53,FALSE,TRUE
VKM2BCMV,Jonathan Berthelot,GTX Pro,Inity,Won,2017-09-19,2017-09-25,3678,FALSE,TRUE
9N7LHW38,Kami Bicknell,GTX Pro,Newex,Lost,2017-09-19,2017-09-29,0,FALSE,TRUE
BKMYW792,Kami Bicknell,MG Advanced,Nam-zim,Lost,2017-09-19,2017-11-27,0,FALSE,TRUE
3IBBBGM4,Kary Hendrixson,GTX Basic,Fasehatice,Won,2017-09-19,2017-11-18,555,FALSE,TRUE
T32P6LSX,Lajuana Vencill,GTX Basic,Rangreen,Won,2017-09-19,2017-12-16,492,FALSE,TRUE
B944EMXZ,Marty Freudenburg,GTX Plus Basic,Codehow,Lost,2017-09-19,2017-11-23,0,FALSE,TRUE
DOY7VMYB,Marty Freudenburg,GTX Plus Basic,Warephase,Lost,2017-09-19,2017-11-10,0,FALSE,TRUE
QXWLE549,Marty Freudenburg,GTX Basic,Gogozoom,Won,2017-09-19,2017-11-17,574,FALSE,TRUE
V1SX6HOD,Maureen Marcano,GTX Plus Basic,Unknown Account,Engaging,2017-09-19,NA,NA,TRUE,FALSE
R0R0V2O5,Maureen Marcano,GTX Pro,Finjob,Won,2017-09-19,2017-12-09,4709,FALSE,TRUE
D3O1PCMO,Niesha Huffines,MG Advanced,Condax,Won,2017-09-19,2017-12-04,3079,FALSE,TRUE
G53492IF,Reed Clapper,GTX Pro,Massive Dynamic,Won,2017-09-19,2017-09-24,4369,FALSE,TRUE
WVKBXWA9,Rosie Papadopoulos,MG Advanced,Unknown Account,Engaging,2017-09-19,NA,NA,TRUE,FALSE
KUH39HQ7,Versie Hillebrand,MG Special,Rangreen,Lost,2017-09-19,2017-09-22,0,FALSE,TRUE
RW6QS352,Versie Hillebrand,GTX Plus Pro,Statholdings,Won,2017-09-19,2017-12-31,6000,FALSE,TRUE
1374WYJG,Violet Mclelland,MG Advanced,Kan-code,Won,2017-09-19,2017-12-31,3248,FALSE,TRUE
1T8R8X79,Zane Levy,MG Advanced,Nam-zim,Won,2017-09-19,2017-11-19,4249,FALSE,TRUE
PSMWYTMB,Boris Faz,MG Advanced,Toughzap,Engaging,2017-09-20,NA,NA,FALSE,FALSE
0ZXS3AIR,Boris Faz,GTX Basic,Betasoloin,Won,2017-09-20,2017-12-26,563,FALSE,TRUE
SBTVPORC,Corliss Cosme,GTX Pro,Gekko & Co,Won,2017-09-20,2017-09-29,5037,FALSE,TRUE
XZKZYO55,Daniell Hammack,GTX Pro,Kan-code,Won,2017-09-20,2017-12-16,4865,FALSE,TRUE
AMCOSQZC,Darcel Schlecht,GTX Pro,Warephase,Won,2017-09-20,2017-12-18,5192,FALSE,TRUE
6C2CJX31,Donn Cantrell,GTX Plus Basic,Kan-code,Lost,2017-09-20,2017-12-23,0,FALSE,TRUE
NRK892VX,Elease Gluck,GTX Plus Pro,Unknown Account,Engaging,2017-09-20,NA,NA,TRUE,FALSE
5F1RM2YM,Elease Gluck,MG Special,Unknown Account,Engaging,2017-09-20,NA,NA,TRUE,FALSE
VQQR3OUI,Elease Gluck,MG Special,Doncon,Won,2017-09-20,2017-12-31,41,FALSE,TRUE
UWYFOEMO,Hayden Neloms,MG Special,Dalttechnology,Won,2017-09-20,2017-09-26,59,FALSE,TRUE
ZXNHUYCM,James Ascencio,GTX Plus Pro,Goodsilron,Lost,2017-09-20,2017-10-01,0,FALSE,TRUE
KHG4UMKP,James Ascencio,MG Special,Blackzim,Won,2017-09-20,2017-11-24,58,FALSE,TRUE
5R7N3RKQ,Jonathan Berthelot,GTX Pro,Ron-tech,Won,2017-09-20,2017-09-30,4361,FALSE,TRUE
197EQMY8,Kami Bicknell,GTX Pro,Unknown Account,Engaging,2017-09-20,NA,NA,TRUE,FALSE
TEM0I59X,Kami Bicknell,GTX Plus Pro,Lexiqvolax,Won,2017-09-20,2017-12-09,4906,FALSE,TRUE
1WPZ1MCO,Markita Hansen,GTX Basic,Goodsilron,Won,2017-09-20,2017-09-29,587,FALSE,TRUE
1AQKM7VU,Markita Hansen,GTX Pro,Y-corporation,Won,2017-09-20,2017-11-24,4487,FALSE,TRUE
VTVYSUZG,Moses Frase,MG Advanced,Cancity,Won,2017-09-20,2017-12-28,3627,FALSE,TRUE
61IKUAZI,Rosalina Dieter,GTX Plus Basic,Dalttechnology,Engaging,2017-09-20,NA,NA,FALSE,FALSE
6ZSAKAHX,Rosalina Dieter,GTX Plus Basic,Plexzap,Won,2017-09-20,2017-12-22,920,FALSE,TRUE
D9MZMDOL,Vicki Laflamme,MG Special,Zumgoity,Engaging,2017-09-20,NA,NA,FALSE,FALSE
2FM8HJDM,Vicki Laflamme,MG Advanced,Unknown Account,Engaging,2017-09-20,NA,NA,TRUE,FALSE
7TIWLFZD,Vicki Laflamme,GTX Basic,Golddex,Won,2017-09-20,2017-10-01,552,FALSE,TRUE
HXRF96S3,Vicki Laflamme,MG Special,Labdrill,Won,2017-09-20,2017-12-15,54,FALSE,TRUE
WTEAOER0,Violet Mclelland,GTX Basic,Bubba Gump,Won,2017-09-20,2017-12-14,472,FALSE,TRUE
T8LSQO2S,Wilburn Farren,GTX Plus Pro,Xx-zobam,Lost,2017-09-20,2017-11-24,0,FALSE,TRUE
4R4QF0ZU,Zane Levy,GTX Pro,Unknown Account,Engaging,2017-09-20,NA,NA,TRUE,FALSE
ABMOVF1A,Anna Snelling,MG Special,Toughzap,Won,2017-09-21,2017-09-30,66,FALSE,TRUE
Q2GK9IT2,Boris Faz,GTX Pro,Yearin,Lost,2017-09-21,2017-12-02,0,FALSE,TRUE
J0WKJLR6,Cassey Cress,GTX Plus Basic,Massive Dynamic,Won,2017-09-21,2017-11-21,1039,FALSE,TRUE
B1D3HP8V,Corliss Cosme,GTX Plus Basic,Plussunin,Lost,2017-09-21,2017-11-22,0,FALSE,TRUE
QHP95ULI,Corliss Cosme,GTX Pro,Kan-code,Lost,2017-09-21,2017-09-25,0,FALSE,TRUE
OAMR9KPA,Corliss Cosme,GTX Basic,Bluth Company,Won,2017-09-21,2017-12-21,550,FALSE,TRUE
IDKBZCAF,Daniell Hammack,GTX Pro,Unknown Account,Engaging,2017-09-21,NA,NA,TRUE,FALSE
0GRGY09E,Darcel Schlecht,GTX Pro,Rangreen,Lost,2017-09-21,2017-11-25,0,FALSE,TRUE
MP9PICCD,Darcel Schlecht,GTX Pro,Treequote,Won,2017-09-21,2017-12-30,4570,FALSE,TRUE
F34QYKQJ,Donn Cantrell,GTX Pro,Betasoloin,Lost,2017-09-21,2017-11-30,0,FALSE,TRUE
DHJ8KOUV,Gladys Colclough,GTX Plus Pro,Condax,Won,2017-09-21,2017-12-05,5138,FALSE,TRUE
JYNYK957,James Ascencio,MG Advanced,Labdrill,Won,2017-09-21,2017-12-02,3063,FALSE,TRUE
NOLWR5EX,Kami Bicknell,GTX Plus Basic,Sunnamplex,Lost,2017-09-21,2017-10-02,0,FALSE,TRUE
BUHR2X8U,Kary Hendrixson,GTX Basic,Green-Plus,Won,2017-09-21,2017-12-30,613,FALSE,TRUE
4OPFJFRO,Kary Hendrixson,GTX Pro,Plexzap,Won,2017-09-21,2017-11-14,4808,FALSE,TRUE
MLV2QDU6,Lajuana Vencill,GTX Plus Pro,Condax,Won,2017-09-21,2017-11-26,5160,FALSE,TRUE
V7T9ZP6C,Markita Hansen,GTX Basic,J-Texon,Won,2017-09-21,2017-10-01,566,FALSE,TRUE
WYS1XI44,Marty Freudenburg,MG Special,Warephase,Won,2017-09-21,2017-09-27,68,FALSE,TRUE
C3HN12Z8,Maureen Marcano,GTX Basic,Kan-code,Lost,2017-09-21,2017-10-03,0,FALSE,TRUE
YCQXHVMZ,Reed Clapper,GTX Pro,The New York Inquirer,Won,2017-09-21,2017-12-22,5600,FALSE,TRUE
4PLSG7A3,Versie Hillebrand,MG Special,dambase,Won,2017-09-21,2017-12-12,61,FALSE,TRUE
ZD772DU8,Vicki Laflamme,MG Special,Groovestreet,Lost,2017-09-21,2017-12-03,0,FALSE,TRUE
2KVQ5Z4M,Wilburn Farren,MG Advanced,Xx-zobam,Lost,2017-09-21,2017-11-29,0,FALSE,TRUE
U6LLSWEN,Cassey Cress,GTX Plus Basic,Plussunin,Lost,2017-09-22,2017-11-27,0,FALSE,TRUE
RVQTWBKE,Cassey Cress,GTX Plus Pro,Donware,Lost,2017-09-22,2017-11-24,0,FALSE,TRUE
BWPBMVQH,Corliss Cosme,GTX Basic,Zotware,Lost,2017-09-22,2017-11-29,0,FALSE,TRUE
LFI3BGEE,Daniell Hammack,GTX Plus Pro,Unknown Account,Engaging,2017-09-22,NA,NA,TRUE,FALSE
YPSXMDRH,Daniell Hammack,GTX Pro,The New York Inquirer,Won,2017-09-22,2017-12-23,4976,FALSE,TRUE
Q46QSEGT,Darcel Schlecht,GTX Pro,Gogozoom,Lost,2017-09-22,2017-10-03,0,FALSE,TRUE
DT0ZJ9Z2,Darcel Schlecht,GTX Pro,Inity,Won,2017-09-22,2017-12-24,4991,FALSE,TRUE
55ZNV61S,Donn Cantrell,GTX Basic,Bioplex,Lost,2017-09-22,2017-10-04,0,FALSE,TRUE
6PQS93V2,Donn Cantrell,GTX Pro,Vehement Capital Partners,Won,2017-09-22,2017-10-04,5868,FALSE,TRUE
1LHU0876,Elease Gluck,MG Advanced,Labdrill,Engaging,2017-09-22,NA,NA,FALSE,FALSE
V929BUUS,Gladys Colclough,GTX Plus Basic,Isdom,Lost,2017-09-22,2017-12-21,0,FALSE,TRUE
LDYYOH6W,Gladys Colclough,GTX Pro,Bioholding,Won,2017-09-22,2017-11-24,4938,FALSE,TRUE
4MFY8UXP,Gladys Colclough,MG Advanced,Ron-tech,Won,2017-09-22,2017-12-14,3772,FALSE,TRUE
EBJMZ5VE,James Ascencio,GTX Plus Pro,Cheers,Won,2017-09-22,2017-10-02,5784,FALSE,TRUE
CMXOTVL7,Jonathan Berthelot,GTX Pro,Conecom,Won,2017-09-22,2017-10-02,3485,FALSE,TRUE
9XF2B7RS,Kami Bicknell,GTX Basic,Fasehatice,Won,2017-09-22,2017-09-28,675,FALSE,TRUE
WHV85GOQ,Kary Hendrixson,GTX Basic,Sonron,Lost,2017-09-22,2017-11-28,0,FALSE,TRUE
MXJAH0R5,Maureen Marcano,MG Special,Plusstrip,Lost,2017-09-22,2017-11-28,0,FALSE,TRUE
OXW7DBDT,Rosalina Dieter,GTX Plus Basic,Doncon,Lost,2017-09-22,2017-11-02,0,FALSE,TRUE
W5EGDYPK,Rosalina Dieter,MG Special,Newex,Won,2017-09-22,2017-10-01,55,FALSE,TRUE
C13104YM,Versie Hillebrand,MG Special,Toughzap,Lost,2017-09-22,2017-12-16,0,FALSE,TRUE
1GA3AFTX,Versie Hillebrand,MG Advanced,Rangreen,Lost,2017-09-22,2017-12-12,0,FALSE,TRUE
389D515R,Versie Hillebrand,GTX Plus Pro,Inity,Won,2017-09-22,2017-10-01,5775,FALSE,TRUE
2751GWVC,Vicki Laflamme,GTX Basic,Hottechi,Won,2017-09-22,2017-11-18,651,FALSE,TRUE
0UFUDIYT,Vicki Laflamme,GTX Basic,Scotfind,Won,2017-09-22,2017-11-22,570,FALSE,TRUE
Y3QBGJLM,Vicki Laflamme,MG Special,Blackzim,Won,2017-09-22,2017-12-30,54,FALSE,TRUE
O7U4I96P,Vicki Laflamme,MG Special,Scotfind,Won,2017-09-22,2017-09-29,47,FALSE,TRUE
Q0R3ZBNT,Wilburn Farren,MG Special,Silis,Won,2017-09-22,2017-11-08,56,FALSE,TRUE
FGUWP1NF,Boris Faz,GTX Plus Basic,Vehement Capital Partners,Lost,2017-09-23,2017-10-05,0,FALSE,TRUE
DH8R6PK5,Darcel Schlecht,GTX Pro,Rangreen,Lost,2017-09-23,2017-12-12,0,FALSE,TRUE
ZKFWTRRT,Darcel Schlecht,GTX Pro,Bioholding,Won,2017-09-23,2017-09-30,4422,FALSE,TRUE
941SDVVZ,Darcel Schlecht,GTX Pro,Hottechi,Won,2017-09-23,2017-10-02,5357,FALSE,TRUE
ODINSHYF,Gladys Colclough,MG Special,Bioholding,Lost,2017-09-23,2017-10-01,0,FALSE,TRUE
0TICPBMF,Gladys Colclough,GTX Plus Basic,Conecom,Won,2017-09-23,2017-09-27,1047,FALSE,TRUE
WANX7LM0,Gladys Colclough,GTX Pro,Ron-tech,Won,2017-09-23,2017-12-29,5013,FALSE,TRUE
9F2MDA5R,Hayden Neloms,MG Advanced,Finjob,Won,2017-09-23,2017-09-25,3197,FALSE,TRUE
JUKJ3RAB,Jonathan Berthelot,GTX Plus Basic,Inity,Lost,2017-09-23,2017-10-05,0,FALSE,TRUE
YD3D41E0,Jonathan Berthelot,GTX Plus Basic,Zumgoity,Won,2017-09-23,2017-10-02,1127,FALSE,TRUE
K2NPVZL8,Kami Bicknell,GTX Basic,Unknown Account,Engaging,2017-09-23,NA,NA,TRUE,FALSE
7FLPKZN7,Kami Bicknell,GTX Pro,Kan-code,Engaging,2017-09-23,NA,NA,FALSE,FALSE
RX8711KI,Kami Bicknell,GTX Basic,Plexzap,Won,2017-09-23,2017-12-24,468,FALSE,TRUE
F3BJAMUL,Kami Bicknell,MG Special,Rantouch,Won,2017-09-23,2017-11-19,55,FALSE,TRUE
HZS2YVRN,Kary Hendrixson,MG Special,Finjob,Won,2017-09-23,2017-10-01,57,FALSE,TRUE
W3B077GY,Lajuana Vencill,MG Special,Zumgoity,Lost,2017-09-23,2017-11-07,0,FALSE,TRUE
MGR0TSPK,Lajuana Vencill,GTX Plus Basic,Rangreen,Won,2017-09-23,2017-11-27,946,FALSE,TRUE
TEF07JM6,Markita Hansen,GTX Basic,Xx-holding,Lost,2017-09-23,2017-10-02,0,FALSE,TRUE
N8SVXI48,Maureen Marcano,GTX Basic,Zoomit,Lost,2017-09-23,2017-11-14,0,FALSE,TRUE
VG1WQW88,Maureen Marcano,MG Special,Golddex,Lost,2017-09-23,2017-11-06,0,FALSE,TRUE
MEKVHSCB,Moses Frase,MG Special,Dontechi,Lost,2017-09-23,2017-11-27,0,FALSE,TRUE
PBJ62FC3,Rosie Papadopoulos,GTX Pro,Massive Dynamic,Lost,2017-09-23,2017-10-05,0,FALSE,TRUE
3Q15OHQB,Vicki Laflamme,MG Advanced,Unknown Account,Engaging,2017-09-23,NA,NA,TRUE,FALSE
O04P1WN6,Vicki Laflamme,GTX Pro,Hottechi,Won,2017-09-23,2017-12-17,4415,FALSE,TRUE
600FP406,Violet Mclelland,MG Special,Bioplex,Won,2017-09-23,2017-10-02,60,FALSE,TRUE
2EFTTOAV,Zane Levy,GTX Plus Pro,Green-Plus,Won,2017-09-23,2017-10-01,5865,FALSE,TRUE
DDXFIBEY,Anna Snelling,GTX Plus Pro,Treequote,Lost,2017-09-24,2017-11-23,0,FALSE,TRUE
5BRWXIU3,Anna Snelling,MG Special,Codehow,Lost,2017-09-24,2017-11-27,0,FALSE,TRUE
WN9ZY701,Boris Faz,GTX Plus Basic,Kan-code,Lost,2017-09-24,2017-12-14,0,FALSE,TRUE
DA8D04ED,Cecily Lampkin,MG Advanced,Globex Corporation,Lost,2017-09-24,2017-10-04,0,FALSE,TRUE
WLQC2XK4,Cecily Lampkin,MG Special,Rundofase,Won,2017-09-24,2017-10-02,54,FALSE,TRUE
A4CVM3PM,Corliss Cosme,GTX Pro,Opentech,Won,2017-09-24,2017-12-27,5069,FALSE,TRUE
CNLE5EJ2,Daniell Hammack,GTX Plus Pro,Konex,Won,2017-09-24,2017-10-05,5378,FALSE,TRUE
D3HUUVPL,Daniell Hammack,GTX Pro,Mathtouch,Won,2017-09-24,2017-12-04,5255,FALSE,TRUE
2UNDAQZ2,Darcel Schlecht,GTX Plus Basic,Domzoom,Lost,2017-09-24,2017-10-04,0,FALSE,TRUE
R2E45IQ8,Darcel Schlecht,GTX Plus Pro,Conecom,Won,2017-09-24,2017-10-03,5144,FALSE,TRUE
UX0H8B3W,Donn Cantrell,GTX Plus Pro,Donware,Lost,2017-09-24,2017-11-16,0,FALSE,TRUE
VM0A3057,James Ascencio,GTX Plus Pro,Plusstrip,Won,2017-09-24,2017-10-03,5527,FALSE,TRUE
DX9CCI9C,Kary Hendrixson,MG Advanced,Nam-zim,Lost,2017-09-24,2017-12-19,0,FALSE,TRUE
8SE1W979,Lajuana Vencill,GTX Basic,Hottechi,Lost,2017-09-24,2017-10-02,0,FALSE,TRUE
L6AOARQ9,Lajuana Vencill,GTX Basic,dambase,Won,2017-09-24,2017-12-21,452,FALSE,TRUE
I83GQQHA,Markita Hansen,MG Advanced,Kan-code,Lost,2017-09-24,2017-10-05,0,FALSE,TRUE
10984DDU,Moses Frase,GTX Plus Pro,Toughzap,Won,2017-09-24,2017-12-28,7300,FALSE,TRUE
JQVW0KJV,Versie Hillebrand,MG Special,Genco Pura Olive Oil Company,Lost,2017-09-24,2017-11-09,0,FALSE,TRUE
UWZHNMR4,Vicki Laflamme,GTX Plus Pro,Blackzim,Won,2017-09-24,2017-11-26,5196,FALSE,TRUE
TRET6F45,Vicki Laflamme,GTX Plus Pro,Faxquote,Won,2017-09-24,2017-12-26,5624,FALSE,TRUE
8DDC9RLE,Vicki Laflamme,MG Advanced,J-Texon,Won,2017-09-24,2017-12-15,4110,FALSE,TRUE
TFGYLK6C,Anna Snelling,GTX Basic,Inity,Lost,2017-09-25,2017-10-04,0,FALSE,TRUE
4YXXI2OI,Anna Snelling,MG Special,Codehow,Won,2017-09-25,2017-12-18,53,FALSE,TRUE
3C7A75LH,Cassey Cress,GTX Pro,Massive Dynamic,Won,2017-09-25,2017-09-27,5727,FALSE,TRUE
02LUGFJS,Cassey Cress,GTX Pro,Plussunin,Won,2017-09-25,2017-09-28,4308,FALSE,TRUE
KPF0GREK,Cassey Cress,MG Advanced,Plussunin,Won,2017-09-25,2017-12-09,3329,FALSE,TRUE
HEG2JK9Y,Daniell Hammack,GTX Plus Basic,Kinnamplus,Lost,2017-09-25,2017-10-03,0,FALSE,TRUE
1ZCAL93A,Darcel Schlecht,GTX Plus Pro,Hottechi,Lost,2017-09-25,2017-10-04,0,FALSE,TRUE
5NW6HK74,Elease Gluck,MG Special,Doncon,Lost,2017-09-25,2017-10-04,0,FALSE,TRUE
EJVD09HQ,James Ascencio,MG Special,Betasoloin,Engaging,2017-09-25,NA,NA,FALSE,FALSE
7WFASDCZ,Jonathan Berthelot,GTX Basic,Gogozoom,Lost,2017-09-25,2017-10-03,0,FALSE,TRUE
7XNX75LI,Jonathan Berthelot,GTX Plus Pro,Dontechi,Lost,2017-09-25,2017-12-08,0,FALSE,TRUE
RAUWH0GP,Kami Bicknell,GTX Plus Pro,Labdrill,Won,2017-09-25,2017-11-27,6105,FALSE,TRUE
I86I0TJG,Kary Hendrixson,GTX Basic,Xx-holding,Won,2017-09-25,2017-11-13,549,FALSE,TRUE
TFW3KAYZ,Kary Hendrixson,GTX Pro,Doncon,Won,2017-09-25,2017-11-12,4828,FALSE,TRUE
9NH8ACMQ,Marty Freudenburg,GTX Plus Basic,Dontechi,Lost,2017-09-25,2017-10-04,0,FALSE,TRUE
86KARIC1,Maureen Marcano,GTX Basic,Y-corporation,Lost,2017-09-25,2017-10-03,0,FALSE,TRUE
N2SLAOZR,Moses Frase,GTX Basic,Finhigh,Lost,2017-09-25,2017-10-04,0,FALSE,TRUE
02TUKBP3,Moses Frase,MG Special,Zumgoity,Lost,2017-09-25,2017-11-30,0,FALSE,TRUE
KU0YOR3J,Niesha Huffines,GTX Plus Basic,Zumgoity,Won,2017-09-25,2017-10-04,1189,FALSE,TRUE
BRGJCWO1,Niesha Huffines,MG Special,Hottechi,Won,2017-09-25,2017-11-28,51,FALSE,TRUE
IEIZU3TY,Reed Clapper,GTX Plus Basic,Mathtouch,Lost,2017-09-25,2017-12-24,0,FALSE,TRUE
P8QXRXMR,Rosalina Dieter,GTX Pro,Unknown Account,Engaging,2017-09-25,NA,NA,TRUE,FALSE
35KZ6QTP,Rosalina Dieter,MG Advanced,Xx-holding,Lost,2017-09-25,2017-10-03,0,FALSE,TRUE
V5ZP09PO,Versie Hillebrand,GTX Plus Basic,Dontechi,Lost,2017-09-25,2017-10-03,0,FALSE,TRUE
VKB9RFJT,Versie Hillebrand,MG Special,Condax,Won,2017-09-25,2017-11-20,55,FALSE,TRUE
Y9HHGGOQ,Versie Hillebrand,MG Special,dambase,Won,2017-09-25,2017-10-04,53,FALSE,TRUE
H3AEZ2BZ,Vicki Laflamme,MG Special,Plusstrip,Lost,2017-09-25,2017-10-05,0,FALSE,TRUE
LUXAXNBV,Wilburn Farren,GTX Plus Pro,Donquadtech,Won,2017-09-25,2017-12-09,5960,FALSE,TRUE
0XBMBVFP,Zane Levy,MG Advanced,Groovestreet,Won,2017-09-25,2017-10-04,3438,FALSE,TRUE
8KIMVD15,Anna Snelling,MG Special,Cancity,Lost,2017-09-26,2017-10-06,0,FALSE,TRUE
Q06QD8ZW,Anna Snelling,MG Special,Globex Corporation,Won,2017-09-26,2017-11-03,54,FALSE,TRUE
0SD3OBQI,Boris Faz,GTX Plus Basic,Konex,Lost,2017-09-26,2017-11-06,0,FALSE,TRUE
YKZFQT7K,Cassey Cress,GTX Basic,Kinnamplus,Lost,2017-09-26,2017-10-05,0,FALSE,TRUE
I25J5M7W,Cassey Cress,MG Advanced,Iselectrics,Lost,2017-09-26,2017-09-28,0,FALSE,TRUE
B2Z4BB5U,Cecily Lampkin,GTX Plus Pro,Toughzap,Lost,2017-09-26,2017-10-06,0,FALSE,TRUE
87ZXBDQS,Cecily Lampkin,MG Special,Isdom,Lost,2017-09-26,2017-10-07,0,FALSE,TRUE
3LYVAV6P,Cecily Lampkin,MG Special,Statholdings,Won,2017-09-26,2017-10-03,55,FALSE,TRUE
G7QIQDSA,Corliss Cosme,GTX Pro,Unknown Account,Engaging,2017-09-26,NA,NA,TRUE,FALSE
7I2O2ZCR,Corliss Cosme,GTX Plus Basic,Xx-zobam,Lost,2017-09-26,2017-11-19,0,FALSE,TRUE
SUX7JFN7,Daniell Hammack,GTX Plus Basic,Konex,Lost,2017-09-26,2017-11-19,0,FALSE,TRUE
5DL7R4C3,Darcel Schlecht,GTX Pro,Hottechi,Lost,2017-09-26,2017-10-03,0,FALSE,TRUE
61ON3Y6O,Darcel Schlecht,MG Special,Streethex,Lost,2017-09-26,2017-10-02,0,FALSE,TRUE
HOEKIDDI,Donn Cantrell,GTX Pro,Ganjaflex,Lost,2017-09-26,2017-11-13,0,FALSE,TRUE
10YLM9VF,Elease Gluck,GTX Pro,Sonron,Lost,2017-09-26,2017-10-09,0,FALSE,TRUE
LN0DF2XI,Elease Gluck,MG Special,Sonron,Won,2017-09-26,2017-11-27,48,FALSE,TRUE
ZNE0DAIF,Hayden Neloms,GTX Plus Basic,Hottechi,Lost,2017-09-26,2017-11-24,0,FALSE,TRUE
DTCHPCBB,Hayden Neloms,MG Advanced,Finjob,Won,2017-09-26,2017-12-14,3553,FALSE,TRUE
YID2GAED,James Ascencio,GTX Plus Pro,Xx-holding,Lost,2017-09-26,2017-10-04,0,FALSE,TRUE
QFKL9UK2,Kary Hendrixson,GTX Pro,J-Texon,Won,2017-09-26,2017-10-05,4727,FALSE,TRUE
MC3OSDV0,Kary Hendrixson,MG Special,Sunnamplex,Won,2017-09-26,2017-10-02,65,FALSE,TRUE
C7DOYN5Y,Lajuana Vencill,GTX Basic,Rangreen,Won,2017-09-26,2017-12-25,585,FALSE,TRUE
JXUSPNPV,Markita Hansen,GTX Plus Basic,Unknown Account,Engaging,2017-09-26,NA,NA,TRUE,FALSE
K79T6VNV,Markita Hansen,MG Special,Plexzap,Lost,2017-09-26,2017-10-03,0,FALSE,TRUE
DX8R6PA4,Marty Freudenburg,GTX Plus Basic,Domzoom,Lost,2017-09-26,2017-10-03,0,FALSE,TRUE
FZDD9758,Marty Freudenburg,MG Advanced,Cancity,Lost,2017-09-26,2017-10-07,0,FALSE,TRUE
0SIFT5DE,Marty Freudenburg,MG Advanced,Rangreen,Lost,2017-09-26,2017-10-04,0,FALSE,TRUE
MZSCFJZS,Marty Freudenburg,GTX Plus Pro,Konmatfix,Won,2017-09-26,2017-10-07,5708,FALSE,TRUE
D6X5T9D4,Maureen Marcano,MG Special,Hottechi,Lost,2017-09-26,2017-10-05,0,FALSE,TRUE
69Z30MBF,Moses Frase,GTX Basic,Bioholding,Won,2017-09-26,2017-11-15,571,FALSE,TRUE
SH0BSL0Z,Moses Frase,GTX Basic,Scottech,Won,2017-09-26,2017-12-24,619,FALSE,TRUE
Q5E0NILP,Reed Clapper,MG Advanced,Donware,Won,2017-09-26,2017-10-03,2984,FALSE,TRUE
RFTDQJ0U,Rosie Papadopoulos,GTX Basic,Bioplex,Won,2017-09-26,2017-10-01,558,FALSE,TRUE
76NU9866,Rosie Papadopoulos,MG Special,Condax,Won,2017-09-26,2017-12-02,57,FALSE,TRUE
13O8NTOT,Violet Mclelland,MG Special,Initech,Won,2017-09-26,2017-11-30,61,FALSE,TRUE
AS3IYIRO,Anna Snelling,GTX Basic,Hottechi,Won,2017-09-27,2017-12-26,543,FALSE,TRUE
L1WPBDZG,Boris Faz,GTX Pro,Zotware,Won,2017-09-27,2017-12-12,4125,FALSE,TRUE
QK98E62R,Cassey Cress,GTX Plus Pro,Ganjaflex,Won,2017-09-27,2017-12-29,5301,FALSE,TRUE
F9THW1PW,Corliss Cosme,GTX Basic,Kinnamplus,Won,2017-09-27,2017-10-05,495,FALSE,TRUE
LQJISQSD,Corliss Cosme,GTX Plus Basic,Bioplex,Won,2017-09-27,2017-10-05,955,FALSE,TRUE
84SZ58S9,Daniell Hammack,GTX Plus Basic,Iselectrics,Won,2017-09-27,2017-10-04,1225,FALSE,TRUE
Q5I9JWH7,Darcel Schlecht,GTX Pro,Ron-tech,Lost,2017-09-27,2017-10-02,0,FALSE,TRUE
6BSKCQCX,Darcel Schlecht,GTX Basic,Conecom,Won,2017-09-27,2017-12-25,608,FALSE,TRUE
UKQD4DPD,Darcel Schlecht,GTX Pro,Warephase,Won,2017-09-27,2017-11-13,4515,FALSE,TRUE
SI874ZK5,Donn Cantrell,GTX Pro,Silis,Lost,2017-09-27,2017-10-06,0,FALSE,TRUE
6XP6FVMN,Elease Gluck,MG Advanced,Green-Plus,Won,2017-09-27,2017-12-18,3772,FALSE,TRUE
NDMEB0VG,Garret Kinder,MG Advanced,Kan-code,Lost,2017-09-27,2017-10-05,0,FALSE,TRUE
IGFQGZDK,Gladys Colclough,GTX Basic,Bioholding,Won,2017-09-27,2017-12-08,540,FALSE,TRUE
Y2DLFFN6,Gladys Colclough,MG Advanced,Cancity,Won,2017-09-27,2017-09-30,2800,FALSE,TRUE
I6UCM2J9,Gladys Colclough,MG Advanced,Stanredtax,Won,2017-09-27,2017-10-05,3250,FALSE,TRUE
PT0I4XSM,Hayden Neloms,GTX Plus Basic,Plexzap,Won,2017-09-27,2017-10-07,1232,FALSE,TRUE
X718EF6Y,Hayden Neloms,MG Advanced,Hatfan,Won,2017-09-27,2017-10-04,2811,FALSE,TRUE
FSYTM6YE,James Ascencio,GTX Pro,Unknown Account,Engaging,2017-09-27,NA,NA,TRUE,FALSE
VUAFV8SS,James Ascencio,GTX Plus Basic,Lexiqvolax,Won,2017-09-27,2017-12-07,1178,FALSE,TRUE
SXPV3WCV,Jonathan Berthelot,GTX Pro,Treequote,Won,2017-09-27,2017-12-22,4869,FALSE,TRUE
9PH1EWCH,Kami Bicknell,MG Advanced,Cheers,Lost,2017-09-27,2017-12-03,0,FALSE,TRUE
THPCTGNI,Lajuana Vencill,GTX Plus Pro,Inity,Lost,2017-09-27,2017-10-02,0,FALSE,TRUE
XR4PPDOB,Lajuana Vencill,GTX Basic,Condax,Won,2017-09-27,2017-12-18,507,FALSE,TRUE
EK06CNRW,Lajuana Vencill,MG Advanced,Bioholding,Won,2017-09-27,2017-10-06,3681,FALSE,TRUE
Q25T8PKX,Markita Hansen,GTX Plus Basic,Doncon,Lost,2017-09-27,2017-10-01,0,FALSE,TRUE
V86S5LWV,Marty Freudenburg,GTX Plus Basic,Dontechi,Lost,2017-09-27,2017-10-02,0,FALSE,TRUE
K8Y7CK9T,Marty Freudenburg,GTX Plus Pro,Treequote,Won,2017-09-27,2017-10-05,5280,FALSE,TRUE
1LY8CAXD,Rosalina Dieter,GTK 500,Betasoloin,Engaging,2017-09-27,NA,NA,FALSE,FALSE
ADS3CQ4B,Rosalina Dieter,MG Special,Finjob,Won,2017-09-27,2017-11-27,50,FALSE,TRUE
9UBU6UW4,Versie Hillebrand,MG Special,Genco Pura Olive Oil Company,Won,2017-09-27,2017-09-29,59,FALSE,TRUE
ZP9HW0LH,Vicki Laflamme,MG Advanced,Kan-code,Won,2017-09-27,2017-10-03,3794,FALSE,TRUE
WV41OJHX,Wilburn Farren,MG Advanced,Ganjaflex,Won,2017-09-27,2017-10-03,3786,FALSE,TRUE
FTUJY4FP,Cassey Cress,GTX Plus Basic,Condax,Lost,2017-09-28,2017-10-07,0,FALSE,TRUE
ORBIW519,Donn Cantrell,MG Advanced,Plussunin,Lost,2017-09-28,2017-12-19,0,FALSE,TRUE
369V78M2,Donn Cantrell,GTX Pro,Mathtouch,Won,2017-09-28,2017-10-07,5553,FALSE,TRUE
792JYPG1,Donn Cantrell,MG Advanced,Konex,Won,2017-09-28,2017-10-08,3557,FALSE,TRUE
Y6Q7Z0SO,Elease Gluck,MG Special,Green-Plus,Won,2017-09-28,2017-10-08,63,FALSE,TRUE
9IM813OI,Gladys Colclough,GTX Basic,Conecom,Lost,2017-09-28,2017-11-11,0,FALSE,TRUE
GXY3QZ2V,Lajuana Vencill,MG Advanced,Scottech,Won,2017-09-28,2017-10-06,3704,FALSE,TRUE
SMP2K39G,Markita Hansen,GTX Pro,Unknown Account,Engaging,2017-09-28,NA,NA,TRUE,FALSE
IVX52FRZ,Marty Freudenburg,GTX Plus Basic,Gogozoom,Lost,2017-09-28,2017-11-03,0,FALSE,TRUE
2CN1G52G,Marty Freudenburg,MG Advanced,Hottechi,Lost,2017-09-28,2017-10-03,0,FALSE,TRUE
OR0PEAIV,Marty Freudenburg,GTX Plus Basic,Ron-tech,Won,2017-09-28,2017-11-30,1133,FALSE,TRUE
EGOU8GB1,Maureen Marcano,GTX Plus Basic,Konex,Won,2017-09-28,2017-12-09,1292,FALSE,TRUE
IIKN6Q8E,Rosalina Dieter,MG Advanced,Plusstrip,Won,2017-09-28,2017-12-04,3278,FALSE,TRUE
VTX8GPN8,Versie Hillebrand,MG Special,Codehow,Won,2017-09-28,2017-10-05,55,FALSE,TRUE
DVGY4X7E,Vicki Laflamme,GTX Basic,Finjob,Won,2017-09-28,2017-12-23,498,FALSE,TRUE
W9LAIASV,Vicki Laflamme,MG Special,Sunnamplex,Won,2017-09-28,2017-12-30,55,FALSE,TRUE
9JTFD4FZ,Wilburn Farren,GTX Plus Pro,Unknown Account,Engaging,2017-09-28,NA,NA,TRUE,FALSE
1JFYPP8R,Zane Levy,GTX Basic,Cheers,Won,2017-09-28,2017-10-05,571,FALSE,TRUE
C51GWGUE,Daniell Hammack,GTX Plus Basic,Unknown Account,Engaging,2017-09-29,NA,NA,TRUE,FALSE
A62JDGQK,Daniell Hammack,GTX Pro,Bubba Gump,Won,2017-09-29,2017-10-05,4942,FALSE,TRUE
K25Z2KKH,Darcel Schlecht,GTX Plus Basic,Streethex,Lost,2017-09-29,2017-10-05,0,FALSE,TRUE
U3F5X6BB,Donn Cantrell,MG Special,Bioplex,Lost,2017-09-29,2017-12-07,0,FALSE,TRUE
VJD27D8U,Elease Gluck,GTX Pro,Singletechno,Won,2017-09-29,2017-10-01,5340,FALSE,TRUE
9TMPRT6R,Garret Kinder,GTX Basic,Vehement Capital Partners,Lost,2017-09-29,2017-10-03,0,FALSE,TRUE
CE81S7UN,Garret Kinder,MG Advanced,Zotware,Lost,2017-09-29,2017-10-08,0,FALSE,TRUE
LEPH90QI,Gladys Colclough,GTX Plus Pro,Isdom,Won,2017-09-29,2017-10-09,5689,FALSE,TRUE
X1QNN2DG,James Ascencio,GTX Basic,Rantouch,Lost,2017-09-29,2017-10-08,0,FALSE,TRUE
J8G6HTCM,James Ascencio,MG Special,Lexiqvolax,Lost,2017-09-29,2017-10-11,0,FALSE,TRUE
94P229FH,Lajuana Vencill,MG Special,Dontechi,Won,2017-09-29,2017-12-30,52,FALSE,TRUE
Q6F9JWTY,Lajuana Vencill,MG Advanced,Rangreen,Won,2017-09-29,2017-12-10,3131,FALSE,TRUE
75JW1GRR,Markita Hansen,GTX Plus Basic,Konex,Lost,2017-09-29,2017-10-09,0,FALSE,TRUE
P7X2J5DO,Markita Hansen,GTX Plus Pro,Singletechno,Lost,2017-09-29,2017-10-06,0,FALSE,TRUE
LKBDKJLM,Markita Hansen,MG Special,Blackzim,Lost,2017-09-29,2017-11-27,0,FALSE,TRUE
9OT0018Y,Markita Hansen,MG Advanced,Goodsilron,Lost,2017-09-29,2017-10-10,0,FALSE,TRUE
I6RH33SU,Marty Freudenburg,MG Advanced,Toughzap,Won,2017-09-29,2017-10-05,3957,FALSE,TRUE
STCU1IXE,Niesha Huffines,GTX Basic,Treequote,Won,2017-09-29,2017-12-30,523,FALSE,TRUE
E3CR358L,Niesha Huffines,GTX Plus Basic,Treequote,Won,2017-09-29,2017-12-21,1156,FALSE,TRUE
BTOD096J,Reed Clapper,GTX Pro,Bubba Gump,Lost,2017-09-29,2017-10-06,0,FALSE,TRUE
1B2WYHTY,Rosalina Dieter,MG Advanced,Plexzap,Won,2017-09-29,2017-11-30,3509,FALSE,TRUE
NS6JLCZ2,Rosie Papadopoulos,GTX Pro,Unknown Account,Engaging,2017-09-29,NA,NA,TRUE,FALSE
LB5622YN,Versie Hillebrand,MG Special,Hottechi,Lost,2017-09-29,2017-10-08,0,FALSE,TRUE
HIX9V4W1,Versie Hillebrand,MG Advanced,Dontechi,Lost,2017-09-29,2017-10-03,0,FALSE,TRUE
LZ3B174J,Vicki Laflamme,MG Special,Unknown Account,Engaging,2017-09-29,NA,NA,TRUE,FALSE
XQ6FMG3L,Vicki Laflamme,GTX Basic,Lexiqvolax,Lost,2017-09-29,2017-10-06,0,FALSE,TRUE
W40IER4O,Vicki Laflamme,MG Special,Sonron,Won,2017-09-29,2017-12-08,59,FALSE,TRUE
88PIK8A6,Violet Mclelland,MG Special,Kinnamplus,Lost,2017-09-29,2017-10-08,0,FALSE,TRUE
6K31TYOR,Zane Levy,GTX Basic,J-Texon,Won,2017-09-29,2017-10-05,502,FALSE,TRUE
H29XGJ5H,Anna Snelling,GTX Basic,Rangreen,Lost,2017-09-30,2017-12-04,0,FALSE,TRUE
FSBZ3KOY,Anna Snelling,GTX Plus Pro,Toughzap,Lost,2017-09-30,2017-10-01,0,FALSE,TRUE
T4SSD24J,Boris Faz,GTX Basic,Silis,Won,2017-09-30,2017-12-05,541,FALSE,TRUE
ZDB6D35R,Cassey Cress,GTX Plus Pro,Ontomedia,Won,2017-09-30,2017-12-19,5026,FALSE,TRUE
8RVTZBQO,Cecily Lampkin,MG Advanced,Dontechi,Won,2017-09-30,2017-10-10,3148,FALSE,TRUE
CMM4A6NJ,Darcel Schlecht,GTX Plus Basic,Isdom,Lost,2017-09-30,2017-10-06,0,FALSE,TRUE
7PMUB7T4,Darcel Schlecht,GTX Pro,Bioholding,Lost,2017-09-30,2017-10-12,0,FALSE,TRUE
KTHAX2XV,Darcel Schlecht,GTX Pro,Isdom,Lost,2017-09-30,2017-10-05,0,FALSE,TRUE
IHOTG9ZQ,Darcel Schlecht,MG Advanced,Rundofase,Won,2017-09-30,2017-10-09,3006,FALSE,TRUE
O2BF1KAT,Garret Kinder,MG Special,Mathtouch,Lost,2017-09-30,2017-12-19,0,FALSE,TRUE
12HOWQMI,Garret Kinder,GTX Pro,Kan-code,Won,2017-09-30,2017-10-07,5203,FALSE,TRUE
CXY4CXX1,Gladys Colclough,MG Special,Condax,Lost,2017-09-30,2017-10-07,0,FALSE,TRUE
IIOVCSHC,Hayden Neloms,MG Advanced,Xx-holding,Won,2017-09-30,2017-12-10,2927,FALSE,TRUE
NX28C8EI,James Ascencio,GTX Plus Pro,Unknown Account,Engaging,2017-09-30,NA,NA,TRUE,FALSE
WV2YBM8V,Kary Hendrixson,GTX Basic,Unknown Account,Engaging,2017-09-30,NA,NA,TRUE,FALSE
3E09X4S2,Kary Hendrixson,GTX Basic,Rantouch,Lost,2017-09-30,2017-10-08,0,FALSE,TRUE
6BATTRKM,Lajuana Vencill,GTX Basic,Finhigh,Lost,2017-09-30,2017-10-07,0,FALSE,TRUE
GCWTH2MD,Lajuana Vencill,MG Advanced,Isdom,Lost,2017-09-30,2017-12-20,0,FALSE,TRUE
C563WHG1,Lajuana Vencill,GTX Plus Pro,Betatech,Won,2017-09-30,2017-10-11,6156,FALSE,TRUE
D9WBSJRC,Marty Freudenburg,GTX Pro,Warephase,Won,2017-09-30,2017-10-09,5007,FALSE,TRUE
NMLTE4CS,Maureen Marcano,GTX Plus Pro,Unknown Account,Engaging,2017-09-30,NA,NA,TRUE,FALSE
X8P0Q1EU,Maureen Marcano,MG Special,Scotfind,Won,2017-09-30,2017-12-06,59,FALSE,TRUE
PBGB323I,Moses Frase,GTX Basic,Cancity,Won,2017-09-30,2017-10-07,549,FALSE,TRUE
V5THS9V8,Niesha Huffines,GTX Plus Basic,Isdom,Won,2017-09-30,2017-11-27,1117,FALSE,TRUE
579RHB6S,Versie Hillebrand,MG Special,Stanredtax,Won,2017-09-30,2017-10-08,57,FALSE,TRUE
4SOUOUKH,Vicki Laflamme,GTX Plus Pro,Treequote,Engaging,2017-09-30,NA,NA,FALSE,FALSE
9HWUTUXQ,Vicki Laflamme,GTX Basic,Lexiqvolax,Lost,2017-09-30,2017-10-09,0,FALSE,TRUE
T58F1T8V,Violet Mclelland,MG Special,Acme Corporation,Lost,2017-09-30,2017-10-08,0,FALSE,TRUE
U3UT9B1U,Violet Mclelland,MG Special,Silis,Won,2017-09-30,2017-12-24,55,FALSE,TRUE
HY7D36UC,Violet Mclelland,MG Special,Umbrella Corporation,Won,2017-09-30,2017-12-22,63,FALSE,TRUE
9YVTJF6C,Zane Levy,GTX Plus Basic,Rantouch,Won,2017-09-30,2017-10-08,1108,FALSE,TRUE
JGZVNKMT,Zane Levy,GTX Plus Basic,Y-corporation,Won,2017-09-30,2017-12-10,944,FALSE,TRUE
5B3BKUMD,Anna Snelling,GTX Basic,Finhigh,Lost,2017-10-01,2017-10-11,0,FALSE,TRUE
MGHWZSN2,Boris Faz,MG Advanced,The New York Inquirer,Lost,2017-10-01,2017-10-06,0,FALSE,TRUE
EM1BA4EK,Cassey Cress,GTX Basic,Scotfind,Engaging,2017-10-01,NA,NA,FALSE,FALSE
GWOOPZE8,Cassey Cress,GTX Plus Basic,Cheers,Engaging,2017-10-01,NA,NA,FALSE,FALSE
84N2YHUB,Cassey Cress,GTX Basic,Konex,Lost,2017-10-01,2017-12-01,0,FALSE,TRUE
IFVL4WL5,Cecily Lampkin,GTX Plus Pro,Streethex,Won,2017-10-01,2017-12-10,3704,FALSE,TRUE
8EPT4HEV,Corliss Cosme,GTX Plus Pro,Konex,Lost,2017-10-01,2017-10-07,0,FALSE,TRUE
HZNNKQ0T,Corliss Cosme,GTX Plus Basic,Donquadtech,Won,2017-10-01,2017-10-03,1076,FALSE,TRUE
Z6ETLZQU,Corliss Cosme,GTX Plus Pro,Mathtouch,Won,2017-10-01,2017-12-18,5528,FALSE,TRUE
GXIVJQPG,Daniell Hammack,GTX Plus Basic,Xx-zobam,Engaging,2017-10-01,NA,NA,FALSE,FALSE
7MSQSYWR,Daniell Hammack,GTX Plus Basic,Initech,Lost,2017-10-01,2017-10-10,0,FALSE,TRUE
5VJIXV02,Daniell Hammack,GTX Pro,Yearin,Lost,2017-10-01,2017-12-01,0,FALSE,TRUE
G23RCHB6,Darcel Schlecht,GTX Pro,Rundofase,Lost,2017-10-01,2017-10-08,0,FALSE,TRUE
RMFG5C6C,Darcel Schlecht,GTX Pro,Globex Corporation,Won,2017-10-01,2017-10-09,4594,FALSE,TRUE
U2JOATN3,Darcel Schlecht,GTX Pro,Scottech,Won,2017-10-01,2017-12-06,6166,FALSE,TRUE
JGZ3F67I,Donn Cantrell,GTX Basic,Kinnamplus,Lost,2017-10-01,2017-10-07,0,FALSE,TRUE
FHCSKQ4K,Donn Cantrell,GTX Plus Pro,Bluth Company,Won,2017-10-01,2017-12-30,5270,FALSE,TRUE
TU58PHME,Garret Kinder,GTX Plus Pro,Sumace,Lost,2017-10-01,2017-11-17,0,FALSE,TRUE
9ZVX7NVU,Hayden Neloms,GTX Plus Basic,Xx-holding,Lost,2017-10-01,2017-10-08,0,FALSE,TRUE
I4OJHXIN,Hayden Neloms,MG Advanced,Cheers,Won,2017-10-01,2017-10-05,3169,FALSE,TRUE
NE300YJ0,Jonathan Berthelot,GTX Basic,Treequote,Won,2017-10-01,2017-11-24,571,FALSE,TRUE
TYLSS719,Kami Bicknell,GTX Basic,Goodsilron,Lost,2017-10-01,2017-12-03,0,FALSE,TRUE
M3SQPUB1,Kami Bicknell,GTX Plus Pro,Green-Plus,Won,2017-10-01,2017-10-13,6304,FALSE,TRUE
MG1YUTUE,Markita Hansen,MG Special,Acme Corporation,Engaging,2017-10-01,NA,NA,FALSE,FALSE
PEIZDYXE,Markita Hansen,GTX Basic,Cheers,Lost,2017-10-01,2017-10-02,0,FALSE,TRUE
HGG0EZ00,Markita Hansen,GTX Pro,Groovestreet,Lost,2017-10-01,2017-10-05,0,FALSE,TRUE
XRRMX8K6,Marty Freudenburg,GTX Basic,Statholdings,Lost,2017-10-01,2017-10-12,0,FALSE,TRUE
BJLJV8XE,Marty Freudenburg,GTX Pro,Condax,Won,2017-10-01,2017-12-15,4578,FALSE,TRUE
AQH7ORZZ,Reed Clapper,MG Special,Bluth Company,Won,2017-10-01,2017-12-18,62,FALSE,TRUE
GLG1IOHT,Rosalina Dieter,MG Special,J-Texon,Won,2017-10-01,2017-10-08,51,FALSE,TRUE
89MUGU6K,Rosie Papadopoulos,GTX Pro,Bluth Company,Won,2017-10-01,2017-11-30,4881,FALSE,TRUE
F5OETS8V,Vicki Laflamme,GTX Basic,Golddex,Won,2017-10-01,2017-12-18,544,FALSE,TRUE
CU7KT53A,Vicki Laflamme,MG Advanced,Goodsilron,Won,2017-10-01,2017-12-16,2941,FALSE,TRUE
QNB3SCN9,Wilburn Farren,GTX Plus Pro,Unknown Account,Engaging,2017-10-01,NA,NA,TRUE,FALSE
0BYU67KG,Wilburn Farren,MG Advanced,Ganjaflex,Lost,2017-10-01,2017-12-13,0,FALSE,TRUE
SLXPTSGS,Wilburn Farren,MG Special,Condax,Won,2017-10-01,2017-10-11,44,FALSE,TRUE
FZGGKS2D,Zane Levy,GTX Plus Pro,Doncon,Won,2017-10-01,2017-12-23,4910,FALSE,TRUE
6HDTZCCM,Anna Snelling,GTX Plus Pro,Warephase,Lost,2017-10-02,2017-10-14,0,FALSE,TRUE
XUEHL04Z,Boris Faz,GTX Plus Basic,Konex,Lost,2017-10-02,2017-10-04,0,FALSE,TRUE
CTZ5I5R5,Cassey Cress,GTX Plus Pro,Bioplex,Won,2017-10-02,2017-12-05,5469,FALSE,TRUE
988QUSNK,Cecily Lampkin,MG Advanced,Scottech,Lost,2017-10-02,2017-10-03,0,FALSE,TRUE
2P0VIX4N,Cecily Lampkin,MG Advanced,Treequote,Lost,2017-10-02,2017-12-20,0,FALSE,TRUE
TAPH7KQO,Cecily Lampkin,GTX Basic,Zumgoity,Won,2017-10-02,2017-12-07,568,FALSE,TRUE
TWGFQS8L,Darcel Schlecht,GTX Plus Basic,Cancity,Lost,2017-10-02,2017-10-12,0,FALSE,TRUE
MRPSU52W,Darcel Schlecht,MG Advanced,Genco Pura Olive Oil Company,Lost,2017-10-02,2017-10-09,0,FALSE,TRUE
UKXRWZ3P,Darcel Schlecht,GTX Plus Pro,Codehow,Won,2017-10-02,2017-10-04,5263,FALSE,TRUE
C5XXGXUE,Darcel Schlecht,GTX Pro,Toughzap,Won,2017-10-02,2017-10-09,4201,FALSE,TRUE
2IYQ5ALK,Jonathan Berthelot,GTX Basic,Warephase,Lost,2017-10-02,2017-10-07,0,FALSE,TRUE
K4GL9NDX,Jonathan Berthelot,GTX Plus Basic,dambase,Lost,2017-10-02,2017-12-17,0,FALSE,TRUE
OFKWBRP7,Jonathan Berthelot,GTX Plus Basic,Dontechi,Lost,2017-10-02,2017-10-10,0,FALSE,TRUE
1AGL4X1J,Jonathan Berthelot,GTX Plus Basic,Isdom,Lost,2017-10-02,2017-12-18,0,FALSE,TRUE
TSU40NIZ,Kami Bicknell,GTX Pro,Groovestreet,Lost,2017-10-02,2017-10-04,0,FALSE,TRUE
VSN0PA06,Kami Bicknell,GTX Plus Basic,Sunnamplex,Won,2017-10-02,2017-10-03,1048,FALSE,TRUE
FQODPHUL,Kary Hendrixson,GTX Basic,Hatfan,Won,2017-10-02,2017-11-04,631,FALSE,TRUE
KRUY5G5I,Lajuana Vencill,MG Advanced,Hottechi,Lost,2017-10-02,2017-10-13,0,FALSE,TRUE
SCYV3JPO,Lajuana Vencill,GTX Basic,Betatech,Won,2017-10-02,2017-10-12,536,FALSE,TRUE
T91ZAQRH,Lajuana Vencill,GTX Plus Basic,Genco Pura Olive Oil Company,Won,2017-10-02,2017-12-18,1127,FALSE,TRUE
R293SULP,Marty Freudenburg,GTX Plus Basic,Ron-tech,Lost,2017-10-02,2017-10-04,0,FALSE,TRUE
UDKH3AM0,Marty Freudenburg,MG Special,Cancity,Won,2017-10-02,2017-10-09,56,FALSE,TRUE
I4T9W7NQ,Maureen Marcano,GTX Basic,Hottechi,Lost,2017-10-02,2017-12-15,0,FALSE,TRUE
H4ZSZQ9V,Reed Clapper,GTX Pro,Bluth Company,Won,2017-10-02,2017-10-10,4186,FALSE,TRUE
2GQAAHG6,Reed Clapper,MG Advanced,Konex,Won,2017-10-02,2017-10-12,3670,FALSE,TRUE
7OGPA4I3,Reed Clapper,MG Advanced,Umbrella Corporation,Won,2017-10-02,2017-10-12,3482,FALSE,TRUE
54XJLU62,Rosie Papadopoulos,GTX Plus Basic,Gekko & Co,Lost,2017-10-02,2017-10-12,0,FALSE,TRUE
XSSK506P,Versie Hillebrand,MG Special,Funholding,Lost,2017-10-02,2017-10-04,0,FALSE,TRUE
AJKE7ACY,Violet Mclelland,MG Special,Kinnamplus,Won,2017-10-02,2017-10-11,50,FALSE,TRUE
JPPLGVUS,Violet Mclelland,MG Advanced,Massive Dynamic,Won,2017-10-02,2017-12-31,3629,FALSE,TRUE
O7B3XCKF,Zane Levy,GTX Basic,Hottechi,Lost,2017-10-02,2017-10-03,0,FALSE,TRUE
5A7S6Z6P,Zane Levy,GTX Pro,Groovestreet,Lost,2017-10-02,2017-10-11,0,FALSE,TRUE
OOB372R5,Zane Levy,GTX Basic,Condax,Won,2017-10-02,2017-10-12,544,FALSE,TRUE
L67B6CU2,Anna Snelling,GTX Plus Pro,Rundofase,Lost,2017-10-03,2017-10-09,0,FALSE,TRUE
6V0QV9CU,Cecily Lampkin,MG Advanced,Stanredtax,Won,2017-10-03,2017-10-10,3415,FALSE,TRUE
0MXZ36G7,Corliss Cosme,GTX Basic,Bubba Gump,Won,2017-10-03,2017-10-04,616,FALSE,TRUE
LMCHDMJX,Daniell Hammack,GTX Plus Basic,Donware,Won,2017-10-03,2017-10-08,1050,FALSE,TRUE
4HBU57OV,Darcel Schlecht,MG Special,Toughzap,Won,2017-10-03,2017-10-10,58,FALSE,TRUE
AOIM2Y7M,Donn Cantrell,MG Advanced,Zotware,Won,2017-10-03,2017-10-05,3858,FALSE,TRUE
5KC100IN,Elease Gluck,MG Special,Condax,Lost,2017-10-03,2017-10-13,0,FALSE,TRUE
OOFWSKFF,Gladys Colclough,GTX Basic,Hottechi,Lost,2017-10-03,2017-10-04,0,FALSE,TRUE
LV7HHGM4,Gladys Colclough,GTX Plus Pro,Funholding,Lost,2017-10-03,2017-10-05,0,FALSE,TRUE
HBZEI375,Gladys Colclough,MG Advanced,Ron-tech,Lost,2017-10-03,2017-10-10,0,FALSE,TRUE
GRQZZNQB,Gladys Colclough,MG Advanced,Inity,Won,2017-10-03,2017-11-08,3207,FALSE,TRUE
1D8XLZQ8,Hayden Neloms,MG Advanced,Konex,Won,2017-10-03,2017-11-21,3795,FALSE,TRUE
CAX04DY1,Jonathan Berthelot,MG Special,Rundofase,Lost,2017-10-03,2017-11-16,0,FALSE,TRUE
ZVEH26GP,Kami Bicknell,GTX Plus Basic,J-Texon,Won,2017-10-03,2017-10-08,1028,FALSE,TRUE
G7QR0SCP,Kami Bicknell,MG Special,Doncon,Won,2017-10-03,2017-10-15,64,FALSE,TRUE
MYD4PBM9,Kary Hendrixson,GTX Basic,Unknown Account,Engaging,2017-10-03,NA,NA,TRUE,FALSE
DUOS7AO8,Marty Freudenburg,GTX Pro,Rangreen,Lost,2017-10-03,2017-11-24,0,FALSE,TRUE
CCCQGBSY,Reed Clapper,GTX Plus Basic,Bluth Company,Won,2017-10-03,2017-12-09,1284,FALSE,TRUE
C5Z2806X,Reed Clapper,GTX Pro,Iselectrics,Won,2017-10-03,2017-12-28,5044,FALSE,TRUE
2CY7OS6A,Rosalina Dieter,MG Special,Y-corporation,Lost,2017-10-03,2017-10-06,0,FALSE,TRUE
FZKX09GE,Versie Hillebrand,MG Advanced,Rangreen,Won,2017-10-03,2017-10-09,3254,FALSE,TRUE
E2CJIO85,Vicki Laflamme,GTX Plus Pro,Unknown Account,Engaging,2017-10-03,NA,NA,TRUE,FALSE
R2PBFVU7,Vicki Laflamme,GTX Pro,Hottechi,Lost,2017-10-03,2017-10-08,0,FALSE,TRUE
D4SJ5G2G,Violet Mclelland,MG Special,Xx-zobam,Lost,2017-10-03,2017-12-23,0,FALSE,TRUE
N2ESTUQT,Wilburn Farren,GTX Pro,Vehement Capital Partners,Won,2017-10-03,2017-10-10,5127,FALSE,TRUE
3QSM7X3W,Zane Levy,GTX Pro,Green-Plus,Won,2017-10-03,2017-11-06,4194,FALSE,TRUE
UG4BHJRQ,Zane Levy,GTX Pro,Singletechno,Won,2017-10-03,2017-10-11,4105,FALSE,TRUE
NMF60XWK,Anna Snelling,MG Special,Cancity,Lost,2017-10-04,2017-10-13,0,FALSE,TRUE
L6WEVHEN,Anna Snelling,MG Special,Gogozoom,Won,2017-10-04,2017-12-16,59,FALSE,TRUE
EP5QRHID,Boris Faz,MG Advanced,Unknown Account,Engaging,2017-10-04,NA,NA,TRUE,FALSE
EYWXCFXJ,Boris Faz,GTX Plus Pro,Bluth Company,Lost,2017-10-04,2017-11-01,0,FALSE,TRUE
QC9B7V93,Boris Faz,MG Advanced,Acme Corporation,Lost,2017-10-04,2017-10-11,0,FALSE,TRUE
CPVW06O2,Boris Faz,MG Special,Bubba Gump,Won,2017-10-04,2017-10-11,54,FALSE,TRUE
2KNVLXA4,Cassey Cress,GTX Plus Pro,Plussunin,Won,2017-10-04,2017-10-14,5989,FALSE,TRUE
5WAKI1NB,Corliss Cosme,GTX Basic,Unknown Account,Engaging,2017-10-04,NA,NA,TRUE,FALSE
LDJ6VTNW,Daniell Hammack,GTX Plus Basic,Unknown Account,Engaging,2017-10-04,NA,NA,TRUE,FALSE
YI8JSLKX,Daniell Hammack,GTX Pro,Silis,Lost,2017-10-04,2017-10-15,0,FALSE,TRUE
E4O6XJ9E,Darcel Schlecht,GTX Pro,Betatech,Lost,2017-10-04,2017-10-12,0,FALSE,TRUE
L7TT9ZL4,Darcel Schlecht,GTX Plus Pro,Finhigh,Won,2017-10-04,2017-12-21,4735,FALSE,TRUE
JD6WHH6G,Darcel Schlecht,GTX Pro,Rangreen,Won,2017-10-04,2017-10-10,5055,FALSE,TRUE
93OFIHMF,James Ascencio,GTX Plus Pro,Fasehatice,Won,2017-10-04,2017-12-05,4527,FALSE,TRUE
9E7VMZ1J,Jonathan Berthelot,GTX Basic,dambase,Lost,2017-10-04,2017-12-23,0,FALSE,TRUE
BUNGSHKB,Jonathan Berthelot,GTX Pro,Scottech,Lost,2017-10-04,2017-10-15,0,FALSE,TRUE
MK2YTCZN,Jonathan Berthelot,MG Special,Inity,Won,2017-10-04,2017-10-06,58,FALSE,TRUE
MZTB3C70,Kary Hendrixson,GTX Basic,J-Texon,Lost,2017-10-04,2017-11-17,0,FALSE,TRUE
LHG76MIU,Markita Hansen,MG Special,Rantouch,Won,2017-10-04,2017-12-03,62,FALSE,TRUE
SGAJAIP9,Maureen Marcano,GTX Pro,Blackzim,Won,2017-10-04,2017-12-20,5026,FALSE,TRUE
UZ9SEIZ9,Vicki Laflamme,MG Special,Nam-zim,Lost,2017-10-04,2017-10-13,0,FALSE,TRUE
KDY5FEUO,Vicki Laflamme,GTX Basic,Y-corporation,Won,2017-10-04,2017-12-20,496,FALSE,TRUE
1L68AC0E,Wilburn Farren,GTX Pro,Gogozoom,Engaging,2017-10-04,NA,NA,FALSE,FALSE
ZRMZJVWK,Zane Levy,GTX Pro,Plusstrip,Won,2017-10-04,2017-12-28,5491,FALSE,TRUE
JAG873Y3,Anna Snelling,MG Special,Hottechi,Lost,2017-10-05,2017-10-12,0,FALSE,TRUE
WQTR95J3,Cecily Lampkin,GTX Basic,Stanredtax,Won,2017-10-05,2017-10-11,622,FALSE,TRUE
1FHY3UGF,Corliss Cosme,GTX Pro,Zotware,Lost,2017-10-05,2017-10-13,0,FALSE,TRUE
B9KFRY53,Darcel Schlecht,GTX Plus Basic,Rangreen,Won,2017-10-05,2017-10-10,1132,FALSE,TRUE
ZRCY8P4P,Darcel Schlecht,GTX Plus Pro,Condax,Won,2017-10-05,2017-12-14,5422,FALSE,TRUE
M3RME16Q,Darcel Schlecht,GTX Pro,Inity,Won,2017-10-05,2017-10-14,5170,FALSE,TRUE
YPRHMUIB,Darcel Schlecht,GTX Pro,Stanredtax,Won,2017-10-05,2017-12-22,5009,FALSE,TRUE
HM4ZINFJ,Donn Cantrell,MG Advanced,Zathunicon,Lost,2017-10-05,2017-10-10,0,FALSE,TRUE
06C1N1F7,Elease Gluck,MG Special,Unknown Account,Engaging,2017-10-05,NA,NA,TRUE,FALSE
6WIQG92N,Elease Gluck,GTK 500,Konex,Lost,2017-10-05,2017-10-18,0,FALSE,TRUE
3JMB4J8E,Garret Kinder,GTX Plus Pro,Acme Corporation,Won,2017-10-05,2017-10-07,5331,FALSE,TRUE
FTZ4VYH4,Hayden Neloms,MG Advanced,Scotfind,Lost,2017-10-05,2017-12-13,0,FALSE,TRUE
GEJKKFOL,James Ascencio,GTX Basic,Groovestreet,Lost,2017-10-05,2017-10-10,0,FALSE,TRUE
UYWQ5N0R,James Ascencio,GTX Pro,Labdrill,Lost,2017-10-05,2017-11-23,0,FALSE,TRUE
NDAFT4KV,James Ascencio,GTX Plus Basic,Hatfan,Won,2017-10-05,2017-10-18,1132,FALSE,TRUE
BO1GBSM0,James Ascencio,GTX Plus Pro,Blackzim,Won,2017-10-05,2017-10-11,5004,FALSE,TRUE
FSVEMKSG,Jonathan Berthelot,GTX Basic,Inity,Won,2017-10-05,2017-10-10,556,FALSE,TRUE
V0XQVHQV,Jonathan Berthelot,MG Special,Gogozoom,Won,2017-10-05,2017-10-12,53,FALSE,TRUE
TFZMFOH9,Kami Bicknell,GTX Pro,Finjob,Won,2017-10-05,2017-11-24,4362,FALSE,TRUE
VVE9HGLD,Kary Hendrixson,GTX Pro,Unknown Account,Engaging,2017-10-05,NA,NA,TRUE,FALSE
8T9ANK4E,Marty Freudenburg,GTX Basic,Warephase,Won,2017-10-05,2017-12-24,550,FALSE,TRUE
76WXMI88,Moses Frase,MG Special,Stanredtax,Won,2017-10-05,2017-12-28,50,FALSE,TRUE
ZH8XR8YT,Niesha Huffines,GTX Plus Basic,Dontechi,Lost,2017-10-05,2017-10-13,0,FALSE,TRUE
PR9HQKA7,Niesha Huffines,GTX Plus Basic,Dontechi,Lost,2017-10-05,2017-10-15,0,FALSE,TRUE
NMHDWGNT,Niesha Huffines,GTX Pro,Funholding,Lost,2017-10-05,2017-10-15,0,FALSE,TRUE
WX3CPDYD,Reed Clapper,GTX Pro,Gekko & Co,Won,2017-10-05,2017-12-31,4651,FALSE,TRUE
3DF5FIAM,Reed Clapper,MG Advanced,Umbrella Corporation,Won,2017-10-05,2017-12-17,3285,FALSE,TRUE
018KKT5I,Rosalina Dieter,GTX Basic,Faxquote,Lost,2017-10-05,2017-10-11,0,FALSE,TRUE
9AOPLD0O,Rosie Papadopoulos,MG Advanced,Umbrella Corporation,Won,2017-10-05,2017-10-11,3002,FALSE,TRUE
J54XWY0O,Versie Hillebrand,GTX Basic,Betatech,Lost,2017-10-05,2017-10-16,0,FALSE,TRUE
FJEL0TDN,Versie Hillebrand,MG Special,Conecom,Won,2017-10-05,2017-10-07,58,FALSE,TRUE
I5JTM3EK,Vicki Laflamme,MG Special,Zoomit,Lost,2017-10-05,2017-10-08,0,FALSE,TRUE
3Q5R6HAY,Vicki Laflamme,MG Advanced,Doncon,Won,2017-10-05,2017-10-08,3435,FALSE,TRUE
VOEOU1U6,Zane Levy,MG Special,Xx-holding,Lost,2017-10-05,2017-10-07,0,FALSE,TRUE
52IHI8JD,Anna Snelling,MG Special,Funholding,Lost,2017-10-06,2017-11-24,0,FALSE,TRUE
7QPQ40X9,Anna Snelling,MG Advanced,Ron-tech,Lost,2017-10-06,2017-10-08,0,FALSE,TRUE
KFZ37330,Boris Faz,GTX Basic,Konex,Won,2017-10-06,2017-12-14,492,FALSE,TRUE
T64JVA4T,Boris Faz,GTX Pro,Xx-zobam,Won,2017-10-06,2017-10-07,4401,FALSE,TRUE
Y5C1Q7UR,Cassey Cress,MG Special,Zathunicon,Won,2017-10-06,2017-12-26,50,FALSE,TRUE
VN0XOAB6,Cassey Cress,MG Advanced,Bubba Gump,Won,2017-10-06,2017-11-12,3333,FALSE,TRUE
MVZG0BSG,Corliss Cosme,GTX Plus Basic,Donware,Won,2017-10-06,2017-10-16,1095,FALSE,TRUE
JIEO87ZV,Daniell Hammack,MG Advanced,Unknown Account,Engaging,2017-10-06,NA,NA,TRUE,FALSE
EM1W738H,Darcel Schlecht,GTX Plus Pro,dambase,Won,2017-10-06,2017-11-22,5595,FALSE,TRUE
13WLN2MJ,Darcel Schlecht,GTX Pro,Finhigh,Won,2017-10-06,2017-10-08,4461,FALSE,TRUE
M4NNI01I,Donn Cantrell,GTX Plus Basic,Yearin,Lost,2017-10-06,2017-10-16,0,FALSE,TRUE
MIA65OVY,Elease Gluck,MG Special,Unknown Account,Engaging,2017-10-06,NA,NA,TRUE,FALSE
U3FTUG3T,Gladys Colclough,GTX Basic,Streethex,Won,2017-10-06,2017-11-20,415,FALSE,TRUE
RS13M1ZP,Gladys Colclough,MG Advanced,Stanredtax,Won,2017-10-06,2017-10-08,3212,FALSE,TRUE
10B65ZN9,James Ascencio,GTX Basic,Groovestreet,Won,2017-10-06,2017-12-31,457,FALSE,TRUE
V4YBVSJ4,Jonathan Berthelot,GTX Plus Basic,Condax,Lost,2017-10-06,2017-10-17,0,FALSE,TRUE
LVMPJ8JN,Jonathan Berthelot,GTX Basic,Codehow,Won,2017-10-06,2017-12-31,546,FALSE,TRUE
OV0LOPAA,Lajuana Vencill,GTX Plus Basic,Statholdings,Lost,2017-10-06,2017-10-12,0,FALSE,TRUE
0ISX53T3,Lajuana Vencill,GTX Basic,Globex Corporation,Won,2017-10-06,2017-12-21,453,FALSE,TRUE
KL8PCQXC,Markita Hansen,GTX Pro,Hatfan,Lost,2017-10-06,2017-10-15,0,FALSE,TRUE
Q4KZSJ6Q,Moses Frase,GTX Basic,dambase,Won,2017-10-06,2017-10-07,510,FALSE,TRUE
1IABHXOP,Moses Frase,GTX Basic,Gogozoom,Won,2017-10-06,2017-10-14,552,FALSE,TRUE
2RE0MZGV,Reed Clapper,MG Advanced,Zencorporation,Won,2017-10-06,2017-10-07,3203,FALSE,TRUE
JLKLRCFZ,Rosie Papadopoulos,GTX Plus Pro,The New York Inquirer,Won,2017-10-06,2017-10-14,6228,FALSE,TRUE
2X9KWWCP,Versie Hillebrand,MG Special,dambase,Won,2017-10-06,2017-10-11,59,FALSE,TRUE
IF2BUC3Q,Wilburn Farren,GTX Pro,Mathtouch,Lost,2017-10-06,2017-10-08,0,FALSE,TRUE
GU4HXZ55,Zane Levy,GTX Plus Basic,Condax,Won,2017-10-06,2017-12-23,1129,FALSE,TRUE
JQK0EF45,Anna Snelling,GTX Plus Pro,Streethex,Won,2017-10-07,2017-10-13,5349,FALSE,TRUE
YUUD6GIT,Boris Faz,GTX Plus Basic,Umbrella Corporation,Won,2017-10-07,2017-11-19,1148,FALSE,TRUE
FBDZ4LCK,Cassey Cress,GTX Basic,Zotware,Lost,2017-10-07,2017-10-08,0,FALSE,TRUE
SQMPV6L6,Cecily Lampkin,MG Special,Toughzap,Won,2017-10-07,2017-10-19,52,FALSE,TRUE
N9ZBEJFI,Cecily Lampkin,MG Advanced,Finhigh,Won,2017-10-07,2017-12-28,3253,FALSE,TRUE
EKXXH9IK,Daniell Hammack,GTX Plus Basic,Gekko & Co,Won,2017-10-07,2017-11-04,1267,FALSE,TRUE
OC6ZMTK5,Daniell Hammack,GTX Plus Basic,Initech,Won,2017-10-07,2017-10-13,1096,FALSE,TRUE
M57LZE5F,Darcel Schlecht,MG Advanced,Hottechi,Lost,2017-10-07,2017-12-23,0,FALSE,TRUE
1XO519P4,Darcel Schlecht,MG Special,Genco Pura Olive Oil Company,Won,2017-10-07,2017-12-30,54,FALSE,TRUE
UBWO7HIV,Hayden Neloms,MG Advanced,Green-Plus,Won,2017-10-07,2017-12-13,3293,FALSE,TRUE
00X8VEYH,Jonathan Berthelot,GTX Pro,Rundofase,Won,2017-10-07,2017-12-22,4404,FALSE,TRUE
ZJ11PBUV,Jonathan Berthelot,GTX Pro,Zumgoity,Won,2017-10-07,2017-10-09,5212,FALSE,TRUE
GJX7YGIF,Kami Bicknell,GTX Basic,Plexzap,Lost,2017-10-07,2017-11-25,0,FALSE,TRUE
MF6S92GQ,Kary Hendrixson,GTX Basic,Dalttechnology,Won,2017-10-07,2017-12-08,488,FALSE,TRUE
KTZDTM8W,Lajuana Vencill,GTX Basic,Globex Corporation,Won,2017-10-07,2017-10-13,594,FALSE,TRUE
SH0S5N6U,Markita Hansen,GTX Basic,Singletechno,Won,2017-10-07,2017-12-30,464,FALSE,TRUE
M3306MKK,Markita Hansen,MG Special,Cheers,Won,2017-10-07,2017-12-13,53,FALSE,TRUE
5H27L6YI,Marty Freudenburg,GTX Plus Basic,Finhigh,Lost,2017-10-07,2017-10-15,0,FALSE,TRUE
FCEJCRKY,Marty Freudenburg,GTX Basic,Streethex,Won,2017-10-07,2017-10-08,661,FALSE,TRUE
FTVBHHFC,Marty Freudenburg,GTX Plus Basic,Genco Pura Olive Oil Company,Won,2017-10-07,2017-10-14,1240,FALSE,TRUE
CXE6ORIJ,Marty Freudenburg,MG Advanced,Isdom,Won,2017-10-07,2017-12-20,2763,FALSE,TRUE
QFIEJY21,Maureen Marcano,GTX Basic,Condax,Won,2017-10-07,2017-12-05,610,FALSE,TRUE
4OUTIJAR,Maureen Marcano,MG Special,Hatfan,Won,2017-10-07,2017-12-14,59,FALSE,TRUE
R19OP4QL,Moses Frase,GTX Basic,Rangreen,Won,2017-10-07,2017-10-19,577,FALSE,TRUE
UU7QH2WX,Rosalina Dieter,MG Special,Kan-code,Lost,2017-10-07,2017-10-15,0,FALSE,TRUE
O7WVUMZ5,Vicki Laflamme,GTX Plus Basic,Finjob,Won,2017-10-07,2017-10-09,1139,FALSE,TRUE
NRMFYPAD,Anna Snelling,GTX Plus Pro,Treequote,Won,2017-10-08,2017-12-30,6038,FALSE,TRUE
63HMAJCZ,Boris Faz,GTX Pro,Umbrella Corporation,Won,2017-10-08,2017-10-14,4605,FALSE,TRUE
MR49QBLO,Boris Faz,MG Advanced,Konex,Won,2017-10-08,2017-11-21,3264,FALSE,TRUE
V7C6RT5S,Cassey Cress,MG Advanced,Betasoloin,Won,2017-10-08,2017-10-17,3472,FALSE,TRUE
G1POINXI,Cecily Lampkin,GTX Plus Basic,Rangreen,Won,2017-10-08,2017-10-15,1186,FALSE,TRUE
S181FZ0Y,Corliss Cosme,GTX Basic,Zotware,Lost,2017-10-08,2017-10-16,0,FALSE,TRUE
5J7T0GZU,Daniell Hammack,GTX Pro,Sumace,Won,2017-10-08,2017-12-14,4964,FALSE,TRUE
0IAJNXTD,Darcel Schlecht,MG Special,Domzoom,Lost,2017-10-08,2017-10-10,0,FALSE,TRUE
RMQME3N0,Donn Cantrell,GTX Plus Basic,Massive Dynamic,Lost,2017-10-08,2017-11-21,0,FALSE,TRUE
G8C3GRPO,Garret Kinder,MG Advanced,Vehement Capital Partners,Won,2017-10-08,2017-10-20,2812,FALSE,TRUE
IY3U40F8,Gladys Colclough,GTX Plus Basic,Globex Corporation,Lost,2017-10-08,2017-10-14,0,FALSE,TRUE
OZFSBIDF,Gladys Colclough,GTX Pro,Toughzap,Lost,2017-10-08,2017-10-09,0,FALSE,TRUE
IEJHIQYI,Hayden Neloms,MG Advanced,Blackzim,Won,2017-10-08,2017-12-22,3517,FALSE,TRUE
6SQHVC0S,Jonathan Berthelot,GTX Pro,dambase,Lost,2017-10-08,2017-12-26,0,FALSE,TRUE
L9EVLHSJ,Kami Bicknell,GTX Plus Basic,Unknown Account,Engaging,2017-10-08,NA,NA,TRUE,FALSE
DIGZWVHI,Kami Bicknell,GTX Basic,Sunnamplex,Lost,2017-10-08,2017-10-09,0,FALSE,TRUE
1ZT4IROS,Kami Bicknell,GTX Basic,Xx-holding,Won,2017-10-08,2017-10-10,608,FALSE,TRUE
60QEB2FZ,Kary Hendrixson,GTX Plus Pro,Fasehatice,Won,2017-10-08,2017-10-16,4989,FALSE,TRUE
2PX317QP,Kary Hendrixson,GTX Pro,Newex,Won,2017-10-08,2017-11-23,4780,FALSE,TRUE
O691ZXXH,Markita Hansen,MG Special,Unknown Account,Engaging,2017-10-08,NA,NA,TRUE,FALSE
2T0GMDKK,Markita Hansen,GTX Plus Basic,Blackzim,Lost,2017-10-08,2017-10-10,0,FALSE,TRUE
ZK6HTTBB,Markita Hansen,MG Special,Labdrill,Lost,2017-10-08,2017-10-14,0,FALSE,TRUE
V74YPMJ4,Rosalina Dieter,MG Special,Zoomit,Lost,2017-10-08,2017-10-20,0,FALSE,TRUE
8ZIX3LAF,Vicki Laflamme,MG Advanced,Newex,Won,2017-10-08,2017-10-09,3023,FALSE,TRUE
QDBJOE9M,Zane Levy,MG Special,Unknown Account,Engaging,2017-10-08,NA,NA,TRUE,FALSE
IVMMNSJB,Anna Snelling,GTX Plus Pro,Conecom,Lost,2017-10-09,2017-10-17,0,FALSE,TRUE
H9M21153,Anna Snelling,MG Advanced,Ron-tech,Won,2017-10-09,2017-10-20,3100,FALSE,TRUE
JV0KXH4X,Boris Faz,GTX Plus Pro,Donquadtech,Won,2017-10-09,2017-12-30,6406,FALSE,TRUE
V9UM2K16,Corliss Cosme,GTX Plus Pro,Kinnamplus,Won,2017-10-09,2017-10-15,5711,FALSE,TRUE
ZEYGDEBG,Daniell Hammack,GTX Pro,Unknown Account,Engaging,2017-10-09,NA,NA,TRUE,FALSE
SRV6TQ2E,Daniell Hammack,MG Special,Ontomedia,Won,2017-10-09,2017-10-18,58,FALSE,TRUE
94GJ7WZV,Darcel Schlecht,GTX Pro,Statholdings,Lost,2017-10-09,2017-10-10,0,FALSE,TRUE
B24YQ6LA,Garret Kinder,GTX Basic,Zotware,Won,2017-10-09,2017-10-10,552,FALSE,TRUE
RYELEM60,Garret Kinder,MG Advanced,The New York Inquirer,Won,2017-10-09,2017-10-20,3215,FALSE,TRUE
RL26ZS8F,Gladys Colclough,GTX Basic,Konmatfix,Lost,2017-10-09,2017-11-27,0,FALSE,TRUE
JKIAA2TF,James Ascencio,GTX Plus Basic,Finjob,Won,2017-10-09,2017-11-23,1112,FALSE,TRUE
HTK2UHC8,Jonathan Berthelot,GTX Basic,Stanredtax,Lost,2017-10-09,2017-10-21,0,FALSE,TRUE
SPRK2YOB,Jonathan Berthelot,GTX Plus Basic,Warephase,Won,2017-10-09,2017-11-25,1190,FALSE,TRUE
8F7VHV02,Kami Bicknell,GTX Basic,Finjob,Won,2017-10-09,2017-12-22,446,FALSE,TRUE
7FGVY6GK,Kami Bicknell,GTX Basic,Konex,Won,2017-10-09,2017-10-10,565,FALSE,TRUE
6IZZL97A,Kary Hendrixson,GTX Basic,Singletechno,Lost,2017-10-09,2017-10-18,0,FALSE,TRUE
0HUWQWOJ,Markita Hansen,MG Special,Unknown Account,Engaging,2017-10-09,NA,NA,TRUE,FALSE
C35YI5NJ,Markita Hansen,GTX Pro,Singletechno,Won,2017-10-09,2017-12-25,4753,FALSE,TRUE
6U30UYDT,Marty Freudenburg,GTX Plus Basic,Genco Pura Olive Oil Company,Lost,2017-10-09,2017-11-30,0,FALSE,TRUE
ZXOHD0KE,Maureen Marcano,GTX Basic,Sunnamplex,Lost,2017-10-09,2017-10-19,0,FALSE,TRUE
77Q6KD0O,Niesha Huffines,GTX Basic,Statholdings,Lost,2017-10-09,2017-10-21,0,FALSE,TRUE
JIH6P53I,Niesha Huffines,GTX Plus Basic,Stanredtax,Won,2017-10-09,2017-10-10,1129,FALSE,TRUE
WKTVP5WY,Rosalina Dieter,MG Special,Sunnamplex,Won,2017-10-09,2017-10-10,56,FALSE,TRUE
10N0ZBYO,Rosalina Dieter,MG Advanced,Singletechno,Won,2017-10-09,2017-10-11,3435,FALSE,TRUE
IUVAUQ6I,Versie Hillebrand,MG Advanced,Rangreen,Won,2017-10-09,2017-10-14,3860,FALSE,TRUE
YH5L64AP,Violet Mclelland,MG Special,Yearin,Lost,2017-10-09,2017-12-23,0,FALSE,TRUE
A71ENBVA,Zane Levy,GTX Basic,Hottechi,Lost,2017-10-09,2017-10-17,0,FALSE,TRUE
4X8WU71C,Zane Levy,MG Advanced,Condax,Lost,2017-10-09,2017-10-11,0,FALSE,TRUE
03H4RXBI,Zane Levy,GTX Basic,Y-corporation,Won,2017-10-09,2017-12-17,482,FALSE,TRUE
MQVOQZL7,Anna Snelling,MG Special,Codehow,Lost,2017-10-10,2017-10-19,0,FALSE,TRUE
OHD4TPKZ,Anna Snelling,GTX Plus Basic,Gogozoom,Won,2017-10-10,2017-10-11,1166,FALSE,TRUE
V4PVZC5L,Boris Faz,MG Special,Kinnamplus,Lost,2017-10-10,2017-10-18,0,FALSE,TRUE
9G85W8XE,Corliss Cosme,GTX Plus Basic,Kan-code,Lost,2017-10-10,2017-10-15,0,FALSE,TRUE
S6DXPVLA,Daniell Hammack,GTX Plus Basic,Yearin,Lost,2017-10-10,2017-11-13,0,FALSE,TRUE
MKI4TLUN,Daniell Hammack,GTX Pro,Zencorporation,Won,2017-10-10,2017-12-18,5112,FALSE,TRUE
H41YA4SB,Darcel Schlecht,GTX Plus Basic,Toughzap,Lost,2017-10-10,2017-12-26,0,FALSE,TRUE
MW4MSIWW,Darcel Schlecht,GTX Pro,Warephase,Lost,2017-10-10,2017-10-14,0,FALSE,TRUE
XSQOEHEA,Hayden Neloms,MG Advanced,Lexiqvolax,Lost,2017-10-10,2017-10-15,0,FALSE,TRUE
GQT2DFWZ,Jonathan Berthelot,MG Advanced,Treequote,Won,2017-10-10,2017-10-20,3892,FALSE,TRUE
IQ9GMTBR,Kami Bicknell,GTX Basic,Dalttechnology,Won,2017-10-10,2017-10-11,473,FALSE,TRUE
ZR8H455M,Kary Hendrixson,GTX Basic,Groovestreet,Lost,2017-10-10,2017-10-14,0,FALSE,TRUE
3F2EMUQ7,Kary Hendrixson,GTX Plus Basic,Scotfind,Lost,2017-10-10,2017-10-11,0,FALSE,TRUE
VB26KWQ6,Kary Hendrixson,GTX Basic,Faxquote,Won,2017-10-10,2017-11-20,511,FALSE,TRUE
7J1UD7ZW,Kary Hendrixson,GTX Basic,Hottechi,Won,2017-10-10,2017-10-12,509,FALSE,TRUE
VR6NO9FA,Kary Hendrixson,GTX Basic,Labdrill,Won,2017-10-10,2017-10-22,528,FALSE,TRUE
O8QGRK5P,Kary Hendrixson,GTX Basic,Sunnamplex,Won,2017-10-10,2017-10-14,549,FALSE,TRUE
BOD1GBJU,Lajuana Vencill,GTX Basic,Rundofase,Lost,2017-10-10,2017-12-25,0,FALSE,TRUE
TN3IRRND,Lajuana Vencill,MG Special,Gogozoom,Lost,2017-10-10,2017-10-19,0,FALSE,TRUE
PR224V1P,Marty Freudenburg,GTX Basic,Scottech,Lost,2017-10-10,2017-10-19,0,FALSE,TRUE
60RDU2SZ,Marty Freudenburg,MG Advanced,Globex Corporation,Won,2017-10-10,2017-10-17,3578,FALSE,TRUE
X2I316HD,Moses Frase,GTX Basic,dambase,Won,2017-10-10,2017-12-29,523,FALSE,TRUE
K5DNNWYT,Rosie Papadopoulos,GTX Pro,Zencorporation,Won,2017-10-10,2017-10-11,4575,FALSE,TRUE
941E65Z7,Vicki Laflamme,GTX Pro,Plusstrip,Won,2017-10-10,2017-10-12,4552,FALSE,TRUE
77UHLYMA,Zane Levy,GTX Basic,Konex,Lost,2017-10-10,2017-10-11,0,FALSE,TRUE
VR1XYM23,Zane Levy,GTX Basic,Blackzim,Won,2017-10-10,2017-12-23,551,FALSE,TRUE
TQ6BTW2Z,Zane Levy,GTX Basic,Faxquote,Won,2017-10-10,2017-10-18,545,FALSE,TRUE
IVSOSC0E,Zane Levy,GTX Plus Basic,Y-corporation,Won,2017-10-10,2017-10-15,1134,FALSE,TRUE
KI4LTBV6,Anna Snelling,MG Advanced,Statholdings,Lost,2017-10-11,2017-10-13,0,FALSE,TRUE
4VZ0JIVZ,Anna Snelling,MG Advanced,Scottech,Won,2017-10-11,2017-10-16,3434,FALSE,TRUE
FNCXBWHQ,Boris Faz,GTX Basic,Condax,Won,2017-10-11,2017-12-27,505,FALSE,TRUE
Q306R9K4,Boris Faz,GTX Plus Basic,Ganjaflex,Won,2017-10-11,2017-10-21,1066,FALSE,TRUE
KHRY7J40,Cassey Cress,GTX Basic,Zathunicon,Won,2017-10-11,2017-11-12,580,FALSE,TRUE
AP9MLRZJ,Corliss Cosme,GTX Pro,Initech,Won,2017-10-11,2017-12-20,4501,FALSE,TRUE
46JP2TQB,Darcel Schlecht,GTX Plus Basic,Globex Corporation,Lost,2017-10-11,2017-10-19,0,FALSE,TRUE
W48N7MRO,Darcel Schlecht,GTX Plus Pro,Rundofase,Lost,2017-10-11,2017-10-13,0,FALSE,TRUE
X4LSK4OE,Darcel Schlecht,GTX Plus Pro,Treequote,Won,2017-10-11,2017-11-03,6182,FALSE,TRUE
M1ZZYSTB,Donn Cantrell,GTX Pro,Bubba Gump,Won,2017-10-11,2017-10-12,4763,FALSE,TRUE
0UOIGVEO,Donn Cantrell,MG Advanced,Gekko & Co,Won,2017-10-11,2017-10-20,3024,FALSE,TRUE
AK9OXW30,Garret Kinder,MG Special,Ganjaflex,Lost,2017-10-11,2017-10-12,0,FALSE,TRUE
CFGYG1EC,James Ascencio,GTX Basic,Green-Plus,Lost,2017-10-11,2017-10-13,0,FALSE,TRUE
TS3P4VMD,James Ascencio,GTX Plus Pro,Goodsilron,Won,2017-10-11,2017-10-19,6751,FALSE,TRUE
8PEB9FHX,James Ascencio,MG Special,Goodsilron,Won,2017-10-11,2017-10-18,54,FALSE,TRUE
V1YT1LP1,Jonathan Berthelot,GTX Basic,Stanredtax,Won,2017-10-11,2017-12-25,592,FALSE,TRUE
DTIZX4YN,Jonathan Berthelot,GTX Plus Basic,Cancity,Won,2017-10-11,2017-10-22,969,FALSE,TRUE
KMBY0IGV,Kami Bicknell,MG Special,Dalttechnology,Won,2017-10-11,2017-10-12,48,FALSE,TRUE
XULGG5K8,Kary Hendrixson,GTX Basic,Konex,Lost,2017-10-11,2017-10-13,0,FALSE,TRUE
KP8ZZ3Y6,Kary Hendrixson,GTX Plus Basic,Labdrill,Lost,2017-10-11,2017-12-23,0,FALSE,TRUE
SBF5S7LF,Kary Hendrixson,GTX Plus Pro,Hatfan,Won,2017-10-11,2017-10-21,6555,FALSE,TRUE
YIA65LM2,Lajuana Vencill,MG Advanced,Treequote,Lost,2017-10-11,2017-10-19,0,FALSE,TRUE
8SLDCS0F,Markita Hansen,MG Special,Unknown Account,Engaging,2017-10-11,NA,NA,TRUE,FALSE
TVBY6CND,Marty Freudenburg,GTX Plus Pro,Bioholding,Won,2017-10-11,2017-12-15,5271,FALSE,TRUE
OHOWVHYX,Rosalina Dieter,MG Advanced,Zoomit,Engaging,2017-10-11,NA,NA,FALSE,FALSE
EC9H6XHB,Rosie Papadopoulos,MG Special,Kan-code,Lost,2017-10-11,2017-11-22,0,FALSE,TRUE
47QKNXLO,Rosie Papadopoulos,GTX Basic,Yearin,Won,2017-10-11,2017-12-10,472,FALSE,TRUE
VW2PJALW,Versie Hillebrand,GTX Plus Pro,Cancity,Won,2017-10-11,2017-11-29,5211,FALSE,TRUE
GVLIYD9A,Vicki Laflamme,GTX Basic,Y-corporation,Won,2017-10-11,2017-12-11,430,FALSE,TRUE
F761DF0M,Zane Levy,GTX Basic,Silis,Engaging,2017-10-11,NA,NA,FALSE,FALSE
II1GOQWL,Zane Levy,GTX Basic,Fasehatice,Lost,2017-10-11,2017-10-20,0,FALSE,TRUE
4P5BOQB5,Zane Levy,GTX Pro,Singletechno,Won,2017-10-11,2017-12-22,4545,FALSE,TRUE
QYYOVTHC,Boris Faz,GTX Plus Basic,Umbrella Corporation,Lost,2017-10-12,2017-10-19,0,FALSE,TRUE
4O3EPWFR,Corliss Cosme,GTX Plus Basic,Unknown Account,Engaging,2017-10-12,NA,NA,TRUE,FALSE
AADN7F5T,Darcel Schlecht,MG Special,Zumgoity,Lost,2017-10-12,2017-10-17,0,FALSE,TRUE
U8CWFFRH,Jonathan Berthelot,MG Advanced,Ron-tech,Lost,2017-10-12,2017-10-13,0,FALSE,TRUE
35HVN8Q3,Jonathan Berthelot,GTX Basic,Scottech,Won,2017-10-12,2017-10-21,528,FALSE,TRUE
PNNZM0OZ,Jonathan Berthelot,GTX Pro,Conecom,Won,2017-10-12,2017-12-28,5064,FALSE,TRUE
UYZQCWAC,Jonathan Berthelot,MG Advanced,Conecom,Won,2017-10-12,2017-12-06,3203,FALSE,TRUE
K0YFUK4X,Kami Bicknell,GTX Basic,Scotfind,Won,2017-10-12,2017-11-02,549,FALSE,TRUE
TUL0TZSR,Kary Hendrixson,GTX Basic,Dalttechnology,Won,2017-10-12,2017-10-23,594,FALSE,TRUE
LS2A22IA,Lajuana Vencill,GTX Basic,Globex Corporation,Lost,2017-10-12,2017-10-21,0,FALSE,TRUE
L5K0S1U3,Lajuana Vencill,GTX Basic,Globex Corporation,Lost,2017-10-12,2017-10-22,0,FALSE,TRUE
82LY53FE,Markita Hansen,GTX Basic,Labdrill,Won,2017-10-12,2017-11-01,529,FALSE,TRUE
XRJTRP20,Maureen Marcano,GTX Pro,Fasehatice,Won,2017-10-12,2017-10-17,4505,FALSE,TRUE
D00FIU21,Moses Frase,GTX Basic,Finhigh,Won,2017-10-12,2017-12-11,457,FALSE,TRUE
C48I5WD9,Moses Frase,MG Advanced,Warephase,Won,2017-10-12,2017-10-13,3090,FALSE,TRUE
HG0N3NJ4,Reed Clapper,MG Special,Zencorporation,Won,2017-10-12,2017-10-14,53,FALSE,TRUE
5ZUKTSJV,Violet Mclelland,GTX Plus Basic,Gekko & Co,Won,2017-10-12,2017-10-17,1004,FALSE,TRUE
CD5B8P8U,Zane Levy,MG Advanced,Hottechi,Lost,2017-10-12,2017-10-19,0,FALSE,TRUE
MBYY3F5P,Zane Levy,GTX Basic,J-Texon,Won,2017-10-12,2017-10-21,696,FALSE,TRUE
0V9YEQDU,Anna Snelling,MG Special,Treequote,Lost,2017-10-13,2017-10-22,0,FALSE,TRUE
76GEYK0T,Cassey Cress,GTX Plus Basic,Opentech,Won,2017-10-13,2017-10-23,888,FALSE,TRUE
0QUXNGR1,Cecily Lampkin,MG Advanced,Warephase,Lost,2017-10-13,2017-10-18,0,FALSE,TRUE
4N9E1F86,Corliss Cosme,GTX Plus Basic,Zathunicon,Lost,2017-10-13,2017-10-20,0,FALSE,TRUE
895XMROB,Corliss Cosme,GTX Plus Pro,Yearin,Lost,2017-10-13,2017-11-21,0,FALSE,TRUE
LFMLZPA5,Daniell Hammack,GTX Pro,Konex,Lost,2017-10-13,2017-10-22,0,FALSE,TRUE
H54N095V,Darcel Schlecht,GTX Pro,Gogozoom,Won,2017-10-13,2017-10-24,4767,FALSE,TRUE
FQPECFYO,Darcel Schlecht,GTX Pro,Hottechi,Won,2017-10-13,2017-12-20,4869,FALSE,TRUE
933OT3AE,Darcel Schlecht,MG Advanced,Ron-tech,Won,2017-10-13,2017-10-14,3475,FALSE,TRUE
5HDKACI4,Donn Cantrell,GTX Basic,Initech,Lost,2017-10-13,2017-10-15,0,FALSE,TRUE
GVEUKZ72,Donn Cantrell,MG Special,Donware,Lost,2017-10-13,2017-12-09,0,FALSE,TRUE
YHOVVBSP,Donn Cantrell,MG Advanced,Kan-code,Lost,2017-10-13,2017-12-10,0,FALSE,TRUE
ZN6HXJ5F,Hayden Neloms,GTX Plus Basic,Rantouch,Lost,2017-10-13,2017-10-20,0,FALSE,TRUE
3IQ19UZ2,Hayden Neloms,MG Advanced,Kan-code,Won,2017-10-13,2017-10-14,3250,FALSE,TRUE
R2CG5WED,James Ascencio,GTX Plus Pro,Singletechno,Lost,2017-10-13,2017-12-03,0,FALSE,TRUE
QCBO7C6E,Kami Bicknell,GTX Plus Basic,Unknown Account,Engaging,2017-10-13,NA,NA,TRUE,FALSE
ORYORRQV,Kary Hendrixson,GTX Basic,Hottechi,Engaging,2017-10-13,NA,NA,FALSE,FALSE
NGG8O0JX,Markita Hansen,GTX Basic,Unknown Account,Engaging,2017-10-13,NA,NA,TRUE,FALSE
GH0FU105,Markita Hansen,MG Advanced,Nam-zim,Lost,2017-10-13,2017-10-18,0,FALSE,TRUE
NDIZ18GW,Maureen Marcano,MG Advanced,Cheers,Lost,2017-10-13,2017-10-25,0,FALSE,TRUE
BRIOGGKC,Moses Frase,MG Advanced,Inity,Lost,2017-10-13,2017-11-29,0,FALSE,TRUE
GZYL4SG1,Moses Frase,GTX Plus Basic,Rangreen,Won,2017-10-13,2017-10-26,978,FALSE,TRUE
7ZASHEBX,Reed Clapper,MG Special,Bubba Gump,Won,2017-10-13,2017-12-14,49,FALSE,TRUE
WJ9JNMJ2,Versie Hillebrand,MG Special,Stanredtax,Won,2017-10-13,2017-10-24,49,FALSE,TRUE
N3OWNMD3,Vicki Laflamme,GTX Plus Pro,Xx-holding,Lost,2017-10-13,2017-10-22,0,FALSE,TRUE
8U3LICIW,Vicki Laflamme,GTX Basic,Hottechi,Won,2017-10-13,2017-12-10,563,FALSE,TRUE
JALBPRSF,Violet Mclelland,GTX Plus Basic,Umbrella Corporation,Lost,2017-10-13,2017-10-21,0,FALSE,TRUE
0E1HHXGB,Violet Mclelland,MG Special,Donware,Lost,2017-10-13,2017-10-15,0,FALSE,TRUE
MJXPSHYT,Violet Mclelland,MG Special,Zencorporation,Won,2017-10-13,2017-10-24,53,FALSE,TRUE
AF8SULB0,Cecily Lampkin,GTX Plus Basic,Rangreen,Won,2017-10-14,2017-10-26,1168,FALSE,TRUE
N8BM4XEP,Corliss Cosme,GTX Basic,The New York Inquirer,Won,2017-10-14,2017-11-17,560,FALSE,TRUE
FZGBRGHF,Daniell Hammack,GTX Plus Basic,Gekko & Co,Lost,2017-10-14,2017-12-30,0,FALSE,TRUE
36PET9WM,Darcel Schlecht,GTX Pro,Stanredtax,Lost,2017-10-14,2017-10-15,0,FALSE,TRUE
GRO3S3HV,Darcel Schlecht,MG Special,Bioholding,Lost,2017-10-14,2017-10-21,0,FALSE,TRUE
KG9R5M1Y,Darcel Schlecht,GTX Pro,Dontechi,Won,2017-10-14,2017-10-18,4810,FALSE,TRUE
R0S5FZ1G,Donn Cantrell,MG Special,Donware,Lost,2017-10-14,2017-11-01,0,FALSE,TRUE
3W1Y39BY,Donn Cantrell,GTX Pro,Silis,Won,2017-10-14,2017-10-24,4521,FALSE,TRUE
G58GOO4N,Garret Kinder,GTX Basic,Opentech,Lost,2017-10-14,2017-10-18,0,FALSE,TRUE
JF0F2J5W,Garret Kinder,GTX Plus Basic,Donquadtech,Lost,2017-10-14,2017-10-15,0,FALSE,TRUE
93AE6QM4,Hayden Neloms,GTX Plus Basic,Hatfan,Won,2017-10-14,2017-10-15,881,FALSE,TRUE
0YM4VJDP,James Ascencio,GTX Basic,Finjob,Lost,2017-10-14,2017-11-30,0,FALSE,TRUE
ICD9OMSF,Jonathan Berthelot,GTX Basic,Conecom,Won,2017-10-14,2017-10-22,472,FALSE,TRUE
IHJEX21Z,Kami Bicknell,GTX Basic,Newex,Won,2017-10-14,2017-12-03,562,FALSE,TRUE
8JORJ1SS,Lajuana Vencill,GTX Basic,Conecom,Lost,2017-10-14,2017-10-20,0,FALSE,TRUE
0NKINI7S,Lajuana Vencill,MG Special,Toughzap,Won,2017-10-14,2017-10-16,42,FALSE,TRUE
QFLFLCD0,Marty Freudenburg,GTX Pro,Streethex,Lost,2017-10-14,2017-10-18,0,FALSE,TRUE
OB3OK8BQ,Marty Freudenburg,GTX Basic,Dontechi,Won,2017-10-14,2017-12-26,615,FALSE,TRUE
5S3RN7H2,Niesha Huffines,GTX Plus Basic,Ron-tech,Lost,2017-10-14,2017-12-31,0,FALSE,TRUE
6YCRJK5W,Rosalina Dieter,MG Advanced,Newex,Lost,2017-10-14,2017-10-23,0,FALSE,TRUE
FDMK85GD,Versie Hillebrand,MG Special,Scottech,Won,2017-10-14,2017-10-22,58,FALSE,TRUE
DYYJW46L,Vicki Laflamme,GTX Plus Pro,Unknown Account,Engaging,2017-10-14,NA,NA,TRUE,FALSE
EVKQXZV6,Vicki Laflamme,MG Special,Green-Plus,Lost,2017-10-14,2017-11-01,0,FALSE,TRUE
IDO6PU1B,Zane Levy,GTX Plus Pro,Hatfan,Lost,2017-10-14,2017-10-23,0,FALSE,TRUE
CYAL1N0B,Zane Levy,GTX Pro,Xx-holding,Won,2017-10-14,2017-10-15,4882,FALSE,TRUE
9GSBUJMH,Anna Snelling,MG Special,Isdom,Lost,2017-10-15,2017-10-24,0,FALSE,TRUE
XSTGL252,Cassey Cress,GTX Pro,Toughzap,Engaging,2017-10-15,NA,NA,FALSE,FALSE
ECB42PGL,Cassey Cress,GTX Plus Pro,Zotware,Lost,2017-10-15,2017-10-24,0,FALSE,TRUE
PYIP2H5Z,Cecily Lampkin,MG Advanced,Streethex,Lost,2017-10-15,2017-10-16,0,FALSE,TRUE
129P48QP,Daniell Hammack,GTX Plus Pro,Ganjaflex,Lost,2017-10-15,2017-10-25,0,FALSE,TRUE
BUFF2EP5,Daniell Hammack,GTX Pro,Kinnamplus,Won,2017-10-15,2017-11-01,5113,FALSE,TRUE
IQRA0Q8C,Darcel Schlecht,GTX Plus Basic,Ron-tech,Won,2017-10-15,2017-10-16,1154,FALSE,TRUE
14P6935C,Darcel Schlecht,GTX Pro,Dontechi,Won,2017-10-15,2017-10-16,4885,FALSE,TRUE
U220GK9W,Darcel Schlecht,GTX Pro,Streethex,Won,2017-10-15,2017-10-16,4936,FALSE,TRUE
03R1VC7O,Donn Cantrell,GTX Plus Basic,Condax,Won,2017-10-15,2017-10-28,1062,FALSE,TRUE
LUFR7MJC,Gladys Colclough,GTX Pro,Codehow,Lost,2017-10-15,2017-10-19,0,FALSE,TRUE
8EX2PGAY,Hayden Neloms,MG Special,Faxquote,Lost,2017-10-15,2017-10-21,0,FALSE,TRUE
C0H6SU2X,Hayden Neloms,GTX Plus Basic,Groovestreet,Won,2017-10-15,2017-12-20,954,FALSE,TRUE
94JOUSW7,Kary Hendrixson,GTX Basic,Finjob,Lost,2017-10-15,2017-10-23,0,FALSE,TRUE
9RC58SP0,Kary Hendrixson,GTX Basic,Konex,Lost,2017-10-15,2017-10-26,0,FALSE,TRUE
XFNYWN7B,Kary Hendrixson,GTX Plus Basic,Xx-holding,Won,2017-10-15,2017-10-16,868,FALSE,TRUE
6NFIUDKS,Kary Hendrixson,GTX Plus Pro,Doncon,Won,2017-10-15,2017-11-26,5867,FALSE,TRUE
4TD018BE,Kary Hendrixson,GTX Pro,Fasehatice,Won,2017-10-15,2017-10-16,5344,FALSE,TRUE
SWKGC34P,Lajuana Vencill,MG Special,dambase,Lost,2017-10-15,2017-10-21,0,FALSE,TRUE
C3Y94J5R,Marty Freudenburg,GTX Plus Pro,Globex Corporation,Lost,2017-10-15,2017-10-24,0,FALSE,TRUE
2H45C9FK,Marty Freudenburg,GTX Pro,Streethex,Lost,2017-10-15,2017-10-23,0,FALSE,TRUE
LFM4SMIA,Moses Frase,GTX Plus Pro,Codehow,Won,2017-10-15,2017-10-23,5449,FALSE,TRUE
MEXK5KU6,Reed Clapper,MG Advanced,The New York Inquirer,Lost,2017-10-15,2017-12-27,0,FALSE,TRUE
UDXS7H12,Reed Clapper,GTX Plus Pro,Initech,Won,2017-10-15,2017-11-28,4500,FALSE,TRUE
4G61Z1HD,Versie Hillebrand,MG Special,Inity,Lost,2017-10-15,2017-10-25,0,FALSE,TRUE
X4KAK55N,Wilburn Farren,MG Special,Sumace,Won,2017-10-15,2017-10-23,51,FALSE,TRUE
AHOYDL01,Zane Levy,GTX Plus Pro,Dalttechnology,Won,2017-10-15,2017-10-23,6637,FALSE,TRUE
R5ILWVDD,Anna Snelling,MG Special,Stanredtax,Won,2017-10-16,2017-12-13,57,FALSE,TRUE
J5WP57XS,Cecily Lampkin,GTX Plus Basic,Statholdings,Won,2017-10-16,2017-11-03,990,FALSE,TRUE
VPD4G16I,Corliss Cosme,GTX Pro,Zencorporation,Won,2017-10-16,2017-10-17,4247,FALSE,TRUE
Z173R82Y,Daniell Hammack,GTX Plus Basic,Sumace,Won,2017-10-16,2017-12-25,1008,FALSE,TRUE
TFGC7TPF,Darcel Schlecht,GTX Pro,Stanredtax,Lost,2017-10-16,2017-10-19,0,FALSE,TRUE
03X37HOO,Darcel Schlecht,MG Special,Zumgoity,Lost,2017-10-16,2017-10-17,0,FALSE,TRUE
OWGXQLJS,Darcel Schlecht,GTX Pro,Ron-tech,Won,2017-10-16,2017-10-25,4834,FALSE,TRUE
Y4SN1R3L,Darcel Schlecht,MG Advanced,Conecom,Won,2017-10-16,2017-10-17,3490,FALSE,TRUE
CX3PZ8DP,Donn Cantrell,GTX Basic,Initech,Lost,2017-10-16,2017-10-26,0,FALSE,TRUE
V7DY5VAP,Gladys Colclough,MG Special,Codehow,Lost,2017-10-16,2017-10-24,0,FALSE,TRUE
JLB353E4,Hayden Neloms,MG Advanced,Cheers,Won,2017-10-16,2017-10-20,3744,FALSE,TRUE
KOK62RF4,Kami Bicknell,GTX Pro,Sonron,Lost,2017-10-16,2017-10-22,0,FALSE,TRUE
8U59BH8O,Kary Hendrixson,GTX Basic,Faxquote,Lost,2017-10-16,2017-10-26,0,FALSE,TRUE
BZR75SK1,Kary Hendrixson,GTX Basic,Singletechno,Lost,2017-10-16,2017-10-21,0,FALSE,TRUE
48HBI36Y,Kary Hendrixson,GTX Basic,Nam-zim,Won,2017-10-16,2017-11-12,591,FALSE,TRUE
ME7IZ1WY,Kary Hendrixson,MG Special,Dalttechnology,Won,2017-10-16,2017-10-24,48,FALSE,TRUE
STC921ZX,Markita Hansen,GTX Plus Basic,Golddex,Won,2017-10-16,2017-10-23,1060,FALSE,TRUE
MJRDXH1B,Marty Freudenburg,GTX Plus Basic,Hottechi,Lost,2017-10-16,2017-10-21,0,FALSE,TRUE
W2QJUK1Y,Moses Frase,GTX Basic,Betatech,Won,2017-10-16,2017-10-28,562,FALSE,TRUE
B05SO4C6,Niesha Huffines,GTX Plus Basic,Hottechi,Lost,2017-10-16,2017-11-19,0,FALSE,TRUE
MC717WRG,Rosie Papadopoulos,GTX Pro,Vehement Capital Partners,Lost,2017-10-16,2017-10-18,0,FALSE,TRUE
P570QB1D,Versie Hillebrand,MG Special,Isdom,Won,2017-10-16,2017-10-17,57,FALSE,TRUE
IWS4PKPP,Vicki Laflamme,GTX Basic,Green-Plus,Won,2017-10-16,2017-12-21,535,FALSE,TRUE
GB3S67FY,Vicki Laflamme,GTX Pro,Condax,Won,2017-10-16,2017-10-25,4580,FALSE,TRUE
0W8VWJDS,Vicki Laflamme,MG Special,Lexiqvolax,Won,2017-10-16,2017-10-18,56,FALSE,TRUE
4ZKFSG5F,Violet Mclelland,GTX Basic,Unknown Account,Engaging,2017-10-16,NA,NA,TRUE,FALSE
5TCGN3GX,Violet Mclelland,GTX Plus Basic,Unknown Account,Engaging,2017-10-16,NA,NA,TRUE,FALSE
5J9ELX2Y,Zane Levy,GTX Plus Pro,Goodsilron,Won,2017-10-16,2017-10-23,4942,FALSE,TRUE
SQE6KE7V,Anna Snelling,MG Special,dambase,Won,2017-10-17,2017-10-23,55,FALSE,TRUE
LH03MJX5,Boris Faz,GTX Plus Pro,Yearin,Lost,2017-10-17,2017-10-25,0,FALSE,TRUE
0SQM849O,Cassey Cress,GTX Pro,Xx-zobam,Won,2017-10-17,2017-10-29,5144,FALSE,TRUE
KXTUVDLU,Corliss Cosme,MG Advanced,Plussunin,Lost,2017-10-17,2017-12-13,0,FALSE,TRUE
9YOGUMN9,Darcel Schlecht,GTX Pro,Rundofase,Lost,2017-10-17,2017-10-24,0,FALSE,TRUE
C933ZQBB,Darcel Schlecht,GTX Pro,Cancity,Won,2017-10-17,2017-10-23,5458,FALSE,TRUE
G9M9IEQY,Gladys Colclough,GTX Pro,Rundofase,Lost,2017-10-17,2017-10-23,0,FALSE,TRUE
M2VKMZPH,Jonathan Berthelot,GTX Pro,Stanredtax,Won,2017-10-17,2017-10-19,5046,FALSE,TRUE
Y6NI5EBV,Kami Bicknell,GTX Plus Basic,Unknown Account,Engaging,2017-10-17,NA,NA,TRUE,FALSE
OFC7ZTU8,Kami Bicknell,GTX Pro,Unknown Account,Engaging,2017-10-17,NA,NA,TRUE,FALSE
AZCY0HUP,Markita Hansen,GTX Basic,Hatfan,Lost,2017-10-17,2017-10-23,0,FALSE,TRUE
7CMG05CY,Markita Hansen,MG Special,Goodsilron,Lost,2017-10-17,2017-10-26,0,FALSE,TRUE
KDNNV952,Markita Hansen,MG Special,Nam-zim,Lost,2017-10-17,2017-10-26,0,FALSE,TRUE
1UPVYK3H,Marty Freudenburg,MG Special,dambase,Won,2017-10-17,2017-10-26,64,FALSE,TRUE
MUODVNBC,Versie Hillebrand,MG Special,Betatech,Won,2017-10-17,2017-10-27,54,FALSE,TRUE
02G0NJCN,Vicki Laflamme,MG Special,Xx-holding,Won,2017-10-17,2017-10-26,68,FALSE,TRUE
76V79SHZ,Violet Mclelland,GTX Plus Basic,Betasoloin,Lost,2017-10-17,2017-10-18,0,FALSE,TRUE
7JMQM7XK,Violet Mclelland,MG Special,The New York Inquirer,Lost,2017-10-17,2017-10-18,0,FALSE,TRUE
PIPQZ9SQ,Wilburn Farren,MG Special,Massive Dynamic,Lost,2017-10-17,2017-10-19,0,FALSE,TRUE
NXHAAD08,Zane Levy,GTX Plus Basic,Kan-code,Won,2017-10-17,2017-12-10,1129,FALSE,TRUE
ABMVTEUH,Cassey Cress,MG Advanced,The New York Inquirer,Lost,2017-10-18,2017-10-19,0,FALSE,TRUE
9Q710H4R,Cecily Lampkin,GTX Plus Basic,Inity,Won,2017-10-18,2017-10-20,1200,FALSE,TRUE
4QU2EXEY,Cecily Lampkin,MG Advanced,Globex Corporation,Won,2017-10-18,2017-12-19,3164,FALSE,TRUE
3MKAQ2YI,Corliss Cosme,GTX Plus Basic,Konex,Lost,2017-10-18,2017-10-25,0,FALSE,TRUE
42CA70FG,Corliss Cosme,MG Advanced,Zotware,Won,2017-10-18,2017-10-26,3225,FALSE,TRUE
R2C8A8SA,Daniell Hammack,GTX Plus Basic,Massive Dynamic,Lost,2017-10-18,2017-11-05,0,FALSE,TRUE
PY96Q77S,Darcel Schlecht,GTX Pro,Rangreen,Won,2017-10-18,2017-10-20,4130,FALSE,TRUE
6QAWMSU2,Donn Cantrell,GTX Basic,Bluth Company,Lost,2017-10-18,2017-10-24,0,FALSE,TRUE
5B9EIYPP,Donn Cantrell,GTX Pro,Donware,Lost,2017-10-18,2017-11-29,0,FALSE,TRUE
Z216TKEU,Elease Gluck,MG Special,Singletechno,Won,2017-10-18,2017-10-20,47,FALSE,TRUE
9EHFBSBG,Garret Kinder,GTX Plus Pro,Konex,Won,2017-10-18,2017-10-25,4751,FALSE,TRUE
6SP45G3T,Gladys Colclough,MG Advanced,Konmatfix,Lost,2017-10-18,2017-10-24,0,FALSE,TRUE
7U28UXIL,Hayden Neloms,MG Advanced,Green-Plus,Lost,2017-10-18,2017-10-19,0,FALSE,TRUE
V2YD7XYV,Hayden Neloms,MG Special,Y-corporation,Won,2017-10-18,2017-12-20,51,FALSE,TRUE
1GVU0QTO,Hayden Neloms,MG Advanced,Singletechno,Won,2017-10-18,2017-10-22,3696,FALSE,TRUE
QG7RGODO,Kami Bicknell,GTX Pro,Plexzap,Lost,2017-10-18,2017-10-26,0,FALSE,TRUE
IHBYI8IO,Kami Bicknell,MG Advanced,Groovestreet,Won,2017-10-18,2017-10-24,3536,FALSE,TRUE
M5NUUVA4,Kary Hendrixson,GTX Basic,Dalttechnology,Lost,2017-10-18,2017-11-22,0,FALSE,TRUE
XKYQ16FS,Kary Hendrixson,MG Special,Nam-zim,Lost,2017-10-18,2017-11-05,0,FALSE,TRUE
VVM450RP,Kary Hendrixson,MG Special,Plusstrip,Won,2017-10-18,2017-12-17,59,FALSE,TRUE
60KWQS2V,Lajuana Vencill,GTX Basic,Funholding,Won,2017-10-18,2017-10-20,474,FALSE,TRUE
1RND0S0B,Marty Freudenburg,MG Special,Bioholding,Won,2017-10-18,2017-10-30,43,FALSE,TRUE
WI0LMD20,Marty Freudenburg,MG Special,Hottechi,Won,2017-10-18,2017-12-19,60,FALSE,TRUE
4XPRCRX0,Niesha Huffines,GTX Basic,Treequote,Lost,2017-10-18,2017-10-29,0,FALSE,TRUE
5UEA6KVU,Niesha Huffines,GTX Basic,Ron-tech,Won,2017-10-18,2017-10-27,461,FALSE,TRUE
GAUSPPYM,Reed Clapper,GTX Plus Basic,Xx-zobam,Lost,2017-10-18,2017-12-11,0,FALSE,TRUE
3Y1LN6CQ,Reed Clapper,MG Special,Gekko & Co,Won,2017-10-18,2017-10-19,54,FALSE,TRUE
RVUJPYY8,Rosalina Dieter,MG Special,Unknown Account,Engaging,2017-10-18,NA,NA,TRUE,FALSE
W7GVI03S,Rosalina Dieter,MG Special,Plusstrip,Lost,2017-10-18,2017-12-02,0,FALSE,TRUE
7RFTN4WI,Rosie Papadopoulos,GTX Plus Basic,Umbrella Corporation,Lost,2017-10-18,2017-10-25,0,FALSE,TRUE
K00YH5XA,Rosie Papadopoulos,MG Special,Initech,Lost,2017-10-18,2017-10-28,0,FALSE,TRUE
ZXIHEEV2,Vicki Laflamme,GTX Basic,Doncon,Lost,2017-10-18,2017-12-31,0,FALSE,TRUE
WPSHVGDZ,Vicki Laflamme,MG Advanced,Hottechi,Lost,2017-10-18,2017-10-24,0,FALSE,TRUE
DXAO9R8N,Vicki Laflamme,MG Advanced,Rantouch,Won,2017-10-18,2017-10-27,3363,FALSE,TRUE
PN0IWJ0N,Anna Snelling,GTX Plus Basic,Hottechi,Won,2017-10-19,2017-10-30,1089,FALSE,TRUE
OXKWCAXO,Cassey Cress,GTX Pro,Opentech,Lost,2017-10-19,2017-10-31,0,FALSE,TRUE
7FVUE0GY,Cassey Cress,GTX Plus Basic,Acme Corporation,Won,2017-10-19,2017-10-21,1096,FALSE,TRUE
FAIFAGJM,Cecily Lampkin,MG Special,Ron-tech,Won,2017-10-19,2017-10-29,62,FALSE,TRUE
IKDFG91F,Corliss Cosme,MG Advanced,Kan-code,Lost,2017-10-19,2017-12-26,0,FALSE,TRUE
BP3I9G0F,Corliss Cosme,GTX Plus Basic,Konex,Won,2017-10-19,2017-10-21,1105,FALSE,TRUE
0GM4GDFT,Daniell Hammack,GTX Pro,Bluth Company,Lost,2017-10-19,2017-10-28,0,FALSE,TRUE
5YIWOUOZ,Daniell Hammack,GTX Pro,Bioplex,Won,2017-10-19,2017-10-24,4353,FALSE,TRUE
LM3GZYXD,Darcel Schlecht,GTX Pro,Finhigh,Lost,2017-10-19,2017-10-28,0,FALSE,TRUE
UUCSEHJX,Darcel Schlecht,GTX Plus Pro,Warephase,Won,2017-10-19,2017-10-27,6276,FALSE,TRUE
OQQWTFSZ,Darcel Schlecht,GTX Pro,Betatech,Won,2017-10-19,2017-10-27,4688,FALSE,TRUE
CWVAO587,Garret Kinder,GTX Basic,Ontomedia,Lost,2017-10-19,2017-10-26,0,FALSE,TRUE
YDZZNTEZ,Garret Kinder,MG Advanced,Opentech,Won,2017-10-19,2017-11-01,3422,FALSE,TRUE
O1DTVNH2,Gladys Colclough,MG Special,Hottechi,Lost,2017-10-19,2017-10-20,0,FALSE,TRUE
Q6MGPT50,Gladys Colclough,GTX Pro,Inity,Won,2017-10-19,2017-12-09,5192,FALSE,TRUE
ENL7MDL2,Hayden Neloms,GTX Plus Basic,Hottechi,Won,2017-10-19,2017-10-28,1226,FALSE,TRUE
CLHPJZHP,Hayden Neloms,GTX Plus Pro,J-Texon,Won,2017-10-19,2017-10-25,4552,FALSE,TRUE
YQJGEI71,James Ascencio,GTX Plus Pro,Unknown Account,Engaging,2017-10-19,NA,NA,TRUE,FALSE
XO4ZYI3G,James Ascencio,GTX Plus Pro,Xx-holding,Won,2017-10-19,2017-10-26,5569,FALSE,TRUE
RSBEC5KF,James Ascencio,GTX Pro,Fasehatice,Won,2017-10-19,2017-10-20,4389,FALSE,TRUE
6Z6SRB1Y,Jonathan Berthelot,GTX Plus Pro,Hottechi,Lost,2017-10-19,2017-11-01,0,FALSE,TRUE
BZGJ44FH,Kami Bicknell,GTX Pro,Unknown Account,Engaging,2017-10-19,NA,NA,TRUE,FALSE
4S17VJ7O,Kary Hendrixson,MG Advanced,Unknown Account,Engaging,2017-10-19,NA,NA,TRUE,FALSE
FRSYEHJE,Lajuana Vencill,MG Advanced,Globex Corporation,Lost,2017-10-19,2017-10-21,0,FALSE,TRUE
MV4DK68W,Lajuana Vencill,GTX Basic,Ron-tech,Won,2017-10-19,2017-10-26,451,FALSE,TRUE
B2FSFXKA,Markita Hansen,MG Special,Unknown Account,Engaging,2017-10-19,NA,NA,TRUE,FALSE
W72TPY7P,Markita Hansen,MG Special,Unknown Account,Engaging,2017-10-19,NA,NA,TRUE,FALSE
I15B3BNW,Markita Hansen,MG Advanced,Plexzap,Lost,2017-10-19,2017-11-28,0,FALSE,TRUE
1CT3EWJ8,Markita Hansen,GTX Basic,Goodsilron,Won,2017-10-19,2017-10-21,553,FALSE,TRUE
JPBLNA5V,Marty Freudenburg,GTX Pro,Scottech,Lost,2017-10-19,2017-10-29,0,FALSE,TRUE
SLILSQJV,Maureen Marcano,GTX Plus Basic,Unknown Account,Engaging,2017-10-19,NA,NA,TRUE,FALSE
R6OM4EDE,Maureen Marcano,GTX Basic,Blackzim,Won,2017-10-19,2017-11-01,524,FALSE,TRUE
74Y43OFL,Reed Clapper,MG Advanced,Plussunin,Lost,2017-10-19,2017-10-21,0,FALSE,TRUE
OIOGIDI2,Versie Hillebrand,GTX Plus Basic,Ron-tech,Lost,2017-10-19,2017-10-31,0,FALSE,TRUE
SCN3BY47,Versie Hillebrand,MG Special,Inity,Won,2017-10-19,2017-10-27,53,FALSE,TRUE
HFF39KOB,Versie Hillebrand,MG Advanced,Statholdings,Won,2017-10-19,2017-10-20,2749,FALSE,TRUE
OS59LIZX,Vicki Laflamme,GTX Pro,J-Texon,Lost,2017-10-19,2017-10-26,0,FALSE,TRUE
O3S3SF3W,Vicki Laflamme,GTX Pro,Rantouch,Lost,2017-10-19,2017-10-21,0,FALSE,TRUE
WA0NRLP7,Vicki Laflamme,GTX Plus Pro,Groovestreet,Won,2017-10-19,2017-10-20,5368,FALSE,TRUE
GHOQQYQM,Wilburn Farren,GTX Pro,Kan-code,Won,2017-10-19,2017-12-25,4734,FALSE,TRUE
6OXOIJ4D,Wilburn Farren,MG Advanced,Condax,Won,2017-10-19,2017-12-16,3089,FALSE,TRUE
DTFLKV60,Anna Snelling,MG Advanced,Dontechi,Lost,2017-10-20,2017-10-21,0,FALSE,TRUE
RELG4CYQ,Anna Snelling,MG Special,Gogozoom,Won,2017-10-20,2017-10-30,54,FALSE,TRUE
PLV91KH7,Cassey Cress,GTX Pro,Silis,Won,2017-10-20,2017-10-27,4345,FALSE,TRUE
U289K4V3,Cecily Lampkin,MG Advanced,Warephase,Won,2017-10-20,2017-10-27,3848,FALSE,TRUE
PDXFX23P,Corliss Cosme,GTX Pro,Initech,Won,2017-10-20,2017-10-26,4287,FALSE,TRUE
LULNYY3C,Darcel Schlecht,GTX Pro,Codehow,Won,2017-10-20,2017-10-27,4435,FALSE,TRUE
NJ1YGDZW,Darcel Schlecht,GTX Pro,Stanredtax,Won,2017-10-20,2017-10-28,4699,FALSE,TRUE
CZC1J6FQ,Gladys Colclough,GTX Plus Pro,Cancity,Lost,2017-10-20,2017-10-24,0,FALSE,TRUE
WSWJJ234,Gladys Colclough,MG Special,Genco Pura Olive Oil Company,Lost,2017-10-20,2017-10-22,0,FALSE,TRUE
MDBKYL2Q,Gladys Colclough,MG Special,Stanredtax,Won,2017-10-20,2017-10-30,60,FALSE,TRUE
M9EU34FE,Hayden Neloms,GTX Plus Pro,Hatfan,Won,2017-10-20,2017-10-21,6026,FALSE,TRUE
HCARIWPE,James Ascencio,GTX Plus Pro,Golddex,Lost,2017-10-20,2017-10-27,0,FALSE,TRUE
WGJB2VDU,James Ascencio,GTX Plus Pro,Newex,Won,2017-10-20,2017-12-25,5095,FALSE,TRUE
RYWETTBK,Kami Bicknell,GTX Basic,Fasehatice,Engaging,2017-10-20,NA,NA,FALSE,FALSE
JSLSL3SU,Kami Bicknell,GTX Basic,Sunnamplex,Won,2017-10-20,2017-12-16,565,FALSE,TRUE
N1B45KIT,Maureen Marcano,GTX Plus Pro,Y-corporation,Won,2017-10-20,2017-12-22,5883,FALSE,TRUE
30UA0RS8,Niesha Huffines,GTX Plus Basic,Funholding,Won,2017-10-20,2017-12-12,1135,FALSE,TRUE
R1Z8J1JL,Reed Clapper,GTX Plus Basic,Konex,Won,2017-10-20,2017-12-21,903,FALSE,TRUE
2DY9U1V7,Rosie Papadopoulos,GTX Pro,Konex,Engaging,2017-10-20,NA,NA,FALSE,FALSE
MJODFG6C,Vicki Laflamme,MG Special,Green-Plus,Lost,2017-10-20,2017-10-27,0,FALSE,TRUE
6D7N5SQ7,Vicki Laflamme,MG Special,Lexiqvolax,Lost,2017-10-20,2017-10-28,0,FALSE,TRUE
DQIKGS2U,Vicki Laflamme,MG Special,Dalttechnology,Won,2017-10-20,2017-11-03,48,FALSE,TRUE
EZNAGRVB,Zane Levy,GTX Plus Pro,Hatfan,Won,2017-10-20,2017-10-30,5388,FALSE,TRUE
C1M1RST0,Zane Levy,GTX Pro,Plexzap,Won,2017-10-20,2017-10-27,4109,FALSE,TRUE
KIZOEC3M,Anna Snelling,GTX Plus Basic,dambase,Lost,2017-10-21,2017-10-23,0,FALSE,TRUE
CO7T7H41,Anna Snelling,MG Special,Ron-tech,Lost,2017-10-21,2017-10-27,0,FALSE,TRUE
BMQYRJC7,Anna Snelling,GTX Plus Pro,Codehow,Won,2017-10-21,2017-12-16,5543,FALSE,TRUE
6ALPIXB7,Cassey Cress,GTX Plus Basic,Donware,Lost,2017-10-21,2017-11-29,0,FALSE,TRUE
5NVTQW38,Cecily Lampkin,GTX Plus Basic,Streethex,Lost,2017-10-21,2017-10-28,0,FALSE,TRUE
IOUUN8LM,Cecily Lampkin,MG Advanced,Genco Pura Olive Oil Company,Lost,2017-10-21,2017-10-27,0,FALSE,TRUE
3EZLRW47,Darcel Schlecht,GTX Pro,Bioholding,Lost,2017-10-21,2017-10-31,0,FALSE,TRUE
09AILR04,Darcel Schlecht,GTX Pro,Statholdings,Won,2017-10-21,2017-10-29,4732,FALSE,TRUE
KSYI5DDW,Darcel Schlecht,MG Special,Codehow,Won,2017-10-21,2017-11-07,55,FALSE,TRUE
W4R2C7N9,Donn Cantrell,GTX Basic,Xx-zobam,Lost,2017-10-21,2017-10-30,0,FALSE,TRUE
KY1CESUN,Donn Cantrell,GTX Plus Pro,The New York Inquirer,Lost,2017-10-21,2017-10-29,0,FALSE,TRUE
M4EHG2ZB,Gladys Colclough,MG Special,Konmatfix,Won,2017-10-21,2017-10-30,52,FALSE,TRUE
DLAMSRVT,Jonathan Berthelot,GTX Basic,Genco Pura Olive Oil Company,Lost,2017-10-21,2017-10-22,0,FALSE,TRUE
PZNZD22T,Kami Bicknell,GTX Basic,Doncon,Lost,2017-10-21,2017-12-14,0,FALSE,TRUE
FVCN0HQ9,Kary Hendrixson,GTX Basic,Cheers,Lost,2017-10-21,2017-10-23,0,FALSE,TRUE
A0FVQ8KO,Kary Hendrixson,GTX Basic,Labdrill,Won,2017-10-21,2017-10-27,575,FALSE,TRUE
6KGX67OZ,Maureen Marcano,GTX Basic,Green-Plus,Lost,2017-10-21,2017-10-30,0,FALSE,TRUE
BXXGLPD7,Niesha Huffines,MG Special,Domzoom,Lost,2017-10-21,2017-11-01,0,FALSE,TRUE
MHF6GSB6,Reed Clapper,MG Advanced,Plussunin,Won,2017-10-21,2017-10-29,3612,FALSE,TRUE
TFILI4TE,Violet Mclelland,MG Special,Zathunicon,Lost,2017-10-21,2017-10-25,0,FALSE,TRUE
4P0SDD91,Wilburn Farren,GTX Pro,Iselectrics,Won,2017-10-21,2017-12-15,4970,FALSE,TRUE
ZZ4X9VN3,Wilburn Farren,MG Advanced,Ganjaflex,Won,2017-10-21,2017-10-31,2995,FALSE,TRUE
0J3UU8PZ,Boris Faz,GTX Basic,Zathunicon,Won,2017-10-22,2017-12-30,546,FALSE,TRUE
UYPF6FZ3,Boris Faz,GTX Plus Basic,Gekko & Co,Won,2017-10-22,2017-12-20,1184,FALSE,TRUE
2HKRINHL,Cassey Cress,GTX Plus Pro,Plussunin,Won,2017-10-22,2017-10-24,5500,FALSE,TRUE
G5JXIYRO,Cecily Lampkin,MG Advanced,Domzoom,Won,2017-10-22,2017-10-24,3616,FALSE,TRUE
4MXSHU7X,Corliss Cosme,GTK 500,Kan-code,Lost,2017-10-22,2017-11-30,0,FALSE,TRUE
H4FIU51C,Daniell Hammack,MG Advanced,Mathtouch,Lost,2017-10-22,2017-10-26,0,FALSE,TRUE
CC2ICRAG,Darcel Schlecht,GTX Plus Basic,Rundofase,Won,2017-10-22,2017-12-29,1087,FALSE,TRUE
RDC531P5,Darcel Schlecht,GTX Pro,Inity,Won,2017-10-22,2017-10-30,3578,FALSE,TRUE
9QX62IL2,Elease Gluck,GTX Basic,Finjob,Won,2017-10-22,2017-10-29,544,FALSE,TRUE
3GRTE6VM,Elease Gluck,MG Advanced,Dalttechnology,Won,2017-10-22,2017-10-29,3082,FALSE,TRUE
E4BPOOL6,Elease Gluck,MG Advanced,Hottechi,Won,2017-10-22,2017-10-24,3450,FALSE,TRUE
B894QWQM,Garret Kinder,GTX Pro,Kan-code,Won,2017-10-22,2017-10-29,5360,FALSE,TRUE
U9QMLC5Z,James Ascencio,GTX Pro,Cheers,Won,2017-10-22,2017-11-01,4991,FALSE,TRUE
VCQBM844,James Ascencio,MG Advanced,Cheers,Won,2017-10-22,2017-10-30,3294,FALSE,TRUE
UE66OOQS,Jonathan Berthelot,GTX Plus Basic,Conecom,Lost,2017-10-22,2017-10-30,0,FALSE,TRUE
W5ABRRKC,Markita Hansen,GTX Plus Basic,Rantouch,Won,2017-10-22,2017-10-31,981,FALSE,TRUE
Y8KI5ANO,Marty Freudenburg,GTX Plus Basic,Isdom,Lost,2017-10-22,2017-11-03,0,FALSE,TRUE
CTM8WFGW,Marty Freudenburg,GTX Plus Pro,Streethex,Won,2017-10-22,2017-10-23,6233,FALSE,TRUE
RFUJTKVO,Marty Freudenburg,MG Special,Domzoom,Won,2017-10-22,2017-11-28,55,FALSE,TRUE
ZMEKFXC5,Niesha Huffines,MG Special,Globex Corporation,Lost,2017-10-22,2017-10-28,0,FALSE,TRUE
LO2BMO33,Niesha Huffines,GTX Plus Pro,Conecom,Won,2017-10-22,2017-12-10,6142,FALSE,TRUE
GL2FM1RM,Rosalina Dieter,GTX Basic,Unknown Account,Engaging,2017-10-22,NA,NA,TRUE,FALSE
4ETFTKHJ,Rosalina Dieter,MG Special,Golddex,Lost,2017-10-22,2017-10-29,0,FALSE,TRUE
528YB7Q0,Rosie Papadopoulos,GTX Plus Basic,Umbrella Corporation,Lost,2017-10-22,2017-12-06,0,FALSE,TRUE
OFEUX5PI,Vicki Laflamme,GTX Pro,Hatfan,Won,2017-10-22,2017-10-28,5190,FALSE,TRUE
S3V8Z52J,Cassey Cress,MG Advanced,Initech,Lost,2017-10-23,2017-10-25,0,FALSE,TRUE
TTYSSNJH,Cassey Cress,GTX Plus Basic,Gekko & Co,Won,2017-10-23,2017-11-01,1027,FALSE,TRUE
LROWI84G,Darcel Schlecht,GTX Plus Basic,Dontechi,Won,2017-10-23,2017-10-31,1237,FALSE,TRUE
IQAP70OD,Darcel Schlecht,GTX Plus Basic,Streethex,Won,2017-10-23,2017-10-29,965,FALSE,TRUE
JWWVG8KG,Darcel Schlecht,GTX Pro,Inity,Won,2017-10-23,2017-11-03,5729,FALSE,TRUE
7PEL3AIZ,Darcel Schlecht,GTX Pro,Isdom,Won,2017-10-23,2017-10-24,5685,FALSE,TRUE
NXQR7LX6,Darcel Schlecht,GTX Pro,Rundofase,Won,2017-10-23,2017-10-26,4024,FALSE,TRUE
JL358E5T,Donn Cantrell,GTX Basic,Silis,Won,2017-10-23,2017-12-12,511,FALSE,TRUE
DHUG18WU,Elease Gluck,GTX Plus Pro,Sonron,Lost,2017-10-23,2017-10-30,0,FALSE,TRUE
T6ENEYKW,Garret Kinder,GTX Pro,Ontomedia,Lost,2017-10-23,2017-11-04,0,FALSE,TRUE
3MGMH9AE,Gladys Colclough,MG Advanced,Stanredtax,Lost,2017-10-23,2017-10-24,0,FALSE,TRUE
JJGRAQ2K,Kary Hendrixson,GTX Plus Pro,Rangreen,Engaging,2017-10-23,NA,NA,FALSE,FALSE
4Z84VV2P,Kary Hendrixson,GTX Pro,Y-corporation,Won,2017-10-23,2017-11-05,4382,FALSE,TRUE
DMYP7REE,Marty Freudenburg,GTX Plus Basic,Funholding,Lost,2017-10-23,2017-11-19,0,FALSE,TRUE
1SKNSG2B,Marty Freudenburg,GTX Plus Pro,Treequote,Won,2017-10-23,2017-10-30,5516,FALSE,TRUE
G6MUC5R6,Versie Hillebrand,GTX Plus Pro,Finhigh,Lost,2017-10-23,2017-11-06,0,FALSE,TRUE
X7MN9ROG,Vicki Laflamme,GTX Plus Pro,Unknown Account,Engaging,2017-10-23,NA,NA,TRUE,FALSE
6445PW4Z,Vicki Laflamme,GTX Pro,Rantouch,Lost,2017-10-23,2017-10-24,0,FALSE,TRUE
CUJIRCWV,Vicki Laflamme,MG Special,Condax,Won,2017-10-23,2017-12-28,51,FALSE,TRUE
YSFFEUCQ,Zane Levy,GTX Plus Basic,Groovestreet,Lost,2017-10-23,2017-10-28,0,FALSE,TRUE
OX0NE27G,Zane Levy,GTX Plus Basic,Kan-code,Won,2017-10-23,2017-10-31,1195,FALSE,TRUE
0B09WODM,Boris Faz,GTX Plus Basic,Mathtouch,Lost,2017-10-24,2017-10-26,0,FALSE,TRUE
FSC4A2HZ,Cassey Cress,GTX Plus Pro,Silis,Lost,2017-10-24,2017-10-25,0,FALSE,TRUE
YT5GLR6D,Cassey Cress,MG Advanced,Kinnamplus,Won,2017-10-24,2017-11-02,3588,FALSE,TRUE
S7UVZXM3,Corliss Cosme,MG Special,Unknown Account,Engaging,2017-10-24,NA,NA,TRUE,FALSE
KOPJOMQE,Daniell Hammack,GTX Plus Basic,Massive Dynamic,Lost,2017-10-24,2017-10-29,0,FALSE,TRUE
AS2BKSCT,Darcel Schlecht,GTX Plus Basic,Codehow,Lost,2017-10-24,2017-11-08,0,FALSE,TRUE
S3GVO59B,Darcel Schlecht,GTX Pro,Stanredtax,Won,2017-10-24,2017-12-01,5542,FALSE,TRUE
L8POFR0T,James Ascencio,MG Advanced,Finjob,Won,2017-10-24,2017-12-31,3296,FALSE,TRUE
RYF41KOV,Jonathan Berthelot,GTX Plus Basic,Domzoom,Lost,2017-10-24,2017-10-25,0,FALSE,TRUE
MV7NPCI9,Jonathan Berthelot,GTX Basic,Betatech,Won,2017-10-24,2017-10-29,519,FALSE,TRUE
TSN98FPQ,Jonathan Berthelot,GTX Plus Basic,Betatech,Won,2017-10-24,2017-10-25,1243,FALSE,TRUE
SQW60VII,Kami Bicknell,MG Advanced,Fasehatice,Lost,2017-10-24,2017-10-26,0,FALSE,TRUE
PGG2DUPO,Lajuana Vencill,GTX Plus Basic,Ron-tech,Won,2017-10-24,2017-10-31,1133,FALSE,TRUE
85U38YFD,Marty Freudenburg,GTX Basic,Hottechi,Lost,2017-10-24,2017-12-24,0,FALSE,TRUE
M7V7UJHZ,Marty Freudenburg,MG Advanced,Genco Pura Olive Oil Company,Lost,2017-10-24,2017-12-29,0,FALSE,TRUE
S56NVD4M,Maureen Marcano,GTX Plus Pro,Dalttechnology,Won,2017-10-24,2017-11-10,4945,FALSE,TRUE
Y34O7SKI,Versie Hillebrand,MG Advanced,Treequote,Lost,2017-10-24,2017-10-30,0,FALSE,TRUE
DSY9VD0O,Vicki Laflamme,GTX Basic,Cheers,Won,2017-10-24,2017-10-26,535,FALSE,TRUE
HWOBBZWQ,Wilburn Farren,GTX Basic,Unknown Account,Engaging,2017-10-24,NA,NA,TRUE,FALSE
6ZR7IUC4,Zane Levy,MG Advanced,Zoomit,Lost,2017-10-24,2017-11-07,0,FALSE,TRUE
8W9YXI59,Anna Snelling,MG Special,Cancity,Won,2017-10-25,2017-11-26,59,FALSE,TRUE
OYH46MQB,Corliss Cosme,GTX Basic,Unknown Account,Engaging,2017-10-25,NA,NA,TRUE,FALSE
YEH9VQCD,Daniell Hammack,GTX Basic,Condax,Won,2017-10-25,2017-10-27,526,FALSE,TRUE
35GT4NM9,Donn Cantrell,GTX Basic,Acme Corporation,Won,2017-10-25,2017-11-05,586,FALSE,TRUE
MICIJ00A,Gladys Colclough,MG Advanced,Scottech,Lost,2017-10-25,2017-10-27,0,FALSE,TRUE
D4ABG4I1,Jonathan Berthelot,GTX Pro,Rundofase,Won,2017-10-25,2017-11-10,4356,FALSE,TRUE
EMK9P63G,Markita Hansen,GTX Basic,Condax,Won,2017-10-25,2017-10-26,566,FALSE,TRUE
HXGDBNAV,Maureen Marcano,MG Advanced,Unknown Account,Engaging,2017-10-25,NA,NA,TRUE,FALSE
7GWM1WT0,Moses Frase,GTX Basic,Hottechi,Won,2017-10-25,2017-12-30,537,FALSE,TRUE
U0XWF9TW,Violet Mclelland,MG Special,The New York Inquirer,Won,2017-10-25,2017-12-21,47,FALSE,TRUE
E8L9I3QP,Zane Levy,GTX Basic,Condax,Won,2017-10-25,2017-11-03,447,FALSE,TRUE
63S5SNBC,Anna Snelling,GTX Plus Basic,Domzoom,Won,2017-10-26,2017-10-27,1103,FALSE,TRUE
3PIPAOVU,Anna Snelling,MG Special,Finhigh,Won,2017-10-26,2017-12-28,57,FALSE,TRUE
UBU4E17W,Cassey Cress,GTX Basic,Betasoloin,Lost,2017-10-26,2017-11-06,0,FALSE,TRUE
99HAV7SY,Cecily Lampkin,GTX Plus Pro,Hottechi,Lost,2017-10-26,2017-11-24,0,FALSE,TRUE
UX9D17FS,Corliss Cosme,GTX Pro,Ontomedia,Won,2017-10-26,2017-11-04,4525,FALSE,TRUE
FL804BH8,Darcel Schlecht,GTX Pro,Isdom,Lost,2017-10-26,2017-10-30,0,FALSE,TRUE
RWR0W3U8,Darcel Schlecht,GTX Pro,Zumgoity,Lost,2017-10-26,2017-10-27,0,FALSE,TRUE
8UU0I29V,Elease Gluck,GTX Basic,Fasehatice,Won,2017-10-26,2017-10-28,504,FALSE,TRUE
89A54FHW,Gladys Colclough,GTX Pro,Dontechi,Lost,2017-10-26,2017-10-27,0,FALSE,TRUE
UGAEAB27,Marty Freudenburg,GTX Pro,Scottech,Won,2017-10-26,2017-10-31,4377,FALSE,TRUE
U2JI00ER,Marty Freudenburg,MG Advanced,Betatech,Won,2017-10-26,2017-10-27,3353,FALSE,TRUE
56D231XJ,Maureen Marcano,GTX Plus Pro,Kan-code,Lost,2017-10-26,2017-10-31,0,FALSE,TRUE
O2CFE5KX,Maureen Marcano,MG Special,Fasehatice,Won,2017-10-26,2017-11-03,50,FALSE,TRUE
UCLGT98S,Niesha Huffines,GTX Basic,Conecom,Lost,2017-10-26,2017-10-30,0,FALSE,TRUE
31IV2B9O,Vicki Laflamme,GTX Basic,Unknown Account,Engaging,2017-10-26,NA,NA,TRUE,FALSE
BZG9DI4Z,Vicki Laflamme,GTX Basic,Blackzim,Lost,2017-10-26,2017-10-28,0,FALSE,TRUE
E2R39451,Vicki Laflamme,GTX Basic,Groovestreet,Lost,2017-10-26,2017-10-27,0,FALSE,TRUE
KHQR5AKG,Vicki Laflamme,MG Advanced,Sunnamplex,Lost,2017-10-26,2017-11-04,0,FALSE,TRUE
NMI79ZYT,Violet Mclelland,GTX Basic,Ganjaflex,Lost,2017-10-26,2017-10-31,0,FALSE,TRUE
RU3HH59R,Violet Mclelland,GTX Basic,Zencorporation,Lost,2017-10-26,2017-10-28,0,FALSE,TRUE
4D0K5T7T,Zane Levy,GTX Pro,Gogozoom,Engaging,2017-10-26,NA,NA,FALSE,FALSE
IE1N4OUS,Anna Snelling,GTX Plus Pro,Rundofase,Won,2017-10-27,2017-12-07,5269,FALSE,TRUE
A5IABHP1,Boris Faz,GTX Pro,Bioplex,Won,2017-10-27,2017-10-28,5275,FALSE,TRUE
FOFS0O2G,Cassey Cress,GTX Plus Pro,Xx-zobam,Lost,2017-10-27,2017-10-29,0,FALSE,TRUE
66BQC4C9,Cecily Lampkin,MG Advanced,Conecom,Lost,2017-10-27,2017-11-07,0,FALSE,TRUE
GXQJVJQT,Corliss Cosme,GTX Basic,Mathtouch,Won,2017-10-27,2017-10-29,601,FALSE,TRUE
PP4ZY6TZ,Darcel Schlecht,GTK 500,Treequote,Lost,2017-10-27,2017-11-10,0,FALSE,TRUE
7TOPAQ9Y,Darcel Schlecht,MG Special,Finhigh,Won,2017-10-27,2017-12-29,53,FALSE,TRUE
7NJS374V,Elease Gluck,MG Special,Groovestreet,Won,2017-10-27,2017-11-10,46,FALSE,TRUE
KKO2EFHS,James Ascencio,GTX Pro,Hatfan,Lost,2017-10-27,2017-10-29,0,FALSE,TRUE
PJJMVZAL,Jonathan Berthelot,GTX Basic,Treequote,Won,2017-10-27,2017-10-29,538,FALSE,TRUE
MFYR7SSG,Kami Bicknell,MG Special,Plexzap,Won,2017-10-27,2017-12-15,53,FALSE,TRUE
F2F1LPTA,Lajuana Vencill,MG Advanced,Dontechi,Won,2017-10-27,2017-11-03,3296,FALSE,TRUE
QVP4LFVD,Markita Hansen,GTX Basic,Doncon,Lost,2017-10-27,2017-10-28,0,FALSE,TRUE
7FZMWZJT,Marty Freudenburg,MG Advanced,Isdom,Won,2017-10-27,2017-11-07,3561,FALSE,TRUE
8THGVJ52,Maureen Marcano,GTX Plus Pro,Singletechno,Won,2017-10-27,2017-11-06,5655,FALSE,TRUE
M827K2PI,Moses Frase,GTX Basic,Domzoom,Won,2017-10-27,2017-12-14,656,FALSE,TRUE
4ETZYSN3,Reed Clapper,MG Advanced,Donquadtech,Won,2017-10-27,2017-11-05,3258,FALSE,TRUE
SZDGWQLT,Rosalina Dieter,GTX Basic,Goodsilron,Won,2017-10-27,2017-11-12,577,FALSE,TRUE
YM5F751C,Versie Hillebrand,MG Special,Statholdings,Won,2017-10-27,2017-10-28,50,FALSE,TRUE
G7U0HP7Q,Vicki Laflamme,GTX Basic,Lexiqvolax,Lost,2017-10-27,2017-10-29,0,FALSE,TRUE
FRNGLIYS,Anna Snelling,MG Special,dambase,Won,2017-10-28,2017-10-29,66,FALSE,TRUE
OY08XJ2E,Corliss Cosme,GTX Plus Basic,Gekko & Co,Won,2017-10-28,2017-11-12,1079,FALSE,TRUE
ZSZFPCYS,Darcel Schlecht,MG Advanced,Conecom,Lost,2017-10-28,2017-10-29,0,FALSE,TRUE
BXCEXXP4,Donn Cantrell,MG Advanced,Donquadtech,Lost,2017-10-28,2017-11-03,0,FALSE,TRUE
H3K2E35I,Elease Gluck,GTK 500,Cheers,Won,2017-10-28,2017-10-29,27971,FALSE,TRUE
P5C842B5,Kami Bicknell,GTX Plus Pro,Unknown Account,Engaging,2017-10-28,NA,NA,TRUE,FALSE
7EHJYKWE,Kary Hendrixson,GTX Basic,Xx-holding,Engaging,2017-10-28,NA,NA,FALSE,FALSE
LB6S2ONR,Markita Hansen,GTX Basic,Y-corporation,Won,2017-10-28,2017-11-11,598,FALSE,TRUE
6BRNE2DV,Versie Hillebrand,MG Special,Statholdings,Lost,2017-10-28,2017-10-29,0,FALSE,TRUE
ST4H8MB7,Vicki Laflamme,GTX Pro,J-Texon,Lost,2017-10-28,2017-10-29,0,FALSE,TRUE
VMGCRSWP,Violet Mclelland,MG Special,Bluth Company,Won,2017-10-28,2017-11-14,61,FALSE,TRUE
4HJIT2B6,Zane Levy,GTX Basic,Rantouch,Lost,2017-10-28,2017-11-07,0,FALSE,TRUE
DJY7S9AI,Zane Levy,MG Advanced,Plusstrip,Won,2017-10-28,2017-11-12,3082,FALSE,TRUE
X6MHLE33,Cassey Cress,GTX Basic,Gekko & Co,Lost,2017-10-29,2017-11-12,0,FALSE,TRUE
TLAWJR5V,Corliss Cosme,GTX Plus Pro,Ontomedia,Won,2017-10-29,2017-11-11,5646,FALSE,TRUE
SQ63LXS8,Darcel Schlecht,MG Advanced,Codehow,Lost,2017-10-29,2017-11-04,0,FALSE,TRUE
L3PLDC1Y,Darcel Schlecht,GTX Pro,Codehow,Won,2017-10-29,2017-10-30,4733,FALSE,TRUE
HMG6NWSR,Gladys Colclough,MG Advanced,Cancity,Won,2017-10-29,2017-12-30,2931,FALSE,TRUE
KNH4ZX85,Jonathan Berthelot,MG Special,Bioholding,Won,2017-10-29,2017-10-31,62,FALSE,TRUE
FV7Y3ZPO,Rosie Papadopoulos,MG Advanced,Konex,Lost,2017-10-29,2017-11-03,0,FALSE,TRUE
DDQ0MDYY,Zane Levy,GTX Pro,Green-Plus,Won,2017-10-29,2017-10-31,4178,FALSE,TRUE
HFER9GET,Cassey Cress,GTX Pro,Kinnamplus,Won,2017-10-30,2017-11-04,5239,FALSE,TRUE
0N11U6L3,Daniell Hammack,GTX Plus Basic,Acme Corporation,Engaging,2017-10-30,NA,NA,FALSE,FALSE
005JS57S,Gladys Colclough,GTX Basic,Treequote,Won,2017-10-30,2017-11-11,539,FALSE,TRUE
W5FH95XO,Hayden Neloms,MG Special,Unknown Account,Engaging,2017-10-30,NA,NA,TRUE,FALSE
TWDNQ9TX,Jonathan Berthelot,GTX Plus Basic,Rangreen,Won,2017-10-30,2017-10-31,973,FALSE,TRUE
G289FPBV,Lajuana Vencill,MG Special,Statholdings,Lost,2017-10-30,2017-10-31,0,FALSE,TRUE
G9H0MWBL,Reed Clapper,GTX Plus Pro,Ganjaflex,Lost,2017-10-30,2017-10-31,0,FALSE,TRUE
P2YWZPES,Vicki Laflamme,GTX Basic,Konex,Won,2017-10-30,2017-11-04,622,FALSE,TRUE
NPGETEDZ,Zane Levy,GTX Plus Basic,Sunnamplex,Lost,2017-10-30,2017-11-15,0,FALSE,TRUE
J5I6Y4RN,Anna Snelling,MG Special,Isdom,Lost,2017-10-31,2017-11-10,0,FALSE,TRUE
XRMOUF1R,Boris Faz,MG Advanced,Condax,Won,2017-10-31,2017-11-07,4172,FALSE,TRUE
TL0UILCV,Cassey Cress,GTX Pro,Umbrella Corporation,Won,2017-10-31,2017-11-14,4529,FALSE,TRUE
FAS4V07H,Cassey Cress,MG Advanced,Konex,Won,2017-10-31,2017-12-10,2695,FALSE,TRUE
3Z9AX43T,Darcel Schlecht,GTX Pro,Cancity,Lost,2017-10-31,2017-12-22,0,FALSE,TRUE
5JO7SIGB,Darcel Schlecht,GTX Pro,Conecom,Lost,2017-10-31,2017-11-10,0,FALSE,TRUE
8MQPNCCU,Donn Cantrell,GTX Basic,Ganjaflex,Won,2017-10-31,2017-11-09,486,FALSE,TRUE
2DT70XCQ,Donn Cantrell,GTX Basic,Plussunin,Won,2017-10-31,2017-11-08,450,FALSE,TRUE
O1SCOU11,Elease Gluck,MG Special,Unknown Account,Engaging,2017-10-31,NA,NA,TRUE,FALSE
HYBR36NG,Elease Gluck,MG Special,Finjob,Lost,2017-10-31,2017-11-09,0,FALSE,TRUE
WXOL5HTS,Garret Kinder,GTX Plus Pro,Ontomedia,Won,2017-10-31,2017-11-08,6818,FALSE,TRUE
F15SU034,Gladys Colclough,MG Advanced,Condax,Won,2017-10-31,2017-12-21,3298,FALSE,TRUE
OMCFUDOU,James Ascencio,GTX Pro,Unknown Account,Engaging,2017-10-31,NA,NA,TRUE,FALSE
KLBW3TOH,Kami Bicknell,GTX Plus Pro,Goodsilron,Won,2017-10-31,2017-11-09,5512,FALSE,TRUE
ESNS1OS9,Kami Bicknell,GTX Plus Pro,Kan-code,Won,2017-10-31,2017-11-07,4742,FALSE,TRUE
HDUZC4G9,Kary Hendrixson,GTX Basic,Y-corporation,Won,2017-10-31,2017-11-02,653,FALSE,TRUE
1629C4UW,Lajuana Vencill,GTX Plus Basic,Conecom,Lost,2017-10-31,2017-11-10,0,FALSE,TRUE
0OXJ2HOP,Markita Hansen,MG Advanced,Dalttechnology,Won,2017-10-31,2017-11-11,4058,FALSE,TRUE
RCGBY4IA,Reed Clapper,GTX Basic,Condax,Won,2017-10-31,2017-11-01,553,FALSE,TRUE
8R0HTKUK,Rosie Papadopoulos,GTX Plus Pro,Xx-zobam,Lost,2017-10-31,2017-11-07,0,FALSE,TRUE
W2ZRP2EC,Vicki Laflamme,MG Special,Kan-code,Lost,2017-10-31,2017-11-03,0,FALSE,TRUE
HN6TZPAF,Wilburn Farren,GTX Plus Pro,Unknown Account,Engaging,2017-10-31,NA,NA,TRUE,FALSE
AEH9XJ3T,Cassey Cress,GTX Plus Basic,Kan-code,Lost,2017-11-01,2017-11-13,0,FALSE,TRUE
X3DSI0TQ,Cecily Lampkin,GTX Plus Pro,Globex Corporation,Lost,2017-11-01,2017-11-15,0,FALSE,TRUE
MG3X7625,Cecily Lampkin,GTX Plus Pro,Isdom,Won,2017-11-01,2017-12-22,5504,FALSE,TRUE
8JR8LXEU,Gladys Colclough,MG Special,Betatech,Won,2017-11-01,2017-11-05,53,FALSE,TRUE
KMRR1P94,Jonathan Berthelot,GTX Basic,Treequote,Lost,2017-11-01,2017-11-17,0,FALSE,TRUE
JRCD2VQY,Kami Bicknell,MG Advanced,Fasehatice,Won,2017-11-01,2017-11-06,3064,FALSE,TRUE
FXKBY5FR,Maureen Marcano,MG Advanced,Rantouch,Won,2017-11-01,2017-11-14,2866,FALSE,TRUE
8415S7ZV,Vicki Laflamme,GTX Basic,Goodsilron,Lost,2017-11-01,2017-11-06,0,FALSE,TRUE
UZ83LE9X,Vicki Laflamme,GTX Plus Pro,Xx-holding,Lost,2017-11-01,2017-11-10,0,FALSE,TRUE
GIDII30C,Vicki Laflamme,GTX Plus Basic,Lexiqvolax,Won,2017-11-01,2017-11-10,960,FALSE,TRUE
IVVBVNDH,Vicki Laflamme,MG Special,Nam-zim,Won,2017-11-01,2017-11-02,55,FALSE,TRUE
854QZNWK,Violet Mclelland,MG Special,Unknown Account,Engaging,2017-11-01,NA,NA,TRUE,FALSE
FBKK68G6,Boris Faz,GTX Pro,Donquadtech,Won,2017-11-02,2017-11-07,4155,FALSE,TRUE
46UHJGY0,Corliss Cosme,MG Special,Unknown Account,Engaging,2017-11-02,NA,NA,TRUE,FALSE
SSSTYFDY,Daniell Hammack,GTX Plus Basic,Condax,Lost,2017-11-02,2017-11-05,0,FALSE,TRUE
VSMB0KJW,Donn Cantrell,GTX Basic,Bubba Gump,Won,2017-11-02,2017-11-28,532,FALSE,TRUE
UVS5WJRG,Jonathan Berthelot,GTX Basic,Cancity,Won,2017-11-02,2017-11-03,479,FALSE,TRUE
MOBO9N8H,Kami Bicknell,GTX Basic,Xx-holding,Lost,2017-11-02,2017-11-07,0,FALSE,TRUE
N2249A7T,Markita Hansen,GTX Pro,Unknown Account,Engaging,2017-11-02,NA,NA,TRUE,FALSE
5HHFR0VZ,Markita Hansen,GTX Pro,Xx-holding,Won,2017-11-02,2017-11-29,4521,FALSE,TRUE
0DYZ71WX,Reed Clapper,GTX Basic,Ganjaflex,Won,2017-11-02,2017-11-16,585,FALSE,TRUE
Q1Q3D9BZ,Vicki Laflamme,GTX Basic,Sunnamplex,Lost,2017-11-02,2017-11-07,0,FALSE,TRUE
9KV5GM4U,Vicki Laflamme,GTX Basic,Sonron,Won,2017-11-02,2017-11-06,430,FALSE,TRUE
6X24V0NC,Darcel Schlecht,GTX Pro,Codehow,Lost,2017-11-03,2017-11-09,0,FALSE,TRUE
IIZV9WFC,Jonathan Berthelot,GTX Basic,Genco Pura Olive Oil Company,Won,2017-11-03,2017-12-02,577,FALSE,TRUE
E1LFK6E3,Kami Bicknell,GTX Basic,Unknown Account,Engaging,2017-11-03,NA,NA,TRUE,FALSE
XSEG5T4H,Markita Hansen,GTX Plus Basic,Zoomit,Engaging,2017-11-03,NA,NA,FALSE,FALSE
WTZ2AHNW,Marty Freudenburg,GTX Pro,Treequote,Won,2017-11-03,2017-12-18,4591,FALSE,TRUE
RQ5FNR4O,Maureen Marcano,GTX Basic,Groovestreet,Won,2017-11-03,2017-11-18,662,FALSE,TRUE
9BZBU2GY,Maureen Marcano,GTX Plus Pro,Plusstrip,Won,2017-11-03,2017-12-31,5091,FALSE,TRUE
1FMCUSFS,Boris Faz,GTX Plus Pro,Plussunin,Won,2017-11-04,2017-12-08,5737,FALSE,TRUE
WJO52I18,Cassey Cress,GTX Pro,Inity,Engaging,2017-11-04,NA,NA,FALSE,FALSE
ZQSSHSL7,Cassey Cress,GTX Basic,Donquadtech,Won,2017-11-04,2017-11-06,583,FALSE,TRUE
SWYO7V7O,Darcel Schlecht,GTX Pro,Hottechi,Lost,2017-11-04,2017-11-08,0,FALSE,TRUE
62UFJ4IQ,James Ascencio,GTX Plus Pro,Sunnamplex,Won,2017-11-04,2017-11-10,5031,FALSE,TRUE
SQ71BWHG,Kary Hendrixson,GTX Pro,Zencorporation,Engaging,2017-11-04,NA,NA,FALSE,FALSE
ON821ADT,Markita Hansen,GTX Pro,Unknown Account,Engaging,2017-11-04,NA,NA,TRUE,FALSE
ZO4FDMPS,Marty Freudenburg,GTX Pro,Rangreen,Lost,2017-11-04,2017-11-05,0,FALSE,TRUE
T7N0RX05,Maureen Marcano,GTX Plus Pro,Unknown Account,Engaging,2017-11-04,NA,NA,TRUE,FALSE
D9LUG4D8,Reed Clapper,GTX Pro,Plussunin,Won,2017-11-04,2017-11-21,4237,FALSE,TRUE
M23VU0A9,Rosie Papadopoulos,GTX Plus Pro,Konex,Lost,2017-11-04,2017-11-14,0,FALSE,TRUE
RN67OVFW,Zane Levy,GTX Basic,Unknown Account,Engaging,2017-11-04,NA,NA,TRUE,FALSE
YAVTI45C,Zane Levy,GTX Basic,Fasehatice,Won,2017-11-04,2017-12-12,481,FALSE,TRUE
XZUEXEUH,Anna Snelling,GTX Basic,Betatech,Won,2017-11-05,2017-11-09,480,FALSE,TRUE
IBB0VGUN,Cassey Cress,MG Special,Unknown Account,Engaging,2017-11-05,NA,NA,TRUE,FALSE
0CR37ETK,Corliss Cosme,MG Advanced,Unknown Account,Engaging,2017-11-05,NA,NA,TRUE,FALSE
MA56XGWR,Daniell Hammack,GTX Basic,Iselectrics,Engaging,2017-11-05,NA,NA,FALSE,FALSE
6Z3EP424,Elease Gluck,MG Special,Nam-zim,Won,2017-11-05,2017-11-16,51,FALSE,TRUE
VPIXVUUE,Gladys Colclough,GTX Basic,Cancity,Lost,2017-11-05,2017-11-16,0,FALSE,TRUE
F98UFHM2,Gladys Colclough,MG Special,Gogozoom,Won,2017-11-05,2017-12-31,52,FALSE,TRUE
NNNEMOZ5,James Ascencio,GTX Plus Pro,Unknown Account,Engaging,2017-11-05,NA,NA,TRUE,FALSE
JB7JEEI5,James Ascencio,GTX Plus Basic,Sunnamplex,Won,2017-11-05,2017-11-22,1218,FALSE,TRUE
FQP39JQV,Kary Hendrixson,GTX Plus Pro,Plusstrip,Won,2017-11-05,2017-11-12,5681,FALSE,TRUE
PWW6TH3V,Marty Freudenburg,MG Advanced,Dontechi,Lost,2017-11-05,2017-11-17,0,FALSE,TRUE
KXEZ5B3Q,Reed Clapper,MG Special,Massive Dynamic,Lost,2017-11-05,2017-11-17,0,FALSE,TRUE
3UA6O3NG,Reed Clapper,GTX Plus Pro,Konex,Won,2017-11-05,2017-11-07,6767,FALSE,TRUE
QD7MU7DD,Rosie Papadopoulos,GTX Pro,Unknown Account,Engaging,2017-11-05,NA,NA,TRUE,FALSE
3ML02CAH,Versie Hillebrand,MG Special,Cancity,Won,2017-11-05,2017-11-11,61,FALSE,TRUE
T7AHYN7O,Violet Mclelland,MG Special,Opentech,Lost,2017-11-05,2017-11-21,0,FALSE,TRUE
9BMWYLQV,Zane Levy,MG Special,Scotfind,Won,2017-11-05,2017-11-17,62,FALSE,TRUE
I5VHXAWW,Boris Faz,GTX Plus Pro,Bluth Company,Engaging,2017-11-06,NA,NA,FALSE,FALSE
76ZQP7QY,Darcel Schlecht,GTX Pro,Betatech,Lost,2017-11-06,2017-11-07,0,FALSE,TRUE
DP7QR35U,Elease Gluck,GTX Plus Basic,Faxquote,Lost,2017-11-06,2017-11-07,0,FALSE,TRUE
VAD1MF34,Gladys Colclough,MG Special,Konmatfix,Won,2017-11-06,2017-12-19,48,FALSE,TRUE
J9PCNCUP,Kary Hendrixson,GTX Basic,Golddex,Engaging,2017-11-06,NA,NA,FALSE,FALSE
6AA52750,Niesha Huffines,GTX Pro,Funholding,Lost,2017-11-06,2017-11-13,0,FALSE,TRUE
1BW8S7JD,Violet Mclelland,MG Special,Unknown Account,Engaging,2017-11-06,NA,NA,TRUE,FALSE
WOD9UKMP,Cecily Lampkin,GTX Plus Basic,Stanredtax,Won,2017-11-07,2017-11-18,1059,FALSE,TRUE
C2FSIMZP,Corliss Cosme,GTX Pro,Unknown Account,Engaging,2017-11-07,NA,NA,TRUE,FALSE
T482GHJQ,Darcel Schlecht,GTX Pro,Konmatfix,Won,2017-11-07,2017-12-20,5031,FALSE,TRUE
JFIL5JU0,Lajuana Vencill,GTX Basic,dambase,Won,2017-11-07,2017-12-22,557,FALSE,TRUE
3GVL1I1G,Rosie Papadopoulos,MG Advanced,Bluth Company,Won,2017-11-07,2017-11-14,3426,FALSE,TRUE
72C58IRY,Cecily Lampkin,MG Advanced,Funholding,Won,2017-11-08,2017-11-26,2968,FALSE,TRUE
MMIYELAE,Gladys Colclough,GTX Plus Basic,Genco Pura Olive Oil Company,Won,2017-11-08,2017-11-19,1071,FALSE,TRUE
GS9UKUGV,Jonathan Berthelot,GTX Pro,Treequote,Lost,2017-11-08,2017-11-16,0,FALSE,TRUE
X9MTGVJZ,Kami Bicknell,GTX Plus Pro,Sunnamplex,Lost,2017-11-08,2017-11-26,0,FALSE,TRUE
N22XN5IM,Kami Bicknell,GTX Plus Basic,Plusstrip,Won,2017-11-08,2017-12-04,1082,FALSE,TRUE
OTQTFK48,Kary Hendrixson,GTX Plus Basic,Plexzap,Won,2017-11-08,2017-11-11,1203,FALSE,TRUE
URN9V0FK,Lajuana Vencill,MG Special,Konmatfix,Lost,2017-11-08,2017-12-30,0,FALSE,TRUE
K6TJSGUB,Marty Freudenburg,GTX Plus Basic,Warephase,Won,2017-11-08,2017-11-17,985,FALSE,TRUE
CSXOYE1C,Niesha Huffines,GTX Plus Basic,Scottech,Won,2017-11-08,2017-11-20,1133,FALSE,TRUE
4ATO2S4S,Violet Mclelland,MG Special,Bubba Gump,Won,2017-11-08,2017-12-27,56,FALSE,TRUE
PMK11X5L,Wilburn Farren,GTX Plus Basic,Unknown Account,Engaging,2017-11-08,NA,NA,TRUE,FALSE
W4XB23IP,Boris Faz,GTX Basic,Unknown Account,Engaging,2017-11-09,NA,NA,TRUE,FALSE
J0X7ZNDX,Donn Cantrell,GTX Basic,Zencorporation,Lost,2017-11-09,2017-11-13,0,FALSE,TRUE
GCCBRJF8,Garret Kinder,GTX Plus Pro,Sumace,Won,2017-11-09,2017-11-27,4884,FALSE,TRUE
G7ZZG9DI,James Ascencio,GTX Basic,Kan-code,Won,2017-11-09,2017-11-22,443,FALSE,TRUE
TY9RBWLT,Kami Bicknell,GTX Basic,Goodsilron,Won,2017-11-09,2017-11-23,562,FALSE,TRUE
NNREN4Q5,Kami Bicknell,GTX Basic,Groovestreet,Won,2017-11-09,2017-11-21,437,FALSE,TRUE
T0H5HATU,Kary Hendrixson,MG Advanced,Rantouch,Lost,2017-11-09,2017-11-23,0,FALSE,TRUE
49TIKZ5B,Kary Hendrixson,GTX Basic,Kan-code,Won,2017-11-09,2017-11-14,606,FALSE,TRUE
ZM1HKZRS,Markita Hansen,MG Special,Sonron,Won,2017-11-09,2017-12-10,56,FALSE,TRUE
2FGV5XNE,Maureen Marcano,MG Advanced,Sunnamplex,Lost,2017-11-09,2017-11-27,0,FALSE,TRUE
04G3DK6T,Moses Frase,MG Special,Warephase,Won,2017-11-09,2017-11-21,54,FALSE,TRUE
6JBM1ZKO,Vicki Laflamme,GTX Pro,Unknown Account,Engaging,2017-11-09,NA,NA,TRUE,FALSE
QSCVBJNJ,Wilburn Farren,GTX Pro,Acme Corporation,Lost,2017-11-09,2017-11-23,0,FALSE,TRUE
C3KQJVDU,Corliss Cosme,GTX Basic,Acme Corporation,Won,2017-11-10,2017-11-18,577,FALSE,TRUE
NZIJ3KKG,Daniell Hammack,GTX Plus Basic,Massive Dynamic,Lost,2017-11-10,2017-11-16,0,FALSE,TRUE
F46Q34LY,Darcel Schlecht,GTX Pro,Ron-tech,Won,2017-11-10,2017-11-20,4480,FALSE,TRUE
5C13TAA8,Kary Hendrixson,GTX Plus Pro,Lexiqvolax,Won,2017-11-10,2017-12-22,6299,FALSE,TRUE
BFB6C54U,Kary Hendrixson,GTX Pro,Condax,Won,2017-11-10,2017-12-01,4673,FALSE,TRUE
ZSYWCL6R,Markita Hansen,GTK 500,Xx-holding,Lost,2017-11-10,2017-11-26,0,FALSE,TRUE
VNJQD4Z7,Reed Clapper,GTX Plus Pro,Zathunicon,Won,2017-11-10,2017-12-29,4659,FALSE,TRUE
0KWYQTQQ,Rosalina Dieter,MG Special,Unknown Account,Engaging,2017-11-10,NA,NA,TRUE,FALSE
50OYB2YN,Corliss Cosme,GTX Plus Basic,Kinnamplus,Won,2017-11-11,2017-11-20,1180,FALSE,TRUE
C8BIQFEN,Darcel Schlecht,GTX Plus Pro,Betatech,Lost,2017-11-11,2017-11-14,0,FALSE,TRUE
0TEEJ0WD,Donn Cantrell,GTX Plus Basic,Opentech,Lost,2017-11-11,2017-11-18,0,FALSE,TRUE
T2G750N6,Jonathan Berthelot,MG Special,Treequote,Won,2017-11-11,2017-12-04,57,FALSE,TRUE
6BCEXGTX,Marty Freudenburg,GTX Plus Pro,Toughzap,Lost,2017-11-11,2017-11-22,0,FALSE,TRUE
6ZFEAR57,Niesha Huffines,GTX Plus Basic,Genco Pura Olive Oil Company,Lost,2017-11-11,2017-11-22,0,FALSE,TRUE
Y1JFDUVB,Versie Hillebrand,MG Special,Codehow,Won,2017-11-11,2017-12-20,48,FALSE,TRUE
7FCXBW1M,Violet Mclelland,MG Special,Bioplex,Won,2017-11-11,2017-11-13,51,FALSE,TRUE
83Y5850C,Anna Snelling,MG Special,Inity,Lost,2017-11-12,2017-11-25,0,FALSE,TRUE
V1458D23,Corliss Cosme,GTX Plus Basic,Umbrella Corporation,Won,2017-11-12,2017-11-13,1138,FALSE,TRUE
LJEAX51Q,Darcel Schlecht,MG Special,Streethex,Won,2017-11-12,2017-12-21,49,FALSE,TRUE
LDDQ5PN2,Garret Kinder,MG Advanced,Sumace,Lost,2017-11-12,2017-11-21,0,FALSE,TRUE
WPJ0AS7T,Gladys Colclough,GTX Basic,Genco Pura Olive Oil Company,Won,2017-11-12,2017-12-28,650,FALSE,TRUE
4J8IA9GL,Kary Hendrixson,GTX Basic,Lexiqvolax,Won,2017-11-12,2017-12-29,470,FALSE,TRUE
76RZPT87,Lajuana Vencill,GTX Basic,Isdom,Won,2017-11-12,2017-12-31,567,FALSE,TRUE
9E3UNPHY,Markita Hansen,MG Advanced,Newex,Won,2017-11-12,2017-12-25,3836,FALSE,TRUE
CQ8UELF8,Marty Freudenburg,GTX Plus Pro,Rangreen,Won,2017-11-12,2017-11-14,5916,FALSE,TRUE
4E5E9MYV,Maureen Marcano,GTX Plus Basic,Cheers,Won,2017-11-12,2017-11-22,938,FALSE,TRUE
24BCH90I,Maureen Marcano,GTX Plus Basic,Kan-code,Won,2017-11-12,2017-11-15,1124,FALSE,TRUE
LWVZKYI0,Versie Hillebrand,MG Special,Gogozoom,Won,2017-11-12,2017-12-01,61,FALSE,TRUE
1W2EEX4L,Vicki Laflamme,MG Special,Faxquote,Lost,2017-11-12,2017-12-24,0,FALSE,TRUE
8977L373,Wilburn Farren,MG Advanced,Mathtouch,Won,2017-11-12,2017-11-19,4011,FALSE,TRUE
66LD5EF0,Zane Levy,GTX Plus Basic,Hatfan,Lost,2017-11-12,2017-11-15,0,FALSE,TRUE
50JIFEWD,Zane Levy,GTX Pro,Plusstrip,Won,2017-11-12,2017-11-17,5144,FALSE,TRUE
MTZQ55RH,Boris Faz,GTX Basic,Zotware,Won,2017-11-13,2017-11-24,493,FALSE,TRUE
1V3O11ZD,Cassey Cress,GTX Basic,Kinnamplus,Lost,2017-11-13,2017-11-23,0,FALSE,TRUE
AIBZQM42,Daniell Hammack,GTX Plus Basic,Kinnamplus,Won,2017-11-13,2017-11-20,1224,FALSE,TRUE
IZ5MV9YF,Jonathan Berthelot,GTX Basic,Isdom,Lost,2017-11-13,2017-11-21,0,FALSE,TRUE
OHJX1K09,Kami Bicknell,GTX Basic,Konex,Lost,2017-11-13,2017-11-14,0,FALSE,TRUE
I33TECO1,Kami Bicknell,GTX Pro,Hottechi,Lost,2017-11-13,2017-11-30,0,FALSE,TRUE
MT45X396,Lajuana Vencill,GTX Basic,Streethex,Lost,2017-11-13,2017-11-19,0,FALSE,TRUE
G1W97XZA,Maureen Marcano,GTX Plus Basic,Unknown Account,Engaging,2017-11-13,NA,NA,TRUE,FALSE
V8ELYA6F,Anna Snelling,GTX Plus Pro,Treequote,Won,2017-11-14,2017-11-15,5276,FALSE,TRUE
NXXKM7C7,Daniell Hammack,GTX Plus Basic,Cancity,Engaging,2017-11-14,NA,NA,FALSE,FALSE
K98JFWRC,Garret Kinder,GTX Plus Pro,Bioplex,Lost,2017-11-14,2017-11-28,0,FALSE,TRUE
H6Q0LXVH,Gladys Colclough,GTX Plus Basic,Konmatfix,Lost,2017-11-14,2017-11-20,0,FALSE,TRUE
2BH5Q718,Hayden Neloms,MG Advanced,Scotfind,Lost,2017-11-14,2017-11-23,0,FALSE,TRUE
CSJKVMR9,James Ascencio,GTX Basic,Y-corporation,Lost,2017-11-14,2017-11-16,0,FALSE,TRUE
N3YVDYY2,Marty Freudenburg,GTX Plus Basic,Ron-tech,Won,2017-11-14,2017-11-23,947,FALSE,TRUE
LRP5IXX5,Reed Clapper,GTX Plus Pro,Konex,Lost,2017-11-14,2017-11-23,0,FALSE,TRUE
SH1NTXPV,Violet Mclelland,MG Advanced,Kinnamplus,Won,2017-11-14,2017-11-29,3342,FALSE,TRUE
MKAKCFBQ,Boris Faz,GTX Plus Pro,Ganjaflex,Won,2017-11-15,2017-12-30,5610,FALSE,TRUE
9YH8LS5H,Cassey Cress,MG Advanced,Condax,Lost,2017-11-15,2017-12-15,0,FALSE,TRUE
RO8TURF5,Cassey Cress,GTX Basic,Donquadtech,Won,2017-11-15,2017-11-30,557,FALSE,TRUE
EW5ASXX4,Darcel Schlecht,GTX Pro,Warephase,Lost,2017-11-15,2017-11-20,0,FALSE,TRUE
MDLJKQ5B,Darcel Schlecht,GTX Pro,dambase,Won,2017-11-15,2017-11-30,5600,FALSE,TRUE
7OIR36P2,Donn Cantrell,GTX Pro,Acme Corporation,Won,2017-11-15,2017-12-27,4980,FALSE,TRUE
7XRWWM0X,Kami Bicknell,MG Special,Scotfind,Engaging,2017-11-15,NA,NA,FALSE,FALSE
GQ13O0AQ,Kami Bicknell,GTX Pro,Kan-code,Lost,2017-11-15,2017-11-22,0,FALSE,TRUE
S9DDUFGP,Kary Hendrixson,GTX Basic,Konex,Lost,2017-11-15,2017-11-28,0,FALSE,TRUE
B5OXRZTT,Zane Levy,GTX Basic,Kan-code,Won,2017-11-15,2017-11-25,530,FALSE,TRUE
FX1RWO67,Anna Snelling,MG Advanced,Hottechi,Won,2017-11-16,2017-12-31,3300,FALSE,TRUE
BREOLQD9,Boris Faz,MG Advanced,Unknown Account,Engaging,2017-11-16,NA,NA,TRUE,FALSE
2AGA3ALY,Hayden Neloms,MG Advanced,Konex,Won,2017-11-16,2017-11-20,3664,FALSE,TRUE
P8ZOY6HA,James Ascencio,GTX Plus Pro,Konex,Lost,2017-11-16,2017-11-20,0,FALSE,TRUE
PBGAZKMQ,Jonathan Berthelot,GTX Basic,Stanredtax,Won,2017-11-16,2017-11-22,575,FALSE,TRUE
86MJT5KR,Markita Hansen,MG Special,Blackzim,Lost,2017-11-16,2017-11-23,0,FALSE,TRUE
62PCN0KS,Maureen Marcano,GTX Plus Basic,Unknown Account,Engaging,2017-11-16,NA,NA,TRUE,FALSE
20NZO7TT,Maureen Marcano,MG Advanced,J-Texon,Won,2017-11-16,2017-12-01,3271,FALSE,TRUE
6FR9YZH2,Moses Frase,GTX Plus Pro,Bioholding,Lost,2017-11-16,2017-11-17,0,FALSE,TRUE
LCZGL74L,Niesha Huffines,GTX Plus Basic,Cancity,Lost,2017-11-16,2017-11-26,0,FALSE,TRUE
6NWIZG2N,Reed Clapper,GTX Plus Basic,Mathtouch,Won,2017-11-16,2017-11-24,1035,FALSE,TRUE
IS2HLCEO,Boris Faz,MG Special,Plussunin,Lost,2017-11-17,2017-12-04,0,FALSE,TRUE
90D20NZU,Darcel Schlecht,GTX Plus Pro,Inity,Won,2017-11-17,2017-11-24,4880,FALSE,TRUE
P214KAH8,Donn Cantrell,MG Advanced,Yearin,Won,2017-11-17,2017-11-29,3644,FALSE,TRUE
HEMKK91Z,Elease Gluck,MG Advanced,Plusstrip,Won,2017-11-17,2017-12-13,3538,FALSE,TRUE
R2JKKVOO,Kami Bicknell,GTX Plus Basic,Cheers,Lost,2017-11-17,2017-11-27,0,FALSE,TRUE
6LS93NXH,Kary Hendrixson,GTX Basic,Goodsilron,Lost,2017-11-17,2017-11-27,0,FALSE,TRUE
BI36TLO5,Reed Clapper,GTX Pro,Bubba Gump,Won,2017-11-17,2017-12-06,4154,FALSE,TRUE
TYQFCQBN,Rosie Papadopoulos,GTX Pro,Donware,Won,2017-11-17,2017-11-26,4620,FALSE,TRUE
DH4WEPQ5,Versie Hillebrand,GTX Plus Pro,Domzoom,Won,2017-11-17,2017-11-18,5653,FALSE,TRUE
NJAOJJY9,Violet Mclelland,MG Special,Bioplex,Lost,2017-11-17,2017-11-25,0,FALSE,TRUE
VM6SAQYT,Violet Mclelland,MG Special,Donquadtech,Won,2017-11-17,2017-11-26,65,FALSE,TRUE
E2LVAU2T,Zane Levy,GTX Basic,Newex,Won,2017-11-17,2017-12-05,497,FALSE,TRUE
CNAOGH7N,Boris Faz,GTX Pro,Sumace,Won,2017-11-18,2017-12-07,4645,FALSE,TRUE
0ONK3WET,Cassey Cress,GTX Pro,Massive Dynamic,Won,2017-11-18,2017-11-21,4243,FALSE,TRUE
9Y43IDMY,Daniell Hammack,GTX Plus Basic,Opentech,Lost,2017-11-18,2017-12-06,0,FALSE,TRUE
UIE5G6GW,Darcel Schlecht,GTX Pro,Cancity,Won,2017-11-18,2017-11-29,4617,FALSE,TRUE
GB6C2UK5,Elease Gluck,GTK 500,Xx-holding,Won,2017-11-18,2017-12-04,29220,FALSE,TRUE
5S2JLJGL,Jonathan Berthelot,GTX Plus Basic,Funholding,Lost,2017-11-18,2017-11-30,0,FALSE,TRUE
820NH7ZA,Kami Bicknell,GTX Basic,Konex,Won,2017-11-18,2017-12-04,643,FALSE,TRUE
PIPYDN8Y,Kary Hendrixson,GTX Basic,Scotfind,Lost,2017-11-18,2017-11-21,0,FALSE,TRUE
E3LNNM8H,Maureen Marcano,GTX Plus Pro,Blackzim,Lost,2017-11-18,2017-12-05,0,FALSE,TRUE
UHYI2QB2,Moses Frase,MG Special,Funholding,Lost,2017-11-18,2017-11-28,0,FALSE,TRUE
5SJP2J1J,Boris Faz,GTX Plus Basic,Mathtouch,Won,2017-11-19,2017-11-20,886,FALSE,TRUE
R5V9DX5U,Cecily Lampkin,MG Advanced,Rangreen,Won,2017-11-19,2017-11-28,3206,FALSE,TRUE
PGCWLU4L,Daniell Hammack,GTX Basic,Gekko & Co,Won,2017-11-19,2017-11-20,678,FALSE,TRUE
RVI6ARFW,Darcel Schlecht,GTX Basic,Funholding,Won,2017-11-19,2017-11-20,549,FALSE,TRUE
QVWPMJ8R,Donn Cantrell,GTX Plus Pro,Kan-code,Won,2017-11-19,2017-11-28,6540,FALSE,TRUE
7M7UED1P,Jonathan Berthelot,GTX Basic,Toughzap,Lost,2017-11-19,2017-11-21,0,FALSE,TRUE
JW51LS6C,Maureen Marcano,MG Advanced,Lexiqvolax,Lost,2017-11-19,2017-12-04,0,FALSE,TRUE
KU4GX1KD,Niesha Huffines,GTX Basic,Isdom,Won,2017-11-19,2017-11-28,662,FALSE,TRUE
GSE8QWMU,Vicki Laflamme,GTX Pro,Finjob,Won,2017-11-19,2017-11-24,4540,FALSE,TRUE
6MTK51P5,Anna Snelling,MG Special,Rundofase,Won,2017-11-20,2017-11-29,52,FALSE,TRUE
J962I0KG,Cassey Cress,GTX Plus Basic,Unknown Account,Engaging,2017-11-20,NA,NA,TRUE,FALSE
QA2XTMMZ,Corliss Cosme,GTX Pro,Yearin,Lost,2017-11-20,2017-11-27,0,FALSE,TRUE
T58EDFV0,Kami Bicknell,GTX Basic,Goodsilron,Won,2017-11-20,2017-12-08,504,FALSE,TRUE
C09PGOZG,Kary Hendrixson,GTX Basic,Kan-code,Won,2017-11-20,2017-12-04,589,FALSE,TRUE
IG9RPWOZ,Moses Frase,GTX Plus Pro,Stanredtax,Won,2017-11-20,2017-12-09,5756,FALSE,TRUE
3GFZ7SN4,Moses Frase,MG Advanced,Streethex,Won,2017-11-20,2017-11-23,3161,FALSE,TRUE
PQ84ANKD,Violet Mclelland,MG Special,Unknown Account,Engaging,2017-11-20,NA,NA,TRUE,FALSE
DC1E84LC,Wilburn Farren,GTX Plus Pro,Umbrella Corporation,Won,2017-11-20,2017-12-08,5209,FALSE,TRUE
F0XGEQOE,Cassey Cress,MG Advanced,Kan-code,Lost,2017-11-21,2017-11-25,0,FALSE,TRUE
EQIV6PMF,Cecily Lampkin,MG Special,dambase,Won,2017-11-21,2017-12-08,58,FALSE,TRUE
SK3A12HI,Corliss Cosme,MG Special,Massive Dynamic,Won,2017-11-21,2017-12-21,57,FALSE,TRUE
F28BOUE5,Donn Cantrell,GTX Pro,Bubba Gump,Won,2017-11-21,2017-12-10,5466,FALSE,TRUE
Z7JCS0ZW,Gladys Colclough,GTX Plus Pro,Domzoom,Lost,2017-11-21,2017-11-24,0,FALSE,TRUE
9E3H6ONP,James Ascencio,GTX Plus Pro,Lexiqvolax,Won,2017-11-21,2017-11-25,6932,FALSE,TRUE
FVTCAFCL,Kary Hendrixson,GTX Basic,Newex,Won,2017-11-21,2017-12-22,597,FALSE,TRUE
9TTQYYIW,Markita Hansen,MG Advanced,Green-Plus,Lost,2017-11-21,2017-11-27,0,FALSE,TRUE
33JYWJ1X,Maureen Marcano,GTX Basic,Cheers,Won,2017-11-21,2017-12-29,619,FALSE,TRUE
L11T0DYF,Vicki Laflamme,MG Advanced,Faxquote,Won,2017-11-21,2017-12-01,2590,FALSE,TRUE
QJZVB9ZG,Wilburn Farren,GTX Pro,Sumace,Lost,2017-11-21,2017-11-26,0,FALSE,TRUE
WAEWV7YD,Cassey Cress,GTX Basic,Yearin,Won,2017-11-22,2017-12-07,609,FALSE,TRUE
3RJPZ634,Corliss Cosme,GTX Pro,Konex,Won,2017-11-22,2017-12-06,4492,FALSE,TRUE
FZH6NJAQ,Maureen Marcano,GTX Plus Basic,Rantouch,Lost,2017-11-22,2017-11-27,0,FALSE,TRUE
4MPM6ZPU,Reed Clapper,GTX Pro,Yearin,Lost,2017-11-22,2017-12-06,0,FALSE,TRUE
U0XDMZK8,Violet Mclelland,MG Special,Kan-code,Won,2017-11-22,2017-12-05,47,FALSE,TRUE
J1G2SZKD,Zane Levy,GTX Basic,Goodsilron,Engaging,2017-11-22,NA,NA,FALSE,FALSE
BF9D3HVC,Corliss Cosme,GTX Basic,Donquadtech,Lost,2017-11-23,2017-12-02,0,FALSE,TRUE
YMWG4Z3S,Kary Hendrixson,GTX Plus Basic,Warephase,Engaging,2017-11-23,NA,NA,FALSE,FALSE
6AT4VS58,Kary Hendrixson,GTX Basic,Sonron,Won,2017-11-23,2017-12-08,484,FALSE,TRUE
S5FBJ31P,Marty Freudenburg,MG Advanced,Ron-tech,Lost,2017-11-23,2017-11-25,0,FALSE,TRUE
62JLAD45,Niesha Huffines,MG Special,Toughzap,Lost,2017-11-23,2017-11-28,0,FALSE,TRUE
Z7GJE1K0,Rosalina Dieter,MG Special,Dalttechnology,Won,2017-11-23,2017-12-07,49,FALSE,TRUE
PV3TH2FF,Vicki Laflamme,MG Special,Unknown Account,Engaging,2017-11-23,NA,NA,TRUE,FALSE
4ZQTMS3Z,Violet Mclelland,MG Special,Kan-code,Engaging,2017-11-23,NA,NA,FALSE,FALSE
N6ZLW0OG,Cassey Cress,GTX Plus Basic,Ganjaflex,Won,2017-11-24,2017-12-05,927,FALSE,TRUE
IJ2CLOLZ,Daniell Hammack,GTX Pro,Acme Corporation,Won,2017-11-24,2017-12-09,4445,FALSE,TRUE
K4N74V6U,Darcel Schlecht,GTX Pro,Codehow,Won,2017-11-24,2017-12-04,5110,FALSE,TRUE
H7GFLCDH,Elease Gluck,MG Special,Blackzim,Won,2017-11-24,2017-12-18,62,FALSE,TRUE
0QMOIDET,James Ascencio,GTX Plus Basic,Konex,Won,2017-11-24,2017-12-11,1049,FALSE,TRUE
33JWQH71,Kami Bicknell,GTX Plus Basic,Labdrill,Won,2017-11-24,2017-12-05,885,FALSE,TRUE
D55HTKRU,Kary Hendrixson,GTX Pro,Newex,Engaging,2017-11-24,NA,NA,FALSE,FALSE
Z9WFXNX3,Markita Hansen,MG Advanced,Golddex,Lost,2017-11-24,2017-11-29,0,FALSE,TRUE
7ACIXBSY,Violet Mclelland,MG Advanced,Gekko & Co,Won,2017-11-24,2017-12-05,3612,FALSE,TRUE
MEIBOSW7,Wilburn Farren,GTX Pro,Zencorporation,Won,2017-11-24,2017-11-29,5106,FALSE,TRUE
NBUHFAKW,Anna Snelling,MG Advanced,Genco Pura Olive Oil Company,Won,2017-11-25,2017-12-28,2477,FALSE,TRUE
PJ3NGI1Y,Cassey Cress,MG Special,Donquadtech,Lost,2017-11-25,2017-12-10,0,FALSE,TRUE
RDZ2FC3A,Darcel Schlecht,GTX Basic,Warephase,Won,2017-11-25,2017-12-11,537,FALSE,TRUE
R7GYOI0M,James Ascencio,GTX Plus Pro,Hatfan,Won,2017-11-25,2017-12-10,5547,FALSE,TRUE
Z1IF1M5M,Moses Frase,GTX Plus Basic,Konmatfix,Won,2017-11-25,2017-11-29,1001,FALSE,TRUE
B133ECHC,Vicki Laflamme,GTX Plus Pro,Kan-code,Lost,2017-11-25,2017-12-05,0,FALSE,TRUE
P55UV5QW,Violet Mclelland,GTX Plus Basic,Yearin,Lost,2017-11-25,2017-11-29,0,FALSE,TRUE
H0HDYIYJ,Wilburn Farren,GTX Pro,Umbrella Corporation,Won,2017-11-25,2017-11-29,5077,FALSE,TRUE
EBMBP7JQ,Anna Snelling,MG Advanced,dambase,Won,2017-11-26,2017-12-07,3844,FALSE,TRUE
MAUIC3DD,Corliss Cosme,GTX Plus Pro,Sumace,Lost,2017-11-26,2017-12-10,0,FALSE,TRUE
20048JO2,Corliss Cosme,GTX Plus Basic,Opentech,Won,2017-11-26,2017-12-14,1204,FALSE,TRUE
U071YJYI,Darcel Schlecht,MG Advanced,Isdom,Lost,2017-11-26,2017-12-11,0,FALSE,TRUE
Y3EVBV53,Gladys Colclough,GTX Basic,Stanredtax,Won,2017-11-26,2017-12-07,562,FALSE,TRUE
JE63NRUA,Kami Bicknell,GTX Plus Basic,Faxquote,Lost,2017-11-26,2017-12-25,0,FALSE,TRUE
YA8CL4UM,Kami Bicknell,GTX Basic,Sunnamplex,Won,2017-11-26,2017-12-01,460,FALSE,TRUE
43WRAJ1I,Versie Hillebrand,MG Special,Rundofase,Won,2017-11-26,2017-12-11,66,FALSE,TRUE
DA7BZMMO,Versie Hillebrand,MG Advanced,Cancity,Won,2017-11-26,2017-12-12,3309,FALSE,TRUE
6QRZCDL0,Violet Mclelland,MG Advanced,Massive Dynamic,Lost,2017-11-26,2017-11-27,0,FALSE,TRUE
348COZ5O,Darcel Schlecht,GTX Pro,Genco Pura Olive Oil Company,Won,2017-11-27,2017-11-30,4888,FALSE,TRUE
GLUYX9KN,Hayden Neloms,GTX Plus Basic,J-Texon,Won,2017-11-27,2017-12-12,1192,FALSE,TRUE
2DT6W3HA,Reed Clapper,MG Advanced,Bluth Company,Lost,2017-11-27,2017-12-12,0,FALSE,TRUE
7S8SLZDY,Rosalina Dieter,MG Special,Unknown Account,Engaging,2017-11-27,NA,NA,TRUE,FALSE
L8XNQONA,Zane Levy,GTX Basic,Inity,Engaging,2017-11-27,NA,NA,FALSE,FALSE
WE03969I,Donn Cantrell,GTX Plus Basic,Gekko & Co,Won,2017-11-28,2017-12-09,1131,FALSE,TRUE
3SOLZEZX,Hayden Neloms,GTX Plus Pro,Goodsilron,Won,2017-11-28,2017-12-12,5702,FALSE,TRUE
MAA6TJMM,Kami Bicknell,GTX Basic,Cheers,Won,2017-11-28,2017-12-13,563,FALSE,TRUE
0DY00J6O,Maureen Marcano,GTX Plus Pro,Xx-holding,Won,2017-11-28,2017-12-11,5886,FALSE,TRUE
U8IUBGTW,Niesha Huffines,GTX Basic,Domzoom,Lost,2017-11-28,2017-12-05,0,FALSE,TRUE
EV0V1ZZA,Vicki Laflamme,MG Advanced,Hatfan,Lost,2017-11-28,2017-12-02,0,FALSE,TRUE
JVF7HZMV,Zane Levy,GTX Plus Basic,Unknown Account,Engaging,2017-11-28,NA,NA,TRUE,FALSE
RCDG00F7,Zane Levy,GTX Basic,Rantouch,Won,2017-11-28,2017-12-04,601,FALSE,TRUE
XAKK81WB,Elease Gluck,MG Special,Sonron,Won,2017-11-29,2017-12-18,58,FALSE,TRUE
B6CHA7CX,Hayden Neloms,MG Special,Blackzim,Won,2017-11-29,2017-12-14,58,FALSE,TRUE
V263VR1Y,Hayden Neloms,MG Advanced,Finjob,Won,2017-11-29,2017-12-14,3285,FALSE,TRUE
A2PTJA6G,Reed Clapper,MG Advanced,Plussunin,Won,2017-11-29,2017-12-08,3494,FALSE,TRUE
GQDS81G1,Corliss Cosme,GTX Plus Pro,Unknown Account,Engaging,2017-11-30,NA,NA,TRUE,FALSE
GUDTJY0I,Darcel Schlecht,MG Advanced,Finhigh,Lost,2017-11-30,2017-12-14,0,FALSE,TRUE
MDK5NQJA,Donn Cantrell,GTX Plus Pro,Initech,Won,2017-11-30,2017-12-14,5204,FALSE,TRUE
GB1K3Y4Y,Garret Kinder,GTX Basic,The New York Inquirer,Won,2017-11-30,2017-12-15,579,FALSE,TRUE
KKOU11ZD,Kary Hendrixson,GTX Plus Basic,Cheers,Won,2017-11-30,2017-12-14,1195,FALSE,TRUE
KHZ3IOKH,Lajuana Vencill,GTX Plus Pro,Streethex,Won,2017-11-30,2017-12-29,6340,FALSE,TRUE
Q34UWP01,Wilburn Farren,GTX Plus Basic,Zathunicon,Won,2017-11-30,2017-12-19,1179,FALSE,TRUE
X70BM5FO,Anna Snelling,GTX Plus Basic,Condax,Won,2017-12-01,2017-12-22,1243,FALSE,TRUE
NCF02FA5,Elease Gluck,GTX Plus Basic,Zoomit,Won,2017-12-01,2017-12-15,953,FALSE,TRUE
LC93MVYP,Kami Bicknell,GTX Basic,Unknown Account,Engaging,2017-12-01,NA,NA,TRUE,FALSE
XF54BYUH,Moses Frase,GTX Plus Pro,Genco Pura Olive Oil Company,Won,2017-12-01,2017-12-09,5619,FALSE,TRUE
23ZL97PN,Donn Cantrell,GTX Plus Basic,Betasoloin,Lost,2017-12-02,2017-12-12,0,FALSE,TRUE
PVZ4YGQG,Donn Cantrell,GTX Plus Basic,Donware,Lost,2017-12-02,2017-12-11,0,FALSE,TRUE
7L89U5DU,Hayden Neloms,MG Advanced,Plexzap,Won,2017-12-02,2017-12-20,3547,FALSE,TRUE
KNN6C4O3,Kami Bicknell,GTX Pro,Green-Plus,Won,2017-12-02,2017-12-15,4899,FALSE,TRUE
CXAEFADQ,Kary Hendrixson,GTX Plus Basic,Singletechno,Won,2017-12-02,2017-12-20,993,FALSE,TRUE
G6433A35,James Ascencio,MG Special,Doncon,Won,2017-12-03,2017-12-10,54,FALSE,TRUE
1WVEAE8N,Jonathan Berthelot,GTX Plus Basic,Codehow,Lost,2017-12-03,2017-12-20,0,FALSE,TRUE
TJJFAU52,Rosie Papadopoulos,MG Special,Initech,Won,2017-12-03,2017-12-24,58,FALSE,TRUE
JCJ5PJDH,Anna Snelling,MG Special,Hottechi,Won,2017-12-04,2017-12-13,57,FALSE,TRUE
0RH9W4E2,Gladys Colclough,MG Special,Streethex,Lost,2017-12-04,2017-12-24,0,FALSE,TRUE
MG3ZJ8F3,Gladys Colclough,GTX Plus Basic,Inity,Won,2017-12-04,2017-12-11,1110,FALSE,TRUE
R892OD1B,Versie Hillebrand,MG Special,Rundofase,Won,2017-12-04,2017-12-08,57,FALSE,TRUE
SZ09YDEF,Zane Levy,GTX Pro,Finjob,Lost,2017-12-04,2017-12-20,0,FALSE,TRUE
9WUYZLBE,Zane Levy,MG Special,Nam-zim,Won,2017-12-04,2017-12-15,64,FALSE,TRUE
RV7ERUUT,Boris Faz,GTX Plus Pro,Zotware,Won,2017-12-05,2017-12-07,5172,FALSE,TRUE
EY0JZ32S,Corliss Cosme,GTX Plus Basic,Zotware,Lost,2017-12-05,2017-12-27,0,FALSE,TRUE
CEYW89RW,Kary Hendrixson,GTX Basic,Golddex,Lost,2017-12-05,2017-12-25,0,FALSE,TRUE
MBBBOMEV,Markita Hansen,MG Special,Faxquote,Lost,2017-12-05,2017-12-19,0,FALSE,TRUE
I6FIZ2S5,Niesha Huffines,GTX Plus Pro,Funholding,Won,2017-12-05,2017-12-19,6141,FALSE,TRUE
07GUKIG3,Violet Mclelland,MG Special,Unknown Account,Engaging,2017-12-05,NA,NA,TRUE,FALSE
7EYDG0CV,Anna Snelling,MG Special,Statholdings,Won,2017-12-06,2017-12-14,56,FALSE,TRUE
UFAABKQJ,Cecily Lampkin,GTX Basic,Dontechi,Won,2017-12-06,2017-12-12,515,FALSE,TRUE
7ZU2A8L1,Donn Cantrell,GTX Basic,Donware,Won,2017-12-06,2017-12-23,698,FALSE,TRUE
O1HKZ4ZF,Donn Cantrell,GTX Basic,Yearin,Won,2017-12-06,2017-12-30,481,FALSE,TRUE
8VO26H1R,Kary Hendrixson,GTX Pro,Faxquote,Lost,2017-12-06,2017-12-22,0,FALSE,TRUE
A2OLLGWZ,Versie Hillebrand,MG Special,Rangreen,Won,2017-12-06,2017-12-14,49,FALSE,TRUE
WKIRY6KE,Kary Hendrixson,GTX Plus Basic,Xx-holding,Won,2017-12-07,2017-12-18,1111,FALSE,TRUE
EJYFAV40,Marty Freudenburg,GTX Plus Pro,Toughzap,Won,2017-12-07,2017-12-28,5862,FALSE,TRUE
8A1EB728,Rosalina Dieter,MG Special,J-Texon,Won,2017-12-07,2017-12-16,54,FALSE,TRUE
RS31U03Y,Zane Levy,GTX Plus Basic,Unknown Account,Engaging,2017-12-07,NA,NA,TRUE,FALSE
2KWQ6RAZ,Anna Snelling,MG Special,Cancity,Won,2017-12-08,2017-12-18,60,FALSE,TRUE
823X29EZ,Donn Cantrell,GTX Pro,Plussunin,Lost,2017-12-08,2017-12-22,0,FALSE,TRUE
VL8YNHD7,Kary Hendrixson,GTX Plus Basic,Unknown Account,Engaging,2017-12-08,NA,NA,TRUE,FALSE
YY4VFPND,Kary Hendrixson,GTX Plus Basic,Golddex,Won,2017-12-08,2017-12-29,1168,FALSE,TRUE
RYLBEZ4N,Violet Mclelland,MG Special,Gekko & Co,Won,2017-12-08,2017-12-18,48,FALSE,TRUE
Y4UIUIEG,Cecily Lampkin,GTX Plus Basic,Cancity,Won,2017-12-09,2017-12-24,986,FALSE,TRUE
1HG8VLHU,Cecily Lampkin,MG Advanced,Toughzap,Won,2017-12-09,2017-12-16,3843,FALSE,TRUE
0OJE7J6C,Corliss Cosme,GTX Plus Pro,Gekko & Co,Won,2017-12-09,2017-12-17,5143,FALSE,TRUE
OCVCCWPQ,Gladys Colclough,MG Special,Codehow,Won,2017-12-09,2017-12-24,52,FALSE,TRUE
S2KBTW2O,James Ascencio,GTX Plus Pro,Scotfind,Won,2017-12-09,2017-12-23,5576,FALSE,TRUE
QJ9H7Y8W,Kami Bicknell,MG Special,Sunnamplex,Won,2017-12-09,2017-12-18,59,FALSE,TRUE
FNA51WN6,Kary Hendrixson,GTX Pro,J-Texon,Won,2017-12-09,2017-12-27,4178,FALSE,TRUE
921APYA3,Markita Hansen,GTX Plus Basic,Lexiqvolax,Won,2017-12-09,2017-12-25,1192,FALSE,TRUE
GMY4U7RD,Maureen Marcano,GTX Basic,Unknown Account,Engaging,2017-12-09,NA,NA,TRUE,FALSE
CPC83NKN,Niesha Huffines,GTX Plus Basic,Conecom,Won,2017-12-09,2017-12-24,1047,FALSE,TRUE
TBS5Y874,Reed Clapper,GTX Plus Pro,Kan-code,Won,2017-12-09,2017-12-17,6456,FALSE,TRUE
6JZ0HCSF,Rosie Papadopoulos,GTX Pro,Xx-zobam,Lost,2017-12-09,2017-12-29,0,FALSE,TRUE
JRSU8ALH,Anna Snelling,GTX Basic,Ron-tech,Lost,2017-12-10,2017-12-19,0,FALSE,TRUE
7GXUCFW5,Darcel Schlecht,GTX Pro,Inity,Won,2017-12-10,2017-12-17,4755,FALSE,TRUE
E66UG7VC,Maureen Marcano,MG Special,Y-corporation,Won,2017-12-10,2017-12-25,55,FALSE,TRUE
7IAHPFT9,Vicki Laflamme,MG Advanced,Faxquote,Won,2017-12-10,2017-12-18,3078,FALSE,TRUE
FZWU2I30,Zane Levy,GTX Plus Pro,The New York Inquirer,Engaging,2017-12-10,NA,NA,FALSE,FALSE
04AOWMXV,Anna Snelling,GTX Basic,Codehow,Won,2017-12-11,2017-12-28,537,FALSE,TRUE
XZ9YR78K,Gladys Colclough,GTX Plus Basic,Hottechi,Won,2017-12-11,2017-12-18,1220,FALSE,TRUE
WZKN6PO4,Markita Hansen,MG Special,Finjob,Won,2017-12-11,2017-12-21,53,FALSE,TRUE
WQSUMJRZ,Versie Hillebrand,MG Special,Scottech,Won,2017-12-11,2017-12-18,60,FALSE,TRUE
1RIO9PCD,Vicki Laflamme,GTX Basic,Hottechi,Won,2017-12-11,2017-12-29,494,FALSE,TRUE
TQV7CO87,Jonathan Berthelot,GTX Basic,Genco Pura Olive Oil Company,Won,2017-12-12,2017-12-18,480,FALSE,TRUE
3FJPGYD7,Kami Bicknell,GTX Basic,Cheers,Lost,2017-12-12,2017-12-29,0,FALSE,TRUE
9AQFU718,Lajuana Vencill,GTX Basic,Toughzap,Lost,2017-12-12,2017-12-15,0,FALSE,TRUE
AUJE7IZR,Maureen Marcano,GTX Plus Basic,Hottechi,Won,2017-12-12,2017-12-26,1075,FALSE,TRUE
LE3XYXEF,Reed Clapper,GTX Plus Basic,Ganjaflex,Lost,2017-12-12,2017-12-25,0,FALSE,TRUE
PM2BF2KB,Cassey Cress,GTX Plus Basic,Xx-holding,Engaging,2017-12-13,NA,NA,FALSE,FALSE
IQR162ZT,Elease Gluck,GTX Plus Basic,Unknown Account,Engaging,2017-12-13,NA,NA,TRUE,FALSE
TVU1PQEL,Jonathan Berthelot,GTX Plus Basic,Conecom,Won,2017-12-13,2017-12-28,1166,FALSE,TRUE
3RGNKYWW,Kary Hendrixson,GTX Plus Basic,Hatfan,Won,2017-12-13,2017-12-26,921,FALSE,TRUE
K9KGXL2E,Markita Hansen,MG Advanced,Lexiqvolax,Engaging,2017-12-13,NA,NA,FALSE,FALSE
HNCSYU4T,Markita Hansen,MG Advanced,Faxquote,Won,2017-12-13,2017-12-27,3442,FALSE,TRUE
1PXQZ40I,Versie Hillebrand,MG Advanced,Zumgoity,Won,2017-12-13,2017-12-27,3735,FALSE,TRUE
FYAVINLC,Vicki Laflamme,MG Special,Finjob,Won,2017-12-13,2017-12-17,50,FALSE,TRUE
60JGDDRO,Darcel Schlecht,GTX Pro,Domzoom,Won,2017-12-14,2017-12-19,5052,FALSE,TRUE
R4BO7K5M,Kary Hendrixson,GTX Basic,Cheers,Lost,2017-12-14,2017-12-29,0,FALSE,TRUE
X4XN0M8A,Kary Hendrixson,MG Special,Hatfan,Won,2017-12-14,2017-12-30,44,FALSE,TRUE
M4MAVN65,Vicki Laflamme,MG Special,Doncon,Lost,2017-12-14,2017-12-22,0,FALSE,TRUE
USJ0JACE,Violet Mclelland,GTX Plus Basic,Massive Dynamic,Won,2017-12-14,2017-12-16,960,FALSE,TRUE
2SMQAWOA,Boris Faz,GTX Plus Pro,Zotware,Won,2017-12-15,2017-12-30,6469,FALSE,TRUE
TOJ902PF,Daniell Hammack,GTX Plus Basic,Bioholding,Engaging,2017-12-15,NA,NA,FALSE,FALSE
JAYXM4QB,Maureen Marcano,GTX Plus Basic,Cheers,Won,2017-12-15,2017-12-19,914,FALSE,TRUE
NW5CPPIV,Versie Hillebrand,MG Advanced,Funholding,Lost,2017-12-15,2017-12-26,0,FALSE,TRUE
J5BCAQ1Z,Zane Levy,GTX Basic,Bioplex,Engaging,2017-12-15,NA,NA,FALSE,FALSE
8LFA54EQ,Rosalina Dieter,MG Special,Newex,Lost,2017-12-16,2017-12-21,0,FALSE,TRUE
19MLD9YF,Rosalina Dieter,MG Advanced,J-Texon,Won,2017-12-16,2017-12-24,3379,FALSE,TRUE
PLQ50D2O,Anna Snelling,MG Advanced,Domzoom,Won,2017-12-17,2017-12-26,3240,FALSE,TRUE
3VPQNW5Y,James Ascencio,GTX Plus Basic,Cheers,Won,2017-12-17,2017-12-31,1007,FALSE,TRUE
RTWE19SU,Kary Hendrixson,GTX Pro,Conecom,Engaging,2017-12-17,NA,NA,FALSE,FALSE
FXYOCA0G,Markita Hansen,MG Special,J-Texon,Won,2017-12-17,2017-12-28,54,FALSE,TRUE
SK30SEKS,Rosalina Dieter,MG Special,Golddex,Won,2017-12-17,2017-12-25,49,FALSE,TRUE
Q30OVFCZ,Vicki Laflamme,GTX Plus Basic,Sonron,Lost,2017-12-17,2017-12-31,0,FALSE,TRUE
T6MPH7JC,Violet Mclelland,MG Special,Unknown Account,Engaging,2017-12-17,NA,NA,TRUE,FALSE
T1GPPZXH,Violet Mclelland,MG Special,Konex,Won,2017-12-17,2017-12-24,55,FALSE,TRUE
WL31FAI3,Zane Levy,GTX Pro,Blackzim,Won,2017-12-17,2017-12-26,5196,FALSE,TRUE
6SNUFVQP,Anna Snelling,MG Special,Rundofase,Won,2017-12-18,2017-12-31,54,FALSE,TRUE
5U83YWZB,Elease Gluck,GTX Pro,Doncon,Won,2017-12-18,2017-12-26,4953,FALSE,TRUE
ZFXYBJEY,Wilburn Farren,MG Advanced,Zotware,Won,2017-12-18,2017-12-24,3155,FALSE,TRUE
NGTVHTFH,Boris Faz,GTX Pro,Unknown Account,Engaging,2017-12-19,NA,NA,TRUE,FALSE
OHAARANW,Darcel Schlecht,GTX Pro,Bioholding,Lost,2017-12-19,2017-12-30,0,FALSE,TRUE
6GBGF19R,Rosie Papadopoulos,GTX Pro,Plussunin,Won,2017-12-19,2017-12-30,4566,FALSE,TRUE
5XADPM6R,Versie Hillebrand,MG Special,Bioholding,Won,2017-12-19,2017-12-28,58,FALSE,TRUE
YZX90X8X,Wilburn Farren,GTX Pro,Umbrella Corporation,Won,2017-12-19,2017-12-28,4315,FALSE,TRUE
CNL7PCYU,Donn Cantrell,MG Advanced,Xx-zobam,Lost,2017-12-20,2017-12-28,0,FALSE,TRUE
HB740BLB,Hayden Neloms,MG Special,Silis,Engaging,2017-12-20,NA,NA,FALSE,FALSE
9M88QXFW,Rosie Papadopoulos,GTX Pro,Vehement Capital Partners,Won,2017-12-20,2017-12-29,5574,FALSE,TRUE
HCQK8NQ8,Wilburn Farren,GTX Plus Basic,Unknown Account,Engaging,2017-12-20,NA,NA,TRUE,FALSE
RDHTQLNI,Cassey Cress,GTX Plus Pro,Unknown Account,Engaging,2017-12-21,NA,NA,TRUE,FALSE
B50N6RL3,Gladys Colclough,MG Advanced,Genco Pura Olive Oil Company,Won,2017-12-21,2017-12-30,3494,FALSE,TRUE
HLXSEMXV,Kami Bicknell,MG Special,Doncon,Won,2017-12-21,2017-12-28,50,FALSE,TRUE
MPMG4JTY,Vicki Laflamme,MG Special,Hottechi,Won,2017-12-21,2017-12-28,61,FALSE,TRUE
DB801ISB,Elease Gluck,MG Special,Unknown Account,Engaging,2017-12-22,NA,NA,TRUE,FALSE
8QJHJXY0,Kary Hendrixson,MG Special,Sunnamplex,Lost,2017-12-22,2017-12-31,0,FALSE,TRUE
MSN4ZNU6,Violet Mclelland,MG Advanced,Betasoloin,Won,2017-12-22,2017-12-28,3673,FALSE,TRUE
3MXS2HRE,Cassey Cress,GTX Basic,Ganjaflex,Won,2017-12-23,2017-12-31,576,FALSE,TRUE
1YBATFAY,James Ascencio,GTX Basic,Singletechno,Won,2017-12-24,2017-12-26,538,FALSE,TRUE
2EBLR9N8,Lajuana Vencill,GTX Basic,Conecom,Won,2017-12-24,2017-12-26,622,FALSE,TRUE
VDGA4KXA,Violet Mclelland,GTX Plus Basic,Bluth Company,Won,2017-12-24,2017-12-30,1093,FALSE,TRUE
6WCNNK5J,Maureen Marcano,GTX Pro,Hottechi,Won,2017-12-26,2017-12-29,4433,FALSE,TRUE
YJTQSZ9D,Gladys Colclough,GTX Plus Basic,Inity,Won,2017-12-27,2017-12-30,1052,FALSE,TRUE
RB8GDYFY,Gladys Colclough,MG Special,Betatech,Won,2017-12-27,2017-12-29,67,FALSE,TRUE
6CWZFOHJ,Anna Snelling,GTX Basic,Green-Plus,Prospecting,NA,NA,NA,FALSE,FALSE
3LCLVRVV,Anna Snelling,GTX Basic,Unknown Account,Prospecting,NA,NA,NA,TRUE,FALSE
YIU1B39V,Anna Snelling,GTX Basic,Unknown Account,Prospecting,NA,NA,NA,TRUE,FALSE
8E0VRCLW,Anna Snelling,GTX Basic,Unknown Account,Prospecting,NA,NA,NA,TRUE,FALSE
G99CS23F,Anna Snelling,GTX Basic,Unknown Account,Prospecting,NA,NA,NA,TRUE,FALSE
XRJ54GNR,Anna Snelling,GTX Basic,Unknown Account,Prospecting,NA,NA,NA,TRUE,FALSE
GR9S7VHI,Anna Snelling,GTX Basic,Unknown Account,Prospecting,NA,NA,NA,TRUE,FALSE
Q9UWOC28,Anna Snelling,GTX Plus Basic,Plusstrip,Prospecting,NA,NA,NA,FALSE,FALSE
YL29KX3L,Anna Snelling,GTX Plus Basic,Zumgoity,Prospecting,NA,NA,NA,FALSE,FALSE
OJDZN6UK,Anna Snelling,GTX Plus Basic,Unknown Account,Prospecting,NA,NA,NA,TRUE,FALSE
OM60BJ4S,Anna Snelling,GTX Plus Basic,Unknown Account,Prospecting,NA,NA,NA,TRUE,FALSE
9PDR4X2R,Anna Snelling,GTX Plus Pro,Hatfan,Prospecting,NA,NA,NA,FALSE,FALSE
9P9ISECL,Anna Snelling,GTX Plus Pro,Sumace,Prospecting,NA,NA,NA,FALSE,FALSE
0D8Y5JA0,Anna Snelling,GTX Plus Pro,Unknown Account,Prospecting,NA,NA,NA,TRUE,FALSE
GNN53C6D,Anna Snelling,GTX Plus Pro,Unknown Account,Prospecting,NA,NA,NA,TRUE,FALSE
6KHIXTAD,Anna Snelling,GTX Plus Pro,Unknown Account,Prospecting,NA,NA,NA,TRUE,FALSE
5C59O9GU,Anna Snelling,MG Special,Conecom,Prospecting,NA,NA,NA,FALSE,FALSE
ZQRBJVZF,Anna Snelling,MG Special,Dontechi,Prospecting,NA,NA,NA,FALSE,FALSE
I93XL6Q9,Anna Snelling,MG Special,Finhigh,Prospecting,NA,NA,NA,FALSE,FALSE
UMD1BA4S,Anna Snelling,MG Special,Ganjaflex,Prospecting,NA,NA,NA,FALSE,FALSE
E6DGJSDW,Anna Snelling,MG Special,Green-Plus,Prospecting,NA,NA,NA,FALSE,FALSE
JHNDPI2N,Anna Snelling,MG Special,J-Texon,Prospecting,NA,NA,NA,FALSE,FALSE
GI94RTL5,Anna Snelling,MG Special,Labdrill,Prospecting,NA,NA,NA,FALSE,FALSE
10ALJD82,Anna Snelling,MG Special,Nam-zim,Prospecting,NA,NA,NA,FALSE,FALSE
Z89NKUC7,Anna Snelling,MG Special,Plussunin,Prospecting,NA,NA,NA,FALSE,FALSE
47P0HBNM,Anna Snelling,MG Special,Plussunin,Prospecting,NA,NA,NA,FALSE,FALSE
4H8GZ075,Anna Snelling,MG Special,Scotfind,Prospecting,NA,NA,NA,FALSE,FALSE
UDAUS3DF,Anna Snelling,MG Special,Sonron,Prospecting,NA,NA,NA,FALSE,FALSE
F4W7Z1UU,Anna Snelling,MG Special,Vehement Capital Partners,Prospecting,NA,NA,NA,FALSE,FALSE
DW5BQ220,Anna Snelling,MG Special,Zoomit,Prospecting,NA,NA,NA,FALSE,FALSE
4ENCEYPG,Anna Snelling,MG Special,Unknown Account,Prospecting,NA,NA,NA,TRUE,FALSE
EU4DPJGN,Anna Snelling,MG Special,Unknown Account,Prospecting,NA,NA,NA,TRUE,FALSE
426EL41A,Anna Snelling,MG Special,Unknown Account,Prospecting,NA,NA,NA,TRUE,FALSE
OXKLRULK,Anna Snelling,MG Special,Unknown Account,Prospecting,NA,NA,NA,TRUE,FALSE
D3ZJX20X,Anna Snelling,MG Special,Unknown Account,Prospecting,NA,NA,NA,TRUE,FALSE
V9JDJ861,Anna Snelling,MG Special,Unknown Account,Prospecting,NA,NA,NA,TRUE,FALSE
DYXD1AXO,Anna Snelling,MG Special,Unknown Account,Prospecting,NA,NA,NA,TRUE,FALSE
JSTHYUCD,Anna Snelling,MG Special,Unknown Account,Prospecting,NA,NA,NA,TRUE,FALSE
JC7DDV56,Anna Snelling,MG Special,Unknown Account,Prospecting,NA,NA,NA,TRUE,FALSE
ASDR6QEZ,Anna Snelling,MG Special,Unknown Account,Prospecting,NA,NA,NA,TRUE,FALSE
5ELMZN3E,Anna Snelling,MG Special,Unknown Account,Prospecting,NA,NA,NA,TRUE,FALSE
7Q90C2VN,Anna Snelling,MG Special,Unknown Account,Prospecting,NA,NA,NA,TRUE,FALSE
ZIMT5RQ2,Anna Snelling,MG Special,Unknown Account,Prospecting,NA,NA,NA,TRUE,FALSE
WTD6O2OR,Anna Snelling,MG Advanced,Betasoloin,Prospecting,NA,NA,NA,FALSE,FALSE
OEG8QG42,Anna Snelling,MG Advanced,Bioplex,Prospecting,NA,NA,NA,FALSE,FALSE
BG0BLC6S,Anna Snelling,MG Advanced,Fasehatice,Prospecting,NA,NA,NA,FALSE,FALSE
5Q2BX622,Anna Snelling,MG Advanced,Inity,Prospecting,NA,NA,NA,FALSE,FALSE
RSY2XLKK,Anna Snelling,MG Advanced,Streethex,Prospecting,NA,NA,NA,FALSE,FALSE
FEEOZHT8,Anna Snelling,MG Advanced,Unknown Account,Prospecting,NA,NA,NA,TRUE,FALSE
D382N39B,Anna Snelling,MG Advanced,Unknown Account,Prospecting,NA,NA,NA,TRUE,FALSE
YYUJ1DCF,Anna Snelling,MG Advanced,Unknown Account,Prospecting,NA,NA,NA,TRUE,FALSE
OH0HJ6KK,Anna Snelling,MG Advanced,Unknown Account,Prospecting,NA,NA,NA,TRUE,FALSE
5TGQL49J,Anna Snelling,MG Advanced,Unknown Account,Prospecting,NA,NA,NA,TRUE,FALSE
Y7WAFW9D,Anna Snelling,MG Advanced,Unknown Account,Prospecting,NA,NA,NA,TRUE,FALSE
I8NC3RFB,Anna Snelling,MG Advanced,Unknown Account,Prospecting,NA,NA,NA,TRUE,FALSE
38K5251H,Cecily Lampkin,GTX Basic,Fasehatice,Prospecting,NA,NA,NA,FALSE,FALSE
QR63ME8L,Cecily Lampkin,GTX Basic,Unknown Account,Prospecting,NA,NA,NA,TRUE,FALSE
I79B9KJ2,Cecily Lampkin,GTX Plus Basic,Unknown Account,Prospecting,NA,NA,NA,TRUE,FALSE
LABZ0UGB,Cecily Lampkin,GTX Plus Basic,Unknown Account,Prospecting,NA,NA,NA,TRUE,FALSE
3R4W7ZVY,Cecily Lampkin,GTX Plus Basic,Unknown Account,Prospecting,NA,NA,NA,TRUE,FALSE
2SZX9B7J,Cecily Lampkin,GTX Plus Pro,Sunnamplex,Prospecting,NA,NA,NA,FALSE,FALSE
0ZG6U7MQ,Cecily Lampkin,GTX Plus Pro,Unknown Account,Prospecting,NA,NA,NA,TRUE,FALSE
KQPNPH8A,Cecily Lampkin,GTX Plus Pro,Unknown Account,Prospecting,NA,NA,NA,TRUE,FALSE
SGI0VM1F,Cecily Lampkin,GTX Plus Pro,Unknown Account,Prospecting,NA,NA,NA,TRUE,FALSE
DS5HZHDA,Cecily Lampkin,MG Special,Betatech,Prospecting,NA,NA,NA,FALSE,FALSE
TLZGG7G5,Cecily Lampkin,MG Special,Conecom,Prospecting,NA,NA,NA,FALSE,FALSE
8NI8O26G,Cecily Lampkin,MG Special,Goodsilron,Prospecting,NA,NA,NA,FALSE,FALSE
9BM1CGBV,Cecily Lampkin,MG Special,Sumace,Prospecting,NA,NA,NA,FALSE,FALSE
GSBUIL1E,Cecily Lampkin,MG Special,Unknown Account,Prospecting,NA,NA,NA,TRUE,FALSE
9F9NDO41,Cecily Lampkin,MG Special,Unknown Account,Prospecting,NA,NA,NA,TRUE,FALSE
IAV71BEX,Cecily Lampkin,MG Advanced,Singletechno,Prospecting,NA,NA,NA,FALSE,FALSE
SJE81OUR,Cecily Lampkin,MG Advanced,Unknown Account,Prospecting,NA,NA,NA,TRUE,FALSE
R0MBBXL8,Cecily Lampkin,MG Advanced,Unknown Account,Prospecting,NA,NA,NA,TRUE,FALSE
NR2EDMKC,Cecily Lampkin,MG Advanced,Unknown Account,Prospecting,NA,NA,NA,TRUE,FALSE
SU8FTFLS,Cecily Lampkin,MG Advanced,Unknown Account,Prospecting,NA,NA,NA,TRUE,FALSE
61GDYW9T,Cecily Lampkin,MG Advanced,Unknown Account,Prospecting,NA,NA,NA,TRUE,FALSE
TFCQZ28G,Cecily Lampkin,MG Advanced,Unknown Account,Prospecting,NA,NA,NA,TRUE,FALSE
IXW68X6Z,Cecily Lampkin,MG Advanced,Unknown Account,Prospecting,NA,NA,NA,TRUE,FALSE
F77XD7IZ,Cecily Lampkin,MG Advanced,Unknown Account,Prospecting,NA,NA,NA,TRUE,FALSE
LEJWV2Y5,Darcel Schlecht,GTX Basic,Donquadtech,Prospecting,NA,NA,NA,FALSE,FALSE
CAONNFXN,Darcel Schlecht,GTX Basic,Kinnamplus,Prospecting,NA,NA,NA,FALSE,FALSE
R8V3ALA8,Darcel Schlecht,GTX Basic,Konmatfix,Prospecting,NA,NA,NA,FALSE,FALSE
CPEYUW7V,Darcel Schlecht,GTX Basic,Unknown Account,Prospecting,NA,NA,NA,TRUE,FALSE
5ZATE1WV,Darcel Schlecht,GTX Basic,Unknown Account,Prospecting,NA,NA,NA,TRUE,FALSE
R1HFBU5H,Darcel Schlecht,GTX Basic,Unknown Account,Prospecting,NA,NA,NA,TRUE,FALSE
03P9VXWG,Darcel Schlecht,GTX Basic,Unknown Account,Prospecting,NA,NA,NA,TRUE,FALSE
RMJG8OS2,Darcel Schlecht,GTX Basic,Unknown Account,Prospecting,NA,NA,NA,TRUE,FALSE
9L0WKMJ2,Darcel Schlecht,GTX Basic,Unknown Account,Prospecting,NA,NA,NA,TRUE,FALSE
VAM56BG4,Darcel Schlecht,GTX Plus Basic,Acme Corporation,Prospecting,NA,NA,NA,FALSE,FALSE
ZTCQWF53,Darcel Schlecht,GTX Plus Basic,Faxquote,Prospecting,NA,NA,NA,FALSE,FALSE
LKDSEQ2Q,Darcel Schlecht,GTX Plus Basic,Yearin,Prospecting,NA,NA,NA,FALSE,FALSE
I2LEEFAM,Darcel Schlecht,GTX Plus Basic,Unknown Account,Prospecting,NA,NA,NA,TRUE,FALSE
1LWG4COF,Darcel Schlecht,GTX Plus Basic,Unknown Account,Prospecting,NA,NA,NA,TRUE,FALSE
FEL7FQQG,Darcel Schlecht,GTX Plus Basic,Unknown Account,Prospecting,NA,NA,NA,TRUE,FALSE
0TQP0E65,Darcel Schlecht,GTX Plus Basic,Unknown Account,Prospecting,NA,NA,NA,TRUE,FALSE
P95E1DOX,Darcel Schlecht,GTX Plus Basic,Unknown Account,Prospecting,NA,NA,NA,TRUE,FALSE
JCRT0QHO,Darcel Schlecht,GTX Plus Basic,Unknown Account,Prospecting,NA,NA,NA,TRUE,FALSE
MTGV7WOM,Darcel Schlecht,GTX Plus Basic,Unknown Account,Prospecting,NA,NA,NA,TRUE,FALSE
IEMOIN3K,Darcel Schlecht,GTX Plus Basic,Unknown Account,Prospecting,NA,NA,NA,TRUE,FALSE
XTXMQMRC,Darcel Schlecht,GTX Plus Basic,Unknown Account,Prospecting,NA,NA,NA,TRUE,FALSE
OQX98BBL,Darcel Schlecht,GTX Plus Basic,Unknown Account,Prospecting,NA,NA,NA,TRUE,FALSE
RH0FJYPZ,Darcel Schlecht,GTX Plus Basic,Unknown Account,Prospecting,NA,NA,NA,TRUE,FALSE
HD6YD6P9,Darcel Schlecht,GTX Plus Basic,Unknown Account,Prospecting,NA,NA,NA,TRUE,FALSE
64OXRCSR,Darcel Schlecht,GTX Plus Basic,Unknown Account,Prospecting,NA,NA,NA,TRUE,FALSE
EG3X1ACF,Darcel Schlecht,GTX Plus Basic,Unknown Account,Prospecting,NA,NA,NA,TRUE,FALSE
TJ64MOUR,Darcel Schlecht,GTX Plus Basic,Unknown Account,Prospecting,NA,NA,NA,TRUE,FALSE
FY0SHNZY,Darcel Schlecht,GTX Plus Basic,Unknown Account,Prospecting,NA,NA,NA,TRUE,FALSE
V2V69I86,Darcel Schlecht,GTX Plus Basic,Unknown Account,Prospecting,NA,NA,NA,TRUE,FALSE
OAECXU4A,Darcel Schlecht,GTX Plus Basic,Unknown Account,Prospecting,NA,NA,NA,TRUE,FALSE
XETF5BVH,Darcel Schlecht,GTX Plus Pro,Finjob,Prospecting,NA,NA,NA,FALSE,FALSE
FU2PQZR4,Darcel Schlecht,GTX Plus Pro,Green-Plus,Prospecting,NA,NA,NA,FALSE,FALSE
CVMNBKGH,Darcel Schlecht,GTX Plus Pro,Hatfan,Prospecting,NA,NA,NA,FALSE,FALSE
LZW4N9KF,Darcel Schlecht,GTX Plus Pro,Zathunicon,Prospecting,NA,NA,NA,FALSE,FALSE
A4TA5P1B,Darcel Schlecht,GTX Plus Pro,Unknown Account,Prospecting,NA,NA,NA,TRUE,FALSE
KIKV29M0,Darcel Schlecht,GTX Plus Pro,Unknown Account,Prospecting,NA,NA,NA,TRUE,FALSE
PCXGIH9X,Darcel Schlecht,GTX Plus Pro,Unknown Account,Prospecting,NA,NA,NA,TRUE,FALSE
ODSFN0YA,Darcel Schlecht,GTX Plus Pro,Unknown Account,Prospecting,NA,NA,NA,TRUE,FALSE
6RQUXORL,Darcel Schlecht,GTX Plus Pro,Unknown Account,Prospecting,NA,NA,NA,TRUE,FALSE
74LCNGIK,Darcel Schlecht,GTX Plus Pro,Unknown Account,Prospecting,NA,NA,NA,TRUE,FALSE
28EJ0L9T,Darcel Schlecht,GTX Plus Pro,Unknown Account,Prospecting,NA,NA,NA,TRUE,FALSE
UH9TR8Y1,Darcel Schlecht,GTX Plus Pro,Unknown Account,Prospecting,NA,NA,NA,TRUE,FALSE
JVXGG70X,Darcel Schlecht,GTX Plus Pro,Unknown Account,Prospecting,NA,NA,NA,TRUE,FALSE
SYP74C5W,Darcel Schlecht,GTX Pro,Bioholding,Prospecting,NA,NA,NA,FALSE,FALSE
R0Q5BZ9Y,Darcel Schlecht,GTX Pro,Blackzim,Prospecting,NA,NA,NA,FALSE,FALSE
OT0GOR3I,Darcel Schlecht,GTX Pro,Bluth Company,Prospecting,NA,NA,NA,FALSE,FALSE
6RN7I8ZF,Darcel Schlecht,GTX Pro,Condax,Prospecting,NA,NA,NA,FALSE,FALSE
YBWUG6QP,Darcel Schlecht,GTX Pro,Condax,Prospecting,NA,NA,NA,FALSE,FALSE
8XE8GGIW,Darcel Schlecht,GTX Pro,Donquadtech,Prospecting,NA,NA,NA,FALSE,FALSE
IHKIAB1W,Darcel Schlecht,GTX Pro,Dontechi,Prospecting,NA,NA,NA,FALSE,FALSE
YKBJP191,Darcel Schlecht,GTX Pro,Faxquote,Prospecting,NA,NA,NA,FALSE,FALSE
P7UPCSTC,Darcel Schlecht,GTX Pro,Faxquote,Prospecting,NA,NA,NA,FALSE,FALSE
GEQ8IGKW,Darcel Schlecht,GTX Pro,Finjob,Prospecting,NA,NA,NA,FALSE,FALSE
EYR5E7LO,Darcel Schlecht,GTX Pro,Initech,Prospecting,NA,NA,NA,FALSE,FALSE
LO8L5ELD,Darcel Schlecht,GTX Pro,Inity,Prospecting,NA,NA,NA,FALSE,FALSE
S1U1RD6K,Darcel Schlecht,GTX Pro,Iselectrics,Prospecting,NA,NA,NA,FALSE,FALSE
R6HYAPR6,Darcel Schlecht,GTX Pro,Opentech,Prospecting,NA,NA,NA,FALSE,FALSE
A8NXNY0M,Darcel Schlecht,GTX Pro,Plusstrip,Prospecting,NA,NA,NA,FALSE,FALSE
4ROECHG6,Darcel Schlecht,GTX Pro,Ron-tech,Prospecting,NA,NA,NA,FALSE,FALSE
FVVATY89,Darcel Schlecht,GTX Pro,Ron-tech,Prospecting,NA,NA,NA,FALSE,FALSE
BV75OM0B,Darcel Schlecht,GTX Pro,Rundofase,Prospecting,NA,NA,NA,FALSE,FALSE
ZGTCQT1A,Darcel Schlecht,GTX Pro,Rundofase,Prospecting,NA,NA,NA,FALSE,FALSE
GR8JTX1T,Darcel Schlecht,GTX Pro,Warephase,Prospecting,NA,NA,NA,FALSE,FALSE
2IRZM0LB,Darcel Schlecht,GTX Pro,Xx-zobam,Prospecting,NA,NA,NA,FALSE,FALSE
99YRLZM0,Darcel Schlecht,GTX Pro,Yearin,Prospecting,NA,NA,NA,FALSE,FALSE
VJILDVVF,Darcel Schlecht,GTX Pro,Zathunicon,Prospecting,NA,NA,NA,FALSE,FALSE
A9DGDN56,Darcel Schlecht,GTX Pro,Zencorporation,Prospecting,NA,NA,NA,FALSE,FALSE
D01U08PR,Darcel Schlecht,GTX Pro,Zumgoity,Prospecting,NA,NA,NA,FALSE,FALSE
LFD1ZGJ8,Darcel Schlecht,GTX Pro,Unknown Account,Prospecting,NA,NA,NA,TRUE,FALSE
4YJKB8EC,Darcel Schlecht,GTX Pro,Unknown Account,Prospecting,NA,NA,NA,TRUE,FALSE
DIGG7U6M,Darcel Schlecht,GTX Pro,Unknown Account,Prospecting,NA,NA,NA,TRUE,FALSE
VMXGBINH,Darcel Schlecht,GTX Pro,Unknown Account,Prospecting,NA,NA,NA,TRUE,FALSE
N6BT2U29,Darcel Schlecht,GTX Pro,Unknown Account,Prospecting,NA,NA,NA,TRUE,FALSE
T12MT0HL,Darcel Schlecht,GTX Pro,Unknown Account,Prospecting,NA,NA,NA,TRUE,FALSE
HZVVOITE,Darcel Schlecht,GTX Pro,Unknown Account,Prospecting,NA,NA,NA,TRUE,FALSE
P6Z4X54S,Darcel Schlecht,GTX Pro,Unknown Account,Prospecting,NA,NA,NA,TRUE,FALSE
910NLQ80,Darcel Schlecht,GTX Pro,Unknown Account,Prospecting,NA,NA,NA,TRUE,FALSE
8IPMP8NT,Darcel Schlecht,GTX Pro,Unknown Account,Prospecting,NA,NA,NA,TRUE,FALSE
7YOJ4KU7,Darcel Schlecht,GTX Pro,Unknown Account,Prospecting,NA,NA,NA,TRUE,FALSE
3K70RL7Q,Darcel Schlecht,GTX Pro,Unknown Account,Prospecting,NA,NA,NA,TRUE,FALSE
DX1M0XF0,Darcel Schlecht,GTX Pro,Unknown Account,Prospecting,NA,NA,NA,TRUE,FALSE
5MNF16D8,Darcel Schlecht,GTX Pro,Unknown Account,Prospecting,NA,NA,NA,TRUE,FALSE
PES548QV,Darcel Schlecht,GTX Pro,Unknown Account,Prospecting,NA,NA,NA,TRUE,FALSE
XGMTNND1,Darcel Schlecht,GTX Pro,Unknown Account,Prospecting,NA,NA,NA,TRUE,FALSE
6R94B0SG,Darcel Schlecht,GTX Pro,Unknown Account,Prospecting,NA,NA,NA,TRUE,FALSE
8JL58ECD,Darcel Schlecht,GTX Pro,Unknown Account,Prospecting,NA,NA,NA,TRUE,FALSE
KO7JWXCT,Darcel Schlecht,GTX Pro,Unknown Account,Prospecting,NA,NA,NA,TRUE,FALSE
FGSBCJSC,Darcel Schlecht,GTX Pro,Unknown Account,Prospecting,NA,NA,NA,TRUE,FALSE
65SMA4OZ,Darcel Schlecht,GTX Pro,Unknown Account,Prospecting,NA,NA,NA,TRUE,FALSE
537X47QY,Darcel Schlecht,GTX Pro,Unknown Account,Prospecting,NA,NA,NA,TRUE,FALSE
D95K3R9N,Darcel Schlecht,GTX Pro,Unknown Account,Prospecting,NA,NA,NA,TRUE,FALSE
51HOGHF0,Darcel Schlecht,GTX Pro,Unknown Account,Prospecting,NA,NA,NA,TRUE,FALSE
PRUFERA6,Darcel Schlecht,GTX Pro,Unknown Account,Prospecting,NA,NA,NA,TRUE,FALSE
NST2FEF3,Darcel Schlecht,GTX Pro,Unknown Account,Prospecting,NA,NA,NA,TRUE,FALSE
BBV196A3,Darcel Schlecht,GTX Pro,Unknown Account,Prospecting,NA,NA,NA,TRUE,FALSE
E4YR0OE6,Darcel Schlecht,GTX Pro,Unknown Account,Prospecting,NA,NA,NA,TRUE,FALSE
TR7WLH5Q,Darcel Schlecht,MG Special,Unknown Account,Prospecting,NA,NA,NA,TRUE,FALSE
M64OQCC3,Darcel Schlecht,MG Special,Unknown Account,Prospecting,NA,NA,NA,TRUE,FALSE
WR9CQB8E,Darcel Schlecht,MG Special,Unknown Account,Prospecting,NA,NA,NA,TRUE,FALSE
TWWD62O3,Darcel Schlecht,MG Special,Unknown Account,Prospecting,NA,NA,NA,TRUE,FALSE
7CZU8GS1,Darcel Schlecht,MG Special,Unknown Account,Prospecting,NA,NA,NA,TRUE,FALSE
APXWBOOT,Darcel Schlecht,MG Special,Unknown Account,Prospecting,NA,NA,NA,TRUE,FALSE
7N6AHU7C,Darcel Schlecht,MG Special,Unknown Account,Prospecting,NA,NA,NA,TRUE,FALSE
EJUQOEY5,Darcel Schlecht,MG Advanced,Bubba Gump,Prospecting,NA,NA,NA,FALSE,FALSE
9HA8VBAP,Darcel Schlecht,MG Advanced,Donquadtech,Prospecting,NA,NA,NA,FALSE,FALSE
X4THRRSJ,Darcel Schlecht,MG Advanced,Unknown Account,Prospecting,NA,NA,NA,TRUE,FALSE
3PN3YSPK,Darcel Schlecht,MG Advanced,Unknown Account,Prospecting,NA,NA,NA,TRUE,FALSE
F6AOT0NK,Darcel Schlecht,MG Advanced,Unknown Account,Prospecting,NA,NA,NA,TRUE,FALSE
YI92HVHO,Darcel Schlecht,MG Advanced,Unknown Account,Prospecting,NA,NA,NA,TRUE,FALSE
39NJ6UC9,Darcel Schlecht,MG Advanced,Unknown Account,Prospecting,NA,NA,NA,TRUE,FALSE
1XR36ESV,Darcel Schlecht,MG Advanced,Unknown Account,Prospecting,NA,NA,NA,TRUE,FALSE
RJ21Q4HO,Gladys Colclough,GTX Basic,Hottechi,Prospecting,NA,NA,NA,FALSE,FALSE
NSYCCHCJ,Gladys Colclough,GTX Basic,Unknown Account,Prospecting,NA,NA,NA,TRUE,FALSE
ATOYVLLB,Gladys Colclough,GTX Basic,Unknown Account,Prospecting,NA,NA,NA,TRUE,FALSE
0M4K6F8Q,Gladys Colclough,GTX Basic,Unknown Account,Prospecting,NA,NA,NA,TRUE,FALSE
TLJWMKEO,Gladys Colclough,GTX Plus Basic,Iselectrics,Prospecting,NA,NA,NA,FALSE,FALSE
NXJNQ3Z9,Gladys Colclough,GTX Plus Basic,Plexzap,Prospecting,NA,NA,NA,FALSE,FALSE
HWKJ7TFJ,Gladys Colclough,GTX Plus Basic,Unknown Account,Prospecting,NA,NA,NA,TRUE,FALSE
Q62STRQQ,Gladys Colclough,GTX Plus Basic,Unknown Account,Prospecting,NA,NA,NA,TRUE,FALSE
9P9J2ANM,Gladys Colclough,GTX Plus Basic,Unknown Account,Prospecting,NA,NA,NA,TRUE,FALSE
OJWGRIXN,Gladys Colclough,GTX Plus Basic,Unknown Account,Prospecting,NA,NA,NA,TRUE,FALSE
EB393LSH,Gladys Colclough,GTX Plus Basic,Unknown Account,Prospecting,NA,NA,NA,TRUE,FALSE
566X0PLZ,Gladys Colclough,GTX Plus Basic,Unknown Account,Prospecting,NA,NA,NA,TRUE,FALSE
SFR7RG9V,Gladys Colclough,GTX Plus Basic,Unknown Account,Prospecting,NA,NA,NA,TRUE,FALSE
9RGWSKNU,Gladys Colclough,GTX Plus Pro,Kan-code,Prospecting,NA,NA,NA,FALSE,FALSE
49T7VKA7,Gladys Colclough,GTX Plus Pro,Plussunin,Prospecting,NA,NA,NA,FALSE,FALSE
BTDY3DHP,Gladys Colclough,GTX Plus Pro,Vehement Capital Partners,Prospecting,NA,NA,NA,FALSE,FALSE
UZ7DU3D9,Gladys Colclough,GTX Plus Pro,Unknown Account,Prospecting,NA,NA,NA,TRUE,FALSE
73CWPT9H,Gladys Colclough,GTX Plus Pro,Unknown Account,Prospecting,NA,NA,NA,TRUE,FALSE
B7KZYEII,Gladys Colclough,GTX Plus Pro,Unknown Account,Prospecting,NA,NA,NA,TRUE,FALSE
67CBAWHG,Gladys Colclough,GTX Plus Pro,Unknown Account,Prospecting,NA,NA,NA,TRUE,FALSE
2WTPSQTN,Gladys Colclough,GTX Plus Pro,Unknown Account,Prospecting,NA,NA,NA,TRUE,FALSE
V5PKXYWS,Gladys Colclough,GTX Plus Pro,Unknown Account,Prospecting,NA,NA,NA,TRUE,FALSE
EJCPWP6V,Gladys Colclough,GTX Pro,Bioholding,Prospecting,NA,NA,NA,FALSE,FALSE
BJE7KCZ1,Gladys Colclough,GTX Pro,Genco Pura Olive Oil Company,Prospecting,NA,NA,NA,FALSE,FALSE
TK9J8AOZ,Gladys Colclough,GTX Pro,Treequote,Prospecting,NA,NA,NA,FALSE,FALSE
XARW0KTX,Gladys Colclough,GTX Pro,Unknown Account,Prospecting,NA,NA,NA,TRUE,FALSE
0C34Z5UZ,Gladys Colclough,GTX Pro,Unknown Account,Prospecting,NA,NA,NA,TRUE,FALSE
OA3RDG12,Gladys Colclough,GTX Pro,Unknown Account,Prospecting,NA,NA,NA,TRUE,FALSE
847RHYQE,Gladys Colclough,GTX Pro,Unknown Account,Prospecting,NA,NA,NA,TRUE,FALSE
P0B49XCI,Gladys Colclough,MG Special,Codehow,Prospecting,NA,NA,NA,FALSE,FALSE
DOP1NORG,Gladys Colclough,MG Special,Plexzap,Prospecting,NA,NA,NA,FALSE,FALSE
BUOI3TBI,Gladys Colclough,MG Special,Rundofase,Prospecting,NA,NA,NA,FALSE,FALSE
F22C6LKO,Gladys Colclough,MG Special,The New York Inquirer,Prospecting,NA,NA,NA,FALSE,FALSE
D8ZJ6F45,Gladys Colclough,MG Special,Yearin,Prospecting,NA,NA,NA,FALSE,FALSE
HP50ZWIZ,Gladys Colclough,MG Special,Unknown Account,Prospecting,NA,NA,NA,TRUE,FALSE
X3KQZM1K,Gladys Colclough,MG Special,Unknown Account,Prospecting,NA,NA,NA,TRUE,FALSE
WA3U0EVI,Gladys Colclough,MG Special,Unknown Account,Prospecting,NA,NA,NA,TRUE,FALSE
Q9CASEJL,Gladys Colclough,MG Special,Unknown Account,Prospecting,NA,NA,NA,TRUE,FALSE
OIBR7UA7,Gladys Colclough,MG Special,Unknown Account,Prospecting,NA,NA,NA,TRUE,FALSE
J5IXJWVU,Gladys Colclough,MG Advanced,Cancity,Prospecting,NA,NA,NA,FALSE,FALSE
KFSKQ291,Gladys Colclough,MG Advanced,Plusstrip,Prospecting,NA,NA,NA,FALSE,FALSE
ZT1234V3,Gladys Colclough,MG Advanced,Ron-tech,Prospecting,NA,NA,NA,FALSE,FALSE
JQBN7PXK,Gladys Colclough,MG Advanced,Xx-zobam,Prospecting,NA,NA,NA,FALSE,FALSE
J5IF7CT6,Gladys Colclough,MG Advanced,Unknown Account,Prospecting,NA,NA,NA,TRUE,FALSE
AAQ5H36J,Gladys Colclough,MG Advanced,Unknown Account,Prospecting,NA,NA,NA,TRUE,FALSE
37PEZCGO,Gladys Colclough,MG Advanced,Unknown Account,Prospecting,NA,NA,NA,TRUE,FALSE
X9NUTLTR,Gladys Colclough,MG Advanced,Unknown Account,Prospecting,NA,NA,NA,TRUE,FALSE
L5PS6S68,Gladys Colclough,MG Advanced,Unknown Account,Prospecting,NA,NA,NA,TRUE,FALSE
JLZCOLIE,Gladys Colclough,MG Advanced,Unknown Account,Prospecting,NA,NA,NA,TRUE,FALSE
TN4KM3D1,Jonathan Berthelot,GTX Basic,Bluth Company,Prospecting,NA,NA,NA,FALSE,FALSE
OIIFWY81,Jonathan Berthelot,GTX Basic,Conecom,Prospecting,NA,NA,NA,FALSE,FALSE
WE2CEE8A,Jonathan Berthelot,GTX Basic,Dontechi,Prospecting,NA,NA,NA,FALSE,FALSE
NT38RBZY,Jonathan Berthelot,GTX Basic,Gogozoom,Prospecting,NA,NA,NA,FALSE,FALSE
0XVL2UMH,Jonathan Berthelot,GTX Basic,Groovestreet,Prospecting,NA,NA,NA,FALSE,FALSE
UFZFCBOS,Jonathan Berthelot,GTX Basic,Lexiqvolax,Prospecting,NA,NA,NA,FALSE,FALSE
2BD1SDBX,Jonathan Berthelot,GTX Basic,Vehement Capital Partners,Prospecting,NA,NA,NA,FALSE,FALSE
AE3YDLK3,Jonathan Berthelot,GTX Basic,Xx-zobam,Prospecting,NA,NA,NA,FALSE,FALSE
C54CWZIT,Jonathan Berthelot,GTX Basic,Zencorporation,Prospecting,NA,NA,NA,FALSE,FALSE
D00AN5HY,Jonathan Berthelot,GTX Basic,Unknown Account,Prospecting,NA,NA,NA,TRUE,FALSE
E6798P2J,Jonathan Berthelot,GTX Basic,Unknown Account,Prospecting,NA,NA,NA,TRUE,FALSE
MR08TTTT,Jonathan Berthelot,GTX Basic,Unknown Account,Prospecting,NA,NA,NA,TRUE,FALSE
7UVKZD60,Jonathan Berthelot,GTX Basic,Unknown Account,Prospecting,NA,NA,NA,TRUE,FALSE
0RLU8I9Q,Jonathan Berthelot,GTX Basic,Unknown Account,Prospecting,NA,NA,NA,TRUE,FALSE
ZT163LH3,Jonathan Berthelot,GTX Basic,Unknown Account,Prospecting,NA,NA,NA,TRUE,FALSE
8Y3OMER4,Jonathan Berthelot,GTX Basic,Unknown Account,Prospecting,NA,NA,NA,TRUE,FALSE
OQ1P1OLH,Jonathan Berthelot,GTX Basic,Unknown Account,Prospecting,NA,NA,NA,TRUE,FALSE
UY93W9NZ,Jonathan Berthelot,GTX Basic,Unknown Account,Prospecting,NA,NA,NA,TRUE,FALSE
NVH71LD4,Jonathan Berthelot,GTX Basic,Unknown Account,Prospecting,NA,NA,NA,TRUE,FALSE
XVQ3OA99,Jonathan Berthelot,GTX Basic,Unknown Account,Prospecting,NA,NA,NA,TRUE,FALSE
DJDJ5A58,Jonathan Berthelot,GTX Basic,Unknown Account,Prospecting,NA,NA,NA,TRUE,FALSE
22TUMCKT,Jonathan Berthelot,GTX Basic,Unknown Account,Prospecting,NA,NA,NA,TRUE,FALSE
ARBTXSEH,Jonathan Berthelot,GTX Plus Basic,Globex Corporation,Prospecting,NA,NA,NA,FALSE,FALSE
P4D8H19O,Jonathan Berthelot,GTX Plus Basic,Isdom,Prospecting,NA,NA,NA,FALSE,FALSE
UD1GNRL4,Jonathan Berthelot,GTX Plus Basic,Unknown Account,Prospecting,NA,NA,NA,TRUE,FALSE
B2YZJ212,Jonathan Berthelot,GTX Plus Basic,Unknown Account,Prospecting,NA,NA,NA,TRUE,FALSE
94DGJSLN,Jonathan Berthelot,GTX Plus Basic,Unknown Account,Prospecting,NA,NA,NA,TRUE,FALSE
IRTO8ZJW,Jonathan Berthelot,GTX Plus Basic,Unknown Account,Prospecting,NA,NA,NA,TRUE,FALSE
OAMIMSUU,Jonathan Berthelot,GTX Plus Pro,Cheers,Prospecting,NA,NA,NA,FALSE,FALSE
B26TNOGQ,Jonathan Berthelot,GTX Plus Pro,Silis,Prospecting,NA,NA,NA,FALSE,FALSE
QN1UL4N3,Jonathan Berthelot,GTX Plus Pro,Unknown Account,Prospecting,NA,NA,NA,TRUE,FALSE
FW2CVY2X,Jonathan Berthelot,GTX Plus Pro,Unknown Account,Prospecting,NA,NA,NA,TRUE,FALSE
9R8AKL0D,Jonathan Berthelot,GTX Pro,Initech,Prospecting,NA,NA,NA,FALSE,FALSE
R14YE68N,Jonathan Berthelot,GTX Pro,Plexzap,Prospecting,NA,NA,NA,FALSE,FALSE
8RQCHZ5O,Jonathan Berthelot,GTX Pro,Unknown Account,Prospecting,NA,NA,NA,TRUE,FALSE
90KRHC6T,Jonathan Berthelot,GTX Pro,Unknown Account,Prospecting,NA,NA,NA,TRUE,FALSE
8NLGRTU5,Jonathan Berthelot,GTX Pro,Unknown Account,Prospecting,NA,NA,NA,TRUE,FALSE
QMRDG7WP,Jonathan Berthelot,GTX Pro,Unknown Account,Prospecting,NA,NA,NA,TRUE,FALSE
F0K8UDEG,Jonathan Berthelot,GTX Pro,Unknown Account,Prospecting,NA,NA,NA,TRUE,FALSE
NUEPXB8Z,Jonathan Berthelot,GTX Pro,Unknown Account,Prospecting,NA,NA,NA,TRUE,FALSE
FBDS7GIZ,Jonathan Berthelot,GTX Pro,Unknown Account,Prospecting,NA,NA,NA,TRUE,FALSE
URRD7VUB,Jonathan Berthelot,MG Special,Blackzim,Prospecting,NA,NA,NA,FALSE,FALSE
11T4HX93,Jonathan Berthelot,MG Special,Bluth Company,Prospecting,NA,NA,NA,FALSE,FALSE
0QMDTHBS,Jonathan Berthelot,MG Special,Unknown Account,Prospecting,NA,NA,NA,TRUE,FALSE
GM5X0CSG,Jonathan Berthelot,MG Special,Unknown Account,Prospecting,NA,NA,NA,TRUE,FALSE
E0HMRMZ9,Jonathan Berthelot,MG Special,Unknown Account,Prospecting,NA,NA,NA,TRUE,FALSE
DYA87PL1,Jonathan Berthelot,MG Special,Unknown Account,Prospecting,NA,NA,NA,TRUE,FALSE
CGRMC7OE,Jonathan Berthelot,MG Advanced,Unknown Account,Prospecting,NA,NA,NA,TRUE,FALSE
0KSK9O00,Lajuana Vencill,GTX Basic,Bluth Company,Prospecting,NA,NA,NA,FALSE,FALSE
76WK0KFZ,Lajuana Vencill,GTX Basic,Konex,Prospecting,NA,NA,NA,FALSE,FALSE
IMN2GUYV,Lajuana Vencill,GTX Basic,Statholdings,Prospecting,NA,NA,NA,FALSE,FALSE
9HFEMESD,Lajuana Vencill,GTX Basic,Unknown Account,Prospecting,NA,NA,NA,TRUE,FALSE
00400B1S,Lajuana Vencill,GTX Basic,Unknown Account,Prospecting,NA,NA,NA,TRUE,FALSE
PELBIQ95,Lajuana Vencill,GTX Basic,Unknown Account,Prospecting,NA,NA,NA,TRUE,FALSE
HLE798LQ,Lajuana Vencill,GTX Basic,Unknown Account,Prospecting,NA,NA,NA,TRUE,FALSE
NB67WD27,Lajuana Vencill,GTX Basic,Unknown Account,Prospecting,NA,NA,NA,TRUE,FALSE
2RQOUJ9V,Lajuana Vencill,GTX Basic,Unknown Account,Prospecting,NA,NA,NA,TRUE,FALSE
6KW4PU0S,Lajuana Vencill,GTX Basic,Unknown Account,Prospecting,NA,NA,NA,TRUE,FALSE
Y533QVR5,Lajuana Vencill,GTX Basic,Unknown Account,Prospecting,NA,NA,NA,TRUE,FALSE
PAUK1IU0,Lajuana Vencill,GTX Basic,Unknown Account,Prospecting,NA,NA,NA,TRUE,FALSE
97WEHB4X,Lajuana Vencill,GTX Basic,Unknown Account,Prospecting,NA,NA,NA,TRUE,FALSE
Z4JQEOMT,Lajuana Vencill,GTX Basic,Unknown Account,Prospecting,NA,NA,NA,TRUE,FALSE
W2K1S9N3,Lajuana Vencill,GTX Plus Basic,Dalttechnology,Prospecting,NA,NA,NA,FALSE,FALSE
U0U1RIMI,Lajuana Vencill,GTX Plus Basic,Unknown Account,Prospecting,NA,NA,NA,TRUE,FALSE
ZTFYF8PV,Lajuana Vencill,GTX Plus Basic,Unknown Account,Prospecting,NA,NA,NA,TRUE,FALSE
Q620I4AZ,Lajuana Vencill,GTX Plus Basic,Unknown Account,Prospecting,NA,NA,NA,TRUE,FALSE
L7PPTHLF,Lajuana Vencill,GTX Plus Basic,Unknown Account,Prospecting,NA,NA,NA,TRUE,FALSE
8U9CA21G,Lajuana Vencill,GTX Plus Basic,Unknown Account,Prospecting,NA,NA,NA,TRUE,FALSE
F14T88OP,Lajuana Vencill,GTX Plus Pro,Unknown Account,Prospecting,NA,NA,NA,TRUE,FALSE
JZ4QLP1W,Lajuana Vencill,MG Special,Bioplex,Prospecting,NA,NA,NA,FALSE,FALSE
HSGGBG9J,Lajuana Vencill,MG Special,Codehow,Prospecting,NA,NA,NA,FALSE,FALSE
O7MBZPN4,Lajuana Vencill,MG Special,Unknown Account,Prospecting,NA,NA,NA,TRUE,FALSE
XS7B6QT7,Lajuana Vencill,MG Special,Unknown Account,Prospecting,NA,NA,NA,TRUE,FALSE
N6JMQG0E,Lajuana Vencill,MG Special,Unknown Account,Prospecting,NA,NA,NA,TRUE,FALSE
TBNPWPNE,Lajuana Vencill,MG Special,Unknown Account,Prospecting,NA,NA,NA,TRUE,FALSE
M4WW6I1S,Lajuana Vencill,MG Special,Unknown Account,Prospecting,NA,NA,NA,TRUE,FALSE
GLQLEZJM,Lajuana Vencill,MG Special,Unknown Account,Prospecting,NA,NA,NA,TRUE,FALSE
ZKJIVMSG,Lajuana Vencill,MG Advanced,Finjob,Prospecting,NA,NA,NA,FALSE,FALSE
3TMNC3GW,Lajuana Vencill,MG Advanced,Kinnamplus,Prospecting,NA,NA,NA,FALSE,FALSE
P25KLAD2,Lajuana Vencill,MG Advanced,Rangreen,Prospecting,NA,NA,NA,FALSE,FALSE
NDJBDONI,Lajuana Vencill,MG Advanced,Unknown Account,Prospecting,NA,NA,NA,TRUE,FALSE
94ZZLWOH,Lajuana Vencill,MG Advanced,Unknown Account,Prospecting,NA,NA,NA,TRUE,FALSE
KKUHAY4O,Lajuana Vencill,MG Advanced,Unknown Account,Prospecting,NA,NA,NA,TRUE,FALSE
4V17GRKW,Lajuana Vencill,MG Advanced,Unknown Account,Prospecting,NA,NA,NA,TRUE,FALSE
EOJHYLXG,Lajuana Vencill,MG Advanced,Unknown Account,Prospecting,NA,NA,NA,TRUE,FALSE
4XQ43RJW,Lajuana Vencill,MG Advanced,Unknown Account,Prospecting,NA,NA,NA,TRUE,FALSE
MJK3UJ1B,Lajuana Vencill,MG Advanced,Unknown Account,Prospecting,NA,NA,NA,TRUE,FALSE
44JDHBI8,Lajuana Vencill,MG Advanced,Unknown Account,Prospecting,NA,NA,NA,TRUE,FALSE
ETJR6FUL,Marty Freudenburg,GTX Basic,Plexzap,Prospecting,NA,NA,NA,FALSE,FALSE
9CYYLZ11,Marty Freudenburg,GTX Basic,Stanredtax,Prospecting,NA,NA,NA,FALSE,FALSE
RGW7PKJ6,Marty Freudenburg,GTX Basic,Xx-zobam,Prospecting,NA,NA,NA,FALSE,FALSE
BW0NOLCK,Marty Freudenburg,GTX Basic,Unknown Account,Prospecting,NA,NA,NA,TRUE,FALSE
G7K3HJAT,Marty Freudenburg,GTX Basic,Unknown Account,Prospecting,NA,NA,NA,TRUE,FALSE
NBE5EMSV,Marty Freudenburg,GTX Basic,Unknown Account,Prospecting,NA,NA,NA,TRUE,FALSE
D00KRY2S,Marty Freudenburg,GTX Basic,Unknown Account,Prospecting,NA,NA,NA,TRUE,FALSE
ZB3JRI67,Marty Freudenburg,GTX Basic,Unknown Account,Prospecting,NA,NA,NA,TRUE,FALSE
4AUWVKUU,Marty Freudenburg,GTX Basic,Unknown Account,Prospecting,NA,NA,NA,TRUE,FALSE
I43F0Z77,Marty Freudenburg,GTX Plus Basic,Betasoloin,Prospecting,NA,NA,NA,FALSE,FALSE
YYMKOAVY,Marty Freudenburg,GTX Plus Basic,Donquadtech,Prospecting,NA,NA,NA,FALSE,FALSE
0HR4TEU4,Marty Freudenburg,GTX Plus Basic,Plussunin,Prospecting,NA,NA,NA,FALSE,FALSE
O8JCYJSV,Marty Freudenburg,GTX Plus Basic,Silis,Prospecting,NA,NA,NA,FALSE,FALSE
FMRVHL9O,Marty Freudenburg,GTX Plus Basic,Toughzap,Prospecting,NA,NA,NA,FALSE,FALSE
YMI68O7S,Marty Freudenburg,GTX Plus Basic,Zumgoity,Prospecting,NA,NA,NA,FALSE,FALSE
VUFZB941,Marty Freudenburg,GTX Plus Basic,Unknown Account,Prospecting,NA,NA,NA,TRUE,FALSE
EABYCHB3,Marty Freudenburg,GTX Plus Basic,Unknown Account,Prospecting,NA,NA,NA,TRUE,FALSE
6Z6DMG2V,Marty Freudenburg,GTX Plus Basic,Unknown Account,Prospecting,NA,NA,NA,TRUE,FALSE
BZ96Z7AI,Marty Freudenburg,GTX Plus Basic,Unknown Account,Prospecting,NA,NA,NA,TRUE,FALSE
QY7GTG6Y,Marty Freudenburg,GTX Plus Basic,Unknown Account,Prospecting,NA,NA,NA,TRUE,FALSE
VZ28EXFN,Marty Freudenburg,GTX Plus Basic,Unknown Account,Prospecting,NA,NA,NA,TRUE,FALSE
KOPIWJO5,Marty Freudenburg,GTX Plus Basic,Unknown Account,Prospecting,NA,NA,NA,TRUE,FALSE
465ZW6J2,Marty Freudenburg,GTX Plus Basic,Unknown Account,Prospecting,NA,NA,NA,TRUE,FALSE
BVRUBA3A,Marty Freudenburg,GTX Plus Pro,Unknown Account,Prospecting,NA,NA,NA,TRUE,FALSE
5JS1Z5BQ,Marty Freudenburg,GTX Plus Pro,Unknown Account,Prospecting,NA,NA,NA,TRUE,FALSE
5EUHU5AF,Marty Freudenburg,GTX Plus Pro,Unknown Account,Prospecting,NA,NA,NA,TRUE,FALSE
F11IGBLD,Marty Freudenburg,GTX Plus Pro,Unknown Account,Prospecting,NA,NA,NA,TRUE,FALSE
CC70D9SD,Marty Freudenburg,GTX Plus Pro,Unknown Account,Prospecting,NA,NA,NA,TRUE,FALSE
0BQTT5UF,Marty Freudenburg,GTX Pro,Donware,Prospecting,NA,NA,NA,FALSE,FALSE
M7UNLZEP,Marty Freudenburg,GTX Pro,Finhigh,Prospecting,NA,NA,NA,FALSE,FALSE
EG7S6ZOI,Marty Freudenburg,GTX Pro,Konmatfix,Prospecting,NA,NA,NA,FALSE,FALSE
UND13JS5,Marty Freudenburg,GTX Pro,Plusstrip,Prospecting,NA,NA,NA,FALSE,FALSE
HFVWQIMF,Marty Freudenburg,GTX Pro,Unknown Account,Prospecting,NA,NA,NA,TRUE,FALSE
9YLUGU6I,Marty Freudenburg,GTX Pro,Unknown Account,Prospecting,NA,NA,NA,TRUE,FALSE
SAUIIUTV,Marty Freudenburg,GTX Pro,Unknown Account,Prospecting,NA,NA,NA,TRUE,FALSE
B5H6M7AP,Marty Freudenburg,GTX Pro,Unknown Account,Prospecting,NA,NA,NA,TRUE,FALSE
COGXUYLL,Marty Freudenburg,MG Special,Doncon,Prospecting,NA,NA,NA,FALSE,FALSE
ZVO432VF,Marty Freudenburg,MG Special,Faxquote,Prospecting,NA,NA,NA,FALSE,FALSE
1BB5LME9,Marty Freudenburg,MG Special,Globex Corporation,Prospecting,NA,NA,NA,FALSE,FALSE
7WXPAXAV,Marty Freudenburg,MG Special,Rangreen,Prospecting,NA,NA,NA,FALSE,FALSE
GSOR2INK,Marty Freudenburg,MG Special,Unknown Account,Prospecting,NA,NA,NA,TRUE,FALSE
BTH2O9OF,Marty Freudenburg,MG Special,Unknown Account,Prospecting,NA,NA,NA,TRUE,FALSE
HW367OVT,Marty Freudenburg,MG Special,Unknown Account,Prospecting,NA,NA,NA,TRUE,FALSE
O6NIPA7N,Marty Freudenburg,MG Special,Unknown Account,Prospecting,NA,NA,NA,TRUE,FALSE
MI3MV7PU,Marty Freudenburg,MG Advanced,Acme Corporation,Prospecting,NA,NA,NA,FALSE,FALSE
A8PVW8RI,Marty Freudenburg,MG Advanced,Condax,Prospecting,NA,NA,NA,FALSE,FALSE
S4V0T890,Marty Freudenburg,MG Advanced,Finjob,Prospecting,NA,NA,NA,FALSE,FALSE
AP74NF6M,Marty Freudenburg,MG Advanced,Iselectrics,Prospecting,NA,NA,NA,FALSE,FALSE
WJ7HDR4Q,Marty Freudenburg,MG Advanced,Unknown Account,Prospecting,NA,NA,NA,TRUE,FALSE
F1NWH30L,Marty Freudenburg,MG Advanced,Unknown Account,Prospecting,NA,NA,NA,TRUE,FALSE
7KQAH6UI,Marty Freudenburg,MG Advanced,Unknown Account,Prospecting,NA,NA,NA,TRUE,FALSE
2NO97U9Z,Marty Freudenburg,MG Advanced,Unknown Account,Prospecting,NA,NA,NA,TRUE,FALSE
BKI3OLP8,Marty Freudenburg,MG Advanced,Unknown Account,Prospecting,NA,NA,NA,TRUE,FALSE
KTSP63I0,Marty Freudenburg,MG Advanced,Unknown Account,Prospecting,NA,NA,NA,TRUE,FALSE
HKMMBDMW,Moses Frase,GTX Basic,Plusstrip,Prospecting,NA,NA,NA,FALSE,FALSE
52V1RWCZ,Moses Frase,GTX Basic,Stanredtax,Prospecting,NA,NA,NA,FALSE,FALSE
XS7L2AQE,Moses Frase,GTX Basic,Zencorporation,Prospecting,NA,NA,NA,FALSE,FALSE
M22PCEKY,Moses Frase,GTX Basic,Unknown Account,Prospecting,NA,NA,NA,TRUE,FALSE
IVTNXNYP,Moses Frase,GTX Basic,Unknown Account,Prospecting,NA,NA,NA,TRUE,FALSE
HOXD9TTL,Moses Frase,GTX Basic,Unknown Account,Prospecting,NA,NA,NA,TRUE,FALSE
H046CU4Z,Moses Frase,GTX Basic,Unknown Account,Prospecting,NA,NA,NA,TRUE,FALSE
JF4MEWPX,Moses Frase,GTX Basic,Unknown Account,Prospecting,NA,NA,NA,TRUE,FALSE
1HD5JJM3,Moses Frase,GTX Plus Basic,Unknown Account,Prospecting,NA,NA,NA,TRUE,FALSE
NWPSEF2I,Moses Frase,GTX Plus Basic,Unknown Account,Prospecting,NA,NA,NA,TRUE,FALSE
0E8D6TCQ,Moses Frase,GTX Plus Basic,Unknown Account,Prospecting,NA,NA,NA,TRUE,FALSE
7MKYTX69,Moses Frase,GTX Plus Pro,Unknown Account,Prospecting,NA,NA,NA,TRUE,FALSE
CLPDG9BG,Moses Frase,MG Special,Yearin,Prospecting,NA,NA,NA,FALSE,FALSE
32NDDT4L,Moses Frase,MG Special,Unknown Account,Prospecting,NA,NA,NA,TRUE,FALSE
1969NL80,Moses Frase,MG Special,Unknown Account,Prospecting,NA,NA,NA,TRUE,FALSE
IKR0NSUE,Moses Frase,MG Special,Unknown Account,Prospecting,NA,NA,NA,TRUE,FALSE
473F6L9F,Moses Frase,MG Special,Unknown Account,Prospecting,NA,NA,NA,TRUE,FALSE
KN4LCS4D,Moses Frase,MG Special,Unknown Account,Prospecting,NA,NA,NA,TRUE,FALSE
EL09RK8X,Moses Frase,MG Advanced,Dalttechnology,Prospecting,NA,NA,NA,FALSE,FALSE
Y9EBNML6,Moses Frase,MG Advanced,Donquadtech,Prospecting,NA,NA,NA,FALSE,FALSE
9H2V1F1E,Moses Frase,MG Advanced,Funholding,Prospecting,NA,NA,NA,FALSE,FALSE
2872DC79,Moses Frase,MG Advanced,Unknown Account,Prospecting,NA,NA,NA,TRUE,FALSE
OYRF34VN,Moses Frase,MG Advanced,Unknown Account,Prospecting,NA,NA,NA,TRUE,FALSE
HP8IWA1E,Moses Frase,MG Advanced,Unknown Account,Prospecting,NA,NA,NA,TRUE,FALSE
M5ZYQFGR,Moses Frase,MG Advanced,Unknown Account,Prospecting,NA,NA,NA,TRUE,FALSE
0CECGPEJ,Moses Frase,MG Advanced,Unknown Account,Prospecting,NA,NA,NA,TRUE,FALSE
D6YEYMJC,Moses Frase,MG Advanced,Unknown Account,Prospecting,NA,NA,NA,TRUE,FALSE
RLDCYEJU,Moses Frase,MG Advanced,Unknown Account,Prospecting,NA,NA,NA,TRUE,FALSE
BIN9U8D9,Moses Frase,MG Advanced,Unknown Account,Prospecting,NA,NA,NA,TRUE,FALSE
8O98HGMW,Moses Frase,MG Advanced,Unknown Account,Prospecting,NA,NA,NA,TRUE,FALSE
SRYX0U85,Moses Frase,MG Advanced,Unknown Account,Prospecting,NA,NA,NA,TRUE,FALSE
MON9ZE47,Niesha Huffines,GTX Basic,Groovestreet,Prospecting,NA,NA,NA,FALSE,FALSE
FJHKS2T2,Niesha Huffines,GTX Basic,Plussunin,Prospecting,NA,NA,NA,FALSE,FALSE
HUG2KAHE,Niesha Huffines,GTX Basic,Unknown Account,Prospecting,NA,NA,NA,TRUE,FALSE
PGN9I1HU,Niesha Huffines,GTX Basic,Unknown Account,Prospecting,NA,NA,NA,TRUE,FALSE
647SQRGL,Niesha Huffines,GTX Basic,Unknown Account,Prospecting,NA,NA,NA,TRUE,FALSE
TAKHOTRW,Niesha Huffines,GTX Basic,Unknown Account,Prospecting,NA,NA,NA,TRUE,FALSE
TS9QPHNA,Niesha Huffines,GTX Basic,Unknown Account,Prospecting,NA,NA,NA,TRUE,FALSE
UEI0RABV,Niesha Huffines,GTX Basic,Unknown Account,Prospecting,NA,NA,NA,TRUE,FALSE
27ZK0L0F,Niesha Huffines,GTX Basic,Unknown Account,Prospecting,NA,NA,NA,TRUE,FALSE
K38J8D75,Niesha Huffines,GTX Basic,Unknown Account,Prospecting,NA,NA,NA,TRUE,FALSE
UIP7MXOR,Niesha Huffines,GTX Basic,Unknown Account,Prospecting,NA,NA,NA,TRUE,FALSE
MNCY3CKD,Niesha Huffines,GTX Plus Basic,Nam-zim,Prospecting,NA,NA,NA,FALSE,FALSE
E0S2ZL6X,Niesha Huffines,GTX Plus Basic,Streethex,Prospecting,NA,NA,NA,FALSE,FALSE
XT9QCG8T,Niesha Huffines,GTX Plus Basic,Zoomit,Prospecting,NA,NA,NA,FALSE,FALSE
52WACRCG,Niesha Huffines,GTX Plus Basic,Unknown Account,Prospecting,NA,NA,NA,TRUE,FALSE
0PXJYUT7,Niesha Huffines,GTX Plus Basic,Unknown Account,Prospecting,NA,NA,NA,TRUE,FALSE
D45LXDPW,Niesha Huffines,GTX Plus Basic,Unknown Account,Prospecting,NA,NA,NA,TRUE,FALSE
DDHNCZMO,Niesha Huffines,GTX Plus Pro,Konex,Prospecting,NA,NA,NA,FALSE,FALSE
Z99W80UY,Niesha Huffines,GTX Plus Pro,Zencorporation,Prospecting,NA,NA,NA,FALSE,FALSE
K8ITR8PA,Niesha Huffines,GTX Plus Pro,Unknown Account,Prospecting,NA,NA,NA,TRUE,FALSE
G4B3UCWQ,Niesha Huffines,GTX Pro,Unknown Account,Prospecting,NA,NA,NA,TRUE,FALSE
8O212QCV,Niesha Huffines,GTX Pro,Unknown Account,Prospecting,NA,NA,NA,TRUE,FALSE
X2REWR7J,Niesha Huffines,GTX Pro,Unknown Account,Prospecting,NA,NA,NA,TRUE,FALSE
RKP2DVSU,Niesha Huffines,MG Special,Hottechi,Prospecting,NA,NA,NA,FALSE,FALSE
T3T4OE0A,Niesha Huffines,MG Special,Konex,Prospecting,NA,NA,NA,FALSE,FALSE
K7L1RE8B,Niesha Huffines,MG Special,Unknown Account,Prospecting,NA,NA,NA,TRUE,FALSE
RPCZJOE2,Niesha Huffines,MG Special,Unknown Account,Prospecting,NA,NA,NA,TRUE,FALSE
6IG2A8KD,Niesha Huffines,MG Special,Unknown Account,Prospecting,NA,NA,NA,TRUE,FALSE
MFU6Y5HX,Niesha Huffines,MG Special,Unknown Account,Prospecting,NA,NA,NA,TRUE,FALSE
Y0EKPBLQ,Niesha Huffines,MG Special,Unknown Account,Prospecting,NA,NA,NA,TRUE,FALSE
8TLX2786,Niesha Huffines,MG Special,Unknown Account,Prospecting,NA,NA,NA,TRUE,FALSE
Z9CW6K35,Niesha Huffines,MG Special,Unknown Account,Prospecting,NA,NA,NA,TRUE,FALSE
YVFK9Q0W,Niesha Huffines,MG Advanced,Faxquote,Prospecting,NA,NA,NA,FALSE,FALSE
PF7M8CG2,Niesha Huffines,MG Advanced,Unknown Account,Prospecting,NA,NA,NA,TRUE,FALSE
ZHPJ73Q6,Versie Hillebrand,GTX Basic,Inity,Prospecting,NA,NA,NA,FALSE,FALSE
2TI0MAKP,Versie Hillebrand,GTX Basic,Lexiqvolax,Prospecting,NA,NA,NA,FALSE,FALSE
2G5ZMOYC,Versie Hillebrand,GTX Basic,Scottech,Prospecting,NA,NA,NA,FALSE,FALSE
EPOB4B15,Versie Hillebrand,GTX Basic,Unknown Account,Prospecting,NA,NA,NA,TRUE,FALSE
2WWMPY7O,Versie Hillebrand,GTX Basic,Unknown Account,Prospecting,NA,NA,NA,TRUE,FALSE
Z6VQW8TB,Versie Hillebrand,GTX Basic,Unknown Account,Prospecting,NA,NA,NA,TRUE,FALSE
FNLAOXF8,Versie Hillebrand,GTX Basic,Unknown Account,Prospecting,NA,NA,NA,TRUE,FALSE
C5B5WBY9,Versie Hillebrand,GTX Plus Basic,Sumace,Prospecting,NA,NA,NA,FALSE,FALSE
6IO91583,Versie Hillebrand,GTX Plus Basic,Unknown Account,Prospecting,NA,NA,NA,TRUE,FALSE
ZXNPF7PL,Versie Hillebrand,GTX Plus Pro,Unknown Account,Prospecting,NA,NA,NA,TRUE,FALSE
NKFG3KKP,Versie Hillebrand,GTX Plus Pro,Unknown Account,Prospecting,NA,NA,NA,TRUE,FALSE
JQ338VQC,Versie Hillebrand,MG Special,Blackzim,Prospecting,NA,NA,NA,FALSE,FALSE
WJK0O5J9,Versie Hillebrand,MG Special,Doncon,Prospecting,NA,NA,NA,FALSE,FALSE
W2149WNZ,Versie Hillebrand,MG Special,Golddex,Prospecting,NA,NA,NA,FALSE,FALSE
6WNENPQM,Versie Hillebrand,MG Special,Goodsilron,Prospecting,NA,NA,NA,FALSE,FALSE
VW8CEV4C,Versie Hillebrand,MG Special,Konmatfix,Prospecting,NA,NA,NA,FALSE,FALSE
KLUS7RVS,Versie Hillebrand,MG Special,Opentech,Prospecting,NA,NA,NA,FALSE,FALSE
ROM4I2T0,Versie Hillebrand,MG Special,Rundofase,Prospecting,NA,NA,NA,FALSE,FALSE
6QKBZAEQ,Versie Hillebrand,MG Special,Unknown Account,Prospecting,NA,NA,NA,TRUE,FALSE
5P4OCP0Q,Versie Hillebrand,MG Special,Unknown Account,Prospecting,NA,NA,NA,TRUE,FALSE
E54FFQBM,Versie Hillebrand,MG Special,Unknown Account,Prospecting,NA,NA,NA,TRUE,FALSE
8GNSME5U,Versie Hillebrand,MG Special,Unknown Account,Prospecting,NA,NA,NA,TRUE,FALSE
5697WKA6,Versie Hillebrand,MG Special,Unknown Account,Prospecting,NA,NA,NA,TRUE,FALSE
A5DN7SE1,Versie Hillebrand,MG Special,Unknown Account,Prospecting,NA,NA,NA,TRUE,FALSE
DGI6CB5K,Versie Hillebrand,MG Special,Unknown Account,Prospecting,NA,NA,NA,TRUE,FALSE
MTH7D617,Versie Hillebrand,MG Special,Unknown Account,Prospecting,NA,NA,NA,TRUE,FALSE
S6BD2RV6,Versie Hillebrand,MG Special,Unknown Account,Prospecting,NA,NA,NA,TRUE,FALSE
P43NZA0V,Versie Hillebrand,MG Special,Unknown Account,Prospecting,NA,NA,NA,TRUE,FALSE
TFPZNRS3,Versie Hillebrand,MG Special,Unknown Account,Prospecting,NA,NA,NA,TRUE,FALSE
SPTF1MZ4,Versie Hillebrand,MG Special,Unknown Account,Prospecting,NA,NA,NA,TRUE,FALSE
WI5RHGX9,Versie Hillebrand,MG Special,Unknown Account,Prospecting,NA,NA,NA,TRUE,FALSE
WAT7H38N,Versie Hillebrand,MG Special,Unknown Account,Prospecting,NA,NA,NA,TRUE,FALSE
1FAU5C6V,Versie Hillebrand,MG Special,Unknown Account,Prospecting,NA,NA,NA,TRUE,FALSE
Q5RRTVJK,Versie Hillebrand,MG Special,Unknown Account,Prospecting,NA,NA,NA,TRUE,FALSE
KIOF5EM0,Versie Hillebrand,MG Special,Unknown Account,Prospecting,NA,NA,NA,TRUE,FALSE
SH4FSTJV,Versie Hillebrand,MG Special,Unknown Account,Prospecting,NA,NA,NA,TRUE,FALSE
AV50UWVV,Versie Hillebrand,MG Special,Unknown Account,Prospecting,NA,NA,NA,TRUE,FALSE
KAZ72JJ0,Versie Hillebrand,MG Special,Unknown Account,Prospecting,NA,NA,NA,TRUE,FALSE
QVWEPN6J,Versie Hillebrand,MG Special,Unknown Account,Prospecting,NA,NA,NA,TRUE,FALSE
JD7ACALY,Versie Hillebrand,MG Special,Unknown Account,Prospecting,NA,NA,NA,TRUE,FALSE
NSGU1K3N,Versie Hillebrand,MG Special,Unknown Account,Prospecting,NA,NA,NA,TRUE,FALSE
UK00OVV2,Versie Hillebrand,MG Special,Unknown Account,Prospecting,NA,NA,NA,TRUE,FALSE
DWGARGA2,Versie Hillebrand,MG Special,Unknown Account,Prospecting,NA,NA,NA,TRUE,FALSE
A4M34F8C,Versie Hillebrand,MG Special,Unknown Account,Prospecting,NA,NA,NA,TRUE,FALSE
FCNN6UY0,Versie Hillebrand,MG Advanced,Ganjaflex,Prospecting,NA,NA,NA,FALSE,FALSE
8M2O0Q8V,Versie Hillebrand,MG Advanced,Silis,Prospecting,NA,NA,NA,FALSE,FALSE
WNWI8RJU,Versie Hillebrand,MG Advanced,Unknown Account,Prospecting,NA,NA,NA,TRUE,FALSE
4H6DFFO4,Versie Hillebrand,MG Advanced,Unknown Account,Prospecting,NA,NA,NA,TRUE,FALSE
IUM2FVA1,Versie Hillebrand,MG Advanced,Unknown Account,Prospecting,NA,NA,NA,TRUE,FALSE
9MIWFW5J,Versie Hillebrand,MG Advanced,Unknown Account,Prospecting,NA,NA,NA,TRUE,FALSE
6SLKZ8FI,Versie Hillebrand,MG Advanced,Unknown Account,Prospecting,NA,NA,NA,TRUE,FALSE
LIB4KUZJ,Versie Hillebrand,MG Advanced,Unknown Account,Prospecting,NA,NA,NA,TRUE,FALSE
18IUIUK0,Versie Hillebrand,MG Advanced,Unknown Account,Prospecting,NA,NA,NA,TRUE,FALSE
8I5ONXJX,Versie Hillebrand,MG Advanced,Unknown Account,Prospecting,NA,NA,NA,TRUE,FALSE
