opportunity_id,sales_agent,product,account,deal_stage,engage_date,close_date,close_value,account_missing,is_closed,sales_cycle_days
1C1I7A6R,Moses Frase,GTX Plus Basic,Cancity,Won,2016-10-20,2017-03-01,1054,FALSE,TRUE,132
Z063OYW0,Darcel Schlecht,GTX Pro,Isdom,Won,2016-10-25,2017-03-11,4514,FALSE,TRUE,137
EC4QE1BX,Darcel Schlecht,MG Special,Cancity,Won,2016-10-25,2017-03-07,50,FALSE,TRUE,133
MV1LWRNH,Moses Frase,GTX Basic,Codehow,Won,2016-10-25,2017-03-09,588,FALSE,TRUE,135
PE84CX4O,Zane Levy,GTX Basic,Hatfan,Won,2016-10-25,2017-03-02,517,FALSE,TRUE,128
ZNBS69V1,Anna Snelling,MG Special,Ron-tech,Won,2016-10-29,2017-03-01,49,FALSE,TRUE,123
9ME3374G,Vicki Laflamme,MG Special,J-Texon,Won,2016-10-30,2017-03-02,57,FALSE,TRUE,123
7GN8Q4LL,Markita Hansen,GTX Basic,Cheers,Won,2016-11-01,2017-03-07,601,FALSE,TRUE,126
OLK9LKZB,Niesha Huffines,GTX Plus Basic,Zumgoity,Won,2016-11-01,2017-03-03,1026,FALSE,TRUE,122
NL3JZH1Z,Anna Snelling,MG Special,Bioholding,Won,2016-11-04,2017-03-10,53,FALSE,TRUE,126
S8DX3XOU,James Ascencio,GTX Plus Pro,Sunnamplex,Won,2016-11-04,2017-03-10,5169,FALSE,TRUE,126
ENB2XD8G,Maureen Marcano,GTX Plus Pro,Sonron,Won,2016-11-04,2017-03-06,4631,FALSE,TRUE,122
09YE9QOV,Hayden Neloms,MG Advanced,Finjob,Won,2016-11-05,2017-03-11,3393,FALSE,TRUE,126
M6WEJXC0,Rosalina Dieter,MG Advanced,Scotfind,Won,2016-11-05,2017-03-06,3284,FALSE,TRUE,121
6PTR7VBR,Versie Hillebrand,MG Special,Treequote,Won,2016-11-06,2017-03-05,61,FALSE,TRUE,119
5J9CMGDV,Elease Gluck,MG Special,Rantouch,Won,2016-11-07,2017-03-08,46,FALSE,TRUE,121
WF4HA5NW,Moses Frase,MG Special,Ron-tech,Won,2016-11-07,2017-03-18,50,FALSE,TRUE,131
C5K2JP1H,Violet Mclelland,GTX Plus Basic,Vehement Capital Partners,Won,2016-11-07,2017-03-11,1014,FALSE,TRUE,124
ADRB8OMB,Darcel Schlecht,GTX Basic,Warephase,Won,2016-11-08,2017-03-26,561,FALSE,TRUE,138
SBCR987L,Kami Bicknell,GTX Basic,Zoomit,Won,2016-11-10,2017-03-23,590,FALSE,TRUE,133
JSD4APT2,Versie Hillebrand,MG Special,Bioholding,Won,2016-11-10,2017-03-12,61,FALSE,TRUE,122
5M58DTJK,Elease Gluck,MG Special,Cheers,Won,2016-11-11,2017-03-05,58,FALSE,TRUE,114
KNY1OSAB,Maureen Marcano,GTX Pro,Labdrill,Won,2016-11-11,2017-03-14,4899,FALSE,TRUE,123
2STUSOFE,Versie Hillebrand,MG Special,dambase,Won,2016-11-11,2017-03-03,67,FALSE,TRUE,112
JYKM0B00,James Ascencio,GTX Pro,Xx-holding,Won,2016-11-12,2017-03-06,4338,FALSE,TRUE,114
KU28360J,Kary Hendrixson,GTX Basic,Fasehatice,Won,2016-11-12,2017-03-19,578,FALSE,TRUE,127
N4SD17JR,Reed Clapper,GTX Basic,Acme Corporation,Won,2016-11-12,2017-03-01,556,FALSE,TRUE,109
E67P9Y3Q,Rosalina Dieter,GTX Basic,Green-Plus,Won,2016-11-12,2017-03-03,635,FALSE,TRUE,111
AT3MMVIS,Wilburn Farren,MG Advanced,The New York Inquirer,Won,2016-11-12,2017-03-07,3045,FALSE,TRUE,115
REJ11LRY,Garret Kinder,GTX Plus Basic,Mathtouch,Won,2016-11-13,2017-03-14,1233,FALSE,TRUE,121
ERV0CAZ7,Versie Hillebrand,MG Special,Zumgoity,Won,2016-11-13,2017-03-09,60,FALSE,TRUE,116
CZVN09WN,Darcel Schlecht,GTX Plus Basic,Konmatfix,Won,2016-11-14,2017-03-20,1170,FALSE,TRUE,126
30UQWUKB,Marty Freudenburg,GTX Plus Basic,Genco Pura Olive Oil Company,Won,2016-11-15,2017-03-20,1162,FALSE,TRUE,125
97UN20YY,Darcel Schlecht,MG Advanced,Conecom,Won,2016-11-16,2017-03-14,3725,FALSE,TRUE,118
JXLERZ9O,Kary Hendrixson,GTX Basic,Golddex,Won,2016-11-16,2017-03-31,559,FALSE,TRUE,135
XKMZVSN4,James Ascencio,GTX Plus Pro,Sonron,Won,2016-11-17,2017-03-05,4667,FALSE,TRUE,108
IU8V0BZK,Marty Freudenburg,GTX Plus Basic,Finhigh,Won,2016-11-17,2017-03-17,903,FALSE,TRUE,120
XY42936P,Maureen Marcano,GTX Plus Basic,Finjob,Won,2016-11-17,2017-03-13,1180,FALSE,TRUE,116
XRN54MBM,Niesha Huffines,GTX Basic,Ron-tech,Won,2016-11-17,2017-03-05,487,FALSE,TRUE,108
2V848WZD,Lajuana Vencill,MG Advanced,Stanredtax,Won,2016-11-18,2017-03-04,3180,FALSE,TRUE,106
HIOHX80Y,Darcel Schlecht,MG Advanced,Gogozoom,Won,2016-11-19,2017-03-18,3563,FALSE,TRUE,119
LPKT07PV,Boris Faz,GTX Pro,Opentech,Won,2016-11-20,2017-03-23,4704,FALSE,TRUE,123
WPB2SLIG,Donn Cantrell,GTX Plus Pro,Silis,Won,2016-11-20,2017-03-14,5585,FALSE,TRUE,114
XUSUEAV7,Elease Gluck,GTK 500,Zoomit,Won,2016-11-20,2017-03-09,25897,FALSE,TRUE,109
3TYPII47,Kami Bicknell,GTX Plus Basic,Goodsilron,Won,2016-11-20,2017-03-03,1207,FALSE,TRUE,103
MYDUMR3R,Lajuana Vencill,GTX Basic,Rangreen,Won,2016-11-20,2017-03-04,559,FALSE,TRUE,104
37JFKD4I,Niesha Huffines,GTX Plus Basic,dambase,Won,2016-11-20,2017-03-09,1033,FALSE,TRUE,109
25YKPHX8,Donn Cantrell,GTX Basic,Kan-code,Won,2016-11-21,2017-03-21,462,FALSE,TRUE,120
GIUUTBXM,Kary Hendrixson,GTX Pro,Y-corporation,Won,2016-11-21,2017-03-14,5539,FALSE,TRUE,113
MFX2LR1Q,Lajuana Vencill,MG Advanced,Ron-tech,Won,2016-11-21,2017-03-15,3573,FALSE,TRUE,114
DUHE9FLY,Marty Freudenburg,GTX Pro,Conecom,Won,2016-11-21,2017-03-01,4926,FALSE,TRUE,100
7FQMSWIX,Corliss Cosme,MG Special,Bioplex,Won,2016-11-22,2017-03-04,62,FALSE,TRUE,102
C20AVXN7,Darcel Schlecht,GTX Pro,Gogozoom,Won,2016-11-22,2017-03-14,4359,FALSE,TRUE,112
GS1QVWCR,Kami Bicknell,GTX Basic,Plusstrip,Won,2016-11-22,2017-03-31,566,FALSE,TRUE,129
ZWH8FXY3,Marty Freudenburg,GTX Basic,Toughzap,Won,2016-11-22,2017-03-03,508,FALSE,TRUE,101
AAR79NOO,Versie Hillebrand,MG Special,Codehow,Won,2016-11-22,2017-03-11,51,FALSE,TRUE,109
B6B0PNR2,Vicki Laflamme,GTX Pro,Dalttechnology,Won,2016-11-22,2017-03-05,4899,FALSE,TRUE,103
LXZA2OSZ,Corliss Cosme,GTX Plus Pro,Ontomedia,Won,2016-11-23,2017-03-03,5790,FALSE,TRUE,100
513DPFX5,Gladys Colclough,GTX Pro,Codehow,Won,2016-11-23,2017-03-03,4438,FALSE,TRUE,100
RU023K5W,Gladys Colclough,MG Advanced,Finhigh,Won,2016-11-23,2017-03-17,2972,FALSE,TRUE,114
BZCBQ514,Markita Hansen,GTX Basic,Y-corporation,Won,2016-11-23,2017-03-01,523,FALSE,TRUE,98
HEE6P0QH,Anna Snelling,MG Advanced,Statholdings,Won,2016-11-24,2017-03-25,3647,FALSE,TRUE,121
L8CHRJ2B,Cassey Cress,MG Advanced,Umbrella Corporation,Won,2016-11-24,2017-03-01,4200,FALSE,TRUE,97
V2X2KMUR,Kami Bicknell,GTX Plus Basic,Faxquote,Won,2016-11-24,2017-03-28,1059,FALSE,TRUE,124
NYVA2G6U,Versie Hillebrand,MG Special,Dontechi,Won,2016-11-24,2017-03-02,57,FALSE,TRUE,98
FF45BXTL,Vicki Laflamme,MG Advanced,Konex,Won,2016-11-24,2017-03-27,3671,FALSE,TRUE,123
TTA9LYBS,Anna Snelling,MG Special,Treequote,Won,2016-11-25,2017-03-01,58,FALSE,TRUE,96
PAGZQH8L,Cecily Lampkin,MG Advanced,Treequote,Won,2016-11-25,2017-03-06,3956,FALSE,TRUE,101
J7YF6DS7,Corliss Cosme,GTX Plus Pro,Betasoloin,Won,2016-11-25,2017-03-01,5964,FALSE,TRUE,96
S5IXY4Z9,Corliss Cosme,GTX Pro,Betasoloin,Won,2016-11-25,2017-03-06,4570,FALSE,TRUE,101
JQBJMETQ,Darcel Schlecht,MG Special,Domzoom,Won,2016-11-25,2017-03-27,49,FALSE,TRUE,122
0LVWSWEW,Violet Mclelland,MG Special,Donquadtech,Won,2016-11-25,2017-03-06,65,FALSE,TRUE,101
D40N5I9Y,Darcel Schlecht,GTX Pro,Finhigh,Won,2016-11-26,2017-03-08,4739,FALSE,TRUE,102
051QTX8Z,Niesha Huffines,GTX Plus Basic,Globex Corporation,Won,2016-11-26,2017-03-21,1080,FALSE,TRUE,115
5D2XH04S,Reed Clapper,MG Special,Plussunin,Won,2016-11-26,2017-03-12,57,FALSE,TRUE,106
V9E582SK,Garret Kinder,GTX Basic,Konex,Won,2016-11-27,2017-03-16,469,FALSE,TRUE,109
UK0LEZRJ,Kary Hendrixson,GTX Basic,Condax,Won,2016-11-27,2017-03-03,532,FALSE,TRUE,96
IT10CFQH,Rosalina Dieter,GTX Basic,Konex,Won,2016-11-27,2017-03-26,538,FALSE,TRUE,119
8VKD2CCH,Rosie Papadopoulos,GTX Pro,Massive Dynamic,Won,2016-11-27,2017-03-21,4829,FALSE,TRUE,114
2XQAKBXH,Zane Levy,GTX Plus Pro,Doncon,Won,2016-11-27,2017-03-11,5370,FALSE,TRUE,104
7G7YLGJO,Zane Levy,GTX Plus Pro,Hatfan,Won,2016-11-27,2017-03-21,6499,FALSE,TRUE,114
GCA97W27,Darcel Schlecht,GTX Plus Basic,Genco Pura Olive Oil Company,Won,2016-11-28,2017-03-06,1161,FALSE,TRUE,98
K8FUZHOG,Kary Hendrixson,GTX Basic,Scotfind,Won,2016-11-28,2017-03-26,576,FALSE,TRUE,118
5WJZMULK,Maureen Marcano,GTX Plus Basic,Hatfan,Won,2016-11-28,2017-03-19,979,FALSE,TRUE,111
ZPYD4T9W,Versie Hillebrand,MG Special,Stanredtax,Won,2016-11-28,2017-03-07,43,FALSE,TRUE,99
KE9ZEDS8,Gladys Colclough,MG Special,Scottech,Won,2016-11-29,2017-03-07,57,FALSE,TRUE,98
FP7014Z0,Lajuana Vencill,GTX Plus Basic,Funholding,Won,2016-11-29,2017-03-12,948,FALSE,TRUE,103
N4HFHDMW,Wilburn Farren,MG Advanced,Plussunin,Won,2016-11-29,2017-03-10,3012,FALSE,TRUE,101
2HFLKREC,Cassey Cress,MG Advanced,Zotware,Won,2016-11-30,2017-03-15,3665,FALSE,TRUE,105
7JVTTVCO,Violet Mclelland,GTX Basic,Gekko & Co,Won,2016-11-30,2017-03-24,564,FALSE,TRUE,114
7LE19SYE,Cassey Cress,MG Advanced,Initech,Won,2016-12-01,2017-03-22,3463,FALSE,TRUE,111
J5V2M7Y1,Corliss Cosme,GTX Basic,Gekko & Co,Won,2016-12-01,2017-03-26,513,FALSE,TRUE,115
41MURAI5,Corliss Cosme,GTX Basic,Konex,Won,2016-12-01,2017-03-28,590,FALSE,TRUE,117
QHI8WRIA,Darcel Schlecht,GTX Pro,Dontechi,Won,2016-12-01,2017-03-30,4511,FALSE,TRUE,119
VPDXX5PJ,Niesha Huffines,GTX Basic,Cancity,Won,2016-12-01,2017-03-26,546,FALSE,TRUE,115
PZB9NUK8,Vicki Laflamme,MG Special,Y-corporation,Won,2016-12-01,2017-03-05,46,FALSE,TRUE,94
A0ANOYPF,Darcel Schlecht,GTX Pro,Ron-tech,Won,2016-12-02,2017-03-09,4891,FALSE,TRUE,97
0P4AAPYX,Hayden Neloms,GTX Plus Basic,Golddex,Won,2016-12-02,2017-03-03,1040,FALSE,TRUE,91
O6T5WC3W,Hayden Neloms,GTX Plus Basic,Sonron,Won,2016-12-02,2017-03-04,1108,FALSE,TRUE,92
0NO04P6C,Hayden Neloms,MG Special,Nam-zim,Won,2016-12-02,2017-03-04,59,FALSE,TRUE,92
22OFSXBT,Jonathan Berthelot,GTX Pro,Statholdings,Won,2016-12-02,2017-03-30,5406,FALSE,TRUE,118
MRXZTMM6,Kary Hendrixson,GTX Basic,Cheers,Won,2016-12-02,2017-03-20,515,FALSE,TRUE,108
LGI8QEC2,Moses Frase,GTX Basic,Treequote,Won,2016-12-02,2017-03-06,583,FALSE,TRUE,94
6KZ0NCFX,Versie Hillebrand,MG Special,Funholding,Won,2016-12-02,2017-03-14,54,FALSE,TRUE,102
3SF8O9S6,Vicki Laflamme,MG Special,Plusstrip,Won,2016-12-02,2017-03-27,60,FALSE,TRUE,115
BADC6A9H,Darcel Schlecht,GTX Basic,Globex Corporation,Won,2016-12-03,2017-03-23,516,FALSE,TRUE,110
B8E0UUZR,Darcel Schlecht,GTX Pro,Rangreen,Won,2016-12-03,2017-03-22,4829,FALSE,TRUE,109
MWWB44CC,Reed Clapper,GTX Plus Basic,Donquadtech,Won,2016-12-03,2017-03-02,950,FALSE,TRUE,89
DZ3KHZSX,Corliss Cosme,GTX Basic,Initech,Won,2016-12-04,2017-03-20,513,FALSE,TRUE,106
45A57X68,Darcel Schlecht,GTX Plus Pro,Ron-tech,Won,2016-12-04,2017-03-12,5522,FALSE,TRUE,98
9SLYC4TR,Gladys Colclough,MG Special,Cancity,Won,2016-12-04,2017-03-09,56,FALSE,TRUE,95
JLWKWQYC,James Ascencio,GTX Pro,Doncon,Won,2016-12-04,2017-03-08,5673,FALSE,TRUE,94
7QC6FOKW,Kami Bicknell,GTX Basic,Xx-holding,Won,2016-12-04,2017-03-10,598,FALSE,TRUE,96
XA184CMW,Marty Freudenburg,GTX Plus Pro,Rangreen,Won,2016-12-04,2017-03-16,5787,FALSE,TRUE,102
S0N7BYU3,Maureen Marcano,GTX Plus Basic,Singletechno,Won,2016-12-04,2017-03-08,1070,FALSE,TRUE,94
6WOMHAJM,Boris Faz,MG Advanced,Donquadtech,Won,2016-12-05,2017-03-14,3677,FALSE,TRUE,99
G1QGATKV,Cassey Cress,GTX Plus Pro,Ontomedia,Won,2016-12-05,2017-03-30,5425,FALSE,TRUE,115
6XFVQI32,Donn Cantrell,MG Advanced,Yearin,Won,2016-12-05,2017-03-23,3415,FALSE,TRUE,108
OGD4MDJ9,Maureen Marcano,GTX Plus Basic,Lexiqvolax,Won,2016-12-05,2017-03-21,891,FALSE,TRUE,106
4NGBUZWJ,Lajuana Vencill,GTX Basic,Codehow,Won,2016-12-06,2017-03-12,609,FALSE,TRUE,96
EFG5DGV5,Markita Hansen,MG Special,Plusstrip,Won,2016-12-06,2017-03-16,54,FALSE,TRUE,100
82MM4H33,Zane Levy,GTX Plus Basic,Labdrill,Won,2016-12-06,2017-03-09,1049,FALSE,TRUE,93
14PM641K,Cassey Cress,GTX Plus Basic,Gekko & Co,Won,2016-12-07,2017-03-07,1152,FALSE,TRUE,90
1YSOZLHF,Daniell Hammack,GTX Pro,Umbrella Corporation,Won,2016-12-07,2017-03-28,4799,FALSE,TRUE,111
E8RP9FRW,Gladys Colclough,MG Special,dambase,Won,2016-12-07,2017-03-12,51,FALSE,TRUE,95
787IRG9Q,Hayden Neloms,MG Advanced,J-Texon,Won,2016-12-07,2017-03-03,3426,FALSE,TRUE,86
0TUS4NAC,Jonathan Berthelot,MG Special,Rangreen,Won,2016-12-07,2017-03-11,51,FALSE,TRUE,94
FAJTQMUM,Kami Bicknell,GTX Basic,Finjob,Won,2016-12-07,2017-03-20,564,FALSE,TRUE,103
TWF0J0DF,Cecily Lampkin,GTX Plus Pro,Isdom,Won,2016-12-08,2017-03-01,5882,FALSE,TRUE,83
UQ14O415,Donn Cantrell,GTX Pro,Plussunin,Won,2016-12-08,2017-03-20,5059,FALSE,TRUE,102
BOJSLNDG,Kami Bicknell,MG Advanced,Singletechno,Won,2016-12-08,2017-03-11,3388,FALSE,TRUE,93
DASMR0EK,Markita Hansen,GTX Plus Pro,Zoomit,Won,2016-12-08,2017-03-10,5410,FALSE,TRUE,92
A76M0OOH,Reed Clapper,GTX Plus Basic,Zathunicon,Won,2016-12-08,2017-03-28,978,FALSE,TRUE,110
E1VKE2PH,Vicki Laflamme,MG Special,Scotfind,Won,2016-12-08,2017-03-26,54,FALSE,TRUE,108
V5OK4V5I,Cassey Cress,GTX Basic,Bubba Gump,Won,2016-12-09,2017-03-14,549,FALSE,TRUE,95
GJ4L5HHN,Corliss Cosme,GTX Plus Basic,Mathtouch,Won,2016-12-09,2017-03-14,1034,FALSE,TRUE,95
9R8JWY3J,Donn Cantrell,GTX Pro,Vehement Capital Partners,Won,2016-12-09,2017-03-03,4998,FALSE,TRUE,84
0EOFVU05,Donn Cantrell,MG Advanced,Ontomedia,Won,2016-12-09,2017-03-28,3421,FALSE,TRUE,109
HNHOPL7M,Kary Hendrixson,GTX Plus Pro,Doncon,Won,2016-12-09,2017-03-04,5425,FALSE,TRUE,85
Y0NYI17R,Vicki Laflamme,MG Special,Dalttechnology,Won,2016-12-09,2017-03-15,55,FALSE,TRUE,96
R4F4RGAL,Violet Mclelland,MG Advanced,Silis,Won,2016-12-09,2017-03-14,3558,FALSE,TRUE,95
0ZHLQFGU,Kami Bicknell,GTX Pro,Blackzim,Won,2016-12-10,2017-03-22,4839,FALSE,TRUE,102
40DPY158,Markita Hansen,MG Special,Hottechi,Won,2016-12-10,2017-03-25,47,FALSE,TRUE,105
DP9E525R,Maureen Marcano,GTX Plus Basic,Fasehatice,Won,2016-12-10,2017-03-24,1007,FALSE,TRUE,104
DBDUMQQK,Niesha Huffines,MG Special,Inity,Won,2016-12-10,2017-03-24,48,FALSE,TRUE,104
CNBN12RL,Versie Hillebrand,MG Special,Treequote,Won,2016-12-10,2017-03-07,49,FALSE,TRUE,87
OXL0YWEE,Violet Mclelland,GTX Basic,Mathtouch,Won,2016-12-10,2017-03-18,504,FALSE,TRUE,98
5CSSZJF4,Jonathan Berthelot,GTX Basic,Finhigh,Won,2016-12-11,2017-03-21,543,FALSE,TRUE,100
IIS0O91J,Kary Hendrixson,GTX Pro,Fasehatice,Won,2016-12-11,2017-03-28,5149,FALSE,TRUE,107
PYZZ3IS6,Markita Hansen,GTX Plus Basic,Blackzim,Won,2016-12-11,2017-03-11,1043,FALSE,TRUE,90
RV3LPOYP,James Ascencio,GTX Basic,Condax,Won,2016-12-12,2017-03-29,437,FALSE,TRUE,107
1HVNTEPV,Rosie Papadopoulos,GTX Pro,Kinnamplus,Won,2016-12-12,2017-03-11,4465,FALSE,TRUE,89
LC85AQ1I,Vicki Laflamme,GTX Basic,Konex,Won,2016-12-12,2017-03-18,443,FALSE,TRUE,96
EJMX0EIJ,Darcel Schlecht,GTX Plus Pro,Betatech,Won,2016-12-13,2017-03-20,4278,FALSE,TRUE,97
VR9NYBOV,Garret Kinder,MG Special,Kinnamplus,Won,2016-12-13,2017-03-06,41,FALSE,TRUE,83
3U25FK08,Jonathan Berthelot,GTX Basic,Isdom,Won,2016-12-13,2017-03-28,519,FALSE,TRUE,105
CRLK4Z1P,Maureen Marcano,GTX Basic,Kan-code,Won,2016-12-13,2017-03-04,524,FALSE,TRUE,81
OGENAT0L,Zane Levy,GTX Basic,Singletechno,Won,2016-12-13,2017-03-27,552,FALSE,TRUE,104
F57JWIDF,Gladys Colclough,GTX Plus Basic,Konmatfix,Won,2016-12-14,2017-03-02,970,FALSE,TRUE,78
LF8JZ3Q5,Kary Hendrixson,GTX Plus Basic,Hatfan,Won,2016-12-14,2017-03-13,1046,FALSE,TRUE,89
MRGBSMQ5,Kary Hendrixson,GTX Plus Basic,Sunnamplex,Won,2016-12-14,2017-03-14,988,FALSE,TRUE,90
CBAV8ZJL,Lajuana Vencill,GTX Basic,Codehow,Won,2016-12-14,2017-03-22,547,FALSE,TRUE,98
6JXHEZYK,Versie Hillebrand,MG Special,Isdom,Won,2016-12-14,2017-03-31,54,FALSE,TRUE,107
WDHNR2EI,Violet Mclelland,MG Special,Silis,Won,2016-12-14,2017-03-20,57,FALSE,TRUE,96
4K750D6F,Violet Mclelland,MG Special,Yearin,Won,2016-12-14,2017-03-18,55,FALSE,TRUE,94
94GI0ZJ7,Anna Snelling,GTX Plus Pro,Stanredtax,Won,2016-12-15,2017-03-15,5765,FALSE,TRUE,90
TODG6DEK,Daniell Hammack,GTX Basic,Bioplex,Won,2016-12-15,2017-03-16,639,FALSE,TRUE,91
G0ECB8FS,Kary Hendrixson,GTX Pro,Labdrill,Won,2016-12-15,2017-03-15,5100,FALSE,TRUE,90
96MZYUY0,Vicki Laflamme,GTX Pro,Fasehatice,Won,2016-12-15,2017-03-07,4906,FALSE,TRUE,82
JZOKHHWN,Donn Cantrell,GTX Plus Basic,Opentech,Won,2016-12-16,2017-03-07,1037,FALSE,TRUE,81
EH6I67I0,James Ascencio,GTX Basic,Plexzap,Won,2016-12-16,2017-03-15,537,FALSE,TRUE,89
JUUXF02Z,Kary Hendrixson,GTX Pro,Hatfan,Won,2016-12-16,2017-03-09,4694,FALSE,TRUE,83
OT87JDWO,Lajuana Vencill,GTX Basic,Konmatfix,Won,2016-12-16,2017-03-24,560,FALSE,TRUE,98
YHKT6YJ7,Moses Frase,GTX Basic,dambase,Won,2016-12-16,2017-03-13,589,FALSE,TRUE,87
H78I3TAY,Reed Clapper,GTX Basic,Mathtouch,Won,2016-12-16,2017-03-14,493,FALSE,TRUE,88
1ROC43JK,Versie Hillebrand,MG Special,Betatech,Won,2016-12-16,2017-03-08,50,FALSE,TRUE,82
LPZLQL48,Vicki Laflamme,GTX Basic,Y-corporation,Won,2016-12-16,2017-03-28,492,FALSE,TRUE,102
3KR50X38,Corliss Cosme,GTX Plus Basic,Konex,Won,2016-12-17,2017-03-13,1255,FALSE,TRUE,86
Q3WLHRE9,Darcel Schlecht,GTX Basic,Statholdings,Won,2016-12-17,2017-03-04,463,FALSE,TRUE,77
NQU62K1H,Donn Cantrell,GTX Basic,Zencorporation,Won,2016-12-17,2017-03-12,605,FALSE,TRUE,85
NAQKOU0T,Hayden Neloms,GTX Plus Basic,Fasehatice,Won,2016-12-17,2017-03-20,1315,FALSE,TRUE,93
I3V3GUAI,Lajuana Vencill,GTX Basic,Zumgoity,Won,2016-12-17,2017-03-02,559,FALSE,TRUE,75
PN4VJDXY,Moses Frase,GTX Basic,Rundofase,Won,2016-12-17,2017-03-28,557,FALSE,TRUE,101
K9D4DQ3R,Rosie Papadopoulos,MG Special,Vehement Capital Partners,Won,2016-12-17,2017-03-02,48,FALSE,TRUE,75
9X6V79KE,Versie Hillebrand,GTX Plus Pro,Isdom,Won,2016-12-17,2017-03-25,6282,FALSE,TRUE,98
W1KLFNE4,Anna Snelling,MG Advanced,Isdom,Won,2016-12-18,2017-03-02,3246,FALSE,TRUE,74
GD2OCW12,Darcel Schlecht,GTX Basic,Finhigh,Won,2016-12-18,2017-03-14,514,FALSE,TRUE,86
6XO4RYXK,Donn Cantrell,GTX Plus Basic,Silis,Won,2016-12-18,2017-03-15,1132,FALSE,TRUE,87
18Y7GRPW,Garret Kinder,GTX Plus Pro,Silis,Won,2016-12-18,2017-03-21,5918,FALSE,TRUE,93
NLB4D5BQ,Versie Hillebrand,MG Advanced,Gogozoom,Won,2016-12-18,2017-03-24,2955,FALSE,TRUE,96
FCFDJIEZ,Vicki Laflamme,GTX Pro,Fasehatice,Won,2016-12-18,2017-03-21,3742,FALSE,TRUE,93
YZGDW4G1,Violet Mclelland,MG Special,Initech,Won,2016-12-18,2017-03-14,64,FALSE,TRUE,86
LXXW3TRW,Elease Gluck,GTX Plus Basic,Scotfind,Won,2016-12-19,2017-03-18,1164,FALSE,TRUE,89
8KJ3H262,Elease Gluck,MG Special,Singletechno,Won,2016-12-19,2017-03-07,65,FALSE,TRUE,78
UYP3NNU6,Kami Bicknell,GTX Basic,Groovestreet,Won,2016-12-19,2017-03-16,441,FALSE,TRUE,87
MOPWEMB5,Vicki Laflamme,GTX Pro,Hatfan,Won,2016-12-19,2017-03-16,4907,FALSE,TRUE,87
3EL8D4WO,Darcel Schlecht,MG Advanced,Codehow,Won,2016-12-20,2017-03-25,3269,FALSE,TRUE,95
VOAN1NXG,Donn Cantrell,GTX Basic,Kinnamplus,Won,2016-12-20,2017-03-12,579,FALSE,TRUE,82
FKAFO8O9,Kary Hendrixson,MG Special,Xx-holding,Won,2016-12-20,2017-03-31,51,FALSE,TRUE,101
1XBC7M9F,Markita Hansen,MG Special,Faxquote,Won,2016-12-20,2017-03-08,64,FALSE,TRUE,78
8IXBS90G,Rosie Papadopoulos,MG Special,Donware,Won,2016-12-20,2017-03-08,60,FALSE,TRUE,78
2X45BEOS,Cassey Cress,GTX Plus Basic,Ganjaflex,Won,2016-12-21,2017-03-27,1186,FALSE,TRUE,96
EQ8X0QTL,Corliss Cosme,MG Advanced,Yearin,Won,2016-12-21,2017-03-09,3577,FALSE,TRUE,78
5QD53WHF,Daniell Hammack,GTX Plus Basic,Donquadtech,Won,2016-12-21,2017-03-07,1020,FALSE,TRUE,76
79EABK3X,Hayden Neloms,MG Special,Zoomit,Won,2016-12-21,2017-03-23,53,FALSE,TRUE,92
QZ3VV4C1,Kary Hendrixson,GTX Pro,Sunnamplex,Won,2016-12-21,2017-03-08,4719,FALSE,TRUE,77
62AK8UWX,Moses Frase,GTX Basic,Codehow,Won,2016-12-21,2017-03-22,546,FALSE,TRUE,91
5QM4ORNT,Niesha Huffines,GTX Plus Basic,Domzoom,Won,2016-12-21,2017-03-21,1212,FALSE,TRUE,90
N5AZLQZR,Gladys Colclough,GTX Plus Pro,Dontechi,Won,2016-12-22,2017-03-14,5533,FALSE,TRUE,82
4T295XQL,Kami Bicknell,MG Advanced,Finjob,Won,2016-12-22,2017-03-01,3295,FALSE,TRUE,69
YFS5KLJJ,Rosalina Dieter,MG Special,Finjob,Won,2016-12-22,2017-03-31,45,FALSE,TRUE,99
S8GLKDB9,Violet Mclelland,MG Special,Bioplex,Won,2016-12-22,2017-03-04,56,FALSE,TRUE,72
01QKN578,Darcel Schlecht,GTX Pro,Funholding,Won,2016-12-23,2017-03-20,4247,FALSE,TRUE,87
M0JKP0HT,Gladys Colclough,MG Advanced,Isdom,Won,2016-12-23,2017-03-13,3440,FALSE,TRUE,80
ZC3KKSUK,James Ascencio,GTX Pro,Plexzap,Won,2016-12-23,2017-03-02,5040,FALSE,TRUE,69
3X8VLQ5G,Jonathan Berthelot,GTX Basic,Cancity,Won,2016-12-23,2017-03-12,469,FALSE,TRUE,79
EZLXL6GL,Moses Frase,MG Special,Isdom,Won,2016-12-23,2017-03-07,58,FALSE,TRUE,74
R8PEL8V8,Cecily Lampkin,MG Advanced,Isdom,Won,2016-12-24,2017-03-16,2955,FALSE,TRUE,82
L1R32S8H,Corliss Cosme,GTX Plus Pro,Condax,Won,2016-12-24,2017-03-26,5228,FALSE,TRUE,92
J7N8J8NM,Darcel Schlecht,MG Advanced,Toughzap,Won,2016-12-24,2017-03-14,3358,FALSE,TRUE,80
A051G1B4,Jonathan Berthelot,GTX Basic,Codehow,Won,2016-12-24,2017-03-31,517,FALSE,TRUE,97
NMDMM5YJ,Moses Frase,GTX Basic,Dontechi,Won,2016-12-24,2017-03-03,615,FALSE,TRUE,69
I93ZFHEM,Versie Hillebrand,MG Special,Condax,Won,2016-12-24,2017-03-08,62,FALSE,TRUE,74
B2VJCVBB,Darcel Schlecht,GTX Plus Pro,Isdom,Won,2016-12-25,2017-03-13,4711,FALSE,TRUE,78
PC78RLUX,Garret Kinder,GTX Basic,Yearin,Won,2016-12-25,2017-03-30,510,FALSE,TRUE,95
X6GL64T5,Gladys Colclough,GTX Pro,Warephase,Won,2016-12-25,2017-03-25,4891,FALSE,TRUE,90
OWM3BPGW,Hayden Neloms,GTX Plus Basic,Green-Plus,Won,2016-12-25,2017-03-17,926,FALSE,TRUE,82
RP5PS9A5,Lajuana Vencill,MG Special,Betatech,Won,2016-12-25,2017-03-10,56,FALSE,TRUE,75
F2PW7WP2,Violet Mclelland,MG Special,Ontomedia,Won,2016-12-25,2017-03-05,47,FALSE,TRUE,70
U4LRR9E9,James Ascencio,GTX Plus Pro,Nam-zim,Won,2016-12-26,2017-03-10,6490,FALSE,TRUE,74
9N55D1AH,Niesha Huffines,MG Advanced,Treequote,Won,2016-12-26,2017-03-02,3841,FALSE,TRUE,66
WI4PODA2,Kary Hendrixson,GTX Plus Pro,Faxquote,Won,2016-12-27,2017-03-15,5256,FALSE,TRUE,78
MZAN11FT,Anna Snelling,GTX Basic,Conecom,Won,2016-12-28,2017-03-01,625,FALSE,TRUE,63
8S6TNXYB,Darcel Schlecht,GTX Pro,Conecom,Won,2016-12-28,2017-03-22,3952,FALSE,TRUE,84
MOLGOSGE,Kary Hendrixson,GTX Plus Pro,Konex,Won,2016-12-28,2017-03-13,5515,FALSE,TRUE,75
FA1VHZSV,Reed Clapper,MG Special,Vehement Capital Partners,Won,2016-12-28,2017-03-16,57,FALSE,TRUE,78
PXQEX039,Versie Hillebrand,MG Special,Konmatfix,Won,2016-12-28,2017-03-28,51,FALSE,TRUE,90
RX56S6G3,Vicki Laflamme,MG Advanced,Fasehatice,Won,2016-12-28,2017-03-13,3803,FALSE,TRUE,75
G4F8W039,Anna Snelling,GTX Plus Pro,Rundofase,Won,2016-12-29,2017-03-27,5459,FALSE,TRUE,88
4T31MWVO,Anna Snelling,MG Advanced,Stanredtax,Won,2016-12-29,2017-03-23,4148,FALSE,TRUE,84
83XN082U,Corliss Cosme,GTX Plus Pro,Ganjaflex,Won,2016-12-29,2017-03-23,5002,FALSE,TRUE,84
J21W3WIW,Corliss Cosme,MG Advanced,Gekko & Co,Won,2016-12-29,2017-03-03,3351,FALSE,TRUE,64
52UPJFYI,Gladys Colclough,GTX Basic,Domzoom,Won,2016-12-29,2017-03-19,571,FALSE,TRUE,80
QOL51JIB,James Ascencio,GTX Basic,Goodsilron,Won,2016-12-29,2017-03-10,601,FALSE,TRUE,71
93AGN8A6,Markita Hansen,GTX Basic,Zoomit,Won,2016-12-29,2017-03-13,576,FALSE,TRUE,74
J7UNJFJL,Marty Freudenburg,MG Special,Funholding,Won,2016-12-29,2017-03-03,52,FALSE,TRUE,64
A4H5ESTU,Maureen Marcano,GTX Plus Basic,Fasehatice,Won,2016-12-29,2017-03-13,1185,FALSE,TRUE,74
4501T63I,Rosalina Dieter,MG Special,Plexzap,Won,2016-12-29,2017-03-14,56,FALSE,TRUE,75
FPNGEJRC,Violet Mclelland,MG Special,Opentech,Won,2016-12-29,2017-03-29,54,FALSE,TRUE,90
S33WRL0Y,Zane Levy,GTX Pro,Xx-holding,Won,2016-12-29,2017-03-13,4818,FALSE,TRUE,74
Q7IRUJK7,Anna Snelling,GTX Plus Pro,Codehow,Won,2017-01-01,2017-03-01,5087,FALSE,TRUE,59
DTZPYISJ,Daniell Hammack,GTX Plus Basic,Opentech,Won,2017-01-01,2017-03-19,1116,FALSE,TRUE,77
Y9HWSG8Z,Darcel Schlecht,GTX Basic,Gogozoom,Won,2017-01-01,2017-03-20,510,FALSE,TRUE,78
JOQCXC9Z,Jonathan Berthelot,GTX Basic,Streethex,Won,2017-01-01,2017-03-16,565,FALSE,TRUE,74
AP7PCLAZ,Kami Bicknell,GTX Basic,Finjob,Won,2017-01-01,2017-03-26,633,FALSE,TRUE,84
BIE471SO,Reed Clapper,MG Advanced,Xx-zobam,Won,2017-01-01,2017-03-29,3962,FALSE,TRUE,87
UA8AWDG4,Vicki Laflamme,MG Advanced,Y-corporation,Won,2017-01-01,2017-03-22,3672,FALSE,TRUE,80
FZDRB789,Zane Levy,GTX Pro,Goodsilron,Won,2017-01-01,2017-03-18,4586,FALSE,TRUE,76
PC1NUL8Q,Anna Snelling,MG Special,Hottechi,Won,2017-01-02,2017-03-02,60,FALSE,TRUE,59
F1X5ZJ7V,Jonathan Berthelot,GTX Basic,Dontechi,Won,2017-01-02,2017-05-04,572,FALSE,TRUE,122
IF7MJ88P,Kary Hendrixson,GTX Basic,Goodsilron,Won,2017-01-02,2017-03-01,550,FALSE,TRUE,58
06B7XWPC,Kary Hendrixson,GTX Pro,Sonron,Won,2017-01-02,2017-03-17,4125,FALSE,TRUE,74
12MQ3WM8,Marty Freudenburg,MG Advanced,Zumgoity,Won,2017-01-02,2017-03-10,3647,FALSE,TRUE,67
91M6FY8S,Moses Frase,GTX Basic,Dontechi,Won,2017-01-02,2017-03-21,573,FALSE,TRUE,78
0LNZRNEU,Violet Mclelland,GTX Basic,Zencorporation,Won,2017-01-02,2017-03-29,542,FALSE,TRUE,86
NKOKUS7D,Cassey Cress,MG Advanced,Donware,Won,2017-01-03,2017-03-12,3479,FALSE,TRUE,68
I4UCA7CU,Darcel Schlecht,GTX Plus Basic,Stanredtax,Won,2017-01-03,2017-03-21,1012,FALSE,TRUE,77
1LI7ETNZ,James Ascencio,GTX Plus Basic,Doncon,Won,2017-01-03,2017-03-06,990,FALSE,TRUE,62
N36DEZBR,James Ascencio,GTX Pro,Sunnamplex,Won,2017-01-03,2017-03-18,4374,FALSE,TRUE,74
IRB461Y7,Kary Hendrixson,GTX Plus Basic,Xx-holding,Won,2017-01-03,2017-03-30,1054,FALSE,TRUE,86
NM2Q3CGW,Vicki Laflamme,MG Special,Scotfind,Won,2017-01-03,2017-03-15,55,FALSE,TRUE,71
5E14LG51,Boris Faz,GTX Plus Basic,Iselectrics,Won,2017-01-04,2017-03-25,1073,FALSE,TRUE,80
CRX91A45,Kary Hendrixson,GTX Basic,Faxquote,Won,2017-01-04,2017-03-16,586,FALSE,TRUE,71
ZOQ8RC86,Marty Freudenburg,GTX Pro,Treequote,Won,2017-01-04,2017-05-05,4667,FALSE,TRUE,121
SV4SOO2K,Vicki Laflamme,GTX Plus Basic,Hottechi,Won,2017-01-04,2017-03-28,880,FALSE,TRUE,83
ITHR5WLF,Vicki Laflamme,MG Advanced,Plexzap,Won,2017-01-04,2017-03-12,3676,FALSE,TRUE,67
HG07LMHI,Jonathan Berthelot,GTX Pro,Treequote,Won,2017-01-05,2017-03-19,4716,FALSE,TRUE,73
2U54WYQ1,Vicki Laflamme,GTX Pro,Goodsilron,Won,2017-01-05,2017-03-23,4211,FALSE,TRUE,77
1G866GH4,Darcel Schlecht,MG Special,Toughzap,Won,2017-01-06,2017-03-17,56,FALSE,TRUE,70
Q5CABPMO,Gladys Colclough,MG Special,Funholding,Won,2017-01-06,2017-03-23,44,FALSE,TRUE,76
HHBA93J5,Kary Hendrixson,GTX Basic,Konex,Won,2017-01-06,2017-03-27,532,FALSE,TRUE,80
BBC3JB3H,Anna Snelling,GTX Basic,Isdom,Won,2017-01-07,2017-03-08,622,FALSE,TRUE,60
OX4P78HP,Corliss Cosme,GTX Plus Basic,Xx-zobam,Won,2017-01-07,2017-03-16,1257,FALSE,TRUE,68
72LNJRY9,Maureen Marcano,GTX Plus Basic,Lexiqvolax,Won,2017-01-07,2017-03-25,1135,FALSE,TRUE,77
L0345WKB,Zane Levy,GTX Pro,Newex,Won,2017-01-07,2017-03-14,4313,FALSE,TRUE,66
S24L8LVR,Anna Snelling,GTX Plus Pro,dambase,Won,2017-01-08,2017-03-18,5210,FALSE,TRUE,69
JXWXEJXE,Lajuana Vencill,MG Special,Ron-tech,Won,2017-01-08,2017-03-27,47,FALSE,TRUE,78
W2JCRPLX,Markita Hansen,MG Advanced,Konex,Won,2017-01-08,2017-03-22,3220,FALSE,TRUE,73
1M2I2NXQ,Rosie Papadopoulos,MG Special,Donware,Won,2017-01-08,2017-03-26,47,FALSE,TRUE,77
54EGR0AD,Violet Mclelland,MG Special,Yearin,Won,2017-01-08,2017-03-25,63,FALSE,TRUE,76
VT5Y73GX,Anna Snelling,MG Special,Betatech,Won,2017-01-09,2017-03-15,56,FALSE,TRUE,65
8O9V7UOZ,Anna Snelling,MG Special,Rundofase,Won,2017-01-09,2017-03-01,65,FALSE,TRUE,51
GIIC5H9X,Boris Faz,GTX Plus Pro,Donquadtech,Won,2017-01-09,2017-03-19,5743,FALSE,TRUE,69
9WMU7YHD,Cassey Cress,MG Special,Mathtouch,Won,2017-01-09,2017-03-03,53,FALSE,TRUE,53
8BQMFR86,Corliss Cosme,GTX Plus Pro,Betasoloin,Won,2017-01-09,2017-03-30,4974,FALSE,TRUE,80
DDCC6ZPK,Donn Cantrell,MG Advanced,Ontomedia,Won,2017-01-09,2017-03-25,3892,FALSE,TRUE,75
YMGWLEHY,Garret Kinder,GTX Pro,Betasoloin,Won,2017-01-09,2017-03-21,3822,FALSE,TRUE,71
FKS9MVF6,Jonathan Berthelot,GTX Basic,Inity,Won,2017-01-09,2017-03-02,504,FALSE,TRUE,52
HF8ABDF6,Rosalina Dieter,MG Advanced,Xx-holding,Won,2017-01-09,2017-03-29,3145,FALSE,TRUE,79
SIRC44NM,Vicki Laflamme,GTX Basic,Finjob,Won,2017-01-09,2017-03-27,564,FALSE,TRUE,77
7S6SHJJG,Zane Levy,GTX Plus Basic,Fasehatice,Won,2017-01-09,2017-03-14,1117,FALSE,TRUE,64
ZE84UHHB,Anna Snelling,MG Special,Inity,Won,2017-01-10,2017-03-26,59,FALSE,TRUE,75
2R3ZA84D,Darcel Schlecht,MG Special,Finhigh,Won,2017-01-10,2017-03-28,52,FALSE,TRUE,77
LTTYTAXA,Donn Cantrell,GTX Pro,Kan-code,Won,2017-01-10,2017-03-24,4694,FALSE,TRUE,73
ZWFPD71J,Kami Bicknell,GTX Pro,Plusstrip,Won,2017-01-10,2017-03-06,5620,FALSE,TRUE,55
T5C527Z9,Kary Hendrixson,GTX Plus Basic,Singletechno,Won,2017-01-10,2017-03-08,1095,FALSE,TRUE,57
AEBF9M5T,Lajuana Vencill,GTX Basic,Ron-tech,Won,2017-01-10,2017-03-30,489,FALSE,TRUE,79
EV46ES18,Markita Hansen,GTX Plus Pro,Golddex,Won,2017-01-10,2017-03-16,5908,FALSE,TRUE,65
ID3IJHUS,Markita Hansen,MG Advanced,Xx-holding,Won,2017-01-10,2017-03-11,3820,FALSE,TRUE,60
5DEO8EDS,Vicki Laflamme,GTX Basic,Rantouch,Won,2017-01-10,2017-03-20,581,FALSE,TRUE,69
A4BBDK82,Jonathan Berthelot,GTX Basic,Gogozoom,Won,2017-01-11,2017-03-28,585,FALSE,TRUE,76
4XCJP60W,Kami Bicknell,GTX Basic,Nam-zim,Won,2017-01-11,2017-05-06,572,FALSE,TRUE,115
CDKX2A19,Lajuana Vencill,MG Advanced,Zumgoity,Won,2017-01-11,2017-03-12,3669,FALSE,TRUE,60
344I60EI,Markita Hansen,GTX Plus Basic,Golddex,Won,2017-01-11,2017-03-16,1091,FALSE,TRUE,64
0IYQX303,Reed Clapper,GTX Pro,Donquadtech,Won,2017-01-11,2017-03-17,4905,FALSE,TRUE,65
6IMUQYMN,Corliss Cosme,GTX Basic,Vehement Capital Partners,Won,2017-01-12,2017-03-10,540,FALSE,TRUE,57
N9GAZ6B6,Gladys Colclough,MG Special,Zumgoity,Won,2017-01-12,2017-03-20,49,FALSE,TRUE,67
8O3IYWSM,Jonathan Berthelot,GTX Basic,Globex Corporation,Won,2017-01-12,2017-05-17,513,FALSE,TRUE,125
R3OR0J5C,Lajuana Vencill,MG Special,Gogozoom,Won,2017-01-12,2017-03-30,54,FALSE,TRUE,77
RXV4UXRE,Violet Mclelland,MG Special,Yearin,Won,2017-01-12,2017-03-23,56,FALSE,TRUE,70
5AKGNKX1,Anna Snelling,MG Special,Konmatfix,Won,2017-01-13,2017-03-16,58,FALSE,TRUE,62
KNLMLTJH,Anna Snelling,MG Special,Treequote,Won,2017-01-13,2017-03-27,58,FALSE,TRUE,73
G9GH5KV5,Kami Bicknell,GTX Pro,Nam-zim,Won,2017-01-13,2017-03-21,4453,FALSE,TRUE,67
K1RXVUG9,Kary Hendrixson,GTX Basic,Nam-zim,Won,2017-01-13,2017-03-14,619,FALSE,TRUE,60
1QT3STIA,Maureen Marcano,GTX Plus Pro,Xx-holding,Won,2017-01-13,2017-05-14,5163,FALSE,TRUE,121
070M5M6X,Maureen Marcano,GTX Pro,Green-Plus,Won,2017-01-13,2017-03-25,4071,FALSE,TRUE,71
DFTR2O9K,Reed Clapper,MG Special,Donquadtech,Won,2017-01-13,2017-05-08,56,FALSE,TRUE,115
EJSFO67U,Donn Cantrell,GTX Pro,Zotware,Won,2017-01-14,2017-03-29,4375,FALSE,TRUE,74
SKTD4GGU,Kami Bicknell,GTX Basic,Golddex,Won,2017-01-14,2017-03-28,610,FALSE,TRUE,73
561707V4,Vicki Laflamme,GTX Pro,Xx-holding,Won,2017-01-14,2017-03-17,4554,FALSE,TRUE,62
J28ZRO9G,Wilburn Farren,MG Advanced,Konex,Won,2017-01-14,2017-05-18,2880,FALSE,TRUE,124
AOOFHH6F,Markita Hansen,MG Special,Scotfind,Won,2017-01-15,2017-05-18,60,FALSE,TRUE,123
5U9Y1P87,Maureen Marcano,GTX Basic,Condax,Won,2017-01-15,2017-03-21,688,FALSE,TRUE,65
J0Y91LUA,Maureen Marcano,GTX Plus Pro,Goodsilron,Won,2017-01-15,2017-03-22,6142,FALSE,TRUE,66
YBRZQFEO,Maureen Marcano,GTX Pro,Green-Plus,Won,2017-01-15,2017-03-31,4939,FALSE,TRUE,75
PHR8KB1Y,Niesha Huffines,GTX Plus Pro,Warephase,Won,2017-01-15,2017-05-15,6270,FALSE,TRUE,120
TBZMXKH4,Wilburn Farren,MG Advanced,Acme Corporation,Won,2017-01-15,2017-03-29,3833,FALSE,TRUE,73
6389JY2H,Moses Frase,MG Special,Hottechi,Won,2017-01-16,2017-06-02,57,FALSE,TRUE,137
SZ81H1PM,Versie Hillebrand,MG Special,Cancity,Won,2017-01-16,2017-03-17,47,FALSE,TRUE,60
N9C0OCYY,Gladys Colclough,MG Special,Inity,Won,2017-01-17,2017-05-04,57,FALSE,TRUE,107
R7XZAIWS,Jonathan Berthelot,MG Advanced,Genco Pura Olive Oil Company,Won,2017-01-17,2017-03-14,3257,FALSE,TRUE,56
FFO5WOHT,Kami Bicknell,GTX Basic,Sunnamplex,Won,2017-01-17,2017-05-08,511,FALSE,TRUE,111
XHHJ48MJ,Kami Bicknell,GTX Basic,Y-corporation,Won,2017-01-17,2017-03-14,607,FALSE,TRUE,56
YAR5GGA4,Markita Hansen,GTX Plus Pro,Cheers,Won,2017-01-17,2017-03-29,5120,FALSE,TRUE,71
NOVPMLOV,Niesha Huffines,GTX Plus Basic,Hottechi,Won,2017-01-17,2017-03-23,1343,FALSE,TRUE,65
UPHN2I1Q,Niesha Huffines,MG Special,Rundofase,Won,2017-01-17,2017-05-14,55,FALSE,TRUE,117
NN9R2Y4W,Vicki Laflamme,MG Special,Faxquote,Won,2017-01-17,2017-03-30,49,FALSE,TRUE,72
A6Y1V5Z0,Garret Kinder,GTX Pro,Zotware,Won,2017-01-18,2017-06-04,4426,FALSE,TRUE,137
NU8LWEWU,James Ascencio,GTX Plus Pro,Groovestreet,Won,2017-01-18,2017-05-03,5264,FALSE,TRUE,105
904203D6,Moses Frase,MG Special,Dontechi,Won,2017-01-18,2017-03-29,59,FALSE,TRUE,70
Z0TSV030,Garret Kinder,GTX Basic,Opentech,Won,2017-01-19,2017-03-30,617,FALSE,TRUE,70
8C4QM1X6,Gladys Colclough,GTX Basic,Codehow,Won,2017-01-19,2017-06-04,565,FALSE,TRUE,136
NOPI41RP,James Ascencio,GTX Basic,Sonron,Won,2017-01-19,2017-03-01,511,FALSE,TRUE,41
AC5YXLIR,Kary Hendrixson,MG Special,Faxquote,Won,2017-01-19,2017-03-30,60,FALSE,TRUE,70
HSGJKH6U,Kary Hendrixson,MG Advanced,Plexzap,Won,2017-01-19,2017-03-29,3407,FALSE,TRUE,69
4TZF9N1D,Kary Hendrixson,MG Advanced,Xx-holding,Won,2017-01-19,2017-03-28,3273,FALSE,TRUE,68
IMTPZV7J,Moses Frase,MG Advanced,Gogozoom,Won,2017-01-19,2017-05-01,3363,FALSE,TRUE,102
6NXY7144,Vicki Laflamme,GTX Basic,Xx-holding,Won,2017-01-19,2017-03-31,365,FALSE,TRUE,71
KBKHKULU,Zane Levy,GTX Plus Pro,Lexiqvolax,Won,2017-01-19,2017-03-18,4869,FALSE,TRUE,58
INMJIFTF,Corliss Cosme,GTX Basic,Ontomedia,Won,2017-01-20,2017-06-06,599,FALSE,TRUE,137
FUVQ5UKB,Daniell Hammack,MG Advanced,Konex,Won,2017-01-20,2017-05-20,3194,FALSE,TRUE,120
O462ARMZ,Garret Kinder,GTX Plus Pro,Condax,Won,2017-01-20,2017-06-05,5429,FALSE,TRUE,136
6DCKCXDC,Jonathan Berthelot,GTX Pro,Hottechi,Won,2017-01-20,2017-05-05,5008,FALSE,TRUE,105
QVF0JRM5,Jonathan Berthelot,MG Advanced,Domzoom,Won,2017-01-20,2017-03-28,3459,FALSE,TRUE,67
Y6HNPIIT,Kary Hendrixson,GTX Pro,Hottechi,Won,2017-01-20,2017-03-07,4559,FALSE,TRUE,46
IBKRO1AN,Kary Hendrixson,GTX Pro,Labdrill,Won,2017-01-20,2017-03-28,4221,FALSE,TRUE,67
JN1ZFD18,Lajuana Vencill,MG Special,Domzoom,Won,2017-01-20,2017-03-06,56,FALSE,TRUE,45
ZE7ILYKB,Markita Hansen,GTX Pro,Nam-zim,Won,2017-01-20,2017-05-03,5508,FALSE,TRUE,103
WPGTHV8V,Darcel Schlecht,GTX Basic,Ron-tech,Won,2017-01-21,2017-03-19,657,FALSE,TRUE,57
GWAT8UWK,Lajuana Vencill,GTX Basic,Scottech,Won,2017-01-21,2017-03-25,638,FALSE,TRUE,63
IZD69C5Q,Marty Freudenburg,MG Special,Betatech,Won,2017-01-21,2017-06-06,41,FALSE,TRUE,136
QFU565JJ,Rosie Papadopoulos,GTX Plus Pro,Initech,Won,2017-01-21,2017-05-07,5582,FALSE,TRUE,106
Z5BCBTAO,Versie Hillebrand,MG Special,Konmatfix,Won,2017-01-21,2017-05-20,60,FALSE,TRUE,119
2KKRRM1G,Zane Levy,GTX Plus Basic,Y-corporation,Won,2017-01-21,2017-05-03,1036,FALSE,TRUE,102
RLUGVSNV,Darcel Schlecht,GTX Plus Basic,Funholding,Won,2017-01-22,2017-05-12,943,FALSE,TRUE,110
ZKSJ1DOK,Elease Gluck,GTX Basic,Kan-code,Won,2017-01-22,2017-06-07,581,FALSE,TRUE,136
RSZC6BMW,Moses Frase,GTX Basic,Toughzap,Won,2017-01-22,2017-05-07,538,FALSE,TRUE,105
O7YNBRX0,Reed Clapper,GTX Plus Basic,Donquadtech,Won,2017-01-22,2017-03-28,1100,FALSE,TRUE,65
VAH6Y3F6,Jonathan Berthelot,GTX Plus Basic,Hottechi,Won,2017-01-23,2017-05-17,1039,FALSE,TRUE,114
5HKAT5GS,Reed Clapper,GTX Plus Basic,Umbrella Corporation,Won,2017-01-23,2017-05-10,1076,FALSE,TRUE,107
TBIW957T,Versie Hillebrand,MG Special,Rundofase,Won,2017-01-23,2017-03-16,53,FALSE,TRUE,52
MSEIIH95,Versie Hillebrand,MG Advanced,Statholdings,Won,2017-01-23,2017-03-23,3046,FALSE,TRUE,59
CF1CSNPX,Daniell Hammack,GTX Pro,Kan-code,Won,2017-01-24,2017-03-31,5140,FALSE,TRUE,66
NOXNFJ2L,Darcel Schlecht,GTX Plus Basic,Warephase,Won,2017-01-24,2017-05-17,1067,FALSE,TRUE,113
NN6CSUWT,Daniell Hammack,GTX Plus Basic,Zathunicon,Won,2017-01-25,2017-03-21,1065,FALSE,TRUE,55
X69POZIN,Kary Hendrixson,GTX Basic,Lexiqvolax,Won,2017-01-25,2017-05-06,481,FALSE,TRUE,101
CPGCT81C,Maureen Marcano,GTX Basic,Dalttechnology,Won,2017-01-25,2017-03-06,499,FALSE,TRUE,40
P13DDOTM,Rosie Papadopoulos,MG Special,Bioplex,Won,2017-01-25,2017-03-08,59,FALSE,TRUE,42
9ZKORPL2,Violet Mclelland,MG Special,Initech,Won,2017-01-25,2017-05-09,45,FALSE,TRUE,104
1ZCOKNNI,Zane Levy,GTX Pro,Sonron,Won,2017-01-25,2017-05-14,5743,FALSE,TRUE,109
BVYMJ6TD,Cassey Cress,GTX Plus Pro,Vehement Capital Partners,Won,2017-01-26,2017-05-13,6117,FALSE,TRUE,107
VXX8GJGY,Donn Cantrell,GTX Plus Basic,The New York Inquirer,Won,2017-01-26,2017-03-19,1158,FALSE,TRUE,52
ES9L0DXE,Garret Kinder,MG Special,Kinnamplus,Won,2017-01-26,2017-05-22,59,FALSE,TRUE,116
36PTGLTW,Maureen Marcano,MG Advanced,Xx-holding,Won,2017-01-26,2017-03-24,3106,FALSE,TRUE,57
6WTNSL1T,Rosalina Dieter,MG Advanced,Newex,Won,2017-01-26,2017-03-19,2982,FALSE,TRUE,52
PV1DISEC,Zane Levy,GTX Plus Pro,Hottechi,Won,2017-01-26,2017-03-16,6101,FALSE,TRUE,49
S6BG03TB,Anna Snelling,GTX Plus Pro,Treequote,Won,2017-01-27,2017-05-08,5883,FALSE,TRUE,101
2YOW2BI0,Corliss Cosme,GTX Plus Pro,Xx-zobam,Won,2017-01-27,2017-05-22,5051,FALSE,TRUE,115
IQ9KYZCG,Darcel Schlecht,GTX Plus Basic,Statholdings,Won,2017-01-27,2017-05-11,1155,FALSE,TRUE,104
C4AFMVFM,James Ascencio,GTX Plus Pro,Cheers,Won,2017-01-27,2017-03-06,5616,FALSE,TRUE,38
WK6ERCGR,James Ascencio,GTX Plus Pro,Golddex,Won,2017-01-27,2017-06-06,5116,FALSE,TRUE,130
64DJ954O,Kary Hendrixson,GTX Plus Basic,Condax,Won,2017-01-27,2017-03-30,1136,FALSE,TRUE,62
84V18DBW,Anna Snelling,GTX Plus Basic,Finhigh,Won,2017-01-28,2017-06-01,1216,FALSE,TRUE,124
WFY0S4WW,Anna Snelling,GTX Plus Basic,Hottechi,Won,2017-01-28,2017-05-02,1089,FALSE,TRUE,94
HA1KXAIS,Cassey Cress,MG Advanced,Condax,Won,2017-01-28,2017-06-04,3908,FALSE,TRUE,127
SNFW1FD7,Darcel Schlecht,MG Advanced,Streethex,Won,2017-01-28,2017-05-07,3369,FALSE,TRUE,99
2EOF1QCY,James Ascencio,GTX Plus Pro,J-Texon,Won,2017-01-28,2017-05-20,5259,FALSE,TRUE,112
QY6HCHDH,Anna Snelling,MG Special,Condax,Won,2017-01-29,2017-05-25,52,FALSE,TRUE,116
CZ3XOD03,Boris Faz,GTX Plus Pro,Acme Corporation,Won,2017-01-29,2017-05-11,5772,FALSE,TRUE,102
WVJBVA61,Cecily Lampkin,MG Advanced,Domzoom,Won,2017-01-29,2017-03-21,3496,FALSE,TRUE,51
MV9AO6WU,Elease Gluck,MG Advanced,Finjob,Won,2017-01-29,2017-03-12,3602,FALSE,TRUE,42
VS2G74XQ,Garret Kinder,MG Special,Yearin,Won,2017-01-29,2017-03-09,57,FALSE,TRUE,39
Q37IWCG1,Gladys Colclough,MG Special,Funholding,Won,2017-01-29,2017-05-11,51,FALSE,TRUE,102
CUR03RXO,Hayden Neloms,MG Advanced,Sonron,Won,2017-01-29,2017-06-14,3689,FALSE,TRUE,136
81APSLDP,James Ascencio,GTX Plus Basic,Xx-holding,Won,2017-01-29,2017-05-03,1170,FALSE,TRUE,94
G2GU9DYX,Jonathan Berthelot,GTX Pro,Rangreen,Won,2017-01-29,2017-05-06,4736,FALSE,TRUE,97
ZW58VIDI,Vicki Laflamme,MG Special,Hatfan,Won,2017-01-29,2017-05-25,64,FALSE,TRUE,116
Q7IIF1IP,Vicki Laflamme,MG Special,J-Texon,Won,2017-01-29,2017-06-05,55,FALSE,TRUE,127
AALARPLH,Vicki Laflamme,MG Advanced,Goodsilron,Won,2017-01-29,2017-03-13,2970,FALSE,TRUE,43
01X8H9SO,Corliss Cosme,GTX Pro,Bubba Gump,Won,2017-01-30,2017-05-13,5035,FALSE,TRUE,103
N9VYMV3W,Darcel Schlecht,GTX Pro,Funholding,Won,2017-01-30,2017-03-10,4774,FALSE,TRUE,39
2FTB6A7I,James Ascencio,GTX Plus Pro,Kan-code,Won,2017-01-30,2017-05-16,5390,FALSE,TRUE,106
7V9A9TXZ,Marty Freudenburg,GTX Plus Basic,Codehow,Won,2017-01-30,2017-06-06,1190,FALSE,TRUE,127
HWDRCUYU,Moses Frase,GTX Plus Pro,Betatech,Won,2017-01-30,2017-05-14,5755,FALSE,TRUE,104
GFV4W89I,Rosalina Dieter,GTX Pro,Scotfind,Won,2017-01-30,2017-06-13,4933,FALSE,TRUE,134
7A4AC5BC,Versie Hillebrand,MG Advanced,Ron-tech,Won,2017-01-30,2017-06-04,3642,FALSE,TRUE,125
A3BK99P6,Cassey Cress,MG Advanced,Kan-code,Won,2017-01-31,2017-03-17,2923,FALSE,TRUE,45
NY21X16G,Darcel Schlecht,GTX Pro,Zumgoity,Won,2017-01-31,2017-03-10,5035,FALSE,TRUE,38
4DW2FDX4,Versie Hillebrand,MG Special,dambase,Won,2017-01-31,2017-05-20,54,FALSE,TRUE,109
A66X4Q2J,Versie Hillebrand,MG Special,Konmatfix,Won,2017-01-31,2017-05-01,54,FALSE,TRUE,90
IT9YW5RP,Wilburn Farren,GTX Basic,Initech,Won,2017-01-31,2017-05-26,592,FALSE,TRUE,115
7IZ2GMYK,Darcel Schlecht,GTX Basic,Toughzap,Won,2017-02-01,2017-05-16,640,FALSE,TRUE,104
TTY0X4TG,Darcel Schlecht,GTX Pro,Dontechi,Won,2017-02-01,2017-05-05,5127,FALSE,TRUE,93
L8D22SSW,Darcel Schlecht,MG Advanced,Betatech,Won,2017-02-01,2017-06-17,3822,FALSE,TRUE,136
4563ENEB,Lajuana Vencill,GTX Basic,Gogozoom,Won,2017-02-01,2017-05-02,574,FALSE,TRUE,90
4WP0VJAS,Lajuana Vencill,MG Advanced,Codehow,Won,2017-02-01,2017-06-18,2525,FALSE,TRUE,137
60UOBOEM,Rosalina Dieter,GTK 500,Groovestreet,Won,2017-02-01,2017-06-07,30288,FALSE,TRUE,126
QPFNQYMV,Gladys Colclough,MG Advanced,Inity,Won,2017-02-02,2017-05-14,3581,FALSE,TRUE,101
031BBF1I,Versie Hillebrand,MG Special,Finhigh,Won,2017-02-02,2017-03-30,54,FALSE,TRUE,56
O11S2R63,Boris Faz,GTX Plus Basic,Konex,Won,2017-02-03,2017-06-03,1121,FALSE,TRUE,120
G13DD850,Cassey Cress,GTX Basic,Silis,Won,2017-02-03,2017-06-04,477,FALSE,TRUE,121
WZU2OHYU,Corliss Cosme,GTX Basic,Condax,Won,2017-02-03,2017-05-05,515,FALSE,TRUE,91
RGCH6CUF,Hayden Neloms,GTX Plus Basic,Goodsilron,Won,2017-02-03,2017-06-20,975,FALSE,TRUE,137
JX7WZ9UP,Hayden Neloms,MG Advanced,Sunnamplex,Won,2017-02-03,2017-05-01,3376,FALSE,TRUE,87
FDCEBWRI,James Ascencio,GTX Basic,Fasehatice,Won,2017-02-03,2017-03-12,458,FALSE,TRUE,37
0AJ6LTZ0,Kami Bicknell,GTX Basic,Golddex,Won,2017-02-03,2017-03-14,622,FALSE,TRUE,39
SVMB8M7E,Kami Bicknell,GTX Basic,Lexiqvolax,Won,2017-02-03,2017-06-09,441,FALSE,TRUE,126
4Q4NBPD6,Marty Freudenburg,GTX Basic,Ron-tech,Won,2017-02-03,2017-05-21,538,FALSE,TRUE,107
K8VSDOP8,Maureen Marcano,GTX Plus Pro,Goodsilron,Won,2017-02-03,2017-03-29,4667,FALSE,TRUE,54
YNP9PI1X,Niesha Huffines,GTX Plus Basic,Codehow,Won,2017-02-03,2017-06-15,1018,FALSE,TRUE,132
3XVY4LEU,Reed Clapper,GTX Pro,Bluth Company,Won,2017-02-03,2017-05-09,4671,FALSE,TRUE,95
8K1OGB0R,Violet Mclelland,GTX Pro,Bubba Gump,Won,2017-02-03,2017-05-16,4634,FALSE,TRUE,102
QQDO45YR,Cecily Lampkin,MG Advanced,Warephase,Won,2017-02-04,2017-05-09,3470,FALSE,TRUE,94
88KUDE6J,Donn Cantrell,GTX Plus Pro,Acme Corporation,Won,2017-02-04,2017-05-30,5366,FALSE,TRUE,115
RZ2PUH86,Kary Hendrixson,GTX Basic,Groovestreet,Won,2017-02-04,2017-05-17,582,FALSE,TRUE,102
GLVSDQQT,Kary Hendrixson,GTX Basic,Sunnamplex,Won,2017-02-04,2017-05-02,583,FALSE,TRUE,87
OCLEO3CD,Vicki Laflamme,GTX Plus Pro,Fasehatice,Won,2017-02-04,2017-05-19,6079,FALSE,TRUE,104
GQCRMEIL,Zane Levy,GTX Plus Basic,Konex,Won,2017-02-04,2017-06-02,1068,FALSE,TRUE,118
UK2JIE61,Anna Snelling,MG Special,Cancity,Won,2017-02-05,2017-05-04,55,FALSE,TRUE,88
OV5X3O5I,Cassey Cress,GTX Basic,Betasoloin,Won,2017-02-05,2017-03-27,493,FALSE,TRUE,50
LSVMMUJ0,Darcel Schlecht,GTX Pro,Condax,Won,2017-02-05,2017-03-25,5559,FALSE,TRUE,48
97KFQSX1,Elease Gluck,MG Advanced,Scotfind,Won,2017-02-05,2017-05-09,3351,FALSE,TRUE,93
08APB75Q,Lajuana Vencill,GTX Basic,Isdom,Won,2017-02-05,2017-05-13,501,FALSE,TRUE,97
TPVFA5B8,Reed Clapper,GTX Basic,Mathtouch,Won,2017-02-05,2017-05-07,532,FALSE,TRUE,91
4E01ALB0,Vicki Laflamme,MG Advanced,Green-Plus,Won,2017-02-05,2017-05-04,3103,FALSE,TRUE,88
K4HVGBVH,Corliss Cosme,GTX Plus Pro,Gekko & Co,Won,2017-02-06,2017-05-22,5505,FALSE,TRUE,105
L33YUX9V,Moses Frase,GTX Plus Basic,Rangreen,Won,2017-02-06,2017-05-15,1068,FALSE,TRUE,98
QT7LRWTN,Vicki Laflamme,MG Advanced,Cheers,Won,2017-02-06,2017-05-04,3357,FALSE,TRUE,87
5831YZMT,Zane Levy,GTX Basic,Finjob,Won,2017-02-06,2017-06-23,532,FALSE,TRUE,137
FOWAY95L,Darcel Schlecht,GTX Plus Pro,Funholding,Won,2017-02-07,2017-05-05,5786,FALSE,TRUE,87
SRZMNS79,Jonathan Berthelot,GTX Plus Basic,Streethex,Won,2017-02-07,2017-05-19,1131,FALSE,TRUE,101
0XMB83YO,Kami Bicknell,GTX Plus Pro,Scotfind,Won,2017-02-07,2017-05-15,5401,FALSE,TRUE,97
4TEO0LE1,Marty Freudenburg,GTX Plus Basic,Konmatfix,Won,2017-02-07,2017-03-28,1062,FALSE,TRUE,49
5P82H5AA,Reed Clapper,MG Advanced,Zotware,Won,2017-02-07,2017-03-23,3695,FALSE,TRUE,44
V751HK8R,Versie Hillebrand,MG Special,Finhigh,Won,2017-02-07,2017-06-03,60,FALSE,TRUE,116
QWL218JV,Vicki Laflamme,MG Advanced,Singletechno,Won,2017-02-07,2017-06-13,2919,FALSE,TRUE,126
12M4HB7G,Cassey Cress,GTX Basic,Plussunin,Won,2017-02-08,2017-05-01,623,FALSE,TRUE,82
5IES0B4B,James Ascencio,MG Special,Scotfind,Won,2017-02-08,2017-05-04,49,FALSE,TRUE,85
GMI6XZ4O,Jonathan Berthelot,GTX Basic,Codehow,Won,2017-02-08,2017-05-04,612,FALSE,TRUE,85
YOQCQ4UO,Kami Bicknell,GTX Basic,Hottechi,Won,2017-02-08,2017-03-18,534,FALSE,TRUE,38
KOZTDBJ5,Kami Bicknell,GTX Plus Basic,Condax,Won,2017-02-08,2017-06-07,1103,FALSE,TRUE,119
8NMPO9K3,Lajuana Vencill,GTX Basic,Conecom,Won,2017-02-08,2017-05-10,582,FALSE,TRUE,91
RCQDGE4W,Marty Freudenburg,GTX Plus Pro,Cancity,Won,2017-02-08,2017-05-04,6292,FALSE,TRUE,85
I995O4XJ,Rosalina Dieter,MG Special,Groovestreet,Won,2017-02-08,2017-05-24,63,FALSE,TRUE,105
EOXZGSX9,Versie Hillebrand,MG Advanced,Globex Corporation,Won,2017-02-08,2017-05-13,3522,FALSE,TRUE,94
NJCSG7MX,Vicki Laflamme,GTX Basic,Plexzap,Won,2017-02-08,2017-05-04,532,FALSE,TRUE,85
5Q8BQ64R,Wilburn Farren,MG Advanced,Kinnamplus,Won,2017-02-08,2017-05-22,3645,FALSE,TRUE,103
L47EPGVT,Anna Snelling,GTX Plus Pro,Gogozoom,Won,2017-02-09,2017-03-01,4760,FALSE,TRUE,20
9GENDMWA,Corliss Cosme,GTX Basic,Betasoloin,Won,2017-02-09,2017-05-25,603,FALSE,TRUE,105
GKLE0CDI,Daniell Hammack,MG Advanced,Yearin,Won,2017-02-09,2017-03-02,3249,FALSE,TRUE,21
XT9YNOV2,Donn Cantrell,GTX Plus Pro,Acme Corporation,Won,2017-02-09,2017-06-11,5724,FALSE,TRUE,122
BAOSO1I2,Kary Hendrixson,GTX Basic,Faxquote,Won,2017-02-09,2017-05-02,516,FALSE,TRUE,82
IZDF2RTL,Marty Freudenburg,GTX Plus Basic,Rangreen,Won,2017-02-09,2017-05-27,1050,FALSE,TRUE,107
F61DLVRS,Maureen Marcano,GTX Plus Pro,Plexzap,Won,2017-02-09,2017-05-23,4519,FALSE,TRUE,103
S9W53L4L,Niesha Huffines,GTX Basic,Dontechi,Won,2017-02-09,2017-06-05,672,FALSE,TRUE,116
12OQKSVK,Reed Clapper,GTX Plus Basic,Mathtouch,Won,2017-02-09,2017-03-20,896,FALSE,TRUE,39
VC94R5H8,Vicki Laflamme,GTX Basic,Konex,Won,2017-02-09,2017-03-23,587,FALSE,TRUE,42
XTKIX6I4,Vicki Laflamme,MG Advanced,Sonron,Won,2017-02-09,2017-06-13,3426,FALSE,TRUE,124
MSE1UXKU,Cassey Cress,GTX Pro,Ontomedia,Won,2017-02-10,2017-03-20,5021,FALSE,TRUE,38
HM334UL2,Darcel Schlecht,GTX Plus Basic,Rangreen,Won,2017-02-10,2017-03-30,1126,FALSE,TRUE,48
L4124UJG,Donn Cantrell,GTX Pro,Umbrella Corporation,Won,2017-02-10,2017-05-15,5473,FALSE,TRUE,94
FD8YL177,Elease Gluck,MG Special,Rantouch,Won,2017-02-10,2017-05-09,51,FALSE,TRUE,88
UU21EYFN,Kami Bicknell,GTX Basic,Sonron,Won,2017-02-10,2017-03-06,563,FALSE,TRUE,24
QSQ42Q6M,Reed Clapper,MG Advanced,Kan-code,Won,2017-02-10,2017-06-15,2928,FALSE,TRUE,125
PCBA3KAV,Reed Clapper,MG Advanced,Zathunicon,Won,2017-02-10,2017-06-05,3618,FALSE,TRUE,115
ZBBMGEV4,Darcel Schlecht,GTX Plus Basic,Inity,Won,2017-02-11,2017-05-16,1189,FALSE,TRUE,94
ULVXOPG3,Elease Gluck,MG Special,Hatfan,Won,2017-02-11,2017-05-22,60,FALSE,TRUE,100
ZDZGCWX7,Kami Bicknell,GTX Basic,Cheers,Won,2017-02-11,2017-06-22,545,FALSE,TRUE,131
PQJZ5Z3R,Kami Bicknell,MG Advanced,Labdrill,Won,2017-02-11,2017-05-12,3035,FALSE,TRUE,90
7KXTF2Q6,Kary Hendrixson,GTX Basic,Konex,Won,2017-02-11,2017-06-23,584,FALSE,TRUE,132
M6UEZLOQ,Maureen Marcano,GTX Plus Basic,Cheers,Won,2017-02-11,2017-06-23,1069,FALSE,TRUE,132
D6T5MM04,Maureen Marcano,GTX Plus Basic,Xx-holding,Won,2017-02-11,2017-06-22,1035,FALSE,TRUE,131
5QBQMEY5,Vicki Laflamme,GTX Pro,Scotfind,Won,2017-02-11,2017-03-24,4510,FALSE,TRUE,41
14PBBHSE,Violet Mclelland,MG Special,Zotware,Won,2017-02-11,2017-05-08,49,FALSE,TRUE,86
P1KS5YFX,Anna Snelling,MG Special,Rundofase,Won,2017-02-12,2017-06-07,59,FALSE,TRUE,115
7R4VL3Q8,Cassey Cress,GTX Pro,Kan-code,Won,2017-02-12,2017-03-04,4705,FALSE,TRUE,20
3MNZF5ZK,Cecily Lampkin,GTX Plus Pro,Zumgoity,Won,2017-02-12,2017-06-03,5148,FALSE,TRUE,111
52SANIGE,Corliss Cosme,GTX Pro,Ganjaflex,Won,2017-02-12,2017-05-08,4833,FALSE,TRUE,85
73SY9EU8,Daniell Hammack,GTX Pro,Mathtouch,Won,2017-02-12,2017-05-31,4664,FALSE,TRUE,108
HVM656P3,Donn Cantrell,GTX Basic,Plussunin,Won,2017-02-12,2017-05-12,475,FALSE,TRUE,89
U2SW8DT1,Hayden Neloms,MG Advanced,Labdrill,Won,2017-02-12,2017-06-13,3807,FALSE,TRUE,121
XMH4CH4Q,Jonathan Berthelot,GTX Basic,Stanredtax,Won,2017-02-12,2017-05-21,518,FALSE,TRUE,98
UNLIS3RY,Kami Bicknell,GTX Plus Basic,Dalttechnology,Won,2017-02-12,2017-05-09,1050,FALSE,TRUE,86
GVFQXZLL,Maureen Marcano,GTX Pro,Y-corporation,Won,2017-02-12,2017-05-24,4596,FALSE,TRUE,101
NRYC7T45,Zane Levy,GTX Basic,Y-corporation,Won,2017-02-12,2017-05-05,618,FALSE,TRUE,82
ZVR3I3F0,Zane Levy,MG Advanced,Singletechno,Won,2017-02-12,2017-05-02,3460,FALSE,TRUE,79
2TKQ8B78,Daniell Hammack,GTX Plus Pro,Ontomedia,Won,2017-02-13,2017-05-21,5751,FALSE,TRUE,97
OZ5O64KJ,Darcel Schlecht,GTX Plus Pro,Konmatfix,Won,2017-02-13,2017-05-28,5639,FALSE,TRUE,104
UCXCUP1U,Garret Kinder,GTX Plus Pro,Zencorporation,Won,2017-02-13,2017-05-18,4766,FALSE,TRUE,94
CKLYIFLY,Kary Hendrixson,GTX Basic,Singletechno,Won,2017-02-13,2017-05-11,589,FALSE,TRUE,87
I3MC9XZC,Violet Mclelland,GTX Basic,Massive Dynamic,Won,2017-02-13,2017-05-18,533,FALSE,TRUE,94
6CEEGQ8I,Anna Snelling,MG Special,Domzoom,Won,2017-02-14,2017-05-30,63,FALSE,TRUE,105
P2LY9NFN,Cassey Cress,GTX Pro,Bioplex,Won,2017-02-14,2017-05-08,4942,FALSE,TRUE,83
94GCWI08,Darcel Schlecht,GTX Pro,dambase,Won,2017-02-14,2017-06-12,4650,FALSE,TRUE,118
GUMQTC3J,Darcel Schlecht,GTX Pro,Konmatfix,Won,2017-02-14,2017-06-16,4829,FALSE,TRUE,122
U64RT0UF,Donn Cantrell,GTX Plus Basic,Betasoloin,Won,2017-02-14,2017-05-29,987,FALSE,TRUE,104
RWGSCFHR,Donn Cantrell,GTX Plus Pro,Gekko & Co,Won,2017-02-14,2017-03-02,4246,FALSE,TRUE,16
GEBVQH17,Donn Cantrell,GTX Plus Pro,Iselectrics,Won,2017-02-14,2017-05-06,5702,FALSE,TRUE,81
3OVJXUSB,Donn Cantrell,MG Advanced,Silis,Won,2017-02-14,2017-06-14,2981,FALSE,TRUE,120
DC7COE9W,Hayden Neloms,MG Advanced,Konex,Won,2017-02-14,2017-05-01,2873,FALSE,TRUE,76
GQ125FX0,Versie Hillebrand,GTX Basic,Gogozoom,Won,2017-02-14,2017-06-03,528,FALSE,TRUE,109
JO52QXJ0,Versie Hillebrand,GTX Plus Basic,Scottech,Won,2017-02-14,2017-06-18,1199,FALSE,TRUE,124
E2NXQUWO,Garret Kinder,MG Advanced,Ganjaflex,Won,2017-02-15,2017-03-06,3507,FALSE,TRUE,19
M1QKPX6R,James Ascencio,GTX Pro,Green-Plus,Won,2017-02-15,2017-05-21,4542,FALSE,TRUE,95
X6LO8WPD,Jonathan Berthelot,GTX Basic,Globex Corporation,Won,2017-02-15,2017-05-28,505,FALSE,TRUE,102
CVKLHZEO,Moses Frase,GTX Basic,Genco Pura Olive Oil Company,Won,2017-02-15,2017-05-13,455,FALSE,TRUE,87
8KJZJFJ1,Reed Clapper,GTX Basic,Initech,Won,2017-02-15,2017-03-03,537,FALSE,TRUE,16
W560QFJL,Reed Clapper,GTX Plus Basic,Opentech,Won,2017-02-15,2017-03-04,1090,FALSE,TRUE,17
2DVE0XCM,Versie Hillebrand,MG Special,Genco Pura Olive Oil Company,Won,2017-02-15,2017-03-17,60,FALSE,TRUE,30
VOTOT8MK,Cassey Cress,GTX Plus Pro,Plussunin,Won,2017-02-16,2017-06-15,6509,FALSE,TRUE,119
Y3ULGUD8,Cecily Lampkin,GTX Plus Basic,Ron-tech,Won,2017-02-16,2017-05-18,1079,FALSE,TRUE,91
7350YGG4,Corliss Cosme,GTX Plus Basic,Silis,Won,2017-02-16,2017-05-29,1111,FALSE,TRUE,102
BRQRF65L,Donn Cantrell,GTX Basic,Donquadtech,Won,2017-02-16,2017-03-02,462,FALSE,TRUE,14
LB6XW39X,Donn Cantrell,GTX Basic,Xx-zobam,Won,2017-02-16,2017-03-04,555,FALSE,TRUE,16
WS9CXY7E,Gladys Colclough,GTX Plus Pro,Conecom,Won,2017-02-16,2017-03-01,6719,FALSE,TRUE,13
CK0MDHHM,Hayden Neloms,MG Advanced,Faxquote,Won,2017-02-16,2017-06-02,3281,FALSE,TRUE,106
RNUH1SI8,James Ascencio,MG Advanced,Kan-code,Won,2017-02-16,2017-05-07,3398,FALSE,TRUE,80
JOQQZ5RH,Marty Freudenburg,GTX Basic,Domzoom,Won,2017-02-16,2017-03-01,608,FALSE,TRUE,13
LIIBOUUQ,Reed Clapper,GTX Plus Basic,Donquadtech,Won,2017-02-16,2017-05-30,1187,FALSE,TRUE,103
UDYSM42B,Violet Mclelland,GTX Plus Pro,Initech,Won,2017-02-16,2017-06-22,5855,FALSE,TRUE,126
F835LA4P,Darcel Schlecht,GTX Pro,Cancity,Won,2017-02-17,2017-05-10,5068,FALSE,TRUE,82
2U6QQHCC,James Ascencio,GTX Plus Pro,J-Texon,Won,2017-02-17,2017-06-19,4066,FALSE,TRUE,122
MMKMJ0WC,Jonathan Berthelot,GTX Pro,Isdom,Won,2017-02-17,2017-06-07,4494,FALSE,TRUE,110
KIHC1QJQ,Kami Bicknell,GTX Basic,Plexzap,Won,2017-02-17,2017-05-09,540,FALSE,TRUE,81
LTZCN1RA,Versie Hillebrand,MG Special,Domzoom,Won,2017-02-17,2017-05-19,54,FALSE,TRUE,91
K4VP5HK4,Donn Cantrell,MG Advanced,Betasoloin,Won,2017-02-18,2017-05-08,3602,FALSE,TRUE,79
10R46CSK,Lajuana Vencill,MG Advanced,Betatech,Won,2017-02-18,2017-05-07,2904,FALSE,TRUE,78
VBA34LWX,Markita Hansen,GTX Basic,Sonron,Won,2017-02-18,2017-05-31,571,FALSE,TRUE,102
FJCCTOPN,Reed Clapper,GTX Basic,Zathunicon,Won,2017-02-18,2017-06-18,492,FALSE,TRUE,120
LR6USOHL,Reed Clapper,GTX Pro,Zathunicon,Won,2017-02-18,2017-05-27,4545,FALSE,TRUE,98
5VAV2TUY,Versie Hillebrand,GTX Plus Pro,Cancity,Won,2017-02-18,2017-03-25,5614,FALSE,TRUE,35
HTD2ME9C,Anna Snelling,GTX Plus Pro,Betatech,Won,2017-02-19,2017-06-12,5370,FALSE,TRUE,113
GHUCMUPL,Boris Faz,GTX Basic,Zencorporation,Won,2017-02-19,2017-05-02,550,FALSE,TRUE,72
1LKY3B4X,Cassey Cress,GTX Plus Basic,Yearin,Won,2017-02-19,2017-03-02,1011,FALSE,TRUE,11
7Y5E0RDL,Corliss Cosme,MG Special,Sumace,Won,2017-02-19,2017-06-18,56,FALSE,TRUE,119
BEQIZZ7W,Darcel Schlecht,GTX Plus Basic,Codehow,Won,2017-02-19,2017-03-04,1217,FALSE,TRUE,13
YJIH415V,Donn Cantrell,MG Advanced,Kan-code,Won,2017-02-19,2017-05-10,3222,FALSE,TRUE,80
G9565UWZ,Garret Kinder,MG Advanced,Opentech,Won,2017-02-19,2017-03-01,3348,FALSE,TRUE,10
2BWZLXZ8,Kami Bicknell,GTX Pro,Newex,Won,2017-02-19,2017-03-05,4216,FALSE,TRUE,14
2QHRL8CW,Moses Frase,GTX Basic,Stanredtax,Won,2017-02-19,2017-05-28,404,FALSE,TRUE,98
LCW83256,Rosie Papadopoulos,GTX Pro,Sumace,Won,2017-02-19,2017-03-04,5260,FALSE,TRUE,13
QCY951QA,Violet Mclelland,MG Special,Donquadtech,Won,2017-02-19,2017-05-06,51,FALSE,TRUE,76
09BVA55J,Zane Levy,GTX Basic,Scotfind,Won,2017-02-19,2017-06-25,598,FALSE,TRUE,126
JLK8KCNN,Boris Faz,MG Special,Zathunicon,Won,2017-02-20,2017-05-24,42,FALSE,TRUE,93
SZQUBIMH,Cassey Cress,GTX Pro,Vehement Capital Partners,Won,2017-02-20,2017-06-07,4689,FALSE,TRUE,107
8ZYVKQ27,Cecily Lampkin,GTX Plus Pro,Statholdings,Won,2017-02-20,2017-06-26,5154,FALSE,TRUE,126
4B4XCPHT,Donn Cantrell,GTX Pro,Zencorporation,Won,2017-02-20,2017-05-05,5010,FALSE,TRUE,74
5JFOA4XC,Gladys Colclough,MG Advanced,Finhigh,Won,2017-02-20,2017-06-14,3215,FALSE,TRUE,114
QTNPGKJ7,Kary Hendrixson,GTX Pro,Hatfan,Won,2017-02-20,2017-06-26,3169,FALSE,TRUE,126
4PKHDQOQ,Marty Freudenburg,GTX Plus Pro,Funholding,Won,2017-02-20,2017-06-03,5015,FALSE,TRUE,103
3Y9SB2QK,Maureen Marcano,GTX Basic,Dalttechnology,Won,2017-02-20,2017-03-01,571,FALSE,TRUE,9
5MZ0O77T,Reed Clapper,GTX Pro,Bubba Gump,Won,2017-02-20,2017-05-16,4839,FALSE,TRUE,85
2EILEDKF,Reed Clapper,MG Advanced,Massive Dynamic,Won,2017-02-20,2017-03-05,3315,FALSE,TRUE,13
J4NX9TK5,Versie Hillebrand,MG Special,Warephase,Won,2017-02-20,2017-05-24,60,FALSE,TRUE,93
5ITSLO0E,Anna Snelling,GTX Plus Basic,Treequote,Won,2017-02-21,2017-03-04,999,FALSE,TRUE,11
WJC5J533,Lajuana Vencill,GTX Plus Pro,Finhigh,Won,2017-02-21,2017-06-04,5401,FALSE,TRUE,103
XGLMCTLG,Moses Frase,GTX Basic,Rundofase,Won,2017-02-21,2017-06-18,551,FALSE,TRUE,117
IVT0S1N1,Vicki Laflamme,GTX Basic,Faxquote,Won,2017-02-21,2017-03-20,600,FALSE,TRUE,27
NHDTSMX2,Cassey Cress,GTX Pro,Sumace,Won,2017-02-22,2017-03-02,4711,FALSE,TRUE,8
PNL17RE9,Corliss Cosme,GTX Pro,Zencorporation,Won,2017-02-22,2017-06-28,5133,FALSE,TRUE,126
5EKN0BFN,Daniell Hammack,GTX Plus Pro,Zathunicon,Won,2017-02-22,2017-05-15,4848,FALSE,TRUE,82
R4LH95QS,Daniell Hammack,GTX Pro,Mathtouch,Won,2017-02-22,2017-03-03,4475,FALSE,TRUE,9
REDGEUCP,Darcel Schlecht,GTX Pro,Genco Pura Olive Oil Company,Won,2017-02-22,2017-03-10,3763,FALSE,TRUE,16
6KT5HAR6,Darcel Schlecht,GTX Pro,Ron-tech,Won,2017-02-22,2017-03-05,5006,FALSE,TRUE,11
48AJ0X9E,Gladys Colclough,GTX Pro,Toughzap,Won,2017-02-22,2017-06-15,4498,FALSE,TRUE,113
RA1UBXY9,Gladys Colclough,GTX Pro,Warephase,Won,2017-02-22,2017-03-24,4375,FALSE,TRUE,30
W4BNO6UL,Hayden Neloms,MG Advanced,Fasehatice,Won,2017-02-22,2017-06-04,3763,FALSE,TRUE,102
3H80RIHV,Kami Bicknell,GTX Plus Pro,Sonron,Won,2017-02-22,2017-05-10,5491,FALSE,TRUE,77
L5U7OT6O,Markita Hansen,GTX Plus Pro,Y-corporation,Won,2017-02-22,2017-06-17,5503,FALSE,TRUE,115
FNY6F0KF,Moses Frase,MG Special,Statholdings,Won,2017-02-22,2017-05-15,58,FALSE,TRUE,82
1W23LEWK,Niesha Huffines,GTX Plus Basic,Genco Pura Olive Oil Company,Won,2017-02-22,2017-05-27,1051,FALSE,TRUE,94
JHJEQ1U3,Niesha Huffines,GTX Plus Pro,Conecom,Won,2017-02-22,2017-03-07,5604,FALSE,TRUE,13
CPJAA632,Reed Clapper,MG Advanced,Xx-zobam,Won,2017-02-22,2017-05-15,3273,FALSE,TRUE,82
9OLYBVNE,Zane Levy,GTX Plus Basic,Scotfind,Won,2017-02-22,2017-06-02,1220,FALSE,TRUE,100
R8N49PHN,Zane Levy,GTX Plus Pro,Singletechno,Won,2017-02-22,2017-03-02,5497,FALSE,TRUE,8
P5EVJUKQ,Anna Snelling,GTX Plus Basic,Conecom,Won,2017-02-23,2017-06-10,1056,FALSE,TRUE,107
24UTFDPK,Cassey Cress,GTX Basic,Massive Dynamic,Won,2017-02-23,2017-03-12,572,FALSE,TRUE,17
ERYLM04D,Cecily Lampkin,MG Advanced,Funholding,Won,2017-02-23,2017-05-23,3668,FALSE,TRUE,89
IQ9W1X36,Corliss Cosme,MG Special,Kinnamplus,Won,2017-02-23,2017-03-02,50,FALSE,TRUE,7
GSR9PIF0,Daniell Hammack,MG Advanced,Silis,Won,2017-02-23,2017-05-22,3509,FALSE,TRUE,88
8477482V,Darcel Schlecht,GTX Pro,Gogozoom,Won,2017-02-23,2017-06-28,5643,FALSE,TRUE,125
VFZOL6CB,Elease Gluck,MG Special,Dalttechnology,Won,2017-02-23,2017-03-10,47,FALSE,TRUE,15
75ZOJ3O7,Hayden Neloms,MG Advanced,Finjob,Won,2017-02-23,2017-03-08,3312,FALSE,TRUE,13
DR6MQSWL,Kami Bicknell,GTX Basic,Labdrill,Won,2017-02-23,2017-03-11,480,FALSE,TRUE,16
KAV5TU8X,Kami Bicknell,MG Advanced,Nam-zim,Won,2017-02-23,2017-05-06,3208,FALSE,TRUE,72
A82DG6R5,Kary Hendrixson,GTX Plus Pro,Kan-code,Won,2017-02-23,2017-05-04,5782,FALSE,TRUE,70
37FKT2ZP,Lajuana Vencill,GTX Plus Pro,Rangreen,Won,2017-02-23,2017-05-23,5827,FALSE,TRUE,89
M2TZSYTN,Moses Frase,GTX Basic,Bioholding,Won,2017-02-23,2017-06-16,516,FALSE,TRUE,113
KGJL5GHX,Moses Frase,GTX Plus Basic,Condax,Won,2017-02-23,2017-06-06,956,FALSE,TRUE,103
IF7DSONM,Moses Frase,MG Special,Stanredtax,Won,2017-02-23,2017-03-15,52,FALSE,TRUE,20
RR4FWSVB,Moses Frase,MG Advanced,Toughzap,Won,2017-02-23,2017-05-11,3025,FALSE,TRUE,77
C5IWM5VJ,Reed Clapper,GTX Pro,The New York Inquirer,Won,2017-02-23,2017-06-10,5618,FALSE,TRUE,107
9WZ3I1TF,Rosie Papadopoulos,GTX Pro,Umbrella Corporation,Won,2017-02-23,2017-05-09,4867,FALSE,TRUE,75
IO4GTLAB,Zane Levy,GTX Plus Basic,Kan-code,Won,2017-02-23,2017-03-14,929,FALSE,TRUE,19
U185INDA,Darcel Schlecht,GTX Pro,Toughzap,Won,2017-02-24,2017-05-05,5010,FALSE,TRUE,70
2AGLONC4,Donn Cantrell,GTX Pro,Bluth Company,Won,2017-02-24,2017-05-15,5621,FALSE,TRUE,80
TBDUMBLA,Donn Cantrell,MG Advanced,Iselectrics,Won,2017-02-24,2017-05-02,3233,FALSE,TRUE,67
0AXGVKN8,Garret Kinder,MG Special,Acme Corporation,Won,2017-02-24,2017-05-28,55,FALSE,TRUE,93
TAPNNL1W,Garret Kinder,MG Advanced,Bioplex,Won,2017-02-24,2017-03-07,3278,FALSE,TRUE,11
R9ZAKBFE,Gladys Colclough,GTX Plus Basic,Domzoom,Won,2017-02-24,2017-03-10,1155,FALSE,TRUE,14
Y40ADYX7,Hayden Neloms,MG Advanced,Goodsilron,Won,2017-02-24,2017-03-11,3550,FALSE,TRUE,15
RSEDY99J,Jonathan Berthelot,GTX Plus Basic,Hottechi,Won,2017-02-24,2017-06-16,1055,FALSE,TRUE,112
Z0BGG6IJ,Markita Hansen,GTX Basic,Y-corporation,Won,2017-02-24,2017-05-05,595,FALSE,TRUE,70
ZCA1IRGD,Moses Frase,MG Advanced,Warephase,Won,2017-02-24,2017-05-06,3063,FALSE,TRUE,71
HJIO57TA,Violet Mclelland,MG Advanced,Massive Dynamic,Won,2017-02-24,2017-06-06,3246,FALSE,TRUE,102
U6N053E1,Anna Snelling,GTX Basic,Scottech,Won,2017-02-25,2017-03-02,423,FALSE,TRUE,5
MTKCJVFO,Cassey Cress,GTX Basic,Initech,Won,2017-02-25,2017-06-18,542,FALSE,TRUE,113
KIP060D0,Cassey Cress,GTX Pro,Ontomedia,Won,2017-02-25,2017-03-08,5040,FALSE,TRUE,11
QU4FNKZL,Darcel Schlecht,GTX Pro,Statholdings,Won,2017-02-25,2017-05-09,5423,FALSE,TRUE,73
GZUKDP7F,Darcel Schlecht,MG Advanced,Cancity,Won,2017-02-25,2017-06-13,3295,FALSE,TRUE,108
S519S1EK,Donn Cantrell,GTX Basic,Plussunin,Won,2017-02-25,2017-06-02,568,FALSE,TRUE,97
AL554AUI,Donn Cantrell,GTX Basic,Xx-zobam,Won,2017-02-25,2017-05-26,640,FALSE,TRUE,90
MCWDHOBT,Elease Gluck,GTX Pro,Plusstrip,Won,2017-02-25,2017-05-19,4612,FALSE,TRUE,83
P3VM7655,Jonathan Berthelot,MG Advanced,Dontechi,Won,2017-02-25,2017-05-06,3281,FALSE,TRUE,70
G17JEA75,Kami Bicknell,MG Special,Rantouch,Won,2017-02-25,2017-03-11,59,FALSE,TRUE,14
BGU0JJ9X,Marty Freudenburg,GTX Plus Basic,Scottech,Won,2017-02-25,2017-06-30,1081,FALSE,TRUE,125
U02OIJGK,Marty Freudenburg,GTX Plus Basic,Zumgoity,Won,2017-02-25,2017-05-09,962,FALSE,TRUE,73
3N7ZXGMF,Niesha Huffines,GTX Plus Basic,Codehow,Won,2017-02-25,2017-03-06,1123,FALSE,TRUE,9
0QHI3KG5,Reed Clapper,MG Advanced,Xx-zobam,Won,2017-02-25,2017-06-10,3075,FALSE,TRUE,105
0WWDVOM3,Rosalina Dieter,MG Special,Condax,Won,2017-02-25,2017-05-09,50,FALSE,TRUE,73
QPPUCKFM,Rosalina Dieter,MG Special,Dalttechnology,Won,2017-02-25,2017-03-06,47,FALSE,TRUE,9
56XQOTXV,Versie Hillebrand,GTX Plus Pro,Betatech,Won,2017-02-25,2017-05-17,4494,FALSE,TRUE,81
AK2LRFXF,Vicki Laflamme,MG Special,Singletechno,Won,2017-02-25,2017-03-11,61,FALSE,TRUE,14
UCK7JRXG,Vicki Laflamme,MG Advanced,Goodsilron,Won,2017-02-25,2017-05-13,3418,FALSE,TRUE,77
WM30CUBE,Wilburn Farren,MG Advanced,Konex,Won,2017-02-25,2017-06-02,3336,FALSE,TRUE,97
BGNB966A,Boris Faz,GTX Plus Pro,Mathtouch,Won,2017-02-26,2017-03-13,4766,FALSE,TRUE,15
YQ24IWRQ,Daniell Hammack,GTX Basic,Ganjaflex,Won,2017-02-26,2017-05-27,592,FALSE,TRUE,90
4A189ZAB,Gladys Colclough,GTX Pro,Dontechi,Won,2017-02-26,2017-06-08,5142,FALSE,TRUE,102
GBMHNLRO,Moses Frase,GTX Basic,Dontechi,Won,2017-02-26,2017-03-15,660,FALSE,TRUE,17
NAVG0P26,Moses Frase,GTX Basic,Rundofase,Won,2017-02-26,2017-05-26,443,FALSE,TRUE,89
GK0A4IQW,Versie Hillebrand,MG Special,Domzoom,Won,2017-02-26,2017-06-18,61,FALSE,TRUE,112
UXJSIAVS,Zane Levy,GTX Plus Pro,Y-corporation,Won,2017-02-26,2017-03-14,4846,FALSE,TRUE,16
KR4K652E,Anna Snelling,GTX Basic,dambase,Won,2017-02-27,2017-06-04,574,FALSE,TRUE,97
VTT447YT,Cecily Lampkin,GTX Basic,Conecom,Won,2017-02-27,2017-05-03,497,FALSE,TRUE,65
STTAXKIU,Corliss Cosme,GTX Plus Pro,Konex,Won,2017-02-27,2017-05-30,5159,FALSE,TRUE,92
87MEZS8G,Darcel Schlecht,GTX Pro,Conecom,Won,2017-02-27,2017-05-13,4311,FALSE,TRUE,75
SLIWHUIM,Donn Cantrell,GTX Basic,Ganjaflex,Won,2017-02-27,2017-05-22,609,FALSE,TRUE,84
XBVFZ1IR,Gladys Colclough,GTX Plus Basic,Cancity,Won,2017-02-27,2017-06-24,1008,FALSE,TRUE,117
7B3J333S,Gladys Colclough,GTX Pro,Zumgoity,Won,2017-02-27,2017-06-22,4458,FALSE,TRUE,115
3N9I1WH7,Hayden Neloms,MG Advanced,Plexzap,Won,2017-02-27,2017-05-26,2964,FALSE,TRUE,88
ZI1MPYF3,James Ascencio,MG Advanced,Dalttechnology,Won,2017-02-27,2017-06-05,3813,FALSE,TRUE,98
L6KOBEBZ,Jonathan Berthelot,GTX Basic,Rundofase,Won,2017-02-27,2017-05-27,528,FALSE,TRUE,89
Z2S4KUPO,Kary Hendrixson,GTX Plus Basic,Rantouch,Won,2017-02-27,2017-03-10,1173,FALSE,TRUE,11
GIW1PN4L,Kary Hendrixson,GTX Pro,Kan-code,Won,2017-02-27,2017-06-19,3893,FALSE,TRUE,112
E57F5Z2K,Kary Hendrixson,GTX Pro,Sonron,Won,2017-02-27,2017-03-15,4678,FALSE,TRUE,16
38KKSE72,Lajuana Vencill,GTX Basic,Bioholding,Won,2017-02-27,2017-06-01,530,FALSE,TRUE,94
4V0S4BA3,Markita Hansen,GTK 500,Goodsilron,Won,2017-02-27,2017-06-27,29617,FALSE,TRUE,120
1LTD5TKV,Marty Freudenburg,GTX Plus Basic,Isdom,Won,2017-02-27,2017-05-09,1028,FALSE,TRUE,71
VBM56CIF,Marty Freudenburg,MG Advanced,Domzoom,Won,2017-02-27,2017-06-28,2863,FALSE,TRUE,121
PDH2NPE1,Moses Frase,MG Advanced,Codehow,Won,2017-02-27,2017-06-28,4109,FALSE,TRUE,121
2OAIXF3A,Reed Clapper,GTX Plus Basic,Kan-code,Won,2017-02-27,2017-03-13,1106,FALSE,TRUE,14
FBSEA94D,Rosie Papadopoulos,MG Special,Bubba Gump,Won,2017-02-27,2017-06-30,53,FALSE,TRUE,123
EOB01PRO,Versie Hillebrand,MG Special,Globex Corporation,Won,2017-02-27,2017-05-14,47,FALSE,TRUE,76
5QC9H4C2,Violet Mclelland,MG Advanced,Kan-code,Won,2017-02-27,2017-05-23,3749,FALSE,TRUE,85
3HGQ3BOY,Violet Mclelland,MG Advanced,Ontomedia,Won,2017-02-27,2017-05-27,4204,FALSE,TRUE,89
CO6ZPH1W,Cassey Cress,MG Advanced,Umbrella Corporation,Won,2017-02-28,2017-06-15,3986,FALSE,TRUE,107
M3WTE943,Daniell Hammack,GTX Pro,Donquadtech,Won,2017-02-28,2017-06-05,5105,FALSE,TRUE,97
X914SMX7,Darcel Schlecht,GTX Basic,Genco Pura Olive Oil Company,Won,2017-02-28,2017-06-22,516,FALSE,TRUE,114
1MCE2AOV,Darcel Schlecht,GTX Pro,Rundofase,Won,2017-02-28,2017-06-02,4407,FALSE,TRUE,94
8061HKKB,Donn Cantrell,MG Advanced,Zathunicon,Won,2017-02-28,2017-06-19,3087,FALSE,TRUE,111
T1HIH384,Gladys Colclough,GTX Plus Pro,Inity,Won,2017-02-28,2017-05-15,5331,FALSE,TRUE,76
FM2NX2GB,Hayden Neloms,MG Advanced,Condax,Won,2017-02-28,2017-05-05,4069,FALSE,TRUE,66
SJ45HNHM,James Ascencio,GTX Basic,Hatfan,Won,2017-02-28,2017-06-29,463,FALSE,TRUE,121
NYGZJYCJ,James Ascencio,GTX Plus Pro,Faxquote,Won,2017-02-28,2017-05-26,5625,FALSE,TRUE,87
6MMFIIGE,Lajuana Vencill,GTX Basic,Rundofase,Won,2017-02-28,2017-06-15,524,FALSE,TRUE,107
NKL5SWX3,Reed Clapper,GTX Plus Basic,Zencorporation,Won,2017-02-28,2017-06-01,1161,FALSE,TRUE,93
WVG1CIHX,Reed Clapper,GTX Plus Pro,Mathtouch,Won,2017-02-28,2017-06-03,6046,FALSE,TRUE,95
7GRNFO6D,Versie Hillebrand,MG Special,Dontechi,Won,2017-02-28,2017-05-18,49,FALSE,TRUE,79
G0QKNVIJ,Anna Snelling,MG Special,Conecom,Won,2017-03-01,2017-05-28,51,FALSE,TRUE,88
6HRIX06M,Anna Snelling,MG Advanced,Hottechi,Won,2017-03-01,2017-06-26,3415,FALSE,TRUE,117
AM5YTMH3,Boris Faz,GTX Plus Basic,Kan-code,Won,2017-03-01,2017-03-10,1053,FALSE,TRUE,9
6B6Q8C5S,Cassey Cress,GTX Pro,Donquadtech,Won,2017-03-01,2017-03-15,5068,FALSE,TRUE,14
DF4KYH5H,Cassey Cress,GTX Pro,Massive Dynamic,Won,2017-03-01,2017-06-30,4256,FALSE,TRUE,121
O8JF46GT,Darcel Schlecht,GTX Basic,Genco Pura Olive Oil Company,Won,2017-03-01,2017-03-12,657,FALSE,TRUE,11
RK5Y67V6,Darcel Schlecht,MG Special,Stanredtax,Won,2017-03-01,2017-03-08,60,FALSE,TRUE,7
V28NVD6A,Garret Kinder,GTX Basic,Plussunin,Won,2017-03-01,2017-05-01,629,FALSE,TRUE,61
4MC584U5,Gladys Colclough,MG Advanced,Treequote,Won,2017-03-01,2017-06-02,4082,FALSE,TRUE,93
MCYLHUCZ,Lajuana Vencill,GTX Plus Basic,Rundofase,Won,2017-03-01,2017-05-31,1044,FALSE,TRUE,91
1VUBYV53,Maureen Marcano,GTX Plus Basic,Rantouch,Won,2017-03-01,2017-03-21,1025,FALSE,TRUE,20
W03CXYET,Moses Frase,GTX Basic,Streethex,Won,2017-03-01,2017-06-17,465,FALSE,TRUE,108
LZVFFQLN,Moses Frase,MG Special,Konmatfix,Won,2017-03-01,2017-06-14,50,FALSE,TRUE,105
MFV0C5RN,Reed Clapper,GTX Plus Pro,Vehement Capital Partners,Won,2017-03-01,2017-03-09,5548,FALSE,TRUE,8
A1WZEK7U,Reed Clapper,MG Advanced,Kan-code,Won,2017-03-01,2017-06-03,3558,FALSE,TRUE,94
516FJUNB,Rosalina Dieter,MG Advanced,Singletechno,Won,2017-03-01,2017-03-07,3959,FALSE,TRUE,6
PE8DK02A,Versie Hillebrand,MG Special,Ron-tech,Won,2017-03-01,2017-03-17,49,FALSE,TRUE,16
10NTPQUY,Versie Hillebrand,MG Special,Warephase,Won,2017-03-01,2017-06-16,50,FALSE,TRUE,107
X2EXSMPR,Vicki Laflamme,GTX Basic,Xx-holding,Won,2017-03-01,2017-03-08,523,FALSE,TRUE,7
JCFQVIEG,Vicki Laflamme,GTX Plus Basic,Zoomit,Won,2017-03-01,2017-06-01,1086,FALSE,TRUE,92
XIWKGJOW,Vicki Laflamme,GTX Pro,Goodsilron,Won,2017-03-01,2017-03-09,4445,FALSE,TRUE,8
DHGLWIDZ,Violet Mclelland,GTX Pro,Umbrella Corporation,Won,2017-03-01,2017-06-24,4756,FALSE,TRUE,115
74VGCEEW,Violet Mclelland,MG Special,Gekko & Co,Won,2017-03-01,2017-06-19,67,FALSE,TRUE,110
MXTAIS4Q,Wilburn Farren,MG Advanced,Iselectrics,Won,2017-03-01,2017-06-09,3783,FALSE,TRUE,100
G20IQSA3,Anna Snelling,GTX Basic,Conecom,Won,2017-03-02,2017-03-12,522,FALSE,TRUE,10
Q16BQCEL,Boris Faz,GTX Plus Basic,Kinnamplus,Won,2017-03-02,2017-03-18,1001,FALSE,TRUE,16
9924I5ZF,Cecily Lampkin,GTX Plus Pro,Betatech,Won,2017-03-02,2017-05-25,5728,FALSE,TRUE,84
SLLJT3T1,Darcel Schlecht,GTX Plus Pro,Codehow,Won,2017-03-02,2017-06-19,4856,FALSE,TRUE,109
AAEUN73V,Darcel Schlecht,GTX Pro,Cancity,Won,2017-03-02,2017-05-26,5570,FALSE,TRUE,85
32LY2D1K,Darcel Schlecht,MG Advanced,Conecom,Won,2017-03-02,2017-05-26,3647,FALSE,TRUE,85
S2UWELRW,Donn Cantrell,GTX Basic,Mathtouch,Won,2017-03-02,2017-06-11,487,FALSE,TRUE,101
5VQRLIEZ,Donn Cantrell,GTX Plus Basic,Donquadtech,Won,2017-03-02,2017-06-12,1166,FALSE,TRUE,102
6U0CT07B,Jonathan Berthelot,GTX Basic,Scottech,Won,2017-03-02,2017-06-06,595,FALSE,TRUE,96
DFN1V29L,Kami Bicknell,MG Special,Condax,Won,2017-03-02,2017-06-04,49,FALSE,TRUE,94
VBZ862OS,Kary Hendrixson,GTX Basic,Xx-holding,Won,2017-03-02,2017-03-19,599,FALSE,TRUE,17
VFKKSJT2,Kary Hendrixson,GTX Pro,Kan-code,Won,2017-03-02,2017-05-15,4506,FALSE,TRUE,74
FJMFXCTD,Kary Hendrixson,GTX Pro,Sunnamplex,Won,2017-03-02,2017-05-06,4512,FALSE,TRUE,65
JREGYB42,Maureen Marcano,GTX Plus Basic,Nam-zim,Won,2017-03-02,2017-05-06,1102,FALSE,TRUE,65
EMUA57Q2,Versie Hillebrand,MG Special,Condax,Won,2017-03-02,2017-05-12,54,FALSE,TRUE,71
DB3N4CHN,Versie Hillebrand,MG Special,Hottechi,Won,2017-03-02,2017-03-17,62,FALSE,TRUE,15
OF7GY5F4,Violet Mclelland,MG Special,The New York Inquirer,Won,2017-03-02,2017-03-09,61,FALSE,TRUE,7
L5807I4N,Zane Levy,GTX Pro,Labdrill,Won,2017-03-02,2017-03-16,4277,FALSE,TRUE,14
Q1ZKBGV5,Anna Snelling,MG Special,Globex Corporation,Won,2017-03-03,2017-05-23,46,FALSE,TRUE,81
9JKODCAU,Anna Snelling,MG Special,Rundofase,Won,2017-03-03,2017-06-22,54,FALSE,TRUE,111
LELWKXDX,Boris Faz,GTX Plus Pro,Donquadtech,Won,2017-03-03,2017-06-08,6173,FALSE,TRUE,97
JE245P8R,Darcel Schlecht,GTX Plus Basic,Konmatfix,Won,2017-03-03,2017-05-28,1149,FALSE,TRUE,86
U85VV1BU,Kary Hendrixson,GTX Basic,Goodsilron,Won,2017-03-03,2017-05-22,568,FALSE,TRUE,80
V6HB68BL,Kary Hendrixson,GTX Basic,J-Texon,Won,2017-03-03,2017-05-30,567,FALSE,TRUE,88
H9JPB7GW,Lajuana Vencill,GTX Basic,Genco Pura Olive Oil Company,Won,2017-03-03,2017-03-09,542,FALSE,TRUE,6
SWPTTVQZ,Marty Freudenburg,GTX Plus Basic,Funholding,Won,2017-03-03,2017-03-16,1062,FALSE,TRUE,13
GKJLM1UR,Maureen Marcano,GTX Plus Basic,Fasehatice,Won,2017-03-03,2017-03-13,1057,FALSE,TRUE,10
8L1ZHTPL,Moses Frase,GTX Plus Basic,Globex Corporation,Won,2017-03-03,2017-06-01,1020,FALSE,TRUE,90
4XX690SP,Zane Levy,GTX Basic,Green-Plus,Won,2017-03-03,2017-05-11,535,FALSE,TRUE,69
JSDGELLK,Anna Snelling,GTX Basic,Codehow,Won,2017-03-04,2017-06-13,522,FALSE,TRUE,101
LV1754PS,Anna Snelling,GTX Basic,Rangreen,Won,2017-03-04,2017-05-14,544,FALSE,TRUE,71
JIYYV11P,Anna Snelling,MG Advanced,Genco Pura Olive Oil Company,Won,2017-03-04,2017-06-07,3081,FALSE,TRUE,95
6TB7XA83,Cecily Lampkin,MG Special,dambase,Won,2017-03-04,2017-05-18,51,FALSE,TRUE,75
4T8KR12S,Darcel Schlecht,GTX Plus Basic,Streethex,Won,2017-03-04,2017-03-20,1076,FALSE,TRUE,16
JA0D4V57,James Ascencio,MG Advanced,Y-corporation,Won,2017-03-04,2017-05-09,3685,FALSE,TRUE,66
HKBAON9X,Kami Bicknell,GTX Pro,Golddex,Won,2017-03-04,2017-05-18,3997,FALSE,TRUE,75
7S1N6QHI,Kami Bicknell,MG Special,Y-corporation,Won,2017-03-04,2017-03-18,51,FALSE,TRUE,14
CHI2T3IH,Kami Bicknell,MG Advanced,Sunnamplex,Won,2017-03-04,2017-03-21,3164,FALSE,TRUE,17
X7HK448T,Lajuana Vencill,GTX Basic,Funholding,Won,2017-03-04,2017-06-22,496,FALSE,TRUE,110
R4L36Y0P,Marty Freudenburg,GTX Basic,Stanredtax,Won,2017-03-04,2017-03-26,579,FALSE,TRUE,22
YNKWBEEN,Reed Clapper,GTX Basic,Kan-code,Won,2017-03-04,2017-06-27,521,FALSE,TRUE,115
SARVIBLS,Reed Clapper,MG Advanced,Gekko & Co,Won,2017-03-04,2017-03-07,3889,FALSE,TRUE,3
M4ZNQTEQ,Rosie Papadopoulos,MG Advanced,Plussunin,Won,2017-03-04,2017-03-12,3340,FALSE,TRUE,8
ITCY8YV0,Zane Levy,GTX Pro,Blackzim,Won,2017-03-04,2017-06-11,5876,FALSE,TRUE,99
SAUAOZVO,Anna Snelling,GTX Plus Pro,Toughzap,Won,2017-03-05,2017-05-29,5092,FALSE,TRUE,85
OJVA8ZEK,Daniell Hammack,GTX Plus Basic,Acme Corporation,Won,2017-03-05,2017-06-08,966,FALSE,TRUE,95
UAX3F7D4,Daniell Hammack,GTX Plus Pro,Opentech,Won,2017-03-05,2017-03-21,6024,FALSE,TRUE,16
7PDUWDGT,Daniell Hammack,MG Advanced,Condax,Won,2017-03-05,2017-03-14,3759,FALSE,TRUE,9
3AU5SZ3V,Donn Cantrell,GTX Pro,Donquadtech,Won,2017-03-05,2017-03-23,4443,FALSE,TRUE,18
BVOO33UA,Hayden Neloms,MG Advanced,Cheers,Won,2017-03-05,2017-06-28,3397,FALSE,TRUE,115
M92Y63Q3,Jonathan Berthelot,MG Special,Domzoom,Won,2017-03-05,2017-05-05,59,FALSE,TRUE,61
PSGTTYUT,Lajuana Vencill,GTX Basic,Rangreen,Won,2017-03-05,2017-06-06,494,FALSE,TRUE,93
JRC2PMKX,Lajuana Vencill,GTX Plus Basic,Codehow,Won,2017-03-05,2017-05-16,1060,FALSE,TRUE,72
FPTH6URQ,Vicki Laflamme,GTX Basic,Faxquote,Won,2017-03-05,2017-05-11,624,FALSE,TRUE,67
S3XE14XP,Vicki Laflamme,GTX Basic,Goodsilron,Won,2017-03-05,2017-05-08,565,FALSE,TRUE,64
U6Q0T9KV,Vicki Laflamme,GTX Basic,Konex,Won,2017-03-05,2017-06-14,642,FALSE,TRUE,101
HRWHRCH8,Violet Mclelland,MG Special,Betasoloin,Won,2017-03-05,2017-03-14,48,FALSE,TRUE,9
8B29CRQL,Violet Mclelland,MG Special,Donware,Won,2017-03-05,2017-05-19,60,FALSE,TRUE,75
3KM8WN7L,Boris Faz,GTX Basic,Kan-code,Won,2017-03-06,2017-05-18,522,FALSE,TRUE,73
S0XILDHQ,Cassey Cress,GTX Plus Pro,Umbrella Corporation,Won,2017-03-06,2017-03-18,4701,FALSE,TRUE,12
AZH0INTS,Elease Gluck,GTX Pro,Singletechno,Won,2017-03-06,2017-03-13,4987,FALSE,TRUE,7
9AMJKJX6,Jonathan Berthelot,GTX Basic,Inity,Won,2017-03-06,2017-05-31,579,FALSE,TRUE,86
3NQBMKOK,Kary Hendrixson,GTX Basic,Kan-code,Won,2017-03-06,2017-06-29,494,FALSE,TRUE,115
VBG91TQH,Marty Freudenburg,GTX Basic,Isdom,Won,2017-03-06,2017-06-11,545,FALSE,TRUE,97
QZE24X2H,Maureen Marcano,GTX Basic,Y-corporation,Won,2017-03-06,2017-06-01,584,FALSE,TRUE,87
WSPBQ5YR,Moses Frase,MG Advanced,dambase,Won,2017-03-06,2017-06-09,3714,FALSE,TRUE,95
YJJ1BLPQ,Niesha Huffines,MG Advanced,Finhigh,Won,2017-03-06,2017-05-15,3423,FALSE,TRUE,70
XUGTSB00,Niesha Huffines,MG Advanced,Ron-tech,Won,2017-03-06,2017-03-19,3167,FALSE,TRUE,13
I0TSIELX,Rosalina Dieter,GTX Plus Basic,Xx-holding,Won,2017-03-06,2017-05-29,987,FALSE,TRUE,84
UMZ986GC,Versie Hillebrand,MG Advanced,Dontechi,Won,2017-03-06,2017-05-24,3428,FALSE,TRUE,79
RZI9HX5X,Zane Levy,GTX Plus Basic,Hottechi,Won,2017-03-06,2017-05-31,1149,FALSE,TRUE,86
WFJPWN9O,Anna Snelling,GTX Plus Pro,Globex Corporation,Won,2017-03-07,2017-06-11,6023,FALSE,TRUE,96
S93L97VV,Cecily Lampkin,MG Special,Scottech,Won,2017-03-07,2017-03-17,47,FALSE,TRUE,10
HRU8FNE1,Corliss Cosme,GTX Basic,Donquadtech,Won,2017-03-07,2017-03-10,542,FALSE,TRUE,3
JDFN8AZI,Corliss Cosme,GTX Pro,Xx-zobam,Won,2017-03-07,2017-03-16,4980,FALSE,TRUE,9
11EK1VP7,Darcel Schlecht,GTX Pro,Funholding,Won,2017-03-07,2017-05-28,4978,FALSE,TRUE,82
50HQRWGJ,Donn Cantrell,GTX Pro,Vehement Capital Partners,Won,2017-03-07,2017-06-10,5256,FALSE,TRUE,95
N90VSHI2,Elease Gluck,GTX Pro,Hottechi,Won,2017-03-07,2017-06-07,4327,FALSE,TRUE,92
21PRD9FN,Garret Kinder,GTX Pro,Donware,Won,2017-03-07,2017-05-15,5022,FALSE,TRUE,69
ITIQJARB,Gladys Colclough,GTX Plus Pro,Bioholding,Won,2017-03-07,2017-03-11,4887,FALSE,TRUE,4
EAUV9J9L,Gladys Colclough,MG Advanced,Stanredtax,Won,2017-03-07,2017-03-21,3724,FALSE,TRUE,14
XWEZ1WNK,James Ascencio,GTX Basic,Y-corporation,Won,2017-03-07,2017-03-11,535,FALSE,TRUE,4
CJ5U6GX3,Markita Hansen,MG Advanced,Singletechno,Won,2017-03-07,2017-03-15,3969,FALSE,TRUE,8
HDUV7VJN,Moses Frase,GTX Plus Pro,Toughzap,Won,2017-03-07,2017-03-13,6805,FALSE,TRUE,6
5OCY2XME,Niesha Huffines,GTX Plus Basic,Isdom,Won,2017-03-07,2017-06-12,1190,FALSE,TRUE,97
1YB00UYY,Rosie Papadopoulos,GTX Plus Pro,Condax,Won,2017-03-07,2017-05-29,4821,FALSE,TRUE,83
Y23HQJRG,Violet Mclelland,MG Special,Kinnamplus,Won,2017-03-07,2017-05-06,53,FALSE,TRUE,60
9HXSC391,Cassey Cress,MG Advanced,Vehement Capital Partners,Won,2017-03-08,2017-05-22,3087,FALSE,TRUE,75
ENOMNCOJ,Cecily Lampkin,MG Special,Bioholding,Won,2017-03-08,2017-06-03,59,FALSE,TRUE,87
CG4TWLUR,Corliss Cosme,GTX Plus Basic,Bubba Gump,Won,2017-03-08,2017-06-02,857,FALSE,TRUE,86
0FIG6ZP2,Daniell Hammack,GTX Plus Basic,Massive Dynamic,Won,2017-03-08,2017-06-27,1142,FALSE,TRUE,111
IA62KQBO,Donn Cantrell,GTX Basic,Ganjaflex,Won,2017-03-08,2017-05-14,566,FALSE,TRUE,67
C54ZXDLT,Garret Kinder,MG Advanced,Xx-zobam,Won,2017-03-08,2017-03-18,4291,FALSE,TRUE,10
X96MMTCI,Hayden Neloms,GTX Plus Basic,Rantouch,Won,2017-03-08,2017-06-16,1039,FALSE,TRUE,100
P4RDU8QM,Hayden Neloms,MG Advanced,Xx-holding,Won,2017-03-08,2017-05-19,3151,FALSE,TRUE,72
7C9Q2ZA3,Jonathan Berthelot,GTX Basic,Gogozoom,Won,2017-03-08,2017-03-24,590,FALSE,TRUE,16
YZ1EYM3Y,Jonathan Berthelot,MG Advanced,Ron-tech,Won,2017-03-08,2017-03-18,3217,FALSE,TRUE,10
M7J5BV9Q,Kami Bicknell,GTX Basic,Zoomit,Won,2017-03-08,2017-03-11,597,FALSE,TRUE,3
MDRX39D8,Kary Hendrixson,GTX Pro,Newex,Won,2017-03-08,2017-05-11,4918,FALSE,TRUE,64
7GRFWF1U,Kary Hendrixson,GTX Pro,Scotfind,Won,2017-03-08,2017-03-19,5266,FALSE,TRUE,11
CDA8Y12G,Markita Hansen,MG Special,Blackzim,Won,2017-03-08,2017-05-07,61,FALSE,TRUE,60
RYLLRATF,Markita Hansen,MG Advanced,Faxquote,Won,2017-03-08,2017-05-31,3470,FALSE,TRUE,84
Y38ULZPM,Rosalina Dieter,MG Special,Newex,Won,2017-03-08,2017-05-28,48,FALSE,TRUE,81
YFP8IZ98,Rosie Papadopoulos,MG Special,Acme Corporation,Won,2017-03-08,2017-06-22,61,FALSE,TRUE,106
E5UW8AGQ,Anna Snelling,GTX Basic,Streethex,Won,2017-03-09,2017-06-11,595,FALSE,TRUE,94
EWA9JFBA,Anna Snelling,MG Special,Zumgoity,Won,2017-03-09,2017-06-01,51,FALSE,TRUE,84
MK57PHV1,Cassey Cress,GTX Pro,Kan-code,Won,2017-03-09,2017-05-25,4624,FALSE,TRUE,77
D01U0UR8,Darcel Schlecht,GTX Basic,Funholding,Won,2017-03-09,2017-06-17,571,FALSE,TRUE,100
9LFX3HBC,Elease Gluck,MG Advanced,Lexiqvolax,Won,2017-03-09,2017-03-25,3333,FALSE,TRUE,16
JP3IMU5X,Gladys Colclough,GTX Plus Pro,Isdom,Won,2017-03-09,2017-05-16,4853,FALSE,TRUE,68
5I8WOI8P,Gladys Colclough,MG Special,Toughzap,Won,2017-03-09,2017-06-08,51,FALSE,TRUE,91
GMVW87C4,Kami Bicknell,GTX Pro,Cheers,Won,2017-03-09,2017-06-17,5035,FALSE,TRUE,100
NY9ARKRE,Marty Freudenburg,MG Special,Codehow,Won,2017-03-09,2017-06-01,51,FALSE,TRUE,84
XO3XXR9X,Maureen Marcano,GTX Pro,Dalttechnology,Won,2017-03-09,2017-06-09,4342,FALSE,TRUE,92
ZWAJWK40,Violet Mclelland,MG Special,Vehement Capital Partners,Won,2017-03-09,2017-06-22,48,FALSE,TRUE,105
WQ0C723A,Zane Levy,GTX Plus Pro,Kan-code,Won,2017-03-09,2017-05-18,5215,FALSE,TRUE,70
396WP6JS,Anna Snelling,MG Special,Gogozoom,Won,2017-03-10,2017-03-19,58,FALSE,TRUE,9
57689GK9,Cecily Lampkin,MG Advanced,Finhigh,Won,2017-03-10,2017-03-20,3587,FALSE,TRUE,10
S2WDGIHL,Cecily Lampkin,MG Advanced,Warephase,Won,2017-03-10,2017-05-29,2915,FALSE,TRUE,80
8VG88HMH,Daniell Hammack,GTX Pro,Konex,Won,2017-03-10,2017-06-28,4762,FALSE,TRUE,110
TF7HCU69,Garret Kinder,GTX Plus Basic,Gekko & Co,Won,2017-03-10,2017-06-12,1062,FALSE,TRUE,94
X7M4GO0J,Violet Mclelland,GTX Plus Basic,Zencorporation,Won,2017-03-10,2017-06-28,1074,FALSE,TRUE,110
0YN6EALP,Anna Snelling,MG Special,Scottech,Won,2017-03-11,2017-03-17,57,FALSE,TRUE,6
A4LUP6W6,Cassey Cress,GTX Basic,Zotware,Won,2017-03-11,2017-05-22,586,FALSE,TRUE,72
KUK2H5MD,Cecily Lampkin,GTX Plus Basic,Rundofase,Won,2017-03-11,2017-06-13,1184,FALSE,TRUE,94
UI1UION3,James Ascencio,GTX Basic,J-Texon,Won,2017-03-11,2017-06-10,526,FALSE,TRUE,91
ZPX96Q40,James Ascencio,GTX Plus Pro,Condax,Won,2017-03-11,2017-06-12,5344,FALSE,TRUE,93
I0CYLPNE,James Ascencio,GTX Pro,Konex,Won,2017-03-11,2017-05-22,4125,FALSE,TRUE,72
FGH181PC,Kami Bicknell,GTX Basic,Dalttechnology,Won,2017-03-11,2017-06-06,528,FALSE,TRUE,87
8OBC9CQE,Kami Bicknell,MG Advanced,Singletechno,Won,2017-03-11,2017-03-26,3254,FALSE,TRUE,15
2Y84YR3K,Kary Hendrixson,GTX Basic,J-Texon,Won,2017-03-11,2017-05-24,516,FALSE,TRUE,74
97QHOOWD,Kary Hendrixson,GTX Basic,Y-corporation,Won,2017-03-11,2017-03-27,538,FALSE,TRUE,16
YL7XWUYO,Lajuana Vencill,GTX Basic,Codehow,Won,2017-03-11,2017-06-17,459,FALSE,TRUE,98
Q949MQ5W,Maureen Marcano,GTX Pro,Sunnamplex,Won,2017-03-11,2017-05-22,5137,FALSE,TRUE,72
HZU0L5GS,Moses Frase,MG Advanced,Konmatfix,Won,2017-03-11,2017-06-04,3330,FALSE,TRUE,85
8RF8XVYF,Versie Hillebrand,GTX Basic,Conecom,Won,2017-03-11,2017-05-10,589,FALSE,TRUE,60
ZILYYA1V,Vicki Laflamme,MG Special,Goodsilron,Won,2017-03-11,2017-03-30,45,FALSE,TRUE,19
WBJX6O2D,Cassey Cress,GTX Plus Pro,Opentech,Won,2017-03-12,2017-06-11,5664,FALSE,TRUE,91
T14K7M5G,Corliss Cosme,GTX Plus Basic,Initech,Won,2017-03-12,2017-06-11,1074,FALSE,TRUE,91
HG07756D,Elease Gluck,GTX Basic,Finjob,Won,2017-03-12,2017-03-31,481,FALSE,TRUE,19
E7YSM99K,Elease Gluck,GTX Plus Basic,Labdrill,Won,2017-03-12,2017-06-02,1101,FALSE,TRUE,82
4D1FP59D,Gladys Colclough,GTX Basic,Warephase,Won,2017-03-12,2017-06-23,522,FALSE,TRUE,103
TK29F68V,Hayden Neloms,MG Special,Y-corporation,Won,2017-03-12,2017-06-13,49,FALSE,TRUE,93
N3H82NHO,Kami Bicknell,GTX Pro,Newex,Won,2017-03-12,2017-06-02,4865,FALSE,TRUE,82
GTANESSU,Lajuana Vencill,GTX Plus Basic,Isdom,Won,2017-03-12,2017-05-22,991,FALSE,TRUE,71
LA0O6BHX,Lajuana Vencill,GTX Plus Pro,Dontechi,Won,2017-03-12,2017-05-27,4509,FALSE,TRUE,76
RRKQ0P07,Markita Hansen,GTX Pro,Nam-zim,Won,2017-03-12,2017-05-03,5169,FALSE,TRUE,52
J4V3VKQ5,Maureen Marcano,GTX Basic,Sonron,Won,2017-03-12,2017-03-27,491,FALSE,TRUE,15
17U8549G,Maureen Marcano,GTX Pro,Labdrill,Won,2017-03-12,2017-06-15,4281,FALSE,TRUE,95
Y34MVXP3,Rosie Papadopoulos,MG Advanced,Kinnamplus,Won,2017-03-12,2017-06-27,3443,FALSE,TRUE,107
N8G3G1UF,Versie Hillebrand,MG Special,Gogozoom,Won,2017-03-12,2017-05-29,60,FALSE,TRUE,78
SDXZB8MC,Versie Hillebrand,MG Special,Hottechi,Won,2017-03-12,2017-06-20,53,FALSE,TRUE,100
PFUE2JYB,Vicki Laflamme,MG Special,Finjob,Won,2017-03-12,2017-05-26,56,FALSE,TRUE,75
4A8SFEJ2,Zane Levy,GTX Basic,Scotfind,Won,2017-03-12,2017-03-17,665,FALSE,TRUE,5
HEG8WPQF,Anna Snelling,GTX Plus Basic,Inity,Won,2017-03-13,2017-05-09,1140,FALSE,TRUE,57
0FST40LV,Anna Snelling,MG Special,Streethex,Won,2017-03-13,2017-05-25,52,FALSE,TRUE,73
I7WERQ6B,Anna Snelling,MG Special,Warephase,Won,2017-03-13,2017-06-08,52,FALSE,TRUE,87
V0EIMVES,Cecily Lampkin,GTX Plus Pro,Konmatfix,Won,2017-03-13,2017-05-13,5121,FALSE,TRUE,61
DL4SZAGH,Cecily Lampkin,MG Advanced,Rundofase,Won,2017-03-13,2017-03-31,3611,FALSE,TRUE,18
RVIU1YQ8,Corliss Cosme,MG Special,Massive Dynamic,Won,2017-03-13,2017-03-24,50,FALSE,TRUE,11
ZNSWDHTJ,Darcel Schlecht,GTX Basic,Rundofase,Won,2017-03-13,2017-05-15,618,FALSE,TRUE,63
A2G8VYZY,Darcel Schlecht,GTX Plus Basic,Globex Corporation,Won,2017-03-13,2017-03-17,1247,FALSE,TRUE,4
Y9B94N72,Garret Kinder,MG Special,Donware,Won,2017-03-13,2017-05-03,55,FALSE,TRUE,51
34MBPHRL,Hayden Neloms,GTX Plus Basic,Singletechno,Won,2017-03-13,2017-06-17,1157,FALSE,TRUE,96
K73K8IQ3,Kary Hendrixson,GTX Basic,Hottechi,Won,2017-03-13,2017-05-22,537,FALSE,TRUE,70
8L5WBK75,Kary Hendrixson,GTX Pro,Dalttechnology,Won,2017-03-13,2017-03-30,4955,FALSE,TRUE,17
Z1RN8D42,Kary Hendrixson,GTX Pro,Singletechno,Won,2017-03-13,2017-06-02,5606,FALSE,TRUE,81
JV1NCDKP,Moses Frase,MG Special,Isdom,Won,2017-03-13,2017-05-11,57,FALSE,TRUE,59
ECCVMNUZ,Rosalina Dieter,MG Special,Sunnamplex,Won,2017-03-13,2017-05-20,66,FALSE,TRUE,68
A3GVFKYP,Zane Levy,GTX Pro,Dalttechnology,Won,2017-03-13,2017-06-27,5113,FALSE,TRUE,106
COTHR6F7,Zane Levy,GTX Pro,Sunnamplex,Won,2017-03-13,2017-05-22,4595,FALSE,TRUE,70
3OAEEV0S,Cassey Cress,MG Advanced,Gekko & Co,Won,2017-03-14,2017-03-21,3503,FALSE,TRUE,7
RTH5O6ZW,Cassey Cress,MG Advanced,Mathtouch,Won,2017-03-14,2017-06-13,3600,FALSE,TRUE,91
GH6U8WWN,Daniell Hammack,GTX Basic,Massive Dynamic,Won,2017-03-14,2017-03-19,425,FALSE,TRUE,5
GVNI96XB,Darcel Schlecht,GTX Pro,Dontechi,Won,2017-03-14,2017-06-20,4565,FALSE,TRUE,98
KC324LPK,Darcel Schlecht,GTX Pro,Ron-tech,Won,2017-03-14,2017-05-22,4754,FALSE,TRUE,69
2Y2R082L,Darcel Schlecht,MG Special,dambase,Won,2017-03-14,2017-05-06,62,FALSE,TRUE,53
HALGOQ5D,Donn Cantrell,GTX Pro,Betasoloin,Won,2017-03-14,2017-05-30,4688,FALSE,TRUE,77
1R38Y0C1,Elease Gluck,MG Advanced,Golddex,Won,2017-03-14,2017-03-20,3386,FALSE,TRUE,6
3QQW8VJ2,Garret Kinder,GTX Pro,Xx-zobam,Won,2017-03-14,2017-06-06,3869,FALSE,TRUE,84
8JS4BWQ7,Gladys Colclough,GTX Basic,Streethex,Won,2017-03-14,2017-03-24,615,FALSE,TRUE,10
78TOITP2,Gladys Colclough,MG Special,Finhigh,Won,2017-03-14,2017-05-18,55,FALSE,TRUE,65
YHNBSXPN,Maureen Marcano,GTX Plus Basic,Hatfan,Won,2017-03-14,2017-03-25,1019,FALSE,TRUE,11
TW6D3KT4,Maureen Marcano,MG Advanced,Blackzim,Won,2017-03-14,2017-05-12,2798,FALSE,TRUE,59
Z8RI8RLU,Moses Frase,GTX Basic,Streethex,Won,2017-03-14,2017-06-03,502,FALSE,TRUE,81
FT0L8HZZ,Moses Frase,MG Advanced,Isdom,Won,2017-03-14,2017-03-16,3323,FALSE,TRUE,2
E96ZTKHC,Vicki Laflamme,GTX Basic,Scotfind,Won,2017-03-14,2017-03-17,542,FALSE,TRUE,3
RZ08GKZY,Zane Levy,GTX Pro,Faxquote,Won,2017-03-14,2017-05-22,5172,FALSE,TRUE,69
9U6RAS0M,Cassey Cress,GTX Basic,Umbrella Corporation,Won,2017-03-15,2017-03-31,538,FALSE,TRUE,16
3S31RHE5,Cassey Cress,GTX Pro,Betasoloin,Won,2017-03-15,2017-05-18,4497,FALSE,TRUE,64
GOM8T4Y4,Darcel Schlecht,GTX Plus Basic,Codehow,Won,2017-03-15,2017-05-09,1178,FALSE,TRUE,55
7Z5AVSH6,Darcel Schlecht,GTX Pro,Treequote,Won,2017-03-15,2017-06-21,4969,FALSE,TRUE,98
E7OPE1O8,Darcel Schlecht,MG Special,Rangreen,Won,2017-03-15,2017-03-20,60,FALSE,TRUE,5
647E6ED0,Darcel Schlecht,MG Advanced,Dontechi,Won,2017-03-15,2017-06-05,2875,FALSE,TRUE,82
M9OTPNII,Garret Kinder,GTX Plus Pro,Donware,Won,2017-03-15,2017-05-20,6177,FALSE,TRUE,66
086279IX,Kary Hendrixson,GTX Pro,Kan-code,Won,2017-03-15,2017-06-14,4369,FALSE,TRUE,91
6EEC9HQQ,Kary Hendrixson,GTX Pro,Y-corporation,Won,2017-03-15,2017-05-21,4878,FALSE,TRUE,67
MHN0SWM2,Lajuana Vencill,GTX Plus Pro,Genco Pura Olive Oil Company,Won,2017-03-15,2017-06-21,4527,FALSE,TRUE,98
IGELOJ42,Moses Frase,GTX Plus Pro,Cancity,Won,2017-03-15,2017-06-03,6102,FALSE,TRUE,80
0LMA8GMJ,Rosie Papadopoulos,GTX Plus Pro,Bubba Gump,Won,2017-03-15,2017-05-10,4983,FALSE,TRUE,56
E40RN3MN,Versie Hillebrand,MG Special,Isdom,Won,2017-03-15,2017-03-25,47,FALSE,TRUE,10
093R7PK9,Vicki Laflamme,MG Special,Zoomit,Won,2017-03-15,2017-06-11,52,FALSE,TRUE,88
I8A9OXP2,Violet Mclelland,GTX Pro,Gekko & Co,Won,2017-03-15,2017-06-25,5031,FALSE,TRUE,102
7IFEKEMG,Violet Mclelland,MG Special,Bioplex,Won,2017-03-15,2017-06-06,53,FALSE,TRUE,83
K2KK9SW2,Anna Snelling,GTX Basic,Inity,Won,2017-03-16,2017-05-02,550,FALSE,TRUE,47
8SIG4C8X,Boris Faz,GTX Pro,Donquadtech,Won,2017-03-16,2017-06-06,5223,FALSE,TRUE,82
K4ETVW4H,Boris Faz,MG Special,Betasoloin,Won,2017-03-16,2017-05-12,53,FALSE,TRUE,57
YA2NDY1H,Cassey Cress,GTX Pro,Bluth Company,Won,2017-03-16,2017-05-17,4519,FALSE,TRUE,62
G6DYTQQE,Corliss Cosme,GTX Pro,Vehement Capital Partners,Won,2017-03-16,2017-06-01,4833,FALSE,TRUE,77
RZZ9K7UN,Daniell Hammack,GTX Plus Pro,Zencorporation,Won,2017-03-16,2017-06-29,5407,FALSE,TRUE,105
YZ9ZKK3P,Hayden Neloms,MG Special,Finjob,Won,2017-03-16,2017-05-08,56,FALSE,TRUE,53
E1921PBZ,Kary Hendrixson,GTX Basic,Finjob,Won,2017-03-16,2017-05-23,468,FALSE,TRUE,68
0E761F02,Kary Hendrixson,GTX Basic,Kan-code,Won,2017-03-16,2017-05-02,579,FALSE,TRUE,47
HDBNC8W1,Lajuana Vencill,MG Advanced,Treequote,Won,2017-03-16,2017-06-11,3185,FALSE,TRUE,87
KP6NOWM7,Markita Hansen,MG Special,Cheers,Won,2017-03-16,2017-06-03,54,FALSE,TRUE,79
HPYLUU5P,Maureen Marcano,MG Special,Newex,Won,2017-03-16,2017-06-26,62,FALSE,TRUE,102
RSFYKC1F,Moses Frase,GTX Basic,Betatech,Won,2017-03-16,2017-06-25,619,FALSE,TRUE,101
CG65AS6X,Vicki Laflamme,GTX Pro,Xx-holding,Won,2017-03-16,2017-03-29,4408,FALSE,TRUE,13
9XV6GX8D,Zane Levy,GTX Basic,Cheers,Won,2017-03-16,2017-06-07,605,FALSE,TRUE,83
IDIMBX0N,Anna Snelling,GTX Plus Pro,Genco Pura Olive Oil Company,Won,2017-03-17,2017-03-26,6064,FALSE,TRUE,9
W75XU368,Cassey Cress,GTX Basic,Plussunin,Won,2017-03-17,2017-06-17,641,FALSE,TRUE,92
WIY2Q0Q5,Cassey Cress,GTX Basic,Vehement Capital Partners,Won,2017-03-17,2017-05-17,491,FALSE,TRUE,61
4PXSBQU8,Darcel Schlecht,MG Special,Codehow,Won,2017-03-17,2017-05-27,47,FALSE,TRUE,71
QRKHWNRB,Elease Gluck,MG Special,Faxquote,Won,2017-03-17,2017-06-25,63,FALSE,TRUE,100
1YGNHE69,Garret Kinder,MG Advanced,Sumace,Won,2017-03-17,2017-05-18,3291,FALSE,TRUE,62
TAEUD0HP,Hayden Neloms,GTX Plus Basic,Singletechno,Won,2017-03-17,2017-06-10,1188,FALSE,TRUE,85
FCW4SAAP,Kary Hendrixson,GTX Basic,Scotfind,Won,2017-03-17,2017-06-11,478,FALSE,TRUE,86
DEH0MYSO,Kary Hendrixson,MG Special,Green-Plus,Won,2017-03-17,2017-05-24,60,FALSE,TRUE,68
PEVJ6O6R,Reed Clapper,GTX Pro,Silis,Won,2017-03-17,2017-03-27,4064,FALSE,TRUE,10
T02CX0BY,Reed Clapper,MG Advanced,Ontomedia,Won,2017-03-17,2017-03-31,2550,FALSE,TRUE,14
FHLNW3WH,Versie Hillebrand,MG Advanced,Statholdings,Won,2017-03-17,2017-06-21,3378,FALSE,TRUE,96
IAVMELUO,Wilburn Farren,GTX Pro,Gekko & Co,Won,2017-03-17,2017-05-30,6135,FALSE,TRUE,74
PRMMZX9O,Zane Levy,GTX Plus Basic,Newex,Won,2017-03-17,2017-06-02,999,FALSE,TRUE,77
ZZFES7ID,Zane Levy,MG Special,Singletechno,Won,2017-03-17,2017-06-05,52,FALSE,TRUE,80
VS0TWECS,Cassey Cress,GTX Basic,Plussunin,Won,2017-03-18,2017-06-18,530,FALSE,TRUE,92
XN7EV14M,Cecily Lampkin,GTX Basic,Konmatfix,Won,2017-03-18,2017-05-09,538,FALSE,TRUE,52
P5BRH80Z,Cecily Lampkin,MG Special,Rundofase,Won,2017-03-18,2017-03-27,53,FALSE,TRUE,9
CQVDJR45,Darcel Schlecht,GTX Pro,Scottech,Won,2017-03-18,2017-06-12,5416,FALSE,TRUE,86
RW13VT8T,Garret Kinder,GTX Plus Pro,Mathtouch,Won,2017-03-18,2017-05-11,4995,FALSE,TRUE,54
87XTACKH,Jonathan Berthelot,GTX Plus Basic,Bioholding,Won,2017-03-18,2017-05-26,1137,FALSE,TRUE,69
0Z2CQ0MQ,Kami Bicknell,GTX Basic,Sonron,Won,2017-03-18,2017-03-28,453,FALSE,TRUE,10
4SK6YLB0,Kami Bicknell,GTX Plus Basic,Hottechi,Won,2017-03-18,2017-05-27,1065,FALSE,TRUE,70
EVVX3PQ5,Kami Bicknell,GTX Pro,Singletechno,Won,2017-03-18,2017-05-04,4373,FALSE,TRUE,47
9Y3JDP1B,Kami Bicknell,MG Advanced,Labdrill,Won,2017-03-18,2017-06-19,2560,FALSE,TRUE,93
COWC9H9T,Markita Hansen,GTX Plus Basic,Groovestreet,Won,2017-03-18,2017-03-31,1171,FALSE,TRUE,13
ZTHMJWYZ,Markita Hansen,MG Special,Konex,Won,2017-03-18,2017-06-22,53,FALSE,TRUE,96
MMGWAWBA,Marty Freudenburg,GTX Plus Pro,Treequote,Won,2017-03-18,2017-06-02,6553,FALSE,TRUE,76
8LPO6YCO,Marty Freudenburg,MG Advanced,Betatech,Won,2017-03-18,2017-05-07,3542,FALSE,TRUE,50
CDUIUYY2,Moses Frase,MG Advanced,Finhigh,Won,2017-03-18,2017-06-11,3619,FALSE,TRUE,85
9328IHHL,Wilburn Farren,MG Advanced,Bluth Company,Won,2017-03-18,2017-05-18,3589,FALSE,TRUE,61
ZFB7CBR6,Zane Levy,GTX Plus Pro,Plexzap,Won,2017-03-18,2017-05-13,6262,FALSE,TRUE,56
6RJE18RW,Cassey Cress,GTX Plus Basic,Acme Corporation,Won,2017-03-19,2017-03-24,1161,FALSE,TRUE,5
GK86H0SK,Cassey Cress,GTX Pro,Umbrella Corporation,Won,2017-03-19,2017-03-28,4975,FALSE,TRUE,9
QXU90OP8,Corliss Cosme,GTX Basic,Zotware,Won,2017-03-19,2017-03-22,586,FALSE,TRUE,3
NXXSU27K,Corliss Cosme,MG Special,The New York Inquirer,Won,2017-03-19,2017-03-25,41,FALSE,TRUE,6
06YL7WVJ,Darcel Schlecht,GTX Plus Basic,Ron-tech,Won,2017-03-19,2017-03-21,929,FALSE,TRUE,2
K4Y8R0FX,Darcel Schlecht,MG Special,Streethex,Won,2017-03-19,2017-06-04,65,FALSE,TRUE,77
F8O0IY28,Donn Cantrell,GTX Basic,Zencorporation,Won,2017-03-19,2017-03-30,574,FALSE,TRUE,11
T0SEVT4K,Hayden Neloms,MG Advanced,Labdrill,Won,2017-03-19,2017-06-16,3028,FALSE,TRUE,89
36VPT9RZ,James Ascencio,GTX Basic,Singletechno,Won,2017-03-19,2017-03-26,403,FALSE,TRUE,7
7Q7SA3EK,Kami Bicknell,MG Advanced,Kan-code,Won,2017-03-19,2017-06-07,3290,FALSE,TRUE,80
B5CBSTM5,Kary Hendrixson,MG Advanced,Golddex,Won,2017-03-19,2017-03-29,3550,FALSE,TRUE,10
SNBYNW8H,Moses Frase,MG Advanced,Rangreen,Won,2017-03-19,2017-06-23,3657,FALSE,TRUE,96
IEN6RBZI,Reed Clapper,GTX Plus Basic,Zotware,Won,2017-03-19,2017-06-24,1046,FALSE,TRUE,97
9P026O47,Versie Hillebrand,MG Special,Warephase,Won,2017-03-19,2017-05-27,50,FALSE,TRUE,69
AJLNEUVY,Versie Hillebrand,MG Advanced,Funholding,Won,2017-03-19,2017-03-27,2871,FALSE,TRUE,8
LJIAOC0Q,Violet Mclelland,MG Special,Bioplex,Won,2017-03-19,2017-06-04,52,FALSE,TRUE,77
HP6DSCMH,Boris Faz,GTX Basic,Kan-code,Won,2017-03-20,2017-06-12,564,FALSE,TRUE,84
GGPSSI5Q,Daniell Hammack,MG Advanced,Ganjaflex,Won,2017-03-20,2017-06-02,3780,FALSE,TRUE,74
4D95LU0H,Darcel Schlecht,GTX Basic,dambase,Won,2017-03-20,2017-06-24,491,FALSE,TRUE,96
KA79LTFF,Darcel Schlecht,GTX Basic,Dontechi,Won,2017-03-20,2017-03-30,604,FALSE,TRUE,10
SGV1FR3O,Kami Bicknell,GTX Basic,Cheers,Won,2017-03-20,2017-06-23,568,FALSE,TRUE,95
TJ6U9HZ3,Kary Hendrixson,GTX Basic,Singletechno,Won,2017-03-20,2017-06-24,601,FALSE,TRUE,96
JYE2QFGE,Niesha Huffines,GTX Plus Pro,Genco Pura Olive Oil Company,Won,2017-03-20,2017-05-06,5616,FALSE,TRUE,47
QSBKLWSW,Violet Mclelland,GTX Basic,Opentech,Won,2017-03-20,2017-06-29,542,FALSE,TRUE,101
0GTJE2VQ,Wilburn Farren,GTX Basic,Gekko & Co,Won,2017-03-20,2017-06-14,497,FALSE,TRUE,86
H91G4MYP,Zane Levy,GTX Pro,J-Texon,Won,2017-03-20,2017-05-22,5443,FALSE,TRUE,63
DDBH2FPP,Anna Snelling,GTX Plus Basic,Rangreen,Won,2017-03-21,2017-06-16,1037,FALSE,TRUE,87
N8F2PFQP,Boris Faz,GTX Plus Basic,Betasoloin,Won,2017-03-21,2017-04-03,992,FALSE,TRUE,13
WELHHO3U,Cecily Lampkin,GTX Plus Basic,Stanredtax,Won,2017-03-21,2017-03-30,966,FALSE,TRUE,9
M1L0IWB6,Jonathan Berthelot,MG Advanced,Ron-tech,Won,2017-03-21,2017-05-11,3232,FALSE,TRUE,51
I2U6MKUT,Reed Clapper,GTX Basic,Ganjaflex,Won,2017-03-21,2017-05-29,548,FALSE,TRUE,69
ECOU1XXZ,Anna Snelling,MG Special,Ron-tech,Won,2017-03-22,2017-05-30,52,FALSE,TRUE,69
IJ4GXGCU,Darcel Schlecht,GTX Pro,Isdom,Won,2017-03-22,2017-03-30,5109,FALSE,TRUE,8
U0G8KIPB,Gladys Colclough,MG Special,Codehow,Won,2017-03-22,2017-06-21,49,FALSE,TRUE,91
TGW7OYMD,Kami Bicknell,GTX Basic,Kan-code,Won,2017-03-22,2017-06-25,447,FALSE,TRUE,95
XJ9RQU4K,Lajuana Vencill,MG Advanced,Isdom,Won,2017-03-22,2017-06-14,3430,FALSE,TRUE,84
TJXY9DQG,Reed Clapper,MG Advanced,Donquadtech,Won,2017-03-22,2017-06-10,3245,FALSE,TRUE,80
J712QVSG,Versie Hillebrand,MG Special,Ron-tech,Won,2017-03-22,2017-03-26,61,FALSE,TRUE,4
LCBVIPRA,Vicki Laflamme,MG Special,Golddex,Won,2017-03-22,2017-06-29,60,FALSE,TRUE,99
WNMF0OHM,Anna Snelling,GTX Plus Pro,dambase,Won,2017-03-23,2017-04-01,5060,FALSE,TRUE,9
7LNGJB3S,Cassey Cress,GTX Basic,Kan-code,Won,2017-03-23,2017-04-01,585,FALSE,TRUE,9
CRW2CCMB,Markita Hansen,GTX Basic,Nam-zim,Won,2017-03-23,2017-06-05,572,FALSE,TRUE,74
7FER10E1,Markita Hansen,MG Special,Golddex,Won,2017-03-23,2017-06-08,54,FALSE,TRUE,77
SE609QTE,Versie Hillebrand,MG Special,Stanredtax,Won,2017-03-23,2017-05-05,60,FALSE,TRUE,43
CT9XECID,Versie Hillebrand,MG Advanced,Zumgoity,Won,2017-03-23,2017-04-01,3251,FALSE,TRUE,9
SUO8VZQ8,Vicki Laflamme,GTX Plus Pro,Lexiqvolax,Won,2017-03-23,2017-06-14,5930,FALSE,TRUE,83
9LX9MAPU,Violet Mclelland,GTX Plus Basic,Mathtouch,Won,2017-03-23,2017-04-01,941,FALSE,TRUE,9
7XEB6TFB,Anna Snelling,MG Special,Scottech,Won,2017-03-24,2017-06-06,56,FALSE,TRUE,74
KV9LW061,Anna Snelling,MG Advanced,Codehow,Won,2017-03-24,2017-04-04,3445,FALSE,TRUE,11
8RZ1A49O,Cecily Lampkin,MG Special,Bioholding,Won,2017-03-24,2017-03-31,54,FALSE,TRUE,7
V4EKF9RF,Corliss Cosme,MG Advanced,Mathtouch,Won,2017-03-24,2017-03-31,3498,FALSE,TRUE,7
VJ1EK4A3,Daniell Hammack,GTX Basic,Vehement Capital Partners,Won,2017-03-24,2017-04-02,540,FALSE,TRUE,9
65B8HSTW,Daniell Hammack,GTX Pro,Gekko & Co,Won,2017-03-24,2017-04-02,4986,FALSE,TRUE,9
8PHJ7N4E,Darcel Schlecht,GTX Plus Pro,Domzoom,Won,2017-03-24,2017-05-15,5214,FALSE,TRUE,52
EDAJ0YEW,Darcel Schlecht,GTX Pro,Isdom,Won,2017-03-24,2017-03-30,4794,FALSE,TRUE,6
54JFGNXN,Lajuana Vencill,GTX Basic,Cancity,Won,2017-03-24,2017-05-27,648,FALSE,TRUE,64
WLXPA3LB,Lajuana Vencill,MG Advanced,Dontechi,Won,2017-03-24,2017-06-30,3040,FALSE,TRUE,98
3WQMBMSN,Marty Freudenburg,GTX Plus Basic,Treequote,Won,2017-03-24,2017-06-30,1185,FALSE,TRUE,98
XIKWT7HM,Marty Freudenburg,MG Special,Finhigh,Won,2017-03-24,2017-03-26,48,FALSE,TRUE,2
I51MJ7PP,Maureen Marcano,GTX Plus Basic,Cheers,Won,2017-03-24,2017-06-30,1021,FALSE,TRUE,98
V690FQG4,Maureen Marcano,GTX Plus Basic,Scotfind,Won,2017-03-24,2017-05-26,1264,FALSE,TRUE,63
JWRSTAU8,Moses Frase,GTX Basic,Ron-tech,Won,2017-03-24,2017-06-12,503,FALSE,TRUE,80
YYAZ4JBY,Reed Clapper,GTX Pro,Ganjaflex,Won,2017-03-24,2017-04-03,4440,FALSE,TRUE,10
4L36DJTM,Versie Hillebrand,MG Special,Rangreen,Won,2017-03-24,2017-04-02,52,FALSE,TRUE,9
J2B3UZXA,Violet Mclelland,GTX Basic,Gekko & Co,Won,2017-03-24,2017-03-26,499,FALSE,TRUE,2
KZKMLY96,Zane Levy,GTX Plus Basic,Condax,Won,2017-03-24,2017-03-29,1159,FALSE,TRUE,5
H6NJKV4F,Boris Faz,GTX Plus Pro,Betasoloin,Won,2017-03-25,2017-05-20,5479,FALSE,TRUE,56
L69Q015M,Daniell Hammack,GTX Pro,Zotware,Won,2017-03-25,2017-05-19,4555,FALSE,TRUE,55
JQ3HJFNA,Garret Kinder,GTX Plus Basic,Initech,Won,2017-03-25,2017-03-28,1026,FALSE,TRUE,3
XCC1C1GG,Gladys Colclough,GTX Basic,Stanredtax,Won,2017-03-25,2017-04-03,503,FALSE,TRUE,9
WI1HQSIS,Gladys Colclough,GTX Plus Basic,Streethex,Won,2017-03-25,2017-06-14,1144,FALSE,TRUE,81
LCTI4CFV,Gladys Colclough,MG Special,Genco Pura Olive Oil Company,Won,2017-03-25,2017-06-16,55,FALSE,TRUE,83
8GMDSXYY,Markita Hansen,MG Advanced,Kan-code,Won,2017-03-25,2017-04-06,3181,FALSE,TRUE,12
QLTDWAEM,Marty Freudenburg,MG Special,Scottech,Won,2017-03-25,2017-06-19,54,FALSE,TRUE,86
UB8M6I5R,Maureen Marcano,GTX Pro,Singletechno,Won,2017-03-25,2017-06-30,3959,FALSE,TRUE,97
EBTJPEEY,Niesha Huffines,GTX Basic,Streethex,Won,2017-03-25,2017-05-31,571,FALSE,TRUE,67
HRV9DSYF,Vicki Laflamme,GTX Basic,Blackzim,Won,2017-03-25,2017-04-03,545,FALSE,TRUE,9
MNC7Q3JJ,Vicki Laflamme,GTX Basic,Labdrill,Won,2017-03-25,2017-06-21,554,FALSE,TRUE,88
E3WWC6FJ,Violet Mclelland,MG Special,Yearin,Won,2017-03-25,2017-04-02,68,FALSE,TRUE,8
QKKZQJ46,Violet Mclelland,MG Special,Zencorporation,Won,2017-03-25,2017-06-16,52,FALSE,TRUE,83
Z72Y3C3C,Anna Snelling,MG Special,Dontechi,Won,2017-03-26,2017-04-04,54,FALSE,TRUE,9
FQPPZ9NQ,Cassey Cress,MG Advanced,Donware,Won,2017-03-26,2017-05-25,3822,FALSE,TRUE,60
DUHS8KVY,Daniell Hammack,GTX Plus Basic,The New York Inquirer,Won,2017-03-26,2017-04-05,971,FALSE,TRUE,10
M72CT8RN,Daniell Hammack,GTX Plus Pro,Donware,Won,2017-03-26,2017-04-05,6024,FALSE,TRUE,10
XBFTCRLN,Darcel Schlecht,GTX Pro,Stanredtax,Won,2017-03-26,2017-04-04,4820,FALSE,TRUE,9
72HZ4LDT,Garret Kinder,MG Advanced,Ganjaflex,Won,2017-03-26,2017-04-02,2940,FALSE,TRUE,7
4X3LNCWH,Hayden Neloms,MG Special,Doncon,Won,2017-03-26,2017-04-04,49,FALSE,TRUE,9
F481S8G3,Kami Bicknell,GTX Basic,J-Texon,Won,2017-03-26,2017-05-22,545,FALSE,TRUE,57
677XNEFB,Markita Hansen,MG Special,Y-corporation,Won,2017-03-26,2017-06-18,58,FALSE,TRUE,84
A3D8MRDX,Niesha Huffines,GTX Pro,Dontechi,Won,2017-03-26,2017-05-12,4280,FALSE,TRUE,47
YE6R6I1K,Reed Clapper,MG Advanced,Umbrella Corporation,Won,2017-03-26,2017-05-29,2880,FALSE,TRUE,64
JXUXBANJ,Rosalina Dieter,GTK 500,Y-corporation,Won,2017-03-26,2017-04-05,25288,FALSE,TRUE,10
GOIVV4OG,Cecily Lampkin,MG Advanced,Zumgoity,Won,2017-03-27,2017-05-29,3267,FALSE,TRUE,63
CJOU1RYX,Daniell Hammack,GTX Plus Pro,Betasoloin,Won,2017-03-27,2017-06-09,5182,FALSE,TRUE,74
2QQD7411,James Ascencio,GTX Basic,Y-corporation,Won,2017-03-27,2017-05-25,540,FALSE,TRUE,59
XR57MBVC,James Ascencio,MG Advanced,Finjob,Won,2017-03-27,2017-05-01,3492,FALSE,TRUE,35
8BY9YRL9,Jonathan Berthelot,GTX Plus Pro,dambase,Won,2017-03-27,2017-06-26,5991,FALSE,TRUE,91
CVPH0J04,Markita Hansen,GTX Pro,Sunnamplex,Won,2017-03-27,2017-06-26,4968,FALSE,TRUE,91
H8CLNRM2,Maureen Marcano,GTX Pro,Konex,Won,2017-03-27,2017-05-26,5006,FALSE,TRUE,60
B85LVFR1,Reed Clapper,GTX Pro,Mathtouch,Won,2017-03-27,2017-04-05,5363,FALSE,TRUE,9
U8XA7JCO,Versie Hillebrand,MG Special,dambase,Won,2017-03-27,2017-06-28,49,FALSE,TRUE,93
AV4ZPXE3,Zane Levy,MG Advanced,Doncon,Won,2017-03-27,2017-04-03,4253,FALSE,TRUE,7
RO6QLRCX,Cassey Cress,GTX Basic,Plussunin,Won,2017-03-28,2017-05-30,422,FALSE,TRUE,63
SKTAI2GS,Cecily Lampkin,GTX Plus Basic,Codehow,Won,2017-03-28,2017-04-08,1056,FALSE,TRUE,11
3O7PIS8O,Darcel Schlecht,MG Advanced,Warephase,Won,2017-03-28,2017-04-09,3665,FALSE,TRUE,12
FAV4HHP4,Donn Cantrell,GTX Pro,Donquadtech,Won,2017-03-28,2017-06-03,4329,FALSE,TRUE,67
C334XDK8,Hayden Neloms,MG Special,Goodsilron,Won,2017-03-28,2017-04-08,58,FALSE,TRUE,11
R707GGNA,James Ascencio,GTX Plus Pro,Y-corporation,Won,2017-03-28,2017-06-26,7356,FALSE,TRUE,90
EP81D4IN,James Ascencio,GTX Pro,Fasehatice,Won,2017-03-28,2017-06-25,4066,FALSE,TRUE,89
UWZ7DFKY,Lajuana Vencill,MG Special,Condax,Won,2017-03-28,2017-06-06,55,FALSE,TRUE,70
7SH51ME1,Markita Hansen,MG Advanced,Zoomit,Won,2017-03-28,2017-06-27,3738,FALSE,TRUE,91
C2WEF4XH,Maureen Marcano,GTX Plus Basic,Y-corporation,Won,2017-03-28,2017-05-15,888,FALSE,TRUE,48
5G645WYV,Moses Frase,GTX Plus Pro,Bioholding,Won,2017-03-28,2017-04-07,5447,FALSE,TRUE,10
5M3Z5DS4,Niesha Huffines,GTX Plus Pro,Globex Corporation,Won,2017-03-28,2017-04-05,5972,FALSE,TRUE,8
CR20TBUT,Rosalina Dieter,GTX Pro,Cheers,Won,2017-03-28,2017-04-02,4855,FALSE,TRUE,5
M5E8U8HP,Rosie Papadopoulos,MG Advanced,Xx-zobam,Won,2017-03-28,2017-05-29,3395,FALSE,TRUE,62
9S7VQ79A,Zane Levy,GTX Plus Basic,Goodsilron,Won,2017-03-28,2017-03-30,1084,FALSE,TRUE,2
1MQFYGEE,Cecily Lampkin,MG Advanced,Inity,Won,2017-03-29,2017-06-03,3670,FALSE,TRUE,66
DLZYL69K,Daniell Hammack,GTX Plus Pro,Gekko & Co,Won,2017-03-29,2017-06-02,5304,FALSE,TRUE,65
FRIVBOOA,Darcel Schlecht,GTX Pro,Conecom,Won,2017-03-29,2017-06-16,3844,FALSE,TRUE,79
7ASDRLM5,Donn Cantrell,GTX Basic,Acme Corporation,Won,2017-03-29,2017-05-11,549,FALSE,TRUE,43
CCVCBR83,Jonathan Berthelot,GTX Basic,Hottechi,Won,2017-03-29,2017-04-05,553,FALSE,TRUE,7
ASL3FJZP,Kami Bicknell,MG Advanced,Faxquote,Won,2017-03-29,2017-04-07,3523,FALSE,TRUE,9
8IJOC37Z,Kary Hendrixson,GTX Basic,Hottechi,Won,2017-03-29,2017-06-28,424,FALSE,TRUE,91
28BIO7F9,Marty Freudenburg,GTX Basic,Konmatfix,Won,2017-03-29,2017-06-02,490,FALSE,TRUE,65
9ZDFLOKA,Maureen Marcano,MG Special,Green-Plus,Won,2017-03-29,2017-04-07,48,FALSE,TRUE,9
8FXUNDUS,Moses Frase,MG Advanced,Hottechi,Won,2017-03-29,2017-05-26,3982,FALSE,TRUE,58
181X64EU,Vicki Laflamme,GTX Plus Basic,Goodsilron,Won,2017-03-29,2017-04-09,1176,FALSE,TRUE,11
5RUF6451,Wilburn Farren,GTX Basic,Kinnamplus,Won,2017-03-29,2017-04-04,589,FALSE,TRUE,6
DF19VWL4,Cassey Cress,GTX Pro,The New York Inquirer,Won,2017-03-30,2017-04-06,4276,FALSE,TRUE,7
ZIZXHX09,Cassey Cress,MG Advanced,Silis,Won,2017-03-30,2017-04-07,3390,FALSE,TRUE,8
JPJ3A9T8,Cecily Lampkin,GTX Basic,Dontechi,Won,2017-03-30,2017-05-19,541,FALSE,TRUE,50
1A86ZD0B,Corliss Cosme,GTX Plus Pro,Ganjaflex,Won,2017-03-30,2017-06-26,5189,FALSE,TRUE,88
OFQCCQ6I,Daniell Hammack,GTX Plus Pro,Xx-zobam,Won,2017-03-30,2017-06-23,6920,FALSE,TRUE,85
HMKFBTYR,Darcel Schlecht,GTX Basic,Bioholding,Won,2017-03-30,2017-06-20,600,FALSE,TRUE,82
OUR875IK,Donn Cantrell,GTX Basic,Xx-zobam,Won,2017-03-30,2017-04-06,564,FALSE,TRUE,7
1OUHMFJV,Garret Kinder,GTX Plus Basic,Zathunicon,Won,2017-03-30,2017-05-31,1037,FALSE,TRUE,62
GMNQUFQZ,Kami Bicknell,GTX Basic,Hottechi,Won,2017-03-30,2017-04-01,500,FALSE,TRUE,2
YWF7W7H8,Lajuana Vencill,GTX Plus Pro,Hottechi,Won,2017-03-30,2017-04-07,5728,FALSE,TRUE,8
N55VF08D,Moses Frase,MG Special,Finhigh,Won,2017-03-30,2017-05-20,54,FALSE,TRUE,51
265SZR01,Rosalina Dieter,GTX Basic,Xx-holding,Won,2017-03-30,2017-06-19,501,FALSE,TRUE,81
NKO2JRRS,Rosie Papadopoulos,GTX Plus Pro,Umbrella Corporation,Won,2017-03-30,2017-04-08,6155,FALSE,TRUE,9
WW3NDCO2,Rosie Papadopoulos,GTX Plus Pro,Zathunicon,Won,2017-03-30,2017-04-08,4668,FALSE,TRUE,9
DGPI60HG,Versie Hillebrand,GTX Plus Pro,Zumgoity,Won,2017-03-30,2017-06-09,5017,FALSE,TRUE,71
06DUY829,Versie Hillebrand,MG Special,Ron-tech,Won,2017-03-30,2017-04-08,59,FALSE,TRUE,9
PLM5WEY4,Vicki Laflamme,MG Advanced,Plexzap,Won,2017-03-30,2017-04-06,3316,FALSE,TRUE,7
EWQVZB85,Zane Levy,GTX Plus Pro,Plexzap,Won,2017-03-30,2017-04-10,6227,FALSE,TRUE,11
99AAJPQN,Anna Snelling,MG Special,Condax,Won,2017-03-31,2017-06-15,58,FALSE,TRUE,76
JW2FHT1G,Anna Snelling,MG Advanced,dambase,Won,2017-03-31,2017-04-08,3626,FALSE,TRUE,8
08KE6ZQN,Boris Faz,MG Advanced,Vehement Capital Partners,Won,2017-03-31,2017-04-01,2819,FALSE,TRUE,1
OZDJFUHH,Hayden Neloms,GTX Plus Basic,Fasehatice,Won,2017-03-31,2017-04-09,901,FALSE,TRUE,9
BUPUP2TV,Hayden Neloms,MG Advanced,Doncon,Won,2017-03-31,2017-06-04,3438,FALSE,TRUE,65
HTQO5XIW,James Ascencio,GTX Basic,Faxquote,Won,2017-03-31,2017-04-08,589,FALSE,TRUE,8
W7F056RK,Kami Bicknell,GTX Pro,Sunnamplex,Won,2017-03-31,2017-04-01,5073,FALSE,TRUE,1
YAKIMBKC,Kary Hendrixson,GTX Basic,Konex,Won,2017-03-31,2017-04-02,609,FALSE,TRUE,2
FHU2WQ2K,Kary Hendrixson,MG Special,Goodsilron,Won,2017-03-31,2017-04-01,55,FALSE,TRUE,1
0XIPT9AX,Maureen Marcano,GTX Plus Pro,Condax,Won,2017-03-31,2017-04-10,5637,FALSE,TRUE,10
UURLD9W8,Maureen Marcano,GTX Plus Pro,Plexzap,Won,2017-03-31,2017-04-11,5793,FALSE,TRUE,11
6YEF304L,Rosalina Dieter,GTX Basic,Hottechi,Won,2017-03-31,2017-04-07,520,FALSE,TRUE,7
6AALZVSE,Rosalina Dieter,MG Advanced,Finjob,Won,2017-03-31,2017-04-02,4080,FALSE,TRUE,2
JF9CTPPZ,Versie Hillebrand,GTX Basic,Inity,Won,2017-03-31,2017-06-30,526,FALSE,TRUE,91
LAH7932Y,Versie Hillebrand,MG Special,Scottech,Won,2017-03-31,2017-05-17,57,FALSE,TRUE,47
ZT6XPQR0,Vicki Laflamme,MG Special,Y-corporation,Won,2017-03-31,2017-06-28,54,FALSE,TRUE,89
MUHI7FIM,Vicki Laflamme,MG Advanced,Sunnamplex,Won,2017-03-31,2017-04-12,3367,FALSE,TRUE,12
1WSLRC69,Zane Levy,GTX Basic,Dalttechnology,Won,2017-03-31,2017-04-06,430,FALSE,TRUE,6
ZZJ4I52J,Anna Snelling,GTX Basic,Hottechi,Won,2017-04-01,2017-05-05,518,FALSE,TRUE,34
T4NRIY5R,Darcel Schlecht,GTX Plus Pro,Bioholding,Won,2017-04-01,2017-04-08,5798,FALSE,TRUE,7
5PA21ZHE,Darcel Schlecht,GTX Pro,Betatech,Won,2017-04-01,2017-04-10,4685,FALSE,TRUE,9
MCR8YCCY,Darcel Schlecht,MG Advanced,Genco Pura Olive Oil Company,Won,2017-04-01,2017-06-17,3228,FALSE,TRUE,77
8INCUUGJ,Elease Gluck,GTX Basic,Plexzap,Won,2017-04-01,2017-06-22,452,FALSE,TRUE,82
JFB4WY8C,Jonathan Berthelot,GTX Basic,Dontechi,Won,2017-04-01,2017-04-08,565,FALSE,TRUE,7
BP7JRV1O,Jonathan Berthelot,GTX Plus Basic,Warephase,Won,2017-04-01,2017-06-05,1184,FALSE,TRUE,65
OREPAY0O,Kami Bicknell,GTX Plus Basic,Hatfan,Won,2017-04-01,2017-06-22,1150,FALSE,TRUE,82
XBSZ29VJ,Kary Hendrixson,GTX Plus Basic,Singletechno,Won,2017-04-01,2017-05-24,1110,FALSE,TRUE,53
VZS17M7X,Markita Hansen,MG Advanced,J-Texon,Won,2017-04-01,2017-04-06,3817,FALSE,TRUE,5
26XU4887,Niesha Huffines,GTX Basic,Hottechi,Won,2017-04-01,2017-04-10,531,FALSE,TRUE,9
LGTIXQ46,Rosalina Dieter,MG Special,Blackzim,Won,2017-04-01,2017-04-07,51,FALSE,TRUE,6
KJBYGG1S,Rosie Papadopoulos,GTX Pro,Mathtouch,Won,2017-04-01,2017-05-12,5106,FALSE,TRUE,41
B6UWHOD4,Versie Hillebrand,MG Special,Stanredtax,Won,2017-04-01,2017-04-02,60,FALSE,TRUE,1
RH805ELL,Zane Levy,GTX Pro,Hatfan,Won,2017-04-01,2017-06-29,5079,FALSE,TRUE,89
7RI58VF7,Anna Snelling,GTX Basic,Streethex,Won,2017-04-02,2017-06-20,460,FALSE,TRUE,79
H00Y9555,Cecily Lampkin,MG Advanced,Domzoom,Won,2017-04-02,2017-04-10,3343,FALSE,TRUE,8
RJYMI03Q,Corliss Cosme,GTX Plus Pro,Xx-zobam,Won,2017-04-02,2017-05-28,5125,FALSE,TRUE,56
5PJJCTJ9,Darcel Schlecht,MG Advanced,Bioholding,Won,2017-04-02,2017-04-11,3263,FALSE,TRUE,9
J60KKQ4B,Elease Gluck,GTX Plus Basic,Fasehatice,Won,2017-04-02,2017-04-08,976,FALSE,TRUE,6
X2QRD0DC,Garret Kinder,GTX Pro,Plussunin,Won,2017-04-02,2017-04-09,4746,FALSE,TRUE,7
6RQCLF28,Gladys Colclough,GTX Basic,Codehow,Won,2017-04-02,2017-04-11,507,FALSE,TRUE,9
HO6M5P37,James Ascencio,GTX Pro,Fasehatice,Won,2017-04-02,2017-04-09,5693,FALSE,TRUE,7
OV08QE7X,Kary Hendrixson,GTX Basic,Cheers,Won,2017-04-02,2017-04-10,488,FALSE,TRUE,8
WJLJIWYS,Kary Hendrixson,GTX Basic,Rantouch,Won,2017-04-02,2017-05-20,605,FALSE,TRUE,48
GJQXUDI3,Marty Freudenburg,GTX Plus Basic,Funholding,Won,2017-04-02,2017-04-11,949,FALSE,TRUE,9
OOGOZGGV,Maureen Marcano,GTX Plus Basic,Faxquote,Won,2017-04-02,2017-04-04,882,FALSE,TRUE,2
C9XJ9KHD,Maureen Marcano,GTX Plus Basic,Goodsilron,Won,2017-04-02,2017-06-22,1096,FALSE,TRUE,81
AKT5EF0X,Reed Clapper,GTX Basic,Donware,Won,2017-04-02,2017-08-04,572,FALSE,TRUE,124
V7YVW4U0,Rosie Papadopoulos,GTX Pro,Kinnamplus,Won,2017-04-02,2017-04-12,3731,FALSE,TRUE,10
QWLH0WD8,Zane Levy,GTX Plus Basic,Hottechi,Won,2017-04-02,2017-06-13,1214,FALSE,TRUE,72
JZTX4MXK,Zane Levy,GTX Pro,Sunnamplex,Won,2017-04-02,2017-04-03,4444,FALSE,TRUE,1
4AHNCJ2Y,Anna Snelling,GTX Basic,Rangreen,Won,2017-04-03,2017-06-27,524,FALSE,TRUE,85
JK75NQBD,Cassey Cress,GTX Plus Basic,Bubba Gump,Won,2017-04-03,2017-05-20,997,FALSE,TRUE,47
U1BDEL90,Corliss Cosme,MG Advanced,Betasoloin,Won,2017-04-03,2017-04-10,2794,FALSE,TRUE,7
A9C9YCSN,Darcel Schlecht,MG Special,Rangreen,Won,2017-04-03,2017-04-09,53,FALSE,TRUE,6
524GC3WL,Darcel Schlecht,MG Advanced,Globex Corporation,Won,2017-04-03,2017-04-13,3141,FALSE,TRUE,10
FH4VP5CL,Donn Cantrell,GTX Plus Basic,Bioplex,Won,2017-04-03,2017-06-26,1109,FALSE,TRUE,84
K9MMOXUC,Donn Cantrell,GTX Plus Pro,Iselectrics,Won,2017-04-03,2017-04-14,5691,FALSE,TRUE,11
LV5SEMZQ,Elease Gluck,MG Special,Nam-zim,Won,2017-04-03,2017-04-07,52,FALSE,TRUE,4
JXS3KFKM,Gladys Colclough,GTX Basic,Betatech,Won,2017-04-03,2017-04-05,532,FALSE,TRUE,2
QODSAVWU,Gladys Colclough,GTX Pro,Isdom,Won,2017-04-03,2017-04-04,5615,FALSE,TRUE,1
YTL8VNGT,Kami Bicknell,GTX Basic,J-Texon,Won,2017-04-03,2017-04-12,565,FALSE,TRUE,9
5UE0TE1R,Reed Clapper,GTX Pro,Yearin,Won,2017-04-03,2017-04-14,3991,FALSE,TRUE,11
RFNRVNXJ,Rosie Papadopoulos,GTX Pro,Kinnamplus,Won,2017-04-03,2017-05-20,5763,FALSE,TRUE,47
VNCFE4LQ,Vicki Laflamme,GTX Basic,J-Texon,Won,2017-04-03,2017-04-15,456,FALSE,TRUE,12
VIV0OXU6,Anna Snelling,GTX Basic,Domzoom,Won,2017-04-04,2017-04-11,582,FALSE,TRUE,7
KVF0HK8S,Anna Snelling,MG Special,Domzoom,Won,2017-04-04,2017-04-12,59,FALSE,TRUE,8
JLT2LLR3,Boris Faz,MG Advanced,Donquadtech,Won,2017-04-04,2017-04-09,3259,FALSE,TRUE,5
Z50GQV8I,Corliss Cosme,GTX Basic,Vehement Capital Partners,Won,2017-04-04,2017-04-11,593,FALSE,TRUE,7
O2CPAAF0,Corliss Cosme,GTX Pro,Plussunin,Won,2017-04-04,2017-06-26,5197,FALSE,TRUE,83
Y9XOOWHS,Darcel Schlecht,MG Advanced,Finhigh,Won,2017-04-04,2017-06-18,3031,FALSE,TRUE,75
EFO8XWXE,Donn Cantrell,GTX Pro,Zencorporation,Won,2017-04-04,2017-05-25,5244,FALSE,TRUE,51
HYCELUAD,Garret Kinder,GTX Plus Pro,Ontomedia,Won,2017-04-04,2017-06-20,5946,FALSE,TRUE,77
LUT9KYJA,James Ascencio,GTX Pro,Singletechno,Won,2017-04-04,2017-06-06,4335,FALSE,TRUE,63
ILYP3YGW,Jonathan Berthelot,GTX Pro,Konmatfix,Won,2017-04-04,2017-04-06,5063,FALSE,TRUE,2
0XC4DR3F,Jonathan Berthelot,GTX Pro,Streethex,Won,2017-04-04,2017-04-10,5032,FALSE,TRUE,6
3ZM8BJQO,Kami Bicknell,GTX Pro,Labdrill,Won,2017-04-04,2017-05-31,4398,FALSE,TRUE,57
AM5J5QPK,Kami Bicknell,GTX Pro,Scotfind,Won,2017-04-04,2017-04-06,4449,FALSE,TRUE,2
4YH4JR1Q,Lajuana Vencill,MG Special,Funholding,Won,2017-04-04,2017-05-31,50,FALSE,TRUE,57
NUA0OE6Z,Markita Hansen,GTX Basic,Goodsilron,Won,2017-04-04,2017-06-03,605,FALSE,TRUE,60
GDOHDB6U,Markita Hansen,MG Special,Scotfind,Won,2017-04-04,2017-04-08,57,FALSE,TRUE,4
I58DG1XE,Markita Hansen,MG Advanced,Cheers,Won,2017-04-04,2017-06-10,2882,FALSE,TRUE,67
YA3O04NX,Marty Freudenburg,MG Advanced,Gogozoom,Won,2017-04-04,2017-06-05,3011,FALSE,TRUE,62
C2X9D7JO,Maureen Marcano,GTX Plus Basic,Rantouch,Won,2017-04-04,2017-04-11,1181,FALSE,TRUE,7
SBLP2LJB,Niesha Huffines,GTX Plus Basic,Betatech,Won,2017-04-04,2017-06-11,1067,FALSE,TRUE,68
64KS4KGN,Versie Hillebrand,MG Special,Isdom,Won,2017-04-04,2017-04-06,54,FALSE,TRUE,2
637HKAFD,Zane Levy,GTX Basic,Plexzap,Won,2017-04-04,2017-06-29,564,FALSE,TRUE,86
FB1AO8SL,Anna Snelling,MG Special,Betatech,Won,2017-04-05,2017-04-14,57,FALSE,TRUE,9
79LGX9EX,Cassey Cress,GTX Pro,Yearin,Won,2017-04-05,2017-06-30,5558,FALSE,TRUE,86
E6WG7J0I,Corliss Cosme,GTX Plus Basic,Bubba Gump,Won,2017-04-05,2017-04-10,1083,FALSE,TRUE,5
37FL55S0,Darcel Schlecht,GTX Pro,Treequote,Won,2017-04-05,2017-04-06,5647,FALSE,TRUE,1
5QSU8PQU,Donn Cantrell,GTX Pro,Silis,Won,2017-04-05,2017-06-19,4648,FALSE,TRUE,75
N58V2ML8,Donn Cantrell,MG Special,Plussunin,Won,2017-04-05,2017-04-14,50,FALSE,TRUE,9
0000I7AO,Jonathan Berthelot,GTX Basic,Rangreen,Won,2017-04-05,2017-05-12,505,FALSE,TRUE,37
P9SDPJJO,Kary Hendrixson,GTX Basic,Green-Plus,Won,2017-04-05,2017-04-06,450,FALSE,TRUE,1
NW6OPA4M,Kary Hendrixson,GTX Plus Pro,Blackzim,Won,2017-04-05,2017-05-21,4983,FALSE,TRUE,46
ZZQB2NPD,Lajuana Vencill,GTX Plus Basic,Ron-tech,Won,2017-04-05,2017-06-19,1140,FALSE,TRUE,75
4XGA0K6N,Markita Hansen,MG Advanced,J-Texon,Won,2017-04-05,2017-06-22,3188,FALSE,TRUE,78
UIFIWKNI,Reed Clapper,GTX Plus Basic,Xx-zobam,Won,2017-04-05,2017-08-02,1091,FALSE,TRUE,119
MBGVOGCY,Reed Clapper,GTX Plus Pro,Bioplex,Won,2017-04-05,2017-04-12,5095,FALSE,TRUE,7
2WQ5FUPR,Reed Clapper,MG Special,Condax,Won,2017-04-05,2017-08-02,51,FALSE,TRUE,119
DA6LGJ66,Rosalina Dieter,MG Special,Green-Plus,Won,2017-04-05,2017-06-19,62,FALSE,TRUE,75
OJSYLHMZ,Vicki Laflamme,GTX Basic,Zoomit,Won,2017-04-05,2017-06-28,550,FALSE,TRUE,84
QO6CI3P4,Violet Mclelland,MG Special,Gekko & Co,Won,2017-04-05,2017-04-07,45,FALSE,TRUE,2
HJP5X1MT,Anna Snelling,GTX Basic,Dontechi,Won,2017-04-06,2017-06-09,527,FALSE,TRUE,64
THMEDL51,Darcel Schlecht,MG Special,Rundofase,Won,2017-04-06,2017-04-14,64,FALSE,TRUE,8
94B4785B,Donn Cantrell,MG Advanced,Plussunin,Won,2017-04-06,2017-04-15,3655,FALSE,TRUE,9
E6GVZ30Q,James Ascencio,GTX Basic,Finjob,Won,2017-04-06,2017-05-21,561,FALSE,TRUE,45
74P8ZFDD,Kary Hendrixson,GTX Plus Pro,Plexzap,Won,2017-04-06,2017-04-07,6154,FALSE,TRUE,1
MB3376Q1,Kary Hendrixson,GTX Pro,Cheers,Won,2017-04-06,2017-04-12,4756,FALSE,TRUE,6
3N6VGWVS,Lajuana Vencill,MG Special,Gogozoom,Won,2017-04-06,2017-05-30,61,FALSE,TRUE,54
KG61YJ92,Moses Frase,GTX Basic,Warephase,Won,2017-04-06,2017-06-24,575,FALSE,TRUE,79
Z4A1R9CJ,Moses Frase,GTX Plus Basic,Finhigh,Won,2017-04-06,2017-05-22,1147,FALSE,TRUE,46
I6ZWBDU6,Moses Frase,MG Advanced,Funholding,Won,2017-04-06,2017-06-12,3161,FALSE,TRUE,67
CBTC7BHL,Vicki Laflamme,GTX Basic,Scotfind,Won,2017-04-06,2017-05-04,525,FALSE,TRUE,28
93JCG10L,Zane Levy,GTX Pro,Dalttechnology,Won,2017-04-06,2017-04-12,4168,FALSE,TRUE,6
X9BUD48V,Anna Snelling,GTX Basic,Warephase,Won,2017-04-07,2017-04-08,596,FALSE,TRUE,1
TQLJOZBP,Boris Faz,MG Special,Zotware,Won,2017-04-07,2017-04-15,59,FALSE,TRUE,8
BG2656VA,Corliss Cosme,GTX Plus Pro,Konex,Won,2017-04-07,2017-04-15,5684,FALSE,TRUE,8
7TJEHAED,Darcel Schlecht,GTX Pro,Gogozoom,Won,2017-04-07,2017-04-15,4413,FALSE,TRUE,8
PYY9M6Q4,Donn Cantrell,GTX Pro,Mathtouch,Won,2017-04-07,2017-04-13,4152,FALSE,TRUE,6
WAF692K8,Elease Gluck,MG Special,Dalttechnology,Won,2017-04-07,2017-06-24,51,FALSE,TRUE,78
XBLA9VO6,James Ascencio,GTX Plus Basic,Sonron,Won,2017-04-07,2017-05-18,1103,FALSE,TRUE,41
QL7H3WQZ,Jonathan Berthelot,GTX Plus Basic,Warephase,Won,2017-04-07,2017-04-09,1091,FALSE,TRUE,2
DXBLA2BS,Jonathan Berthelot,GTX Plus Basic,Zumgoity,Won,2017-04-07,2017-04-17,1189,FALSE,TRUE,10
EYW0QD8A,Jonathan Berthelot,GTX Pro,Streethex,Won,2017-04-07,2017-06-27,4534,FALSE,TRUE,81
3M03SX77,Markita Hansen,GTX Basic,Condax,Won,2017-04-07,2017-04-13,522,FALSE,TRUE,6
C7Y0UUIN,Markita Hansen,GTX Pro,Goodsilron,Won,2017-04-07,2017-05-27,5012,FALSE,TRUE,50
DI6H5ERU,Maureen Marcano,GTX Plus Basic,Rantouch,Won,2017-04-07,2017-04-08,1109,FALSE,TRUE,1
SQZ293C0,Moses Frase,GTX Plus Pro,Genco Pura Olive Oil Company,Won,2017-04-07,2017-04-13,4659,FALSE,TRUE,6
EBBIJKLT,Anna Snelling,GTX Plus Basic,Stanredtax,Won,2017-04-08,2017-04-15,1142,FALSE,TRUE,7
8RIKWACO,Corliss Cosme,GTX Basic,Zathunicon,Won,2017-04-08,2017-05-27,491,FALSE,TRUE,49
KK7L97V7,Darcel Schlecht,GTX Pro,Funholding,Won,2017-04-08,2017-04-09,5678,FALSE,TRUE,1
GNKFTK7J,Donn Cantrell,GTX Basic,Sumace,Won,2017-04-08,2017-06-14,547,FALSE,TRUE,67
2FEA30KT,Hayden Neloms,GTX Plus Basic,Singletechno,Won,2017-04-08,2017-05-25,935,FALSE,TRUE,47
P2VXL7MO,Hayden Neloms,GTX Plus Pro,Scotfind,Won,2017-04-08,2017-04-10,4761,FALSE,TRUE,2
YT7QY06V,Hayden Neloms,MG Advanced,Newex,Won,2017-04-08,2017-04-14,3224,FALSE,TRUE,6
L66MAMK5,Kami Bicknell,GTX Basic,Sunnamplex,Won,2017-04-08,2017-04-17,501,FALSE,TRUE,9
RGYBSSEK,Lajuana Vencill,MG Advanced,Statholdings,Won,2017-04-08,2017-04-17,3532,FALSE,TRUE,9
5KC9ZGBX,Maureen Marcano,GTX Pro,Xx-holding,Won,2017-04-08,2017-04-12,4320,FALSE,TRUE,4
Q1MP64HG,Reed Clapper,GTX Plus Basic,Zotware,Won,2017-04-08,2017-06-11,1123,FALSE,TRUE,64
XGD6BFD6,Rosie Papadopoulos,GTX Pro,Xx-zobam,Won,2017-04-08,2017-04-09,5217,FALSE,TRUE,1
BK85705L,Vicki Laflamme,GTX Basic,Labdrill,Won,2017-04-08,2017-06-10,595,FALSE,TRUE,63
77MKNCO3,Vicki Laflamme,GTX Plus Pro,Konex,Won,2017-04-08,2017-04-16,5848,FALSE,TRUE,8
1B4CL153,Zane Levy,GTX Plus Pro,Xx-holding,Won,2017-04-08,2017-04-17,5884,FALSE,TRUE,9
93X2W24Q,Anna Snelling,MG Advanced,Betatech,Won,2017-04-09,2017-06-02,3666,FALSE,TRUE,54
I7KV29LC,Cassey Cress,GTX Basic,Konex,Won,2017-04-09,2017-04-20,598,FALSE,TRUE,11
NNM6GN1J,Cassey Cress,MG Advanced,Initech,Won,2017-04-09,2017-04-16,3275,FALSE,TRUE,7
UFGI9P05,Darcel Schlecht,GTX Pro,Ron-tech,Won,2017-04-09,2017-04-18,4978,FALSE,TRUE,9
RDQZ245F,Elease Gluck,MG Special,Dalttechnology,Won,2017-04-09,2017-05-29,56,FALSE,TRUE,50
JA2CDNVM,Gladys Colclough,MG Advanced,Inity,Won,2017-04-09,2017-04-14,3077,FALSE,TRUE,5
R0XAJA2I,Hayden Neloms,GTX Plus Basic,Hottechi,Won,2017-04-09,2017-04-17,974,FALSE,TRUE,8
BU1B6PHK,Kami Bicknell,GTX Plus Basic,Cheers,Won,2017-04-09,2017-04-10,915,FALSE,TRUE,1
Z29AX2KB,Kary Hendrixson,GTX Plus Basic,Condax,Won,2017-04-09,2017-06-20,983,FALSE,TRUE,72
E733YMVH,Marty Freudenburg,GTX Plus Basic,Inity,Won,2017-04-09,2017-04-10,1204,FALSE,TRUE,1
QDRYCR05,Niesha Huffines,GTX Plus Basic,Konmatfix,Won,2017-04-09,2017-04-10,970,FALSE,TRUE,1
TYWS7KJR,Reed Clapper,GTX Basic,Betasoloin,Won,2017-04-09,2017-04-16,575,FALSE,TRUE,7
X22G55Y5,Rosie Papadopoulos,GTX Plus Pro,Ganjaflex,Won,2017-04-09,2017-06-18,5986,FALSE,TRUE,70
72WE0PUH,Vicki Laflamme,MG Special,Rantouch,Won,2017-04-09,2017-06-16,64,FALSE,TRUE,68
RU3OP2BA,Zane Levy,MG Advanced,J-Texon,Won,2017-04-09,2017-06-26,3070,FALSE,TRUE,78
LIZMTGH2,Cecily Lampkin,MG Advanced,Isdom,Won,2017-04-10,2017-04-18,3409,FALSE,TRUE,8
04LU4OPA,Daniell Hammack,GTX Plus Pro,Acme Corporation,Won,2017-04-10,2017-06-11,5721,FALSE,TRUE,62
T1I8GE75,Daniell Hammack,GTX Pro,Ganjaflex,Won,2017-04-10,2017-06-28,5039,FALSE,TRUE,79
2HU581DM,Daniell Hammack,GTX Pro,Xx-zobam,Won,2017-04-10,2017-04-11,5000,FALSE,TRUE,1
6AC2ATXU,Darcel Schlecht,GTX Plus Pro,Gogozoom,Won,2017-04-10,2017-04-16,4955,FALSE,TRUE,6
F4J6AVPQ,Darcel Schlecht,GTX Pro,Condax,Won,2017-04-10,2017-04-17,5065,FALSE,TRUE,7
NFTSU7RW,Darcel Schlecht,GTX Pro,Globex Corporation,Won,2017-04-10,2017-04-17,4343,FALSE,TRUE,7
NCUXZU3S,Darcel Schlecht,GTX Pro,Stanredtax,Won,2017-04-10,2017-04-20,3892,FALSE,TRUE,10
5OJ4IRW4,Jonathan Berthelot,GTX Plus Basic,Conecom,Won,2017-04-10,2017-06-27,1115,FALSE,TRUE,78
ZLY8SZXO,Kami Bicknell,GTX Basic,Kan-code,Won,2017-04-10,2017-04-16,533,FALSE,TRUE,6
DCC85LZO,Kami Bicknell,GTX Plus Basic,Cheers,Won,2017-04-10,2017-04-13,1290,FALSE,TRUE,3
7AL9GWK6,Lajuana Vencill,GTX Plus Basic,Codehow,Won,2017-04-10,2017-06-02,1047,FALSE,TRUE,53
RHXY2M2W,Lajuana Vencill,MG Special,Gogozoom,Won,2017-04-10,2017-04-18,47,FALSE,TRUE,8
X501NN9P,Marty Freudenburg,GTX Pro,Rangreen,Won,2017-04-10,2017-06-09,4413,FALSE,TRUE,60
AUDYTWRK,Maureen Marcano,GTX Plus Basic,Hottechi,Won,2017-04-10,2017-06-26,950,FALSE,TRUE,77
KPUHKYWU,Reed Clapper,GTX Pro,The New York Inquirer,Won,2017-04-10,2017-04-20,4136,FALSE,TRUE,10
B0KF3NFK,Versie Hillebrand,MG Special,Rundofase,Won,2017-04-10,2017-04-18,62,FALSE,TRUE,8
OC66D0JA,Zane Levy,GTX Basic,Goodsilron,Won,2017-04-10,2017-04-11,467,FALSE,TRUE,1
KE7SZLG7,Boris Faz,GTX Plus Basic,Gekko & Co,Won,2017-04-11,2017-06-11,1075,FALSE,TRUE,61
O4LNS6IC,Daniell Hammack,MG Special,Ontomedia,Won,2017-04-11,2017-04-13,52,FALSE,TRUE,2
DIAR4IM7,Darcel Schlecht,GTX Pro,Condax,Won,2017-04-11,2017-04-18,4837,FALSE,TRUE,7
SZ1H1L8I,Elease Gluck,GTX Plus Basic,Xx-holding,Won,2017-04-11,2017-04-13,1163,FALSE,TRUE,2
T23MHC9C,Kary Hendrixson,GTX Basic,Doncon,Won,2017-04-11,2017-04-18,568,FALSE,TRUE,7
D30QC4EE,Kary Hendrixson,GTX Pro,Rantouch,Won,2017-04-11,2017-06-19,5063,FALSE,TRUE,69
BPUE8GTU,Moses Frase,MG Special,Rundofase,Won,2017-04-11,2017-06-06,46,FALSE,TRUE,56
0PSKGNYE,Niesha Huffines,GTX Basic,Gogozoom,Won,2017-04-11,2017-04-12,504,FALSE,TRUE,1
J75N0QYA,Niesha Huffines,MG Special,Gogozoom,Won,2017-04-11,2017-04-13,55,FALSE,TRUE,2
SDS8SAZC,Rosalina Dieter,GTX Pro,Hatfan,Won,2017-04-11,2017-06-17,4760,FALSE,TRUE,67
W1GERPB9,Vicki Laflamme,GTX Pro,Fasehatice,Won,2017-04-11,2017-06-21,4653,FALSE,TRUE,71
L36WU4AH,Violet Mclelland,MG Special,Massive Dynamic,Won,2017-04-11,2017-04-12,55,FALSE,TRUE,1
XNHGOHPW,Boris Faz,MG Advanced,Konex,Won,2017-04-12,2017-04-22,3223,FALSE,TRUE,10
BHT7UEDJ,Cassey Cress,GTX Basic,Zathunicon,Won,2017-04-12,2017-04-19,553,FALSE,TRUE,7
7PAVX9CP,Cassey Cress,GTX Plus Basic,Gekko & Co,Won,2017-04-12,2017-04-14,1114,FALSE,TRUE,2
IVW8MQGN,Cecily Lampkin,MG Advanced,dambase,Won,2017-04-12,2017-04-20,3785,FALSE,TRUE,8
OHVPXBSR,Donn Cantrell,GTX Pro,Yearin,Won,2017-04-12,2017-04-13,5316,FALSE,TRUE,1
JBBJL4C2,Jonathan Berthelot,GTX Basic,Dontechi,Won,2017-04-12,2017-06-23,531,FALSE,TRUE,72
HMI6RBK9,Jonathan Berthelot,GTX Basic,Rangreen,Won,2017-04-12,2017-06-16,544,FALSE,TRUE,65
2EKGLB0Q,Kami Bicknell,GTX Basic,Y-corporation,Won,2017-04-12,2017-04-13,478,FALSE,TRUE,1
NBYPJR21,Kami Bicknell,GTX Pro,Finjob,Won,2017-04-12,2017-04-22,5672,FALSE,TRUE,10
HYPZOTY8,Kami Bicknell,MG Special,Goodsilron,Won,2017-04-12,2017-04-19,51,FALSE,TRUE,7
31I0SB7T,Kami Bicknell,MG Advanced,Konex,Won,2017-04-12,2017-04-19,3141,FALSE,TRUE,7
TGQN6HTN,Reed Clapper,GTX Plus Pro,Kan-code,Won,2017-04-12,2017-06-21,5393,FALSE,TRUE,70
TRR34NSR,Vicki Laflamme,GTX Basic,Hottechi,Won,2017-04-12,2017-06-06,638,FALSE,TRUE,55
F2KINGVU,Vicki Laflamme,MG Special,J-Texon,Won,2017-04-12,2017-04-23,50,FALSE,TRUE,11
1QWG9VM6,Zane Levy,GTX Pro,Hatfan,Won,2017-04-12,2017-04-22,4272,FALSE,TRUE,10
QBCK25DV,Anna Snelling,MG Special,Inity,Won,2017-04-13,2017-04-15,58,FALSE,TRUE,2
8IEVY30X,Boris Faz,GTX Plus Basic,Ontomedia,Won,2017-04-13,2017-04-14,1088,FALSE,TRUE,1
2ZU519Y6,Darcel Schlecht,GTX Plus Basic,Domzoom,Won,2017-04-13,2017-04-19,1327,FALSE,TRUE,6
ZESI2PFU,Darcel Schlecht,GTX Plus Basic,Dontechi,Won,2017-04-13,2017-06-27,923,FALSE,TRUE,75
X8T4XLTY,Darcel Schlecht,GTX Plus Basic,Scottech,Won,2017-04-13,2017-04-23,1058,FALSE,TRUE,10
OS2CD01K,Darcel Schlecht,GTX Plus Pro,Streethex,Won,2017-04-13,2017-04-21,5220,FALSE,TRUE,8
7MGVL7FC,Gladys Colclough,MG Special,Ron-tech,Won,2017-04-13,2017-04-22,55,FALSE,TRUE,9
HEDUIEUN,Hayden Neloms,MG Special,Hatfan,Won,2017-04-13,2017-06-23,62,FALSE,TRUE,71
D3OST43E,James Ascencio,GTX Plus Basic,Golddex,Won,2017-04-13,2017-04-20,996,FALSE,TRUE,7
6PMHI9G4,Kami Bicknell,GTX Basic,Hottechi,Won,2017-04-13,2017-04-22,543,FALSE,TRUE,9
JQ8V4I1K,Versie Hillebrand,MG Special,Bioholding,Won,2017-04-13,2017-04-22,56,FALSE,TRUE,9
VN6JB8HU,Violet Mclelland,GTX Plus Basic,Sumace,Won,2017-04-13,2017-06-10,1145,FALSE,TRUE,58
QKQ5N9Z1,Corliss Cosme,GTX Plus Basic,Massive Dynamic,Won,2017-04-14,2017-04-23,1033,FALSE,TRUE,9
HBIQF55L,Darcel Schlecht,GTX Pro,Cancity,Won,2017-04-14,2017-08-14,4359,FALSE,TRUE,122
V5XB0UPL,Darcel Schlecht,GTX Pro,Warephase,Won,2017-04-14,2017-06-02,4575,FALSE,TRUE,49
QW9JMUTD,Darcel Schlecht,MG Special,Finhigh,Won,2017-04-14,2017-04-22,53,FALSE,TRUE,8
7ODLTF4W,Elease Gluck,GTX Basic,J-Texon,Won,2017-04-14,2017-04-16,597,FALSE,TRUE,2
RUCPPMPY,Elease Gluck,MG Advanced,Zoomit,Won,2017-04-14,2017-06-16,3179,FALSE,TRUE,63
2B0QVPBT,Gladys Colclough,MG Special,Stanredtax,Won,2017-04-14,2017-04-15,57,FALSE,TRUE,1
FMNSL9TP,Hayden Neloms,MG Advanced,Scotfind,Won,2017-04-14,2017-04-24,2997,FALSE,TRUE,10
8ZU8D508,James Ascencio,GTX Basic,Faxquote,Won,2017-04-14,2017-05-29,545,FALSE,TRUE,45
NVDVFYGE,Jonathan Berthelot,GTX Basic,Zumgoity,Won,2017-04-14,2017-04-25,565,FALSE,TRUE,11
QQH0YV1W,Jonathan Berthelot,MG Special,Treequote,Won,2017-04-14,2017-04-24,54,FALSE,TRUE,10
6WODV6KD,Kami Bicknell,GTX Pro,Sunnamplex,Won,2017-04-14,2017-04-21,4991,FALSE,TRUE,7
KYFONJP5,Rosie Papadopoulos,GTX Pro,Silis,Won,2017-04-14,2017-06-16,5546,FALSE,TRUE,63
ANXSK3QV,Vicki Laflamme,MG Special,Hottechi,Won,2017-04-14,2017-04-20,59,FALSE,TRUE,6
BEP06EN5,Anna Snelling,GTX Plus Pro,Statholdings,Won,2017-04-15,2017-04-16,5082,FALSE,TRUE,1
8H95X3AP,Boris Faz,GTX Plus Pro,Iselectrics,Won,2017-04-15,2017-04-24,5293,FALSE,TRUE,9
P7LVKDC9,Cecily Lampkin,GTX Plus Basic,Hottechi,Won,2017-04-15,2017-06-27,1163,FALSE,TRUE,73
QRVHBQSF,Donn Cantrell,MG Special,Ganjaflex,Won,2017-04-15,2017-04-16,49,FALSE,TRUE,1
8KH8XJRE,Garret Kinder,MG Special,Donquadtech,Won,2017-04-15,2017-05-01,53,FALSE,TRUE,16
5FWBETTO,Versie Hillebrand,MG Advanced,Finhigh,Won,2017-04-15,2017-05-19,3641,FALSE,TRUE,34
35IRGXY3,Zane Levy,GTX Basic,Condax,Won,2017-04-15,2017-05-23,501,FALSE,TRUE,38
YHRVQVPV,Zane Levy,GTX Plus Pro,Konex,Won,2017-04-15,2017-04-20,4687,FALSE,TRUE,5
0PGJNCD7,Anna Snelling,GTX Basic,dambase,Won,2017-04-16,2017-06-23,626,FALSE,TRUE,68
7X7YIWJO,Anna Snelling,GTX Basic,Finhigh,Won,2017-04-16,2017-08-03,489,FALSE,TRUE,109
2IO3IJPO,Cassey Cress,GTX Pro,Zencorporation,Won,2017-04-16,2017-04-27,4852,FALSE,TRUE,11
FCNYDFK3,Daniell Hammack,GTX Plus Basic,Bubba Gump,Won,2017-04-16,2017-06-06,1192,FALSE,TRUE,51
3Y26MZHI,Daniell Hammack,GTX Pro,Donquadtech,Won,2017-04-16,2017-04-17,5104,FALSE,TRUE,1
P0BMLVSL,Darcel Schlecht,GTX Pro,Codehow,Won,2017-04-16,2017-08-09,5820,FALSE,TRUE,115
QK5BW61U,Donn Cantrell,MG Advanced,Acme Corporation,Won,2017-04-16,2017-08-05,3012,FALSE,TRUE,111
D7F2AWWW,Garret Kinder,GTX Pro,Konex,Won,2017-04-16,2017-04-23,3930,FALSE,TRUE,7
FUL5V96O,Gladys Colclough,GTX Plus Basic,Domzoom,Won,2017-04-16,2017-04-22,1055,FALSE,TRUE,6
GYBIACTC,Jonathan Berthelot,GTX Basic,Scottech,Won,2017-04-16,2017-04-24,538,FALSE,TRUE,8
VD6BP6T2,Jonathan Berthelot,MG Special,Domzoom,Won,2017-04-16,2017-04-23,68,FALSE,TRUE,7
8ZYPSX66,Maureen Marcano,GTX Basic,Newex,Won,2017-04-16,2017-04-28,572,FALSE,TRUE,12
0AN86YDG,Maureen Marcano,GTX Plus Basic,Groovestreet,Won,2017-04-16,2017-04-24,1234,FALSE,TRUE,8
YGL1F8K1,Vicki Laflamme,MG Special,Plusstrip,Won,2017-04-16,2017-05-04,56,FALSE,TRUE,18
EXICVP8C,Anna Snelling,MG Special,Warephase,Won,2017-04-17,2017-04-26,52,FALSE,TRUE,9
DLXFY70W,Anna Snelling,MG Advanced,Codehow,Won,2017-04-17,2017-04-24,3668,FALSE,TRUE,7
F5ITRBMX,Boris Faz,MG Advanced,Zotware,Won,2017-04-17,2017-08-04,3138,FALSE,TRUE,109
UPZRAO84,Corliss Cosme,GTX Pro,Iselectrics,Won,2017-04-17,2017-06-01,5032,FALSE,TRUE,45
BPCWRG9P,Daniell Hammack,GTX Plus Basic,Plussunin,Won,2017-04-17,2017-04-20,1310,FALSE,TRUE,3
JE5085VJ,Daniell Hammack,GTX Plus Pro,Mathtouch,Won,2017-04-17,2017-06-27,5076,FALSE,TRUE,71
P5MLWDXX,Daniell Hammack,MG Advanced,Vehement Capital Partners,Won,2017-04-17,2017-06-19,3641,FALSE,TRUE,63
84T104O7,Darcel Schlecht,GTX Plus Basic,Warephase,Won,2017-04-17,2017-04-25,1170,FALSE,TRUE,8
0GXXCA37,Darcel Schlecht,GTX Pro,Domzoom,Won,2017-04-17,2017-05-01,4226,FALSE,TRUE,14
OJ0C7S3T,Gladys Colclough,GTX Pro,Genco Pura Olive Oil Company,Won,2017-04-17,2017-04-24,4784,FALSE,TRUE,7
L3AYCTGW,James Ascencio,GTX Pro,Goodsilron,Won,2017-04-17,2017-04-24,5451,FALSE,TRUE,7
IZ02GW0R,Kami Bicknell,GTX Basic,Faxquote,Won,2017-04-17,2017-04-19,527,FALSE,TRUE,2
30FHAEJZ,Kary Hendrixson,GTX Plus Pro,Fasehatice,Won,2017-04-17,2017-04-19,5408,FALSE,TRUE,2
3PPB3Q04,Lajuana Vencill,MG Special,Konmatfix,Won,2017-04-17,2017-06-23,48,FALSE,TRUE,67
610UUEAG,Markita Hansen,GTX Basic,Plexzap,Won,2017-04-17,2017-04-24,527,FALSE,TRUE,7
FIYSM4E1,Marty Freudenburg,GTX Plus Basic,dambase,Won,2017-04-17,2017-04-23,1160,FALSE,TRUE,6
BCUR8B2A,Niesha Huffines,GTX Basic,Inity,Won,2017-04-17,2017-06-06,491,FALSE,TRUE,50
8PGDRAH2,Reed Clapper,GTX Basic,Umbrella Corporation,Won,2017-04-17,2017-04-19,555,FALSE,TRUE,2
G4B4Z525,Versie Hillebrand,MG Special,Isdom,Won,2017-04-17,2017-04-23,62,FALSE,TRUE,6
JORFI81C,Violet Mclelland,MG Special,Konex,Won,2017-04-17,2017-04-25,56,FALSE,TRUE,8
GET2JILL,Wilburn Farren,MG Advanced,The New York Inquirer,Won,2017-04-17,2017-04-23,3490,FALSE,TRUE,6
FCGE8U5M,Anna Snelling,MG Special,Betatech,Won,2017-04-18,2017-04-25,51,FALSE,TRUE,7
ROQBT7TM,Anna Snelling,MG Special,Condax,Won,2017-04-18,2017-06-20,54,FALSE,TRUE,63
WLFLY0BD,Anna Snelling,MG Special,Conecom,Won,2017-04-18,2017-04-27,56,FALSE,TRUE,9
JR7SC0S2,Cassey Cress,MG Advanced,Gekko & Co,Won,2017-04-18,2017-08-04,3808,FALSE,TRUE,108
Y9Y4TXD9,Corliss Cosme,MG Advanced,Konex,Won,2017-04-18,2017-05-03,3041,FALSE,TRUE,15
J5DF2ZO1,James Ascencio,MG Special,Kan-code,Won,2017-04-18,2017-04-29,44,FALSE,TRUE,11
9B8SPYAF,Kami Bicknell,GTX Basic,Doncon,Won,2017-04-18,2017-04-24,552,FALSE,TRUE,6
VTLI5HIE,Kary Hendrixson,GTX Basic,Newex,Won,2017-04-18,2017-04-26,474,FALSE,TRUE,8
N60UJ28O,Kary Hendrixson,GTX Plus Basic,Xx-holding,Won,2017-04-18,2017-04-22,1158,FALSE,TRUE,4
R102IPTH,Kary Hendrixson,GTX Plus Pro,Faxquote,Won,2017-04-18,2017-04-19,5839,FALSE,TRUE,1
C9O4E52T,Kary Hendrixson,GTX Pro,Singletechno,Won,2017-04-18,2017-08-06,4554,FALSE,TRUE,110
CJP7LWRK,Kary Hendrixson,GTX Pro,Xx-holding,Won,2017-04-18,2017-04-24,5078,FALSE,TRUE,6
1O1GVZEU,Markita Hansen,GTX Basic,Cheers,Won,2017-04-18,2017-06-04,561,FALSE,TRUE,47
JHLG51ZI,Niesha Huffines,MG Advanced,Inity,Won,2017-04-18,2017-04-19,3392,FALSE,TRUE,1
TS4CB9TH,Vicki Laflamme,GTX Pro,Fasehatice,Won,2017-04-18,2017-04-20,5040,FALSE,TRUE,2
PGRIPWHY,Zane Levy,GTX Plus Pro,Sonron,Won,2017-04-18,2017-04-25,5853,FALSE,TRUE,7
0VXUZU7P,Anna Snelling,MG Special,Scottech,Won,2017-04-19,2017-04-25,49,FALSE,TRUE,6
7B21SGQ8,Boris Faz,GTX Plus Basic,Gekko & Co,Won,2017-04-19,2017-04-29,1080,FALSE,TRUE,10
PHAFVDFO,Cecily Lampkin,MG Special,Konmatfix,Won,2017-04-19,2017-04-20,55,FALSE,TRUE,1
I6O855AE,Daniell Hammack,GTX Plus Basic,Acme Corporation,Won,2017-04-19,2017-05-22,1282,FALSE,TRUE,33
OUIK8VX3,Elease Gluck,GTK 500,Lexiqvolax,Won,2017-04-19,2017-04-20,23746,FALSE,TRUE,1
99QIJAAP,Reed Clapper,MG Special,Opentech,Won,2017-04-19,2017-04-27,61,FALSE,TRUE,8
4K7PRO1B,Rosalina Dieter,GTX Basic,Goodsilron,Won,2017-04-19,2017-04-28,600,FALSE,TRUE,9
AYB7DWUH,Rosie Papadopoulos,GTX Plus Pro,Opentech,Won,2017-04-19,2017-04-20,5805,FALSE,TRUE,1
6CKXLPAR,Versie Hillebrand,MG Special,Hottechi,Won,2017-04-19,2017-06-27,58,FALSE,TRUE,69
FQ2F717F,Versie Hillebrand,MG Special,Scottech,Won,2017-04-19,2017-08-03,52,FALSE,TRUE,106
LPGOTIM2,Boris Faz,MG Special,Silis,Won,2017-04-20,2017-06-16,55,FALSE,TRUE,57
LW8485Y2,Cassey Cress,GTX Plus Basic,Acme Corporation,Won,2017-04-20,2017-08-10,1161,FALSE,TRUE,112
UKLAKXP2,Cassey Cress,GTX Pro,Plussunin,Won,2017-04-20,2017-04-25,5091,FALSE,TRUE,5
4LLWRSBJ,Cassey Cress,MG Special,Donquadtech,Won,2017-04-20,2017-04-22,59,FALSE,TRUE,2
5QD09R7U,Darcel Schlecht,GTX Basic,Rundofase,Won,2017-04-20,2017-04-28,549,FALSE,TRUE,8
K0T5LJ3E,Elease Gluck,GTK 500,Plexzap,Won,2017-04-20,2017-06-28,24949,FALSE,TRUE,69
T7MVQ9SX,James Ascencio,GTX Plus Pro,Fasehatice,Won,2017-04-20,2017-05-02,4985,FALSE,TRUE,12
D7MYDHMF,Jonathan Berthelot,GTX Basic,Conecom,Won,2017-04-20,2017-04-29,657,FALSE,TRUE,9
XAE858UJ,Jonathan Berthelot,GTX Basic,Streethex,Won,2017-04-20,2017-06-30,628,FALSE,TRUE,71
WTCU9X9M,Jonathan Berthelot,GTX Plus Basic,Conecom,Won,2017-04-20,2017-06-15,1183,FALSE,TRUE,56
0IF5FH68,Jonathan Berthelot,GTX Plus Pro,Domzoom,Won,2017-04-20,2017-08-03,5203,FALSE,TRUE,105
QUGPSHY8,Jonathan Berthelot,MG Special,Gogozoom,Won,2017-04-20,2017-04-27,56,FALSE,TRUE,7
QNFO4GX8,Kami Bicknell,GTX Basic,Blackzim,Won,2017-04-20,2017-04-28,502,FALSE,TRUE,8
H1NFMTJ4,Kary Hendrixson,GTX Basic,Xx-holding,Won,2017-04-20,2017-06-25,527,FALSE,TRUE,66
XIXNILOP,Marty Freudenburg,MG Special,Finhigh,Won,2017-04-20,2017-04-28,64,FALSE,TRUE,8
M645P7NW,Maureen Marcano,GTX Basic,Scotfind,Won,2017-04-20,2017-04-27,579,FALSE,TRUE,7
UPAGB68Z,Maureen Marcano,GTX Plus Pro,Lexiqvolax,Won,2017-04-20,2017-04-30,5958,FALSE,TRUE,10
7TCCYDR3,Maureen Marcano,GTX Pro,Scotfind,Won,2017-04-20,2017-05-27,4543,FALSE,TRUE,37
07BT6PBZ,Moses Frase,MG Special,Treequote,Won,2017-04-20,2017-05-02,58,FALSE,TRUE,12
JOLRMB6X,Rosie Papadopoulos,GTX Plus Basic,Betasoloin,Won,2017-04-20,2017-06-24,1036,FALSE,TRUE,65
K8DHOJWM,Versie Hillebrand,GTX Plus Pro,Genco Pura Olive Oil Company,Won,2017-04-20,2017-04-27,4878,FALSE,TRUE,7
HRLYABOS,Cassey Cress,GTX Plus Basic,Bubba Gump,Won,2017-04-21,2017-08-21,1033,FALSE,TRUE,122
BTLXFPUB,Daniell Hammack,GTX Plus Pro,Zathunicon,Won,2017-04-21,2017-06-12,5343,FALSE,TRUE,52
HBXLK0B6,Darcel Schlecht,MG Advanced,Finhigh,Won,2017-04-21,2017-04-26,3269,FALSE,TRUE,5
ETADSAC3,Donn Cantrell,GTX Pro,Acme Corporation,Won,2017-04-21,2017-04-27,4605,FALSE,TRUE,6
8W206MO5,Garret Kinder,GTX Plus Pro,Mathtouch,Won,2017-04-21,2017-06-12,4908,FALSE,TRUE,52
Z9SY11HK,Hayden Neloms,MG Advanced,Labdrill,Won,2017-04-21,2017-04-30,3303,FALSE,TRUE,9
TBPGQYF8,Jonathan Berthelot,MG Special,Streethex,Won,2017-04-21,2017-04-22,55,FALSE,TRUE,1
7CC38V2J,Kami Bicknell,GTX Basic,Lexiqvolax,Won,2017-04-21,2017-06-29,531,FALSE,TRUE,69
PC2V729V,Kami Bicknell,GTX Basic,Newex,Won,2017-04-21,2017-05-04,557,FALSE,TRUE,13
7AOZ2F9R,Lajuana Vencill,GTX Basic,Hottechi,Won,2017-04-21,2017-06-12,489,FALSE,TRUE,52
79DYTU8Y,Moses Frase,MG Special,Streethex,Won,2017-04-21,2017-05-06,60,FALSE,TRUE,15
V4HYSJS2,Reed Clapper,MG Advanced,Betasoloin,Won,2017-04-21,2017-06-04,2887,FALSE,TRUE,44
1L6M83Q5,Reed Clapper,MG Advanced,Donware,Won,2017-04-21,2017-05-02,3214,FALSE,TRUE,11
POFA8BWL,Rosie Papadopoulos,MG Advanced,Acme Corporation,Won,2017-04-21,2017-04-23,3850,FALSE,TRUE,2
AKXBF6IQ,Versie Hillebrand,MG Special,Gogozoom,Won,2017-04-21,2017-06-09,54,FALSE,TRUE,49
EBUJQ571,Vicki Laflamme,GTX Pro,Plexzap,Won,2017-04-21,2017-08-12,5040,FALSE,TRUE,113
Z2M1XXEK,Wilburn Farren,GTX Plus Pro,Iselectrics,Won,2017-04-21,2017-04-22,6263,FALSE,TRUE,1
OI6UHCTN,Zane Levy,GTX Basic,Blackzim,Won,2017-04-21,2017-04-23,570,FALSE,TRUE,2
LTOKXFP1,Zane Levy,GTX Pro,Dalttechnology,Won,2017-04-21,2017-04-29,4633,FALSE,TRUE,8
VPSJHIAA,Cassey Cress,GTX Pro,The New York Inquirer,Won,2017-04-22,2017-04-28,4891,FALSE,TRUE,6
MJF4D19K,Darcel Schlecht,GTX Plus Pro,Streethex,Won,2017-04-22,2017-04-29,5858,FALSE,TRUE,7
JR4WED6G,Darcel Schlecht,GTX Pro,Rundofase,Won,2017-04-22,2017-05-24,4939,FALSE,TRUE,32
GC4YH9D0,Jonathan Berthelot,GTX Basic,Inity,Won,2017-04-22,2017-08-12,570,FALSE,TRUE,112
8CUN8O4Z,Kary Hendrixson,GTX Basic,Y-corporation,Won,2017-04-22,2017-04-30,500,FALSE,TRUE,8
AMX2BM39,Kary Hendrixson,MG Advanced,Kan-code,Won,2017-04-22,2017-04-23,3546,FALSE,TRUE,1
FK3NS3EW,Markita Hansen,GTX Basic,Dalttechnology,Won,2017-04-22,2017-04-30,525,FALSE,TRUE,8
3AB31BUU,Moses Frase,GTX Plus Basic,Conecom,Won,2017-04-22,2017-04-27,1024,FALSE,TRUE,5
ZQ7TYNUV,Niesha Huffines,GTX Plus Pro,Streethex,Won,2017-04-22,2017-04-30,6384,FALSE,TRUE,8
E223LSRZ,Reed Clapper,GTX Basic,Donware,Won,2017-04-22,2017-06-24,587,FALSE,TRUE,63
SW75F1Q1,Rosalina Dieter,MG Special,Labdrill,Won,2017-04-22,2017-04-28,55,FALSE,TRUE,6
0Z6MNUF2,Rosalina Dieter,MG Advanced,Y-corporation,Won,2017-04-22,2017-04-30,3242,FALSE,TRUE,8
HWD8ELR9,Versie Hillebrand,GTX Plus Pro,Zumgoity,Won,2017-04-22,2017-05-26,5558,FALSE,TRUE,34
XJI41C0L,Vicki Laflamme,GTX Pro,Singletechno,Won,2017-04-22,2017-04-28,4869,FALSE,TRUE,6
9FWCMMM3,Vicki Laflamme,MG Advanced,Hottechi,Won,2017-04-22,2017-04-29,3661,FALSE,TRUE,7
XPDLW6F0,Zane Levy,GTX Pro,Kan-code,Won,2017-04-22,2017-04-29,5456,FALSE,TRUE,7
I18DIO6O,Corliss Cosme,GTX Plus Pro,Zotware,Won,2017-04-23,2017-04-24,5780,FALSE,TRUE,1
8W464DG6,Corliss Cosme,GTX Pro,Zencorporation,Won,2017-04-23,2017-04-30,5787,FALSE,TRUE,7
FI5OA7O6,Daniell Hammack,GTX Pro,Bioplex,Won,2017-04-23,2017-04-25,5149,FALSE,TRUE,2
YDBPPU6J,Donn Cantrell,GTX Pro,Betasoloin,Won,2017-04-23,2017-06-03,5100,FALSE,TRUE,41
L6PCVRJS,Donn Cantrell,GTX Pro,Vehement Capital Partners,Won,2017-04-23,2017-04-30,4810,FALSE,TRUE,7
7EBT21IA,Gladys Colclough,GTX Basic,Betatech,Won,2017-04-23,2017-04-24,560,FALSE,TRUE,1
M7W3E298,Gladys Colclough,GTX Pro,Inity,Won,2017-04-23,2017-05-02,4916,FALSE,TRUE,9
MCRDLBIE,James Ascencio,MG Special,Newex,Won,2017-04-23,2017-06-11,45,FALSE,TRUE,49
FX54MQFC,Kami Bicknell,GTX Basic,Golddex,Won,2017-04-23,2017-04-24,592,FALSE,TRUE,1
A2C5O4EN,Kary Hendrixson,GTX Basic,Doncon,Won,2017-04-23,2017-04-29,529,FALSE,TRUE,6
79G6725X,Kary Hendrixson,GTX Pro,J-Texon,Won,2017-04-23,2017-04-26,5415,FALSE,TRUE,3
6VET70WX,Lajuana Vencill,GTX Basic,Bioholding,Won,2017-04-23,2017-06-15,518,FALSE,TRUE,53
UQO59R6N,Lajuana Vencill,MG Special,Warephase,Won,2017-04-23,2017-08-11,52,FALSE,TRUE,110
8V4PEF5D,Moses Frase,MG Special,Funholding,Won,2017-04-23,2017-06-25,51,FALSE,TRUE,63
7RJMI3GC,Niesha Huffines,GTX Basic,Genco Pura Olive Oil Company,Won,2017-04-23,2017-04-24,554,FALSE,TRUE,1
2ZEFCKS3,Niesha Huffines,GTX Pro,Rundofase,Won,2017-04-23,2017-09-01,4835,FALSE,TRUE,131
APWT2PFU,Rosalina Dieter,MG Special,Blackzim,Won,2017-04-23,2017-04-30,59,FALSE,TRUE,7
64WCPKZ1,Violet Mclelland,GTX Plus Pro,Xx-zobam,Won,2017-04-23,2017-05-08,5813,FALSE,TRUE,15
D3G7ER0D,Wilburn Farren,GTX Pro,Opentech,Won,2017-04-23,2017-05-01,5414,FALSE,TRUE,8
7FKONHLX,Anna Snelling,MG Special,Ron-tech,Won,2017-04-24,2017-04-25,62,FALSE,TRUE,1
S439SXI1,Corliss Cosme,GTX Pro,Plussunin,Won,2017-04-24,2017-08-04,4505,FALSE,TRUE,102
SLP4PTFK,Darcel Schlecht,GTX Plus Basic,Konmatfix,Won,2017-04-24,2017-05-06,1020,FALSE,TRUE,12
X3S5O9LJ,Darcel Schlecht,GTX Plus Pro,Domzoom,Won,2017-04-24,2017-04-29,5029,FALSE,TRUE,5
ZA6AJ0N1,Darcel Schlecht,GTX Pro,Scottech,Won,2017-04-24,2017-08-15,5191,FALSE,TRUE,113
GWRN1R49,James Ascencio,MG Advanced,Scotfind,Won,2017-04-24,2017-05-05,3042,FALSE,TRUE,11
Q0KYIEKA,Jonathan Berthelot,GTX Basic,Globex Corporation,Won,2017-04-24,2017-04-26,580,FALSE,TRUE,2
2K7R3QHZ,Kary Hendrixson,GTX Basic,Nam-zim,Won,2017-04-24,2017-09-03,616,FALSE,TRUE,132
WUWOHRX2,Markita Hansen,GTX Plus Basic,J-Texon,Won,2017-04-24,2017-04-29,788,FALSE,TRUE,5
EO481IOJ,Reed Clapper,GTX Pro,Vehement Capital Partners,Won,2017-04-24,2017-04-25,4980,FALSE,TRUE,1
UOXKC4UG,Violet Mclelland,MG Advanced,Bioplex,Won,2017-04-24,2017-08-04,2981,FALSE,TRUE,102
EYZ1MNSS,Boris Faz,GTX Basic,Zencorporation,Won,2017-04-25,2017-04-27,560,FALSE,TRUE,2
KFVI73X6,Cassey Cress,MG Advanced,Donquadtech,Won,2017-04-25,2017-05-10,3844,FALSE,TRUE,15
88R4UBAN,Corliss Cosme,GTX Basic,Bluth Company,Won,2017-04-25,2017-05-06,562,FALSE,TRUE,11
08EX3XKE,Daniell Hammack,MG Special,The New York Inquirer,Won,2017-04-25,2017-05-01,51,FALSE,TRUE,6
4DK84UMX,Darcel Schlecht,GTX Plus Basic,Finhigh,Won,2017-04-25,2017-06-20,984,FALSE,TRUE,56
735GFCU0,Darcel Schlecht,GTX Pro,Gogozoom,Won,2017-04-25,2017-06-07,4923,FALSE,TRUE,43
S87Y1DOY,Maureen Marcano,GTX Plus Basic,Y-corporation,Won,2017-04-25,2017-04-26,1113,FALSE,TRUE,1
EUE812O3,Niesha Huffines,GTX Plus Pro,Treequote,Won,2017-04-25,2017-05-11,6039,FALSE,TRUE,16
OBE9NAIO,Reed Clapper,GTX Basic,Massive Dynamic,Won,2017-04-25,2017-06-04,538,FALSE,TRUE,40
XE84LNAS,Vicki Laflamme,GTX Pro,Groovestreet,Won,2017-04-25,2017-05-22,4364,FALSE,TRUE,27
RD0L0NJG,Zane Levy,GTX Basic,Rantouch,Won,2017-04-25,2017-04-27,464,FALSE,TRUE,2
JHVY8I1M,Anna Snelling,GTX Plus Basic,Hottechi,Won,2017-04-26,2017-06-30,1073,FALSE,TRUE,65
N5QER189,Darcel Schlecht,GTX Plus Basic,Rundofase,Won,2017-04-26,2017-05-11,1055,FALSE,TRUE,15
AEMTQ0GH,Elease Gluck,MG Special,Faxquote,Won,2017-04-26,2017-04-28,43,FALSE,TRUE,2
XPJQBSLV,James Ascencio,MG Special,Golddex,Won,2017-04-26,2017-04-28,49,FALSE,TRUE,2
ZBAMKTFX,Kary Hendrixson,GTX Pro,Labdrill,Won,2017-04-26,2017-08-08,4901,FALSE,TRUE,104
SICU0A7Z,Lajuana Vencill,GTX Basic,Stanredtax,Won,2017-04-26,2017-04-27,517,FALSE,TRUE,1
H7GBGRSO,Marty Freudenburg,GTX Plus Basic,Funholding,Won,2017-04-26,2017-06-13,1105,FALSE,TRUE,48
RLAGB32O,Maureen Marcano,GTX Basic,Nam-zim,Won,2017-04-26,2017-05-10,556,FALSE,TRUE,14
NYLCZ28K,Moses Frase,MG Advanced,Treequote,Won,2017-04-26,2017-08-16,3025,FALSE,TRUE,112
3LO8XJBY,Niesha Huffines,MG Special,Condax,Won,2017-04-26,2017-06-05,54,FALSE,TRUE,40
YMMQA65I,Rosalina Dieter,MG Special,Condax,Won,2017-04-26,2017-04-28,53,FALSE,TRUE,2
I8A539VV,Vicki Laflamme,GTX Pro,Newex,Won,2017-04-26,2017-04-27,4735,FALSE,TRUE,1
DJF1XMC4,Boris Faz,GTX Basic,Konex,Won,2017-04-27,2017-04-29,584,FALSE,TRUE,2
UXNB9OIB,Daniell Hammack,GTX Pro,Konex,Won,2017-04-27,2017-04-28,5676,FALSE,TRUE,1
MZILPLUE,Darcel Schlecht,GTX Pro,Finhigh,Won,2017-04-27,2017-05-06,4727,FALSE,TRUE,9
7QIU2BCK,Gladys Colclough,GTX Plus Basic,dambase,Won,2017-04-27,2017-08-01,821,FALSE,TRUE,96
5ICV1IBY,Lajuana Vencill,GTX Plus Basic,Dontechi,Won,2017-04-27,2017-08-07,999,FALSE,TRUE,102
H1O491SG,Lajuana Vencill,MG Special,dambase,Won,2017-04-27,2017-08-05,54,FALSE,TRUE,100
IRBQH4FY,Niesha Huffines,MG Advanced,Gogozoom,Won,2017-04-27,2017-05-10,3397,FALSE,TRUE,13
ZKVVWZ8T,Rosie Papadopoulos,GTX Basic,Silis,Won,2017-04-27,2017-05-15,574,FALSE,TRUE,18
SAGXC5PF,Versie Hillebrand,MG Special,Gogozoom,Won,2017-04-27,2017-08-15,59,FALSE,TRUE,110
J5QLUH5O,Versie Hillebrand,MG Special,Treequote,Won,2017-04-27,2017-04-29,60,FALSE,TRUE,2
WX8KQPCM,Vicki Laflamme,GTX Basic,Zoomit,Won,2017-04-27,2017-05-15,573,FALSE,TRUE,18
0CSJCW8I,Vicki Laflamme,GTX Pro,Finjob,Won,2017-04-27,2017-05-17,4406,FALSE,TRUE,20
0WRMY7IX,Violet Mclelland,GTX Plus Basic,Plussunin,Won,2017-04-27,2017-04-28,1146,FALSE,TRUE,1
N6185PK0,Wilburn Farren,GTX Basic,Kinnamplus,Won,2017-04-27,2017-05-13,525,FALSE,TRUE,16
066V2ZGP,Anna Snelling,MG Advanced,Rangreen,Won,2017-04-28,2017-08-14,3334,FALSE,TRUE,108
731TOWDY,Elease Gluck,GTK 500,Labdrill,Won,2017-04-28,2017-06-18,27385,FALSE,TRUE,51
UNSJJUY4,Moses Frase,GTX Basic,Warephase,Won,2017-04-28,2017-08-14,599,FALSE,TRUE,108
XNO6DQPU,Rosie Papadopoulos,MG Special,Mathtouch,Won,2017-04-28,2017-05-03,64,FALSE,TRUE,5
IE6TPFU9,Anna Snelling,GTX Plus Basic,Scottech,Won,2017-04-29,2017-05-15,918,FALSE,TRUE,16
WWTJ5PNC,Daniell Hammack,MG Special,Bubba Gump,Won,2017-04-29,2017-05-04,60,FALSE,TRUE,5
S2ZN5NLA,Donn Cantrell,GTX Basic,Gekko & Co,Won,2017-04-29,2017-05-06,519,FALSE,TRUE,7
NEM0GXXH,James Ascencio,GTX Plus Pro,Scotfind,Won,2017-04-29,2017-05-04,4956,FALSE,TRUE,5
EQZGV36H,Lajuana Vencill,GTX Plus Pro,Rangreen,Won,2017-04-29,2017-08-08,5913,FALSE,TRUE,101
DG6RIZ6R,Rosalina Dieter,GTX Plus Basic,Groovestreet,Won,2017-04-29,2017-08-21,1210,FALSE,TRUE,114
9SBO74M5,Cecily Lampkin,MG Advanced,Genco Pura Olive Oil Company,Won,2017-04-30,2017-08-10,3139,FALSE,TRUE,102
WHHVN372,Corliss Cosme,GTX Basic,Initech,Won,2017-04-30,2017-08-11,527,FALSE,TRUE,103
FWTNRN0L,Hayden Neloms,GTX Plus Pro,Labdrill,Won,2017-04-30,2017-08-12,5408,FALSE,TRUE,104
TTNORNQI,Hayden Neloms,MG Special,Groovestreet,Won,2017-04-30,2017-08-12,62,FALSE,TRUE,104
BGQ2F0HA,Jonathan Berthelot,GTX Basic,Domzoom,Won,2017-04-30,2017-05-13,586,FALSE,TRUE,13
JGXLR3H3,Kary Hendrixson,GTX Basic,Lexiqvolax,Won,2017-04-30,2017-08-06,532,FALSE,TRUE,98
ZNFFFJ1T,Kary Hendrixson,GTX Basic,Newex,Won,2017-04-30,2017-08-13,585,FALSE,TRUE,105
T5JO33V3,Lajuana Vencill,GTX Basic,Ron-tech,Won,2017-04-30,2017-08-11,583,FALSE,TRUE,103
V7Y78MPU,Marty Freudenburg,GTX Basic,Rangreen,Won,2017-04-30,2017-09-02,433,FALSE,TRUE,125
CNO8JPLA,Niesha Huffines,GTX Basic,Condax,Won,2017-04-30,2017-05-06,557,FALSE,TRUE,6
Y5OTY9O5,Reed Clapper,GTX Pro,Opentech,Won,2017-04-30,2017-05-09,4704,FALSE,TRUE,9
I81SUA2R,Rosie Papadopoulos,GTX Pro,Plussunin,Won,2017-04-30,2017-08-12,5182,FALSE,TRUE,104
2UHH7PD3,Zane Levy,GTX Pro,Lexiqvolax,Won,2017-04-30,2017-05-13,5311,FALSE,TRUE,13
443ATESI,Anna Snelling,MG Special,Globex Corporation,Won,2017-05-01,2017-08-28,64,FALSE,TRUE,119
4UN65HWV,Darcel Schlecht,GTX Plus Basic,Warephase,Won,2017-05-01,2017-08-23,878,FALSE,TRUE,114
E5NRH4BP,Darcel Schlecht,MG Special,Genco Pura Olive Oil Company,Won,2017-05-01,2017-05-02,59,FALSE,TRUE,1
RCNTHN0E,James Ascencio,MG Special,Singletechno,Won,2017-05-01,2017-08-20,65,FALSE,TRUE,111
ZIFDD41D,Jonathan Berthelot,GTX Basic,Hottechi,Won,2017-05-01,2017-08-11,543,FALSE,TRUE,102
FI0I7E73,Moses Frase,MG Advanced,Ron-tech,Won,2017-05-01,2017-05-08,3971,FALSE,TRUE,7
523458T9,Niesha Huffines,GTX Basic,Scottech,Won,2017-05-01,2017-05-16,554,FALSE,TRUE,15
GAIFPSU2,Vicki Laflamme,GTX Plus Basic,Fasehatice,Won,2017-05-01,2017-06-16,1273,FALSE,TRUE,46
GBSK2HX8,Anna Snelling,GTX Plus Basic,Conecom,Won,2017-05-02,2017-05-11,1300,FALSE,TRUE,9
GYKFAK7W,Hayden Neloms,MG Advanced,Sonron,Won,2017-05-02,2017-05-10,3527,FALSE,TRUE,8
GXBV5VYA,Jonathan Berthelot,GTX Basic,Rundofase,Won,2017-05-02,2017-05-06,526,FALSE,TRUE,4
DNUTJO70,Markita Hansen,GTX Basic,Hottechi,Won,2017-05-02,2017-06-22,569,FALSE,TRUE,51
I631R5DT,Maureen Marcano,GTX Plus Pro,Scotfind,Won,2017-05-02,2017-05-14,6310,FALSE,TRUE,12
OJPTGB57,Reed Clapper,GTX Plus Basic,Konex,Won,2017-05-02,2017-05-17,1135,FALSE,TRUE,15
QYTGB5LA,Versie Hillebrand,GTX Plus Pro,dambase,Won,2017-05-02,2017-08-19,5145,FALSE,TRUE,109
UCNEMT8P,Versie Hillebrand,MG Special,Cancity,Won,2017-05-02,2017-08-09,54,FALSE,TRUE,99
KOFE244J,Anna Snelling,MG Special,Codehow,Won,2017-05-03,2017-08-01,53,FALSE,TRUE,90
D3JR6WFQ,Boris Faz,GTX Basic,Umbrella Corporation,Won,2017-05-03,2017-05-13,511,FALSE,TRUE,10
OJMME9V9,Boris Faz,GTX Plus Pro,Konex,Won,2017-05-03,2017-08-25,5747,FALSE,TRUE,114
NLKPA1KP,Darcel Schlecht,GTX Basic,Inity,Won,2017-05-03,2017-08-11,596,FALSE,TRUE,100
38EYB40T,Jonathan Berthelot,MG Special,Conecom,Won,2017-05-03,2017-05-14,60,FALSE,TRUE,11
3FZVCDW0,Kami Bicknell,GTX Pro,Finjob,Won,2017-05-03,2017-05-04,4372,FALSE,TRUE,1
2NTWE1G4,Kary Hendrixson,GTX Pro,Xx-holding,Won,2017-05-03,2017-05-08,4604,FALSE,TRUE,5
AETY0W6G,Reed Clapper,GTX Pro,Betasoloin,Won,2017-05-03,2017-05-08,4859,FALSE,TRUE,5
A7F5O29R,Vicki Laflamme,MG Advanced,Zoomit,Won,2017-05-03,2017-08-03,3718,FALSE,TRUE,92
IEZCZAKT,Zane Levy,GTX Basic,Hottechi,Won,2017-05-03,2017-05-30,493,FALSE,TRUE,27
PDMWTS8O,Anna Snelling,MG Special,Domzoom,Won,2017-05-04,2017-06-04,54,FALSE,TRUE,31
OPEICJES,Anna Snelling,MG Special,Konmatfix,Won,2017-05-04,2017-06-09,52,FALSE,TRUE,36
10UN7LA8,Anna Snelling,MG Advanced,Rangreen,Won,2017-05-04,2017-06-23,3813,FALSE,TRUE,50
Z032GGRE,Darcel Schlecht,GTX Pro,Dontechi,Won,2017-05-04,2017-08-12,4935,FALSE,TRUE,100
I8WTUMTA,Darcel Schlecht,MG Advanced,Codehow,Won,2017-05-04,2017-08-17,3560,FALSE,TRUE,105
KTX7ETCE,Niesha Huffines,GTX Basic,Genco Pura Olive Oil Company,Won,2017-05-04,2017-08-05,528,FALSE,TRUE,93
JEPAVEO7,Niesha Huffines,GTX Plus Basic,Stanredtax,Won,2017-05-04,2017-06-20,1188,FALSE,TRUE,47
SUYF0EN7,Versie Hillebrand,GTX Basic,Betatech,Won,2017-05-04,2017-08-09,590,FALSE,TRUE,97
S2D060YF,Vicki Laflamme,GTX Basic,Y-corporation,Won,2017-05-04,2017-08-14,578,FALSE,TRUE,102
70TRVHOM,Cassey Cress,GTX Pro,Donquadtech,Won,2017-05-05,2017-08-05,4697,FALSE,TRUE,92
SOE904XE,Donn Cantrell,GTX Plus Basic,Kinnamplus,Won,2017-05-05,2017-08-26,1161,FALSE,TRUE,113
C64JTLGO,Donn Cantrell,GTX Plus Basic,Vehement Capital Partners,Won,2017-05-05,2017-05-06,1101,FALSE,TRUE,1
F9XJYM9F,Jonathan Berthelot,GTX Basic,Inity,Won,2017-05-05,2017-08-12,511,FALSE,TRUE,99
XWN6WWOD,Jonathan Berthelot,MG Special,Condax,Won,2017-05-05,2017-08-01,57,FALSE,TRUE,88
FV6PHMQW,Kami Bicknell,GTX Basic,Singletechno,Won,2017-05-05,2017-05-21,635,FALSE,TRUE,16
NX2K0HQ9,Kami Bicknell,GTX Pro,Nam-zim,Won,2017-05-05,2017-08-16,4352,FALSE,TRUE,103
H2PEIFZH,Lajuana Vencill,MG Advanced,Domzoom,Won,2017-05-05,2017-05-08,3952,FALSE,TRUE,3
V8M89S4W,Markita Hansen,GTX Basic,Kan-code,Won,2017-05-05,2017-05-06,560,FALSE,TRUE,1
WB974HS4,Niesha Huffines,GTX Plus Basic,Funholding,Won,2017-05-05,2017-09-18,984,FALSE,TRUE,136
B0MOQZVN,Vicki Laflamme,GTX Basic,Sonron,Won,2017-05-05,2017-05-14,579,FALSE,TRUE,9
09C4GR2W,Vicki Laflamme,GTX Plus Basic,Groovestreet,Won,2017-05-05,2017-08-10,1151,FALSE,TRUE,97
6YN4FZHL,Violet Mclelland,GTX Plus Basic,Donware,Won,2017-05-05,2017-08-25,881,FALSE,TRUE,112
45CION64,Violet Mclelland,MG Special,Umbrella Corporation,Won,2017-05-05,2017-08-17,59,FALSE,TRUE,104
BSQRXW4X,Zane Levy,GTX Basic,Plexzap,Won,2017-05-05,2017-05-12,608,FALSE,TRUE,7
PYEQPW42,Anna Snelling,GTX Plus Pro,Dontechi,Won,2017-05-06,2017-05-09,4784,FALSE,TRUE,3
5NW73ZRY,Boris Faz,MG Advanced,Acme Corporation,Won,2017-05-06,2017-05-22,3370,FALSE,TRUE,16
0AR9HD16,Darcel Schlecht,GTX Basic,Funholding,Won,2017-05-06,2017-08-17,526,FALSE,TRUE,103
OH7VVUY0,Gladys Colclough,GTX Pro,Hottechi,Won,2017-05-06,2017-06-29,5028,FALSE,TRUE,54
INI33ALF,Moses Frase,GTX Basic,Genco Pura Olive Oil Company,Won,2017-05-06,2017-05-22,569,FALSE,TRUE,16
8G9Q7NXD,Rosie Papadopoulos,MG Special,Kan-code,Won,2017-05-06,2017-08-09,51,FALSE,TRUE,95
559PYA0L,Cassey Cress,MG Advanced,Bubba Gump,Won,2017-05-07,2017-05-21,4287,FALSE,TRUE,14
237L2CSV,Corliss Cosme,GTX Pro,Ontomedia,Won,2017-05-07,2017-05-15,3960,FALSE,TRUE,8
INAEAAI9,Jonathan Berthelot,GTX Plus Basic,Codehow,Won,2017-05-07,2017-09-02,1093,FALSE,TRUE,118
1XNXJUQM,Jonathan Berthelot,GTX Plus Basic,Warephase,Won,2017-05-07,2017-08-10,1194,FALSE,TRUE,95
Z64MQTF2,Jonathan Berthelot,GTX Pro,Rangreen,Won,2017-05-07,2017-08-14,5310,FALSE,TRUE,99
VDOUNMRC,Maureen Marcano,GTX Plus Basic,Golddex,Won,2017-05-07,2017-08-08,1222,FALSE,TRUE,93
TEKCKT3V,Moses Frase,GTX Plus Basic,Inity,Won,2017-05-07,2017-08-05,901,FALSE,TRUE,90
96A1GDXO,Reed Clapper,GTX Plus Pro,Kan-code,Won,2017-05-07,2017-08-01,5601,FALSE,TRUE,86
AAU2IQFW,Wilburn Farren,GTX Plus Basic,Donquadtech,Won,2017-05-07,2017-08-05,995,FALSE,TRUE,90
PRHL94PK,Wilburn Farren,MG Advanced,Xx-zobam,Won,2017-05-07,2017-08-05,3666,FALSE,TRUE,90
SHG8Y43V,Anna Snelling,MG Special,Scottech,Won,2017-05-08,2017-05-19,56,FALSE,TRUE,11
1O2ZN81M,Cassey Cress,GTX Plus Basic,Initech,Won,2017-05-08,2017-05-17,1372,FALSE,TRUE,9
J6T6BTJI,Daniell Hammack,MG Advanced,Bluth Company,Won,2017-05-08,2017-08-01,3282,FALSE,TRUE,85
JTTLDM4E,Elease Gluck,MG Special,Dalttechnology,Won,2017-05-08,2017-08-18,43,FALSE,TRUE,102
8KQH5XI1,Elease Gluck,MG Special,Newex,Won,2017-05-08,2017-09-05,54,FALSE,TRUE,120
A3PNPLTG,Kami Bicknell,GTX Basic,Cheers,Won,2017-05-08,2017-05-16,575,FALSE,TRUE,8
03CWYGC9,Kami Bicknell,GTX Plus Basic,Hottechi,Won,2017-05-08,2017-08-10,768,FALSE,TRUE,94
FSEF5ZR9,Kami Bicknell,GTX Pro,Singletechno,Won,2017-05-08,2017-09-12,4426,FALSE,TRUE,127
S9K81CWS,Lajuana Vencill,GTX Basic,Konmatfix,Won,2017-05-08,2017-08-20,553,FALSE,TRUE,104
4NAHJMYM,Maureen Marcano,GTX Plus Pro,Zoomit,Won,2017-05-08,2017-09-18,4786,FALSE,TRUE,133
HI2E8TBI,Versie Hillebrand,GTX Plus Pro,dambase,Won,2017-05-08,2017-05-16,5338,FALSE,TRUE,8
XSB7IN6X,Anna Snelling,GTX Plus Basic,Statholdings,Won,2017-05-09,2017-08-31,996,FALSE,TRUE,114
G17H7YXA,Cecily Lampkin,MG Special,Dontechi,Won,2017-05-09,2017-08-09,63,FALSE,TRUE,92
WEB7LYK0,Darcel Schlecht,GTX Plus Basic,Inity,Won,2017-05-09,2017-05-19,1075,FALSE,TRUE,10
N4Z3QYK7,Darcel Schlecht,GTX Pro,Warephase,Won,2017-05-09,2017-05-24,5033,FALSE,TRUE,15
JECCHO49,Darcel Schlecht,MG Advanced,Rundofase,Won,2017-05-09,2017-06-26,3249,FALSE,TRUE,48
QUOU67L5,Gladys Colclough,GTX Plus Basic,Globex Corporation,Won,2017-05-09,2017-08-14,1015,FALSE,TRUE,97
WUE92JFJ,Jonathan Berthelot,GTX Plus Basic,Gogozoom,Won,2017-05-09,2017-05-16,1100,FALSE,TRUE,7
EYNZMBI0,Kami Bicknell,GTX Plus Pro,Blackzim,Won,2017-05-09,2017-09-13,4755,FALSE,TRUE,127
3C5KXGO6,Markita Hansen,GTX Basic,J-Texon,Won,2017-05-09,2017-05-10,541,FALSE,TRUE,1
95532CI0,Markita Hansen,GTX Pro,Hatfan,Won,2017-05-09,2017-06-02,4815,FALSE,TRUE,24
Q0MRZHN7,Maureen Marcano,MG Special,Konex,Won,2017-05-09,2017-05-12,57,FALSE,TRUE,3
ZC3UEHXG,Reed Clapper,GTX Plus Pro,Opentech,Won,2017-05-09,2017-05-17,5406,FALSE,TRUE,8
O22S564Y,Zane Levy,GTX Plus Pro,Goodsilron,Won,2017-05-09,2017-05-20,5042,FALSE,TRUE,11
UO62J3M0,Zane Levy,GTX Pro,Rantouch,Won,2017-05-09,2017-05-23,3969,FALSE,TRUE,14
ROBBKT4T,Anna Snelling,MG Special,Isdom,Won,2017-05-10,2017-08-04,59,FALSE,TRUE,86
FPTY1B79,Cassey Cress,GTX Basic,Sumace,Won,2017-05-10,2017-05-16,629,FALSE,TRUE,6
AP3405RD,Cecily Lampkin,MG Special,Dontechi,Won,2017-05-10,2017-05-16,57,FALSE,TRUE,6
FXLA39YR,Corliss Cosme,GTX Pro,Silis,Won,2017-05-10,2017-08-06,4861,FALSE,TRUE,88
WQ5WIP35,Darcel Schlecht,GTX Plus Basic,Zumgoity,Won,2017-05-10,2017-05-30,980,FALSE,TRUE,20
U48PDN1F,Gladys Colclough,GTX Pro,Cancity,Won,2017-05-10,2017-08-10,5361,FALSE,TRUE,92
53ZXALR1,Kary Hendrixson,GTX Plus Basic,Faxquote,Won,2017-05-10,2017-09-14,1220,FALSE,TRUE,127
SLCWM9BH,Markita Hansen,GTX Basic,Scotfind,Won,2017-05-10,2017-09-04,464,FALSE,TRUE,117
974QGNBZ,Marty Freudenburg,MG Advanced,Genco Pura Olive Oil Company,Won,2017-05-10,2017-05-24,3604,FALSE,TRUE,14
T8E8EDZS,Moses Frase,GTX Basic,Finhigh,Won,2017-05-10,2017-08-21,529,FALSE,TRUE,103
R034IT17,Rosie Papadopoulos,MG Special,Bubba Gump,Won,2017-05-10,2017-05-12,54,FALSE,TRUE,2
H6CG7TPM,Violet Mclelland,GTX Plus Basic,Acme Corporation,Won,2017-05-10,2017-05-28,1022,FALSE,TRUE,18
P4GX3HZH,Anna Snelling,MG Special,Dontechi,Won,2017-05-11,2017-05-26,52,FALSE,TRUE,15
GACP1E2I,Darcel Schlecht,GTX Pro,Bioholding,Won,2017-05-11,2017-08-11,5037,FALSE,TRUE,92
ASW97JK3,Darcel Schlecht,GTX Pro,Globex Corporation,Won,2017-05-11,2017-06-29,4709,FALSE,TRUE,49
XBYJ3NUR,Darcel Schlecht,MG Special,Treequote,Won,2017-05-11,2017-05-20,60,FALSE,TRUE,9
4Q2GV039,Darcel Schlecht,MG Advanced,Stanredtax,Won,2017-05-11,2017-08-24,3766,FALSE,TRUE,105
ZA1YVJQC,Garret Kinder,MG Advanced,Donquadtech,Won,2017-05-11,2017-08-11,3552,FALSE,TRUE,92
ZQVUQ5CJ,Moses Frase,GTX Basic,Treequote,Won,2017-05-11,2017-05-25,472,FALSE,TRUE,14
ZFVG8LP2,Vicki Laflamme,MG Special,Cheers,Won,2017-05-11,2017-05-20,56,FALSE,TRUE,9
P2ST849C,Violet Mclelland,MG Special,Opentech,Won,2017-05-11,2017-06-16,57,FALSE,TRUE,36
6ID18IJX,Zane Levy,GTX Plus Basic,Newex,Won,2017-05-11,2017-08-17,776,FALSE,TRUE,98
7SF3PMMY,Cecily Lampkin,MG Special,Codehow,Won,2017-05-12,2017-06-10,61,FALSE,TRUE,29
CZF82O5B,Cecily Lampkin,MG Advanced,Hottechi,Won,2017-05-12,2017-05-27,3831,FALSE,TRUE,15
6VLA3FDQ,Gladys Colclough,MG Special,Rangreen,Won,2017-05-12,2017-08-09,52,FALSE,TRUE,89
Z3FOWY9N,Kary Hendrixson,GTX Plus Pro,Scotfind,Won,2017-05-12,2017-06-22,5698,FALSE,TRUE,41
S4OLFL40,Lajuana Vencill,GTX Basic,Ron-tech,Won,2017-05-12,2017-05-22,595,FALSE,TRUE,10
QQ96SPTU,Maureen Marcano,GTX Plus Basic,Newex,Won,2017-05-12,2017-08-23,1144,FALSE,TRUE,103
5YLCW6L5,Moses Frase,MG Special,Finhigh,Won,2017-05-12,2017-09-15,61,FALSE,TRUE,126
GO4G2L4X,Reed Clapper,MG Advanced,Plussunin,Won,2017-05-12,2017-05-15,3510,FALSE,TRUE,3
9HKP3RBS,Rosie Papadopoulos,GTX Basic,Konex,Won,2017-05-12,2017-08-04,513,FALSE,TRUE,84
YQFF7GFK,Versie Hillebrand,GTX Plus Basic,Inity,Won,2017-05-12,2017-08-11,1083,FALSE,TRUE,91
5BAGWGAG,Vicki Laflamme,GTX Plus Pro,Condax,Won,2017-05-12,2017-08-23,5987,FALSE,TRUE,103
V1ROZMCX,Anna Snelling,GTX Plus Basic,dambase,Won,2017-05-13,2017-06-28,1041,FALSE,TRUE,46
CEQ3J96G,Anna Snelling,MG Special,Funholding,Won,2017-05-13,2017-08-04,54,FALSE,TRUE,83
P96S0ATV,Boris Faz,MG Advanced,Massive Dynamic,Won,2017-05-13,2017-06-01,2677,FALSE,TRUE,19
GXKR6EG9,Cecily Lampkin,MG Advanced,Rundofase,Won,2017-05-13,2017-05-27,3558,FALSE,TRUE,14
INBSL1I4,Corliss Cosme,GTX Plus Basic,Plussunin,Won,2017-05-13,2017-08-20,866,FALSE,TRUE,99
4N2KE2ER,Darcel Schlecht,GTX Plus Basic,Condax,Won,2017-05-13,2017-08-24,987,FALSE,TRUE,103
UJSFG18F,Darcel Schlecht,MG Advanced,Dontechi,Won,2017-05-13,2017-08-15,3290,FALSE,TRUE,94
0MZIJDPM,Elease Gluck,MG Special,Faxquote,Won,2017-05-13,2017-09-13,54,FALSE,TRUE,123
FNQYVW3T,Hayden Neloms,GTX Plus Pro,Singletechno,Won,2017-05-13,2017-05-17,4627,FALSE,TRUE,4
D6XIVDQF,Jonathan Berthelot,GTX Pro,Codehow,Won,2017-05-13,2017-09-06,5625,FALSE,TRUE,116
TWXUDY78,Markita Hansen,MG Special,Singletechno,Won,2017-05-13,2017-08-23,57,FALSE,TRUE,102
5VKRCTJE,Rosalina Dieter,GTX Plus Basic,Singletechno,Won,2017-05-13,2017-08-01,1032,FALSE,TRUE,80
7DDD3NZ2,Rosie Papadopoulos,GTX Basic,Opentech,Won,2017-05-13,2017-05-17,567,FALSE,TRUE,4
QL97HH1Y,Versie Hillebrand,MG Special,Dontechi,Won,2017-05-13,2017-05-19,58,FALSE,TRUE,6
4V3TLIGG,Anna Snelling,MG Special,Rundofase,Won,2017-05-14,2017-05-22,50,FALSE,TRUE,8
S9WJ9NAS,Darcel Schlecht,MG Special,Gogozoom,Won,2017-05-14,2017-06-24,59,FALSE,TRUE,41
F914VHA3,Donn Cantrell,GTX Basic,Bluth Company,Won,2017-05-14,2017-08-06,525,FALSE,TRUE,84
1CZU97OX,James Ascencio,GTX Plus Pro,Singletechno,Won,2017-05-14,2017-08-02,5525,FALSE,TRUE,80
4BPA17HF,Maureen Marcano,GTX Basic,Zoomit,Won,2017-05-14,2017-05-28,628,FALSE,TRUE,14
LAOGNZOU,Maureen Marcano,GTX Plus Basic,Hottechi,Won,2017-05-14,2017-05-22,902,FALSE,TRUE,8
V3KGPHH9,Niesha Huffines,GTX Plus Basic,Stanredtax,Won,2017-05-14,2017-06-07,1064,FALSE,TRUE,24
RNH95U0V,Reed Clapper,GTX Plus Pro,Zotware,Won,2017-05-14,2017-08-20,6346,FALSE,TRUE,98
ZJ1BOSNL,Reed Clapper,MG Advanced,Xx-zobam,Won,2017-05-14,2017-05-24,3089,FALSE,TRUE,10
0X1AY1FM,Rosalina Dieter,MG Advanced,Sonron,Won,2017-05-14,2017-05-18,3484,FALSE,TRUE,4
UOUG01WG,Versie Hillebrand,MG Special,Betatech,Won,2017-05-14,2017-05-16,68,FALSE,TRUE,2
3X2HOUYU,Vicki Laflamme,GTX Basic,Fasehatice,Won,2017-05-14,2017-08-16,575,FALSE,TRUE,94
V135X5B7,Violet Mclelland,MG Advanced,Xx-zobam,Won,2017-05-14,2017-05-17,3720,FALSE,TRUE,3
ENE1HNL3,Cassey Cress,GTX Plus Basic,Bluth Company,Won,2017-05-15,2017-06-27,1078,FALSE,TRUE,43
C8SWZNON,Cassey Cress,GTX Pro,Sumace,Won,2017-05-15,2017-05-23,3717,FALSE,TRUE,8
EXMA7FRC,Cecily Lampkin,GTX Plus Basic,Hottechi,Won,2017-05-15,2017-05-30,1129,FALSE,TRUE,15
8H1VRXAK,Daniell Hammack,GTX Basic,Umbrella Corporation,Won,2017-05-15,2017-09-15,536,FALSE,TRUE,123
10QXTLQX,Daniell Hammack,GTX Pro,Acme Corporation,Won,2017-05-15,2017-06-25,5857,FALSE,TRUE,41
BHV4K3VV,Kary Hendrixson,GTX Basic,Y-corporation,Won,2017-05-15,2017-05-25,549,FALSE,TRUE,10
BOHWQ1B3,Lajuana Vencill,MG Special,Streethex,Won,2017-05-15,2017-09-07,61,FALSE,TRUE,115
KS9B13NQ,Maureen Marcano,GTX Plus Basic,Blackzim,Won,2017-05-15,2017-09-10,1101,FALSE,TRUE,118
K0ZYCW3U,Niesha Huffines,GTX Basic,Dontechi,Won,2017-05-15,2017-06-27,603,FALSE,TRUE,43
SFCT64YG,Niesha Huffines,GTX Basic,Inity,Won,2017-05-15,2017-09-05,545,FALSE,TRUE,113
AVNVFAIR,Vicki Laflamme,GTX Plus Basic,Fasehatice,Won,2017-05-15,2017-08-25,959,FALSE,TRUE,102
TEJBT5CP,Vicki Laflamme,GTX Plus Basic,Konex,Won,2017-05-15,2017-06-03,1208,FALSE,TRUE,19
UFALPP82,Vicki Laflamme,GTX Pro,Goodsilron,Won,2017-05-15,2017-08-19,4246,FALSE,TRUE,96
NHA6MNJF,Violet Mclelland,MG Advanced,Zotware,Won,2017-05-15,2017-09-26,3061,FALSE,TRUE,134
K44WX2BT,Donn Cantrell,MG Advanced,Massive Dynamic,Won,2017-05-16,2017-08-13,3351,FALSE,TRUE,89
XD6R8R5B,Hayden Neloms,MG Advanced,Hottechi,Won,2017-05-16,2017-05-30,3153,FALSE,TRUE,14
KJP1JFKX,Kami Bicknell,GTX Basic,Hottechi,Won,2017-05-16,2017-06-06,533,FALSE,TRUE,21
1F950BGI,Lajuana Vencill,MG Special,Genco Pura Olive Oil Company,Won,2017-05-16,2017-06-01,56,FALSE,TRUE,16
FN080GSV,Maureen Marcano,GTX Basic,Finjob,Won,2017-05-16,2017-08-04,522,FALSE,TRUE,80
XR3BL1JL,Rosalina Dieter,MG Special,Goodsilron,Won,2017-05-16,2017-08-20,54,FALSE,TRUE,96
4AS1VXQM,Vicki Laflamme,GTX Pro,Rantouch,Won,2017-05-16,2017-09-07,5154,FALSE,TRUE,114
GYC77KNM,Wilburn Farren,MG Advanced,Gekko & Co,Won,2017-05-16,2017-09-16,3483,FALSE,TRUE,123
5BGYQS4R,Darcel Schlecht,GTX Plus Basic,Finhigh,Won,2017-05-17,2017-08-11,1110,FALSE,TRUE,86
YMS8IG4L,Donn Cantrell,GTX Basic,Umbrella Corporation,Won,2017-05-17,2017-05-27,441,FALSE,TRUE,10
NISR8D1V,Elease Gluck,GTX Basic,Hottechi,Won,2017-05-17,2017-08-08,553,FALSE,TRUE,83
T4MF2SMF,Hayden Neloms,MG Advanced,Scotfind,Won,2017-05-17,2017-06-04,3624,FALSE,TRUE,18
483NKH0E,Markita Hansen,GTX Pro,Plexzap,Won,2017-05-17,2017-08-18,4644,FALSE,TRUE,93
UQY5TEE8,Versie Hillebrand,MG Special,Codehow,Won,2017-05-17,2017-09-20,51,FALSE,TRUE,126
AXHNVQPQ,Vicki Laflamme,GTX Pro,Golddex,Won,2017-05-17,2017-09-08,4573,FALSE,TRUE,114
N2KXGJO3,Violet Mclelland,MG Advanced,Silis,Won,2017-05-17,2017-08-01,3033,FALSE,TRUE,76
852ZZB90,Anna Snelling,MG Special,Ron-tech,Won,2017-05-18,2017-06-02,58,FALSE,TRUE,15
V2GGEAOC,Anna Snelling,MG Special,Streethex,Won,2017-05-18,2017-09-15,51,FALSE,TRUE,120
0Y8HO91H,Cassey Cress,GTX Pro,Massive Dynamic,Won,2017-05-18,2017-08-02,4873,FALSE,TRUE,76
PNUBACZM,Darcel Schlecht,GTX Pro,Isdom,Won,2017-05-18,2017-06-07,4606,FALSE,TRUE,20
DPT11UGS,Donn Cantrell,GTX Plus Basic,Iselectrics,Won,2017-05-18,2017-09-05,995,FALSE,TRUE,110
GQFRHJF6,Donn Cantrell,GTX Pro,Umbrella Corporation,Won,2017-05-18,2017-08-10,4581,FALSE,TRUE,84
S8ALJKKH,Garret Kinder,GTX Pro,Massive Dynamic,Won,2017-05-18,2017-08-14,4671,FALSE,TRUE,88
HU6IS6Q2,Marty Freudenburg,GTX Plus Pro,Domzoom,Won,2017-05-18,2017-06-11,5241,FALSE,TRUE,24
UXFEJC9Q,Maureen Marcano,GTX Plus Basic,Nam-zim,Won,2017-05-18,2017-05-22,1082,FALSE,TRUE,4
D4Z6IL8W,Niesha Huffines,GTX Basic,Rundofase,Won,2017-05-18,2017-06-05,616,FALSE,TRUE,18
NJCI3Y9S,Zane Levy,GTX Pro,Condax,Won,2017-05-18,2017-06-03,4642,FALSE,TRUE,16
OATOYNX2,Anna Snelling,MG Special,Bioholding,Won,2017-05-19,2017-06-27,63,FALSE,TRUE,39
0XHTFQE8,Cassey Cress,GTX Plus Basic,Betasoloin,Won,2017-05-19,2017-08-19,1131,FALSE,TRUE,92
6I76NXTK,Corliss Cosme,GTX Basic,Ganjaflex,Won,2017-05-19,2017-09-04,503,FALSE,TRUE,108
0FLFT1R4,Corliss Cosme,GTX Basic,Massive Dynamic,Won,2017-05-19,2017-08-03,516,FALSE,TRUE,76
QX4VN0WB,Daniell Hammack,GTX Basic,Mathtouch,Won,2017-05-19,2017-09-01,592,FALSE,TRUE,105
2G82J8WD,Darcel Schlecht,GTX Pro,Warephase,Won,2017-05-19,2017-09-11,4914,FALSE,TRUE,115
00KY25OA,Donn Cantrell,GTX Basic,Condax,Won,2017-05-19,2017-06-01,564,FALSE,TRUE,13
6TN4T6HN,Hayden Neloms,GTX Plus Basic,Golddex,Won,2017-05-19,2017-06-01,964,FALSE,TRUE,13
MQY3YOQS,Jonathan Berthelot,GTX Basic,Funholding,Won,2017-05-19,2017-06-02,583,FALSE,TRUE,14
3YWITFR5,Lajuana Vencill,GTX Basic,Ron-tech,Won,2017-05-19,2017-08-15,440,FALSE,TRUE,88
BEKQZ411,Moses Frase,MG Special,Inity,Won,2017-05-19,2017-08-31,58,FALSE,TRUE,104
PK0T5N02,Reed Clapper,GTX Plus Basic,Initech,Won,2017-05-19,2017-05-26,1093,FALSE,TRUE,7
E1OBRLYZ,Boris Faz,GTX Basic,Zencorporation,Won,2017-05-20,2017-05-27,529,FALSE,TRUE,7
913RPKAD,Cassey Cress,GTX Pro,Sumace,Won,2017-05-20,2017-05-24,4839,FALSE,TRUE,4
NJC209SC,Darcel Schlecht,GTX Pro,Cancity,Won,2017-05-20,2017-09-27,5961,FALSE,TRUE,130
MMUC1AXI,Darcel Schlecht,GTX Pro,Gogozoom,Won,2017-05-20,2017-08-09,5647,FALSE,TRUE,81
X66G66ZA,Darcel Schlecht,MG Special,Toughzap,Won,2017-05-20,2017-08-18,56,FALSE,TRUE,90
WXRWSVTT,Garret Kinder,GTX Basic,Kan-code,Won,2017-05-20,2017-08-18,492,FALSE,TRUE,90
81NOKKSW,Gladys Colclough,MG Special,Statholdings,Won,2017-05-20,2017-08-31,68,FALSE,TRUE,103
CP3JY4PE,Hayden Neloms,MG Advanced,Groovestreet,Won,2017-05-20,2017-09-14,3728,FALSE,TRUE,117
K2683261,Kami Bicknell,GTX Plus Basic,Plusstrip,Won,2017-05-20,2017-09-13,1082,FALSE,TRUE,116
0DDBDPJU,Lajuana Vencill,GTX Basic,Funholding,Won,2017-05-20,2017-08-05,557,FALSE,TRUE,77
RXIQFV8D,Niesha Huffines,MG Special,Dontechi,Won,2017-05-20,2017-08-09,60,FALSE,TRUE,81
5RGYU88R,Versie Hillebrand,GTX Plus Pro,Scottech,Won,2017-05-20,2017-05-25,5046,FALSE,TRUE,5
F3P73EG4,Versie Hillebrand,MG Special,Gogozoom,Won,2017-05-20,2017-08-04,53,FALSE,TRUE,76
CRLWCEMY,Versie Hillebrand,MG Advanced,Stanredtax,Won,2017-05-20,2017-06-10,2807,FALSE,TRUE,21
IQ5ASHI1,Anna Snelling,GTX Basic,Bioholding,Won,2017-05-21,2017-08-11,475,FALSE,TRUE,82
G378ZBNC,Anna Snelling,MG Advanced,Ron-tech,Won,2017-05-21,2017-08-03,3031,FALSE,TRUE,74
6ZVC87CV,Boris Faz,MG Special,Ontomedia,Won,2017-05-21,2017-08-09,53,FALSE,TRUE,80
4Y1DYANE,Cassey Cress,GTX Plus Basic,Xx-zobam,Won,2017-05-21,2017-06-04,1112,FALSE,TRUE,14
PGYBGBU3,Daniell Hammack,GTX Pro,Yearin,Won,2017-05-21,2017-09-11,4491,FALSE,TRUE,113
GQPQ6XBD,Elease Gluck,GTX Basic,Blackzim,Won,2017-05-21,2017-06-06,562,FALSE,TRUE,16
G4KL8QWY,James Ascencio,GTX Basic,Rantouch,Won,2017-05-21,2017-06-04,593,FALSE,TRUE,14
GIVVPRQQ,Jonathan Berthelot,GTX Pro,Hottechi,Won,2017-05-21,2017-08-30,4606,FALSE,TRUE,101
JF178AXO,Kami Bicknell,GTX Plus Basic,Faxquote,Won,2017-05-21,2017-08-11,1100,FALSE,TRUE,82
43NBMRFY,Kami Bicknell,GTX Plus Basic,Scotfind,Won,2017-05-21,2017-08-18,1198,FALSE,TRUE,89
UQ67214Z,Lajuana Vencill,MG Advanced,Dontechi,Won,2017-05-21,2017-08-20,3250,FALSE,TRUE,91
HDITQL1S,Marty Freudenburg,MG Advanced,Treequote,Won,2017-05-21,2017-09-05,2785,FALSE,TRUE,107
1WPONGOS,Maureen Marcano,MG Special,Scotfind,Won,2017-05-21,2017-08-11,49,FALSE,TRUE,82
ZG1DFNPW,Moses Frase,GTX Basic,Bioholding,Won,2017-05-21,2017-09-15,547,FALSE,TRUE,117
SS9FXCS2,Niesha Huffines,MG Special,Bioholding,Won,2017-05-21,2017-08-01,57,FALSE,TRUE,72
ZHKJIJA1,Vicki Laflamme,GTX Basic,Cheers,Won,2017-05-21,2017-08-05,572,FALSE,TRUE,76
SDL8MJ4R,Violet Mclelland,MG Special,Ontomedia,Won,2017-05-21,2017-06-10,48,FALSE,TRUE,20
R8CMI00I,Garret Kinder,GTX Basic,Kan-code,Won,2017-05-22,2017-06-06,555,FALSE,TRUE,15
T7HHH8HK,Garret Kinder,GTX Basic,Konex,Won,2017-05-22,2017-09-02,476,FALSE,TRUE,103
407NLHJH,James Ascencio,GTX Plus Basic,Labdrill,Won,2017-05-22,2017-06-14,1090,FALSE,TRUE,23
KD63LC6D,Kary Hendrixson,GTX Basic,Condax,Won,2017-05-22,2017-09-25,584,FALSE,TRUE,126
TB27K4GC,Markita Hansen,GTK 500,Finjob,Won,2017-05-22,2017-08-14,24745,FALSE,TRUE,84
NFFS1KSK,Reed Clapper,GTX Basic,Zotware,Won,2017-05-22,2017-05-27,512,FALSE,TRUE,5
V1T47SKL,Vicki Laflamme,MG Special,Zoomit,Won,2017-05-22,2017-06-07,60,FALSE,TRUE,16
M6IGBW79,Zane Levy,GTX Plus Basic,Dalttechnology,Won,2017-05-22,2017-08-08,1088,FALSE,TRUE,78
2QGI573A,Corliss Cosme,GTX Basic,The New York Inquirer,Won,2017-05-23,2017-05-26,463,FALSE,TRUE,3
QW4QPPSY,Donn Cantrell,GTX Plus Basic,Gekko & Co,Won,2017-05-23,2017-08-24,877,FALSE,TRUE,93
99L2TNR5,Gladys Colclough,MG Advanced,Hottechi,Won,2017-05-23,2017-08-24,3339,FALSE,TRUE,93
7SJD7M9K,Jonathan Berthelot,GTX Pro,Funholding,Won,2017-05-23,2017-08-20,4180,FALSE,TRUE,89
5FX5TX9L,Markita Hansen,GTX Plus Pro,Hatfan,Won,2017-05-23,2017-08-14,4642,FALSE,TRUE,83
RA77E84P,Niesha Huffines,GTX Basic,Globex Corporation,Won,2017-05-23,2017-09-08,578,FALSE,TRUE,108
7U225819,Versie Hillebrand,MG Advanced,Gogozoom,Won,2017-05-23,2017-08-11,3285,FALSE,TRUE,80
PA55AGYL,Zane Levy,GTX Pro,Cheers,Won,2017-05-23,2017-05-31,5212,FALSE,TRUE,8
V93ZA48C,Cassey Cress,GTX Basic,Donware,Won,2017-05-24,2017-09-24,614,FALSE,TRUE,123
TR3TXXHF,Cassey Cress,GTX Plus Pro,Bubba Gump,Won,2017-05-24,2017-09-13,5778,FALSE,TRUE,112
SURL8H49,Donn Cantrell,MG Advanced,Bubba Gump,Won,2017-05-24,2017-09-10,3521,FALSE,TRUE,109
KMGXUADZ,Gladys Colclough,GTX Pro,Rundofase,Won,2017-05-24,2017-08-06,5109,FALSE,TRUE,74
X58FLJ8K,James Ascencio,GTX Plus Pro,Lexiqvolax,Won,2017-05-24,2017-09-18,5190,FALSE,TRUE,117
7U81B9AQ,Maureen Marcano,GTX Plus Basic,Goodsilron,Won,2017-05-24,2017-09-27,940,FALSE,TRUE,126
WC8KQJV9,Rosalina Dieter,GTX Basic,Goodsilron,Won,2017-05-24,2017-08-06,647,FALSE,TRUE,74
FENOSL5C,Vicki Laflamme,GTX Plus Pro,Condax,Won,2017-05-24,2017-08-17,6206,FALSE,TRUE,85
PQ3CLZ2N,Violet Mclelland,MG Advanced,Massive Dynamic,Won,2017-05-24,2017-09-10,3158,FALSE,TRUE,109
N4ZJ2PJT,Wilburn Farren,MG Advanced,Donware,Won,2017-05-24,2017-08-19,2699,FALSE,TRUE,87
HZCF65PU,Boris Faz,GTX Plus Basic,Plussunin,Won,2017-05-25,2017-08-04,1302,FALSE,TRUE,71
TCTLOMKP,Cassey Cress,MG Advanced,Bioplex,Won,2017-05-25,2017-06-27,2993,FALSE,TRUE,33
O0NCMYX9,Cecily Lampkin,GTX Basic,Betatech,Won,2017-05-25,2017-06-05,460,FALSE,TRUE,11
HELQUZNO,Corliss Cosme,GTX Basic,Konex,Won,2017-05-25,2017-09-25,616,FALSE,TRUE,123
A3OROHUS,Darcel Schlecht,GTX Pro,Globex Corporation,Won,2017-05-25,2017-08-14,4270,FALSE,TRUE,81
DLQTM07N,Gladys Colclough,GTX Pro,Treequote,Won,2017-05-25,2017-08-22,4787,FALSE,TRUE,89
ZT2NKCV5,Jonathan Berthelot,MG Special,Hottechi,Won,2017-05-25,2017-05-31,55,FALSE,TRUE,6
I4YPNNTU,Jonathan Berthelot,MG Advanced,Funholding,Won,2017-05-25,2017-08-09,3808,FALSE,TRUE,76
KOYW9WIV,Lajuana Vencill,GTX Basic,Rundofase,Won,2017-05-25,2017-09-23,483,FALSE,TRUE,121
JRAAPD3L,Lajuana Vencill,MG Advanced,Warephase,Won,2017-05-25,2017-09-16,3727,FALSE,TRUE,114
21JDZDNJ,Markita Hansen,GTX Pro,Faxquote,Won,2017-05-25,2017-08-14,4738,FALSE,TRUE,81
EP0H3SJO,Marty Freudenburg,GTX Plus Basic,Ron-tech,Won,2017-05-25,2017-08-04,1275,FALSE,TRUE,71
GIP11NY3,Marty Freudenburg,MG Advanced,Treequote,Won,2017-05-25,2017-08-19,3428,FALSE,TRUE,86
PDXFONE0,Reed Clapper,GTX Pro,Mathtouch,Won,2017-05-25,2017-06-07,5420,FALSE,TRUE,13
DJDVV89L,Versie Hillebrand,MG Special,Dontechi,Won,2017-05-25,2017-06-11,59,FALSE,TRUE,17
GRRY4DQR,Boris Faz,GTX Basic,Silis,Won,2017-05-26,2017-09-15,561,FALSE,TRUE,112
S3JAC8GQ,Boris Faz,GTX Plus Basic,Zathunicon,Won,2017-05-26,2017-08-10,1354,FALSE,TRUE,76
E3JP7HCX,Cassey Cress,MG Special,The New York Inquirer,Won,2017-05-26,2017-09-18,44,FALSE,TRUE,115
FF5G00YD,Corliss Cosme,GTX Basic,Mathtouch,Won,2017-05-26,2017-09-18,560,FALSE,TRUE,115
5975TDTI,Corliss Cosme,GTX Pro,Donquadtech,Won,2017-05-26,2017-06-09,5324,FALSE,TRUE,14
GZU4ZSFE,Kami Bicknell,GTX Pro,Faxquote,Won,2017-05-26,2017-09-23,4924,FALSE,TRUE,120
E4KL4NGF,Kary Hendrixson,GTX Basic,Golddex,Won,2017-05-26,2017-08-07,571,FALSE,TRUE,73
QCH2R1VO,Kary Hendrixson,MG Advanced,Konex,Won,2017-05-26,2017-08-12,4022,FALSE,TRUE,78
DMUQAWQH,Maureen Marcano,GTX Plus Basic,Faxquote,Won,2017-05-26,2017-06-12,1030,FALSE,TRUE,17
09RN3MHV,Vicki Laflamme,GTX Pro,Kan-code,Won,2017-05-26,2017-09-21,5074,FALSE,TRUE,118
YW14K7PE,Wilburn Farren,GTX Plus Pro,Vehement Capital Partners,Won,2017-05-26,2017-09-23,5198,FALSE,TRUE,120
N1H9ILZ9,Anna Snelling,GTX Basic,Conecom,Won,2017-05-27,2017-09-03,576,FALSE,TRUE,99
V8RYC18P,Anna Snelling,MG Special,Stanredtax,Won,2017-05-27,2017-08-21,57,FALSE,TRUE,86
AR2T4LAR,Darcel Schlecht,GTX Pro,Scottech,Won,2017-05-27,2017-08-22,4432,FALSE,TRUE,87
GPC8PLM7,Donn Cantrell,GTX Basic,Kinnamplus,Won,2017-05-27,2017-09-02,481,FALSE,TRUE,98
JBCQ1ODR,James Ascencio,GTX Pro,Newex,Won,2017-05-27,2017-08-28,5293,FALSE,TRUE,93
PLYYX5CD,Jonathan Berthelot,GTX Plus Pro,Hottechi,Won,2017-05-27,2017-08-17,5769,FALSE,TRUE,82
JP2EY6QU,Jonathan Berthelot,GTX Pro,Globex Corporation,Won,2017-05-27,2017-09-02,4929,FALSE,TRUE,98
48INT6OA,Jonathan Berthelot,GTX Pro,Rundofase,Won,2017-05-27,2017-08-05,4924,FALSE,TRUE,70
9FH4OP4U,Kary Hendrixson,GTX Plus Pro,Faxquote,Won,2017-05-27,2017-08-04,5312,FALSE,TRUE,69
N128I4H8,Kary Hendrixson,MG Special,Nam-zim,Won,2017-05-27,2017-06-07,66,FALSE,TRUE,11
8NKLCSES,Marty Freudenburg,GTX Plus Basic,Toughzap,Won,2017-05-27,2017-06-18,1115,FALSE,TRUE,22
1ZMWMU21,Marty Freudenburg,MG Advanced,Conecom,Won,2017-05-27,2017-08-23,3407,FALSE,TRUE,88
R617R51D,Niesha Huffines,GTX Basic,Cancity,Won,2017-05-27,2017-09-03,540,FALSE,TRUE,99
W8E2YLNY,Reed Clapper,GTX Plus Basic,Acme Corporation,Won,2017-05-27,2017-09-04,1095,FALSE,TRUE,100
TX9VFL4J,Reed Clapper,GTX Plus Basic,Silis,Won,2017-05-27,2017-08-23,1019,FALSE,TRUE,88
9DEDEQ5O,Vicki Laflamme,GTX Pro,Green-Plus,Won,2017-05-27,2017-09-14,4477,FALSE,TRUE,110
Z8JLMCOM,Vicki Laflamme,GTX Pro,Hatfan,Won,2017-05-27,2017-06-02,4644,FALSE,TRUE,6
52Q1PYGW,Boris Faz,GTX Plus Basic,Zotware,Won,2017-05-28,2017-06-08,940,FALSE,TRUE,11
56ZJUSNG,Daniell Hammack,GTX Pro,Acme Corporation,Won,2017-05-28,2017-06-07,5378,FALSE,TRUE,10
Y92RU9V8,Daniell Hammack,GTX Pro,Kan-code,Won,2017-05-28,2017-06-15,4712,FALSE,TRUE,18
SXV6VZVC,Darcel Schlecht,GTX Plus Basic,Bioholding,Won,2017-05-28,2017-08-25,1118,FALSE,TRUE,89
BGY307FC,Donn Cantrell,GTX Plus Pro,Ganjaflex,Won,2017-05-28,2017-08-11,5695,FALSE,TRUE,75
BAN0BVHW,Donn Cantrell,GTX Pro,Yearin,Won,2017-05-28,2017-08-05,4462,FALSE,TRUE,69
Z75R686C,Hayden Neloms,MG Advanced,Singletechno,Won,2017-05-28,2017-08-28,3701,FALSE,TRUE,92
12GLKKV4,Markita Hansen,GTX Plus Basic,J-Texon,Won,2017-05-28,2017-06-08,941,FALSE,TRUE,11
VDD7H92Q,Maureen Marcano,GTX Plus Basic,Hatfan,Won,2017-05-28,2017-06-05,1171,FALSE,TRUE,8
83JP1K4E,Rosalina Dieter,GTK 500,Rantouch,Won,2017-05-28,2017-08-28,24899,FALSE,TRUE,92
ME3H0RUJ,Rosalina Dieter,MG Advanced,Rantouch,Won,2017-05-28,2017-09-21,3418,FALSE,TRUE,116
W8E76HJG,Vicki Laflamme,GTX Basic,Hottechi,Won,2017-05-28,2017-06-08,537,FALSE,TRUE,11
IMB2N710,Zane Levy,GTX Plus Basic,Rantouch,Won,2017-05-28,2017-08-04,1053,FALSE,TRUE,68
OJBBZHM4,Anna Snelling,GTX Basic,Genco Pura Olive Oil Company,Won,2017-05-29,2017-06-11,497,FALSE,TRUE,13
2PQORQGO,Boris Faz,GTX Plus Pro,Zencorporation,Won,2017-05-29,2017-09-13,5714,FALSE,TRUE,107
I3RW4OMF,Cecily Lampkin,GTX Basic,Bioholding,Won,2017-05-29,2017-08-29,611,FALSE,TRUE,92
LG8ZAMCB,Corliss Cosme,GTX Pro,Opentech,Won,2017-05-29,2017-06-11,5642,FALSE,TRUE,13
XJ8UTM6B,Corliss Cosme,GTX Pro,Umbrella Corporation,Won,2017-05-29,2017-06-11,5081,FALSE,TRUE,13
CVGTFBZE,Darcel Schlecht,GTX Pro,Cancity,Won,2017-05-29,2017-08-02,3985,FALSE,TRUE,65
RW02HG5P,Donn Cantrell,MG Advanced,Bluth Company,Won,2017-05-29,2017-06-11,3313,FALSE,TRUE,13
7W8CQJ2Z,Elease Gluck,MG Advanced,Plexzap,Won,2017-05-29,2017-06-11,3850,FALSE,TRUE,13
M03IHS3P,Gladys Colclough,GTX Plus Basic,Scottech,Won,2017-05-29,2017-08-06,917,FALSE,TRUE,69
GX3SHSEA,Gladys Colclough,MG Special,Streethex,Won,2017-05-29,2017-08-08,56,FALSE,TRUE,71
Q808L4HZ,James Ascencio,GTX Pro,Newex,Won,2017-05-29,2017-08-07,5194,FALSE,TRUE,70
3GOXMQPF,Kary Hendrixson,GTX Plus Basic,Golddex,Won,2017-05-29,2017-08-17,1002,FALSE,TRUE,80
1WZ5N86Q,Kary Hendrixson,GTX Plus Pro,Hottechi,Won,2017-05-29,2017-08-17,6042,FALSE,TRUE,80
C3QK8M7F,Markita Hansen,GTX Plus Pro,Sonron,Won,2017-05-29,2017-06-15,4423,FALSE,TRUE,17
9BXXDYH9,Markita Hansen,MG Special,Groovestreet,Won,2017-05-29,2017-08-18,45,FALSE,TRUE,81
4X3H9YD5,Rosalina Dieter,GTK 500,Kan-code,Won,2017-05-29,2017-08-29,25791,FALSE,TRUE,92
K83L4L0I,Rosie Papadopoulos,MG Advanced,Mathtouch,Won,2017-05-29,2017-06-17,2918,FALSE,TRUE,19
E9C7WXQL,Versie Hillebrand,GTX Plus Basic,Streethex,Won,2017-05-29,2017-09-19,959,FALSE,TRUE,113
AAVJHH3M,Zane Levy,GTX Pro,Green-Plus,Won,2017-05-29,2017-06-06,5532,FALSE,TRUE,8
POLWB0UX,Corliss Cosme,GTX Pro,Xx-zobam,Won,2017-05-30,2017-06-06,4687,FALSE,TRUE,7
ZSHK2ZXD,Darcel Schlecht,GTX Basic,dambase,Won,2017-05-30,2017-06-21,602,FALSE,TRUE,22
PF7GFMLQ,Donn Cantrell,GTX Basic,Condax,Won,2017-05-30,2017-08-10,595,FALSE,TRUE,72
3R8PJCCW,Kary Hendrixson,MG Advanced,Blackzim,Won,2017-05-30,2017-09-03,2868,FALSE,TRUE,96
CPWTJ2WC,Marty Freudenburg,MG Advanced,Finhigh,Won,2017-05-30,2017-06-03,3236,FALSE,TRUE,4
NDVZAHYA,Vicki Laflamme,GTX Basic,Golddex,Won,2017-05-30,2017-08-15,524,FALSE,TRUE,77
1R8VKE8O,Vicki Laflamme,GTX Plus Pro,Golddex,Won,2017-05-30,2017-08-15,5631,FALSE,TRUE,77
LNX7ULEG,Zane Levy,GTX Plus Pro,Sonron,Won,2017-05-30,2017-08-22,5572,FALSE,TRUE,84
42N0IWF8,Zane Levy,GTX Pro,Condax,Won,2017-05-30,2017-06-05,5644,FALSE,TRUE,6
S1AU0IZX,Darcel Schlecht,GTX Pro,Inity,Won,2017-05-31,2017-06-04,4192,FALSE,TRUE,4
JSNPH01N,Elease Gluck,MG Special,Sonron,Won,2017-05-31,2017-06-10,56,FALSE,TRUE,10
CQDULMXS,Garret Kinder,GTX Basic,Gekko & Co,Won,2017-05-31,2017-08-05,607,FALSE,TRUE,66
VKM187MX,Gladys Colclough,MG Special,Condax,Won,2017-05-31,2017-06-09,48,FALSE,TRUE,9
ZE7PM90V,James Ascencio,GTX Basic,Blackzim,Won,2017-05-31,2017-08-23,570,FALSE,TRUE,84
CAAYFKK8,James Ascencio,GTX Plus Basic,Singletechno,Won,2017-05-31,2017-06-04,1056,FALSE,TRUE,4
NQZNAEYQ,Kami Bicknell,GTX Basic,Lexiqvolax,Won,2017-05-31,2017-09-03,560,FALSE,TRUE,95
37B8ES7X,Kary Hendrixson,GTX Basic,Groovestreet,Won,2017-05-31,2017-06-21,588,FALSE,TRUE,21
KYABDCKE,Kary Hendrixson,GTX Pro,Y-corporation,Won,2017-05-31,2017-09-02,4356,FALSE,TRUE,94
3CP9VXC1,Kary Hendrixson,MG Special,Labdrill,Won,2017-05-31,2017-08-15,69,FALSE,TRUE,76
9XGT3451,Lajuana Vencill,GTX Basic,Rangreen,Won,2017-05-31,2017-08-02,505,FALSE,TRUE,63
AG0H8IAZ,Markita Hansen,GTX Basic,Sonron,Won,2017-05-31,2017-09-23,510,FALSE,TRUE,115
28FTXKAB,Markita Hansen,MG Advanced,Zoomit,Won,2017-05-31,2017-09-23,3722,FALSE,TRUE,115
ROUOR5L0,Maureen Marcano,GTX Plus Basic,Finjob,Won,2017-05-31,2017-08-02,1145,FALSE,TRUE,63
QPMZ5RG0,Moses Frase,MG Special,Streethex,Won,2017-05-31,2017-08-27,53,FALSE,TRUE,88
2PMIYAFN,Reed Clapper,GTX Plus Basic,Kan-code,Won,2017-05-31,2017-06-15,1120,FALSE,TRUE,15
CRWE8FRT,Reed Clapper,MG Advanced,Initech,Won,2017-05-31,2017-09-22,3404,FALSE,TRUE,114
6FI9HAX7,Versie Hillebrand,MG Special,Ron-tech,Won,2017-05-31,2017-06-13,46,FALSE,TRUE,13
JL86Q0B4,Wilburn Farren,MG Special,The New York Inquirer,Won,2017-05-31,2017-06-14,53,FALSE,TRUE,14
C2MKJA8V,Zane Levy,GTX Pro,Condax,Won,2017-05-31,2017-06-05,4988,FALSE,TRUE,5
IJ4Y77D9,Zane Levy,MG Special,Rantouch,Won,2017-05-31,2017-08-12,53,FALSE,TRUE,73
CGCPVYNI,Anna Snelling,GTX Basic,Isdom,Won,2017-06-01,2017-06-08,523,FALSE,TRUE,7
ST8ZOXKI,Anna Snelling,MG Special,Hottechi,Won,2017-06-01,2017-06-11,63,FALSE,TRUE,10
P07OGZ3F,Anna Snelling,MG Special,Stanredtax,Won,2017-06-01,2017-08-28,54,FALSE,TRUE,88
0DLEXLEV,Boris Faz,GTX Plus Pro,Yearin,Won,2017-06-01,2017-09-07,6117,FALSE,TRUE,98
27UN3UX8,Cassey Cress,GTX Plus Pro,Ontomedia,Won,2017-06-01,2017-06-09,5112,FALSE,TRUE,8
NR5D7201,Corliss Cosme,MG Advanced,Kan-code,Won,2017-06-01,2017-09-03,3527,FALSE,TRUE,94
C4FEG98K,Darcel Schlecht,GTX Basic,Inity,Won,2017-06-01,2017-06-14,565,FALSE,TRUE,13
EKH5O1HH,Darcel Schlecht,MG Advanced,Ron-tech,Won,2017-06-01,2017-06-09,3771,FALSE,TRUE,8
ZT6D57ED,Gladys Colclough,GTX Plus Pro,Scottech,Won,2017-06-01,2017-09-02,6274,FALSE,TRUE,93
Q67320CY,Hayden Neloms,MG Advanced,Sunnamplex,Won,2017-06-01,2017-08-17,3480,FALSE,TRUE,77
K5NFTQRI,James Ascencio,GTX Plus Pro,Fasehatice,Won,2017-06-01,2017-08-16,5770,FALSE,TRUE,76
9WISPXZW,Reed Clapper,GTX Basic,Konex,Won,2017-06-01,2017-06-12,562,FALSE,TRUE,11
4ZGA57SX,Rosie Papadopoulos,GTX Pro,Mathtouch,Won,2017-06-01,2017-08-03,4686,FALSE,TRUE,63
JVIIWJDL,Violet Mclelland,MG Special,Opentech,Won,2017-06-01,2017-09-02,38,FALSE,TRUE,93
W8M8XI8Y,Zane Levy,MG Advanced,Finjob,Won,2017-06-01,2017-08-05,3184,FALSE,TRUE,65
MELHF0ZP,Anna Snelling,GTX Plus Pro,Rundofase,Won,2017-06-02,2017-09-17,5373,FALSE,TRUE,107
6SV2WYK4,Boris Faz,GTX Plus Basic,Bluth Company,Won,2017-06-02,2017-09-05,1239,FALSE,TRUE,95
IKQSEYPT,Cecily Lampkin,MG Special,Streethex,Won,2017-06-02,2017-06-12,52,FALSE,TRUE,10
ZN0FWO0L,Corliss Cosme,GTX Basic,Ganjaflex,Won,2017-06-02,2017-09-19,651,FALSE,TRUE,109
CPL37MZC,Darcel Schlecht,GTX Plus Pro,dambase,Won,2017-06-02,2017-08-02,6026,FALSE,TRUE,61
GM68OLDH,James Ascencio,GTX Plus Pro,Green-Plus,Won,2017-06-02,2017-09-05,5569,FALSE,TRUE,95
GIJ14130,Jonathan Berthelot,GTX Basic,Hottechi,Won,2017-06-02,2017-09-04,519,FALSE,TRUE,94
CUA83384,Kami Bicknell,GTX Basic,Scotfind,Won,2017-06-02,2017-09-05,558,FALSE,TRUE,95
ZGQI86AQ,Kary Hendrixson,GTX Basic,Sonron,Won,2017-06-02,2017-09-05,523,FALSE,TRUE,95
L8NLCWFS,Kary Hendrixson,GTX Pro,Scotfind,Won,2017-06-02,2017-08-20,4869,FALSE,TRUE,79
JDFQYP5L,Lajuana Vencill,GTX Basic,Stanredtax,Won,2017-06-02,2017-08-09,588,FALSE,TRUE,68
06AIY3IS,Marty Freudenburg,GTX Plus Pro,Condax,Won,2017-06-02,2017-08-21,5712,FALSE,TRUE,80
4LQAN2JX,Maureen Marcano,GTX Plus Basic,Golddex,Won,2017-06-02,2017-08-29,1046,FALSE,TRUE,88
84QGC91P,Maureen Marcano,MG Special,Singletechno,Won,2017-06-02,2017-08-17,54,FALSE,TRUE,76
98MASV7P,Reed Clapper,GTX Pro,Xx-zobam,Won,2017-06-02,2017-08-12,4933,FALSE,TRUE,71
QFBBRJL5,Reed Clapper,MG Special,Umbrella Corporation,Won,2017-06-02,2017-09-26,60,FALSE,TRUE,116
XCGW5K0N,Violet Mclelland,GTX Basic,Silis,Won,2017-06-02,2017-09-12,572,FALSE,TRUE,102
UUF8Z53N,Violet Mclelland,MG Special,Condax,Won,2017-06-02,2017-08-30,55,FALSE,TRUE,89
J6MIKNYJ,Violet Mclelland,MG Special,Xx-zobam,Won,2017-06-02,2017-08-22,51,FALSE,TRUE,81
VBN5T6F8,Cassey Cress,MG Special,Opentech,Won,2017-06-03,2017-08-31,59,FALSE,TRUE,89
W1J3L0EU,Daniell Hammack,GTX Pro,Betasoloin,Won,2017-06-03,2017-06-06,4492,FALSE,TRUE,3
LDAXEBR0,Jonathan Berthelot,GTX Basic,Treequote,Won,2017-06-03,2017-06-22,639,FALSE,TRUE,19
NGTMVX1C,Jonathan Berthelot,GTX Plus Basic,Globex Corporation,Won,2017-06-03,2017-06-21,1040,FALSE,TRUE,18
SFBHZLHK,Jonathan Berthelot,GTX Pro,Finhigh,Won,2017-06-03,2017-09-12,4138,FALSE,TRUE,101
6GY8Q8F0,Lajuana Vencill,MG Special,Funholding,Won,2017-06-03,2017-09-23,54,FALSE,TRUE,112
5JIXFMFY,Lajuana Vencill,MG Advanced,Inity,Won,2017-06-03,2017-09-14,3438,FALSE,TRUE,103
69XL3JMB,Marty Freudenburg,GTX Plus Basic,Isdom,Won,2017-06-03,2017-08-05,1017,FALSE,TRUE,63
DYWMK8OF,Rosalina Dieter,MG Advanced,Singletechno,Won,2017-06-03,2017-09-19,3314,FALSE,TRUE,108
URT8A7OQ,Versie Hillebrand,MG Special,Rangreen,Won,2017-06-03,2017-08-24,51,FALSE,TRUE,82
LGO0XF4X,Vicki Laflamme,MG Special,Kan-code,Won,2017-06-03,2017-09-10,50,FALSE,TRUE,99
Y46OEBEH,Violet Mclelland,MG Special,Zathunicon,Won,2017-06-03,2017-06-09,54,FALSE,TRUE,6
E884CL8B,Daniell Hammack,GTX Pro,Ontomedia,Won,2017-06-04,2017-06-17,4942,FALSE,TRUE,13
KVTBYOVD,Donn Cantrell,GTX Pro,Kan-code,Won,2017-06-04,2017-06-14,4612,FALSE,TRUE,10
ZA6CBQAL,Donn Cantrell,GTX Pro,Zotware,Won,2017-06-04,2017-06-20,4308,FALSE,TRUE,16
Y6YZXVTF,Donn Cantrell,MG Advanced,Massive Dynamic,Won,2017-06-04,2017-09-04,2876,FALSE,TRUE,92
SHETLR3T,Gladys Colclough,GTX Plus Pro,Warephase,Won,2017-06-04,2017-08-30,4990,FALSE,TRUE,87
3KZUBSRU,Hayden Neloms,GTX Plus Basic,Sonron,Won,2017-06-04,2017-09-09,1024,FALSE,TRUE,97
FA6JQ4V2,Kami Bicknell,MG Special,Lexiqvolax,Won,2017-06-04,2017-09-16,53,FALSE,TRUE,104
9KJ89VHI,Kary Hendrixson,GTX Basic,J-Texon,Won,2017-06-04,2017-09-01,525,FALSE,TRUE,89
N3CN7GCZ,Kary Hendrixson,MG Special,Nam-zim,Won,2017-06-04,2017-08-27,60,FALSE,TRUE,84
KAHKF9H1,Markita Hansen,GTX Plus Basic,Scotfind,Won,2017-06-04,2017-06-08,967,FALSE,TRUE,4
IHF5GR01,Reed Clapper,GTX Basic,Initech,Won,2017-06-04,2017-06-14,524,FALSE,TRUE,10
81DUFIPO,Rosalina Dieter,MG Special,J-Texon,Won,2017-06-04,2017-09-10,57,FALSE,TRUE,98
EEBOSTAA,Versie Hillebrand,GTX Plus Pro,Warephase,Won,2017-06-04,2017-06-13,5056,FALSE,TRUE,9
9DDHZUZB,Vicki Laflamme,GTX Basic,Konex,Won,2017-06-04,2017-06-08,600,FALSE,TRUE,4
IWLEND3K,Cassey Cress,GTX Basic,Donware,Won,2017-06-05,2017-09-26,633,FALSE,TRUE,113
VICY80KW,Cassey Cress,GTX Pro,Vehement Capital Partners,Won,2017-06-05,2017-08-27,4994,FALSE,TRUE,83
H35AXY3M,Corliss Cosme,GTX Plus Basic,Kan-code,Won,2017-06-05,2017-06-10,899,FALSE,TRUE,5
VF7DWQIH,Darcel Schlecht,GTX Plus Pro,dambase,Won,2017-06-05,2017-08-25,5421,FALSE,TRUE,81
C7NW3JB2,Darcel Schlecht,GTX Pro,Genco Pura Olive Oil Company,Won,2017-06-05,2017-08-23,5223,FALSE,TRUE,79
SUABQAC0,Darcel Schlecht,GTX Pro,Rundofase,Won,2017-06-05,2017-06-18,4794,FALSE,TRUE,13
6JWA8DFJ,Darcel Schlecht,GTX Pro,Toughzap,Won,2017-06-05,2017-09-06,4903,FALSE,TRUE,93
OEBJXZN6,Darcel Schlecht,MG Advanced,Dontechi,Won,2017-06-05,2017-08-13,3625,FALSE,TRUE,69
W5P1OLUL,Jonathan Berthelot,GTX Basic,Rundofase,Won,2017-06-05,2017-08-03,554,FALSE,TRUE,59
MASS6JEE,Kary Hendrixson,GTX Pro,Hatfan,Won,2017-06-05,2017-09-05,5039,FALSE,TRUE,92
XNC9UMYH,Markita Hansen,GTX Plus Basic,Faxquote,Won,2017-06-05,2017-08-30,1169,FALSE,TRUE,86
AUEAKRQV,Marty Freudenburg,GTX Pro,Toughzap,Won,2017-06-05,2017-09-19,5055,FALSE,TRUE,106
08Q8A6M9,Marty Freudenburg,MG Special,Scottech,Won,2017-06-05,2017-06-22,60,FALSE,TRUE,17
NTHLG5DT,Maureen Marcano,GTX Basic,Golddex,Won,2017-06-05,2017-09-08,595,FALSE,TRUE,95
Y5OZ7VOF,Maureen Marcano,MG Advanced,Plexzap,Won,2017-06-05,2017-06-21,3227,FALSE,TRUE,16
QMJHLT1V,Moses Frase,MG Special,Hottechi,Won,2017-06-05,2017-09-20,59,FALSE,TRUE,107
Q5JU0LZJ,Niesha Huffines,GTX Basic,Inity,Won,2017-06-05,2017-09-26,479,FALSE,TRUE,113
IRODLEGG,Niesha Huffines,MG Advanced,Globex Corporation,Won,2017-06-05,2017-09-14,3449,FALSE,TRUE,101
HTA6XLY3,Reed Clapper,MG Special,Massive Dynamic,Won,2017-06-05,2017-09-24,54,FALSE,TRUE,111
1BV5JLZV,Vicki Laflamme,MG Special,Doncon,Won,2017-06-05,2017-09-01,59,FALSE,TRUE,88
NXFAXN16,Anna Snelling,MG Special,Streethex,Won,2017-06-06,2017-09-27,55,FALSE,TRUE,113
FXXEZ5U2,Cassey Cress,MG Advanced,Initech,Won,2017-06-06,2017-08-09,3042,FALSE,TRUE,64
3F81XLI7,Corliss Cosme,GTX Pro,Ganjaflex,Won,2017-06-06,2017-08-11,4230,FALSE,TRUE,66
ID4LC9V5,Daniell Hammack,GTX Plus Basic,Initech,Won,2017-06-06,2017-08-15,979,FALSE,TRUE,70
IPQFYK0E,Daniell Hammack,GTX Plus Basic,Zotware,Won,2017-06-06,2017-06-17,1064,FALSE,TRUE,11
UU0F81HS,Daniell Hammack,GTX Pro,Xx-zobam,Won,2017-06-06,2017-08-20,5166,FALSE,TRUE,75
7SBDZJF4,Donn Cantrell,GTX Plus Basic,Bioplex,Won,2017-06-06,2017-08-23,1036,FALSE,TRUE,78
7UI7YX03,Elease Gluck,GTX Pro,Hottechi,Won,2017-06-06,2017-08-06,4330,FALSE,TRUE,61
BNYWSG6W,Gladys Colclough,MG Advanced,Hottechi,Won,2017-06-06,2017-09-13,3598,FALSE,TRUE,99
RC1YCAEP,James Ascencio,GTX Basic,Goodsilron,Won,2017-06-06,2017-08-16,431,FALSE,TRUE,71
MU6NOSH1,Jonathan Berthelot,GTX Basic,Funholding,Won,2017-06-06,2017-06-17,624,FALSE,TRUE,11
OFIORN0G,Jonathan Berthelot,GTX Plus Basic,Finhigh,Won,2017-06-06,2017-06-11,1140,FALSE,TRUE,5
PMHOZRJN,Kami Bicknell,MG Special,Condax,Won,2017-06-06,2017-09-17,62,FALSE,TRUE,103
YT9PLSVL,Lajuana Vencill,GTX Basic,Streethex,Won,2017-06-06,2017-09-15,584,FALSE,TRUE,101
BLFMYCVF,Markita Hansen,MG Special,Goodsilron,Won,2017-06-06,2017-08-19,57,FALSE,TRUE,74
379SDV6Y,Niesha Huffines,GTX Plus Basic,Statholdings,Won,2017-06-06,2017-08-05,1267,FALSE,TRUE,60
2756CEOQ,Vicki Laflamme,MG Special,Plusstrip,Won,2017-06-06,2017-09-16,55,FALSE,TRUE,102
Z4CFFZAW,Violet Mclelland,MG Special,Opentech,Won,2017-06-06,2017-09-10,63,FALSE,TRUE,96
I967JINR,Wilburn Farren,GTX Pro,Donquadtech,Won,2017-06-06,2017-09-05,3961,FALSE,TRUE,91
IE18U4NO,Wilburn Farren,MG Special,Zathunicon,Won,2017-06-06,2017-08-26,45,FALSE,TRUE,81
JNIMHE7Y,Anna Snelling,MG Special,Warephase,Won,2017-06-07,2017-08-20,61,FALSE,TRUE,74
QCIG6H19,Darcel Schlecht,GTX Plus Basic,Isdom,Won,2017-06-07,2017-08-31,1114,FALSE,TRUE,85
R7IIOFBH,Garret Kinder,GTX Basic,Kan-code,Won,2017-06-07,2017-08-05,566,FALSE,TRUE,59
6MTURF7Q,Hayden Neloms,MG Special,Green-Plus,Won,2017-06-07,2017-06-21,56,FALSE,TRUE,14
MWT1ZV0Y,Jonathan Berthelot,GTX Basic,Ron-tech,Won,2017-06-07,2017-06-18,627,FALSE,TRUE,11
B7Q6Q7S2,Markita Hansen,GTX Plus Basic,Dalttechnology,Won,2017-06-07,2017-08-16,1101,FALSE,TRUE,70
3DYZN86H,Markita Hansen,MG Advanced,Hottechi,Won,2017-06-07,2017-09-17,2979,FALSE,TRUE,102
2O1IK8VR,Versie Hillebrand,MG Advanced,Warephase,Won,2017-06-07,2017-06-17,3662,FALSE,TRUE,10
V93EX6XU,Zane Levy,GTX Pro,Nam-zim,Won,2017-06-07,2017-08-17,5185,FALSE,TRUE,71
5QNUZYIL,Boris Faz,MG Advanced,Umbrella Corporation,Won,2017-06-08,2017-06-24,3681,FALSE,TRUE,16
WX63AIMZ,Cecily Lampkin,MG Special,Dontechi,Won,2017-06-08,2017-06-18,59,FALSE,TRUE,10
09P7O0LQ,Cecily Lampkin,MG Special,Finhigh,Won,2017-06-08,2017-09-13,60,FALSE,TRUE,97
GYS3APR7,Corliss Cosme,GTX Basic,Bluth Company,Won,2017-06-08,2017-08-05,602,FALSE,TRUE,58
9VF00HWL,Corliss Cosme,GTX Basic,Xx-zobam,Won,2017-06-08,2017-08-12,515,FALSE,TRUE,65
MD0SRXG4,Darcel Schlecht,GTX Plus Pro,Ron-tech,Won,2017-06-08,2017-06-21,5175,FALSE,TRUE,13
PGK5K24U,Donn Cantrell,GTX Pro,Plussunin,Won,2017-06-08,2017-08-28,4780,FALSE,TRUE,81
4QP55BTO,Jonathan Berthelot,GTX Basic,Globex Corporation,Won,2017-06-08,2017-06-16,614,FALSE,TRUE,8
G6X1B2K5,Jonathan Berthelot,GTX Basic,Rangreen,Won,2017-06-08,2017-09-13,532,FALSE,TRUE,97
0YCAS0B9,Jonathan Berthelot,GTX Plus Pro,Finhigh,Won,2017-06-08,2017-08-27,6096,FALSE,TRUE,80
6UZVABQR,Kary Hendrixson,GTX Basic,Hottechi,Won,2017-06-08,2017-08-17,486,FALSE,TRUE,70
9NTDQ8ZC,Lajuana Vencill,GTX Basic,Funholding,Won,2017-06-08,2017-08-17,566,FALSE,TRUE,70
ALQRAPZR,Markita Hansen,GTX Plus Basic,Green-Plus,Won,2017-06-08,2017-06-16,923,FALSE,TRUE,8
7SPRU76Q,Markita Hansen,GTX Pro,Hottechi,Won,2017-06-08,2017-09-30,4744,FALSE,TRUE,114
JEMEGXUG,Marty Freudenburg,GTX Basic,Warephase,Won,2017-06-08,2017-08-19,517,FALSE,TRUE,72
GVHIFUN1,Marty Freudenburg,GTX Plus Basic,Zumgoity,Won,2017-06-08,2017-06-14,881,FALSE,TRUE,6
RBB3C85Q,Marty Freudenburg,GTX Pro,Gogozoom,Won,2017-06-08,2017-06-24,4272,FALSE,TRUE,16
8I4915WD,Maureen Marcano,GTX Plus Basic,Lexiqvolax,Won,2017-06-08,2017-09-02,805,FALSE,TRUE,86
839DCVT2,Versie Hillebrand,MG Special,Codehow,Won,2017-06-08,2017-09-13,55,FALSE,TRUE,97
EJ0EF8S1,Vicki Laflamme,GTX Basic,Sunnamplex,Won,2017-06-08,2017-06-15,507,FALSE,TRUE,7
0ORRC53X,Zane Levy,GTX Basic,Finjob,Won,2017-06-08,2017-09-08,520,FALSE,TRUE,92
3QTN3F5T,Anna Snelling,MG Advanced,Isdom,Won,2017-06-09,2017-08-15,3470,FALSE,TRUE,67
JW5SYMNS,Cassey Cress,GTX Plus Basic,Zotware,Won,2017-06-09,2017-08-22,1176,FALSE,TRUE,74
2F0RUQ0B,Donn Cantrell,GTX Pro,Zotware,Won,2017-06-09,2017-08-02,4517,FALSE,TRUE,54
XUP62FUM,James Ascencio,GTX Plus Pro,Rantouch,Won,2017-06-09,2017-08-16,5125,FALSE,TRUE,68
MUIT1E0M,Kami Bicknell,GTX Pro,Kan-code,Won,2017-06-09,2017-06-19,5339,FALSE,TRUE,10
ORG6MXKF,Markita Hansen,GTX Plus Basic,Condax,Won,2017-06-09,2017-06-26,1135,FALSE,TRUE,17
VS4UFFLH,Maureen Marcano,MG Special,Kan-code,Won,2017-06-09,2017-09-05,52,FALSE,TRUE,88
VUYQCXTY,Moses Frase,GTX Plus Basic,Bioholding,Won,2017-06-09,2017-08-04,1017,FALSE,TRUE,56
YFJKP42F,Moses Frase,MG Advanced,Codehow,Won,2017-06-09,2017-06-27,3681,FALSE,TRUE,18
V9FD3EYK,Reed Clapper,GTX Pro,Mathtouch,Won,2017-06-09,2017-09-22,4370,FALSE,TRUE,105
3C9CWV6J,Cassey Cress,MG Advanced,Iselectrics,Won,2017-06-10,2017-06-14,3772,FALSE,TRUE,4
NDGQ0H91,Cassey Cress,MG Advanced,Sumace,Won,2017-06-10,2017-06-28,2871,FALSE,TRUE,18
OU9O62Y7,Cecily Lampkin,GTX Plus Pro,Cancity,Won,2017-06-10,2017-08-04,4749,FALSE,TRUE,55
3ZG0719M,Darcel Schlecht,GTX Plus Basic,Ron-tech,Won,2017-06-10,2017-08-26,1075,FALSE,TRUE,77
EMIAKHPF,Donn Cantrell,GTX Plus Pro,Kinnamplus,Won,2017-06-10,2017-09-21,5051,FALSE,TRUE,103
MKEVYIDI,Jonathan Berthelot,GTX Plus Basic,Isdom,Won,2017-06-10,2017-06-17,834,FALSE,TRUE,7
WEGC0W05,Marty Freudenburg,MG Special,Rangreen,Won,2017-06-10,2017-06-19,54,FALSE,TRUE,9
3J1W4LM0,Niesha Huffines,GTX Basic,Domzoom,Won,2017-06-10,2017-06-21,527,FALSE,TRUE,11
1RIY3IBH,Niesha Huffines,MG Advanced,Globex Corporation,Won,2017-06-10,2017-06-12,2724,FALSE,TRUE,2
DJ2GWNGZ,Reed Clapper,GTX Basic,Kinnamplus,Won,2017-06-10,2017-09-05,551,FALSE,TRUE,87
S02S3TVE,Vicki Laflamme,GTX Plus Basic,Plusstrip,Won,2017-06-10,2017-06-21,1118,FALSE,TRUE,11
34YT99YN,Vicki Laflamme,GTX Plus Pro,Dalttechnology,Won,2017-06-10,2017-08-23,6094,FALSE,TRUE,74
C7NBDKVV,Zane Levy,GTX Basic,Nam-zim,Won,2017-06-10,2017-08-06,556,FALSE,TRUE,57
VUF34IPC,Anna Snelling,MG Special,Rangreen,Won,2017-06-11,2017-09-13,49,FALSE,TRUE,94
A50JWKFS,Cecily Lampkin,GTX Plus Basic,Streethex,Won,2017-06-11,2017-09-25,1001,FALSE,TRUE,106
JP72AC6I,Corliss Cosme,MG Advanced,The New York Inquirer,Won,2017-06-11,2017-09-16,3777,FALSE,TRUE,97
9SZTURAF,Daniell Hammack,GTX Plus Basic,Initech,Won,2017-06-11,2017-08-17,892,FALSE,TRUE,67
LB8UE159,Daniell Hammack,GTX Plus Pro,Iselectrics,Won,2017-06-11,2017-06-19,5353,FALSE,TRUE,8
QYWZZ16B,Darcel Schlecht,GTX Pro,Betatech,Won,2017-06-11,2017-06-24,4410,FALSE,TRUE,13
IJNOVBGU,Darcel Schlecht,MG Advanced,Konmatfix,Won,2017-06-11,2017-09-03,3768,FALSE,TRUE,84
QFBITAKR,James Ascencio,GTX Basic,J-Texon,Won,2017-06-11,2017-08-10,507,FALSE,TRUE,60
VSZ4UVVN,Jonathan Berthelot,GTX Plus Basic,Zumgoity,Won,2017-06-11,2017-09-20,1144,FALSE,TRUE,101
31C5DVJT,Kary Hendrixson,MG Special,Cheers,Won,2017-06-11,2017-09-22,44,FALSE,TRUE,103
EG3KHGPL,Lajuana Vencill,MG Advanced,Treequote,Won,2017-06-11,2017-06-27,3470,FALSE,TRUE,16
LSJ2A8ZX,Markita Hansen,GTK 500,Cheers,Won,2017-06-11,2017-09-26,29166,FALSE,TRUE,107
9D06AK8T,Markita Hansen,GTX Plus Basic,Kan-code,Won,2017-06-11,2017-08-10,1045,FALSE,TRUE,60
PPXIWYMT,Maureen Marcano,GTX Plus Basic,Fasehatice,Won,2017-06-11,2017-09-12,951,FALSE,TRUE,93
YWKJW726,Versie Hillebrand,MG Special,Stanredtax,Won,2017-06-11,2017-08-20,43,FALSE,TRUE,70
ZVT9J7V1,Versie Hillebrand,MG Special,Zumgoity,Won,2017-06-11,2017-06-15,55,FALSE,TRUE,4
NOBIC0PD,Cassey Cress,GTX Pro,Kan-code,Won,2017-06-12,2017-08-17,4294,FALSE,TRUE,66
UKECBJV5,Cecily Lampkin,GTX Plus Pro,Streethex,Won,2017-06-12,2017-08-29,4961,FALSE,TRUE,78
FU00L2Y2,Daniell Hammack,GTX Pro,Ontomedia,Won,2017-06-12,2017-09-23,4506,FALSE,TRUE,103
AOZKTGZG,Elease Gluck,GTX Basic,Singletechno,Won,2017-06-12,2017-08-22,608,FALSE,TRUE,71
TKN1L8EX,Garret Kinder,GTX Plus Basic,Zathunicon,Won,2017-06-12,2017-09-20,851,FALSE,TRUE,100
9GQ6HQLK,Gladys Colclough,GTX Plus Basic,Inity,Won,2017-06-12,2017-09-20,1143,FALSE,TRUE,100
0RL4RHQJ,Gladys Colclough,GTX Plus Pro,Globex Corporation,Won,2017-06-12,2017-06-25,6365,FALSE,TRUE,13
ZE9WX1Q9,Hayden Neloms,MG Special,Fasehatice,Won,2017-06-12,2017-08-21,54,FALSE,TRUE,70
RUYLZD4O,Kary Hendrixson,GTX Pro,Sonron,Won,2017-06-12,2017-06-29,4798,FALSE,TRUE,17
3X5BD9NU,Markita Hansen,GTX Pro,Fasehatice,Won,2017-06-12,2017-06-25,4733,FALSE,TRUE,13
YT8YYRTU,Maureen Marcano,GTX Plus Basic,Cheers,Won,2017-06-12,2017-08-29,1250,FALSE,TRUE,78
6V7OMXY5,Maureen Marcano,GTX Plus Pro,Faxquote,Won,2017-06-12,2017-09-01,5966,FALSE,TRUE,81
0TR3RU8A,Niesha Huffines,MG Special,Domzoom,Won,2017-06-12,2017-09-10,61,FALSE,TRUE,90
GTOKTXRA,Vicki Laflamme,MG Special,Scotfind,Won,2017-06-12,2017-09-20,48,FALSE,TRUE,100
PBJ01MRE,Violet Mclelland,MG Special,Zathunicon,Won,2017-06-12,2017-09-21,53,FALSE,TRUE,101
0XWCTQL2,Zane Levy,MG Special,Doncon,Won,2017-06-12,2017-08-18,51,FALSE,TRUE,67
SY72RAK2,Zane Levy,MG Advanced,Cheers,Won,2017-06-12,2017-09-04,3314,FALSE,TRUE,84
K7FBRQCA,Anna Snelling,MG Special,Genco Pura Olive Oil Company,Won,2017-06-13,2017-09-25,64,FALSE,TRUE,104
F4V2FXK0,Anna Snelling,MG Special,Isdom,Won,2017-06-13,2017-06-24,58,FALSE,TRUE,11
S34T8KPW,Cassey Cress,GTX Plus Pro,Massive Dynamic,Won,2017-06-13,2017-08-04,4598,FALSE,TRUE,52
5F40OSXS,Cassey Cress,MG Advanced,Mathtouch,Won,2017-06-13,2017-06-19,3424,FALSE,TRUE,6
AILF7GOP,Cassey Cress,MG Advanced,Umbrella Corporation,Won,2017-06-13,2017-09-30,3399,FALSE,TRUE,109
AIAX4W1O,Darcel Schlecht,GTX Pro,Treequote,Won,2017-06-13,2017-09-10,5322,FALSE,TRUE,89
DFSRHCXU,Donn Cantrell,GTX Basic,Donquadtech,Won,2017-06-13,2017-08-28,496,FALSE,TRUE,76
1VFUCUWA,Garret Kinder,MG Advanced,Bubba Gump,Won,2017-06-13,2017-08-27,3279,FALSE,TRUE,75
3VLKZISJ,James Ascencio,MG Special,Scotfind,Won,2017-06-13,2017-06-27,68,FALSE,TRUE,14
ULES5Z21,Versie Hillebrand,MG Special,Bioholding,Won,2017-06-13,2017-06-15,59,FALSE,TRUE,2
IITSDWWL,Vicki Laflamme,MG Advanced,Fasehatice,Won,2017-06-13,2017-06-26,3205,FALSE,TRUE,13
8X890G2T,Anna Snelling,MG Special,Globex Corporation,Won,2017-06-14,2017-06-23,55,FALSE,TRUE,9
HH4I6PAY,Corliss Cosme,GTX Basic,Ganjaflex,Won,2017-06-14,2017-09-02,525,FALSE,TRUE,80
TAGD6XU9,Darcel Schlecht,MG Advanced,Isdom,Won,2017-06-14,2017-08-25,3455,FALSE,TRUE,72
IIREXAQX,Elease Gluck,MG Advanced,Faxquote,Won,2017-06-14,2017-06-25,3110,FALSE,TRUE,11
6M89XBL0,Hayden Neloms,GTX Plus Pro,Scotfind,Won,2017-06-14,2017-09-11,5053,FALSE,TRUE,89
YT2QLCVS,Hayden Neloms,MG Advanced,Groovestreet,Won,2017-06-14,2017-06-28,3539,FALSE,TRUE,14
4ICL09BD,Jonathan Berthelot,GTX Basic,Rundofase,Won,2017-06-14,2017-08-23,580,FALSE,TRUE,70
8TTFFCIK,Lajuana Vencill,MG Advanced,Warephase,Won,2017-06-14,2017-06-17,3468,FALSE,TRUE,3
OG13XT4P,Niesha Huffines,MG Special,Ron-tech,Won,2017-06-14,2017-09-19,54,FALSE,TRUE,97
KRSNQKC6,Boris Faz,GTX Plus Pro,Zotware,Won,2017-06-15,2017-06-28,6040,FALSE,TRUE,13
YY39ZQNV,Cassey Cress,GTX Pro,The New York Inquirer,Won,2017-06-15,2017-09-01,5857,FALSE,TRUE,78
YHVY1LHH,Cecily Lampkin,MG Advanced,dambase,Won,2017-06-15,2017-06-25,3785,FALSE,TRUE,10
QQCIN1M4,Daniell Hammack,GTX Basic,Initech,Won,2017-06-15,2017-06-26,420,FALSE,TRUE,11
KIMW6PXN,Daniell Hammack,GTX Pro,Xx-zobam,Won,2017-06-15,2017-06-20,4939,FALSE,TRUE,5
AKFNIQR0,Darcel Schlecht,GTX Pro,Scottech,Won,2017-06-15,2017-06-30,4564,FALSE,TRUE,15
D5LEL3HF,Darcel Schlecht,MG Advanced,Rangreen,Won,2017-06-15,2017-09-09,2683,FALSE,TRUE,86
6X4EEUGA,Elease Gluck,GTK 500,Cheers,Won,2017-06-15,2017-06-30,25464,FALSE,TRUE,15
KTSB1KYT,Jonathan Berthelot,GTX Basic,Hottechi,Won,2017-06-15,2017-09-09,460,FALSE,TRUE,86
RB7IA4JX,Jonathan Berthelot,GTX Basic,Rundofase,Won,2017-06-15,2017-06-28,546,FALSE,TRUE,13
M4HY664H,Jonathan Berthelot,GTX Plus Basic,Conecom,Won,2017-06-15,2017-09-25,918,FALSE,TRUE,102
I2V3EPW7,Lajuana Vencill,MG Advanced,Toughzap,Won,2017-06-15,2017-08-02,3018,FALSE,TRUE,48
RB8LSFVK,Markita Hansen,MG Special,Sonron,Won,2017-06-15,2017-08-24,52,FALSE,TRUE,70
7SYJDW4L,Reed Clapper,MG Special,Bioplex,Won,2017-06-15,2017-08-04,50,FALSE,TRUE,50
O7E0302B,Rosie Papadopoulos,GTX Basic,Xx-zobam,Won,2017-06-15,2017-09-13,524,FALSE,TRUE,90
U11XXNCF,Rosie Papadopoulos,MG Advanced,Xx-zobam,Won,2017-06-15,2017-06-29,3306,FALSE,TRUE,14
73FYEJQV,Vicki Laflamme,MG Special,Hatfan,Won,2017-06-15,2017-06-22,54,FALSE,TRUE,7
C4CQ8FZL,Vicki Laflamme,MG Special,Hottechi,Won,2017-06-15,2017-06-28,53,FALSE,TRUE,13
OJ1WKIVY,Wilburn Farren,GTX Basic,Zencorporation,Won,2017-06-15,2017-08-29,514,FALSE,TRUE,75
N9ZXCBTU,Daniell Hammack,GTX Plus Basic,Konex,Won,2017-06-16,2017-06-25,985,FALSE,TRUE,9
RLHNJZBW,Darcel Schlecht,GTX Pro,Conecom,Won,2017-06-16,2017-08-11,5843,FALSE,TRUE,56
GKHTT70P,Darcel Schlecht,GTX Pro,Genco Pura Olive Oil Company,Won,2017-06-16,2017-09-17,4577,FALSE,TRUE,93
GL8PN4LQ,Darcel Schlecht,MG Advanced,Isdom,Won,2017-06-16,2017-06-24,3323,FALSE,TRUE,8
NOHEK8PU,Donn Cantrell,GTX Basic,Ontomedia,Won,2017-06-16,2017-09-17,483,FALSE,TRUE,93
WB44DF28,Garret Kinder,GTX Pro,Vehement Capital Partners,Won,2017-06-16,2017-09-18,5206,FALSE,TRUE,94
DJ60T39C,Gladys Colclough,MG Advanced,Finhigh,Won,2017-06-16,2017-09-04,3621,FALSE,TRUE,80
52H2CE10,Kami Bicknell,GTX Pro,Faxquote,Won,2017-06-16,2017-06-25,4756,FALSE,TRUE,9
F57Z7KJF,Lajuana Vencill,MG Advanced,Stanredtax,Won,2017-06-16,2017-06-24,3228,FALSE,TRUE,8
ZGSQMEQ9,Niesha Huffines,GTX Plus Basic,Bioholding,Won,2017-06-16,2017-09-17,1063,FALSE,TRUE,93
3NM7A8SX,Zane Levy,MG Advanced,Newex,Won,2017-06-16,2017-06-27,4234,FALSE,TRUE,11
1XWQZ1F8,Cassey Cress,GTX Plus Basic,Plussunin,Won,2017-06-17,2017-09-16,1198,FALSE,TRUE,91
LXGNXNX1,Corliss Cosme,GTX Pro,Sumace,Won,2017-06-17,2017-09-09,4960,FALSE,TRUE,84
YQK2K6U5,Darcel Schlecht,GTX Basic,Betatech,Won,2017-06-17,2017-08-22,576,FALSE,TRUE,66
FROU0UKW,Darcel Schlecht,GTX Plus Pro,Globex Corporation,Won,2017-06-17,2017-08-25,5614,FALSE,TRUE,69
SD8JJSKT,Darcel Schlecht,MG Advanced,Streethex,Won,2017-06-17,2017-08-30,3422,FALSE,TRUE,74
LCWP23CI,James Ascencio,GTX Plus Pro,Finjob,Won,2017-06-17,2017-06-24,5306,FALSE,TRUE,7
9BTSKY01,Lajuana Vencill,MG Special,Inity,Won,2017-06-17,2017-09-19,60,FALSE,TRUE,94
81LMZHD1,Moses Frase,GTX Plus Pro,Bioholding,Won,2017-06-17,2017-08-16,5018,FALSE,TRUE,60
1J5Y9X1H,Vicki Laflamme,MG Advanced,Groovestreet,Won,2017-06-17,2017-09-17,3295,FALSE,TRUE,92
6LC0XB2D,Anna Snelling,MG Special,Rundofase,Won,2017-06-18,2017-08-29,61,FALSE,TRUE,72
PAQTBHVA,Cassey Cress,MG Special,Zathunicon,Won,2017-06-18,2017-09-23,59,FALSE,TRUE,97
JRWBU9BS,Daniell Hammack,GTX Pro,Mathtouch,Won,2017-06-18,2017-06-26,3720,FALSE,TRUE,8
K6ZDH79M,Darcel Schlecht,GTX Pro,Funholding,Won,2017-06-18,2017-08-16,5088,FALSE,TRUE,59
GKL9QV5B,Elease Gluck,GTX Plus Pro,Scotfind,Won,2017-06-18,2017-06-28,6666,FALSE,TRUE,10
BH7EXL5M,Gladys Colclough,GTX Pro,Isdom,Won,2017-06-18,2017-06-23,5115,FALSE,TRUE,5
BTNSR87A,Jonathan Berthelot,GTX Plus Basic,Isdom,Won,2017-06-18,2017-07-01,1149,FALSE,TRUE,13
L58MN75X,Jonathan Berthelot,GTX Pro,Bioholding,Won,2017-06-18,2017-09-15,5220,FALSE,TRUE,89
SWV0JUQJ,Jonathan Berthelot,MG Special,Stanredtax,Won,2017-06-18,2017-06-22,60,FALSE,TRUE,4
910IXBKP,Kami Bicknell,GTX Basic,Lexiqvolax,Won,2017-06-18,2017-06-22,551,FALSE,TRUE,4
NTNYA5PE,Markita Hansen,GTX Basic,Cheers,Won,2017-06-18,2017-09-28,505,FALSE,TRUE,102
ESH4HX52,Marty Freudenburg,GTX Plus Pro,Globex Corporation,Won,2017-06-18,2017-08-21,5472,FALSE,TRUE,64
VWSFZUNS,Anna Snelling,GTX Plus Pro,Hottechi,Won,2017-06-19,2017-08-24,5271,FALSE,TRUE,66
F3UB81V7,Boris Faz,MG Special,Bioplex,Won,2017-06-19,2017-08-23,49,FALSE,TRUE,65
FLANUQCV,Corliss Cosme,GTX Plus Basic,Initech,Won,2017-06-19,2017-09-21,1236,FALSE,TRUE,94
8MKXIQQK,Daniell Hammack,GTX Pro,Zencorporation,Won,2017-06-19,2017-06-21,5388,FALSE,TRUE,2
E4H6CBPJ,Darcel Schlecht,GTX Pro,Funholding,Won,2017-06-19,2017-09-26,5449,FALSE,TRUE,99
1FAMR9UR,Darcel Schlecht,GTX Pro,Funholding,Won,2017-06-19,2017-06-25,5030,FALSE,TRUE,6
SYJKN818,Darcel Schlecht,GTX Pro,Hottechi,Won,2017-06-19,2017-08-22,5195,FALSE,TRUE,64
VMTPCY5G,Hayden Neloms,MG Special,Condax,Won,2017-06-19,2017-06-25,55,FALSE,TRUE,6
CV0BDYMP,Hayden Neloms,MG Special,Fasehatice,Won,2017-06-19,2017-09-29,62,FALSE,TRUE,102
7DI7A7G7,James Ascencio,GTX Basic,Sunnamplex,Won,2017-06-19,2017-08-19,459,FALSE,TRUE,61
4DLOXD13,Kami Bicknell,GTX Plus Basic,Y-corporation,Won,2017-06-19,2017-08-07,1097,FALSE,TRUE,49
XN63KZRZ,Kami Bicknell,GTX Plus Pro,Plexzap,Won,2017-06-19,2017-09-29,5033,FALSE,TRUE,102
WSG25BZ9,Kary Hendrixson,GTX Pro,Blackzim,Won,2017-06-19,2017-09-22,4966,FALSE,TRUE,95
6GL2LRUH,Kary Hendrixson,MG Special,Finjob,Won,2017-06-19,2017-06-24,52,FALSE,TRUE,5
K0G1IB3Q,Markita Hansen,MG Special,Doncon,Won,2017-06-19,2017-06-27,54,FALSE,TRUE,8
UYJDOT4Q,Maureen Marcano,GTX Plus Pro,Sonron,Won,2017-06-19,2017-09-12,5816,FALSE,TRUE,85
VOSSIXSY,Maureen Marcano,MG Special,Condax,Won,2017-06-19,2017-09-03,53,FALSE,TRUE,76
ILUMUKG8,Maureen Marcano,MG Advanced,Plexzap,Won,2017-06-19,2017-08-15,3994,FALSE,TRUE,57
NUNQGOUW,Moses Frase,MG Special,Statholdings,Won,2017-06-19,2017-09-04,57,FALSE,TRUE,77
FUHP1IXR,Rosalina Dieter,MG Advanced,Scotfind,Won,2017-06-19,2017-08-05,3752,FALSE,TRUE,47
TJEEFJG8,Rosie Papadopoulos,GTX Pro,Condax,Won,2017-06-19,2017-09-21,4759,FALSE,TRUE,94
ABRQIWS9,Versie Hillebrand,GTX Basic,Statholdings,Won,2017-06-19,2017-08-24,555,FALSE,TRUE,66
IVCON5CU,Zane Levy,GTX Plus Basic,Konex,Won,2017-06-19,2017-09-20,1213,FALSE,TRUE,93
RQXFD7FW,Zane Levy,GTX Pro,Sonron,Won,2017-06-19,2017-09-08,4428,FALSE,TRUE,81
VE4LZ8F5,Daniell Hammack,MG Special,Kan-code,Won,2017-06-20,2017-08-25,62,FALSE,TRUE,66
5AOWZ6AG,Donn Cantrell,MG Advanced,Silis,Won,2017-06-20,2017-08-09,3546,FALSE,TRUE,50
3AIA6RL3,Jonathan Berthelot,GTX Plus Basic,Hottechi,Won,2017-06-20,2017-08-20,1132,FALSE,TRUE,61
9TRVSW35,Maureen Marcano,MG Special,Condax,Won,2017-06-20,2017-08-19,57,FALSE,TRUE,60
GTH3VIDW,Maureen Marcano,MG Special,Fasehatice,Won,2017-06-20,2017-06-23,61,FALSE,TRUE,3
WFNKJ2LT,Maureen Marcano,MG Special,Plusstrip,Won,2017-06-20,2017-07-01,57,FALSE,TRUE,11
P7GCDFU8,Reed Clapper,GTX Basic,Massive Dynamic,Won,2017-06-20,2017-09-14,649,FALSE,TRUE,86
ACOJBA02,Versie Hillebrand,GTX Plus Pro,Finhigh,Won,2017-06-20,2017-07-01,4813,FALSE,TRUE,11
FQB53DQH,Vicki Laflamme,MG Special,Blackzim,Won,2017-06-20,2017-07-01,51,FALSE,TRUE,11
1C2V9RAO,Vicki Laflamme,MG Advanced,Goodsilron,Won,2017-06-20,2017-09-13,3241,FALSE,TRUE,85
7FN6LV2E,Violet Mclelland,GTX Basic,Sumace,Won,2017-06-20,2017-09-12,592,FALSE,TRUE,84
V8I2CE9V,Wilburn Farren,GTX Basic,Zotware,Won,2017-06-20,2017-09-20,506,FALSE,TRUE,92
NYI5VMXK,Anna Snelling,MG Advanced,Codehow,Won,2017-06-21,2017-09-06,3571,FALSE,TRUE,77
Z9W748SJ,Cassey Cress,MG Special,Iselectrics,Won,2017-06-21,2017-07-03,60,FALSE,TRUE,12
LWX9V7HI,Cassey Cress,MG Special,Konex,Won,2017-06-21,2017-09-15,59,FALSE,TRUE,86
PAQOPSR0,Corliss Cosme,GTX Basic,Silis,Won,2017-06-21,2017-06-25,551,FALSE,TRUE,4
6BV9IARK,Darcel Schlecht,GTX Pro,Isdom,Won,2017-06-21,2017-07-01,4826,FALSE,TRUE,10
NTGU3NYS,Elease Gluck,MG Special,Green-Plus,Won,2017-06-21,2017-09-30,58,FALSE,TRUE,101
3F5AAJZB,Garret Kinder,GTX Pro,Gekko & Co,Won,2017-06-21,2017-06-26,5622,FALSE,TRUE,5
EK0KWGQX,Gladys Colclough,MG Advanced,Dontechi,Won,2017-06-21,2017-08-27,3177,FALSE,TRUE,67
K33NPCAY,Kami Bicknell,MG Special,Fasehatice,Won,2017-06-21,2017-08-11,56,FALSE,TRUE,51
1LLRNE8G,Maureen Marcano,GTX Plus Basic,Kan-code,Won,2017-06-21,2017-09-22,990,FALSE,TRUE,93
EFWND7VS,Niesha Huffines,GTX Basic,Warephase,Won,2017-06-21,2017-09-30,587,FALSE,TRUE,101
IR2D4ZG5,Rosie Papadopoulos,GTX Plus Pro,Bioplex,Won,2017-06-21,2017-06-27,6229,FALSE,TRUE,6
BO8DSRV7,Vicki Laflamme,GTX Plus Basic,Xx-holding,Won,2017-06-21,2017-09-23,1027,FALSE,TRUE,94
LD1HNIUL,Vicki Laflamme,MG Advanced,Scotfind,Won,2017-06-21,2017-06-23,3559,FALSE,TRUE,2
RX39Z0P1,Zane Levy,GTX Basic,Green-Plus,Won,2017-06-21,2017-08-28,506,FALSE,TRUE,68
ASC1OWNE,Anna Snelling,GTX Plus Pro,Stanredtax,Won,2017-06-22,2017-09-12,6250,FALSE,TRUE,82
WCEPUBH5,Cecily Lampkin,MG Advanced,Hottechi,Won,2017-06-22,2017-09-12,3510,FALSE,TRUE,82
VMIMPP6H,Daniell Hammack,GTX Plus Basic,Umbrella Corporation,Won,2017-06-22,2017-09-11,1078,FALSE,TRUE,81
B0XO4WY7,Donn Cantrell,GTX Basic,Massive Dynamic,Won,2017-06-22,2017-07-02,553,FALSE,TRUE,10
VYPIKMKO,Jonathan Berthelot,GTX Basic,Toughzap,Won,2017-06-22,2017-08-27,612,FALSE,TRUE,66
VCD47XNB,Jonathan Berthelot,GTX Plus Basic,Funholding,Won,2017-06-22,2017-06-26,1033,FALSE,TRUE,4
8QH99OEZ,Jonathan Berthelot,GTX Plus Basic,Inity,Won,2017-06-22,2017-09-13,1051,FALSE,TRUE,83
1DMERFNB,Kary Hendrixson,GTX Basic,Y-corporation,Won,2017-06-22,2017-09-22,628,FALSE,TRUE,92
FR8FT0ZX,Markita Hansen,GTX Plus Pro,Green-Plus,Won,2017-06-22,2017-09-04,4916,FALSE,TRUE,74
DG7LABPD,Marty Freudenburg,MG Advanced,Stanredtax,Won,2017-06-22,2017-09-28,3590,FALSE,TRUE,98
ZMYUFTS9,Moses Frase,MG Advanced,Domzoom,Won,2017-06-22,2017-08-16,3207,FALSE,TRUE,55
P60EK5NN,Moses Frase,MG Advanced,Zumgoity,Won,2017-06-22,2017-09-21,2739,FALSE,TRUE,91
YRYMSUE3,Niesha Huffines,GTX Basic,Gogozoom,Won,2017-06-22,2017-07-03,557,FALSE,TRUE,11
UZOTC90C,Reed Clapper,GTX Pro,Yearin,Won,2017-06-22,2017-06-30,5302,FALSE,TRUE,8
JFHKBG40,Versie Hillebrand,MG Advanced,Zumgoity,Won,2017-06-22,2017-07-01,3465,FALSE,TRUE,9
RJD0D0GD,Zane Levy,GTX Pro,Zoomit,Won,2017-06-22,2017-09-06,4356,FALSE,TRUE,76
L9IXFTIL,Boris Faz,GTX Pro,Gekko & Co,Won,2017-06-23,2017-09-21,5301,FALSE,TRUE,90
48FB5MD2,Cecily Lampkin,MG Special,Treequote,Won,2017-06-23,2017-07-05,66,FALSE,TRUE,12
BLY5FD3N,Corliss Cosme,GTX Plus Pro,Iselectrics,Won,2017-06-23,2017-07-01,5640,FALSE,TRUE,8
A60QAIT3,Daniell Hammack,GTX Plus Basic,Kan-code,Won,2017-06-23,2017-09-28,1291,FALSE,TRUE,97
RQ3BV2I5,Daniell Hammack,GTX Pro,Mathtouch,Won,2017-06-23,2017-09-27,3729,FALSE,TRUE,96
0W6S0ODT,Gladys Colclough,MG Special,Conecom,Won,2017-06-23,2017-07-03,49,FALSE,TRUE,10
557JX4BM,Hayden Neloms,GTX Plus Basic,Plusstrip,Won,2017-06-23,2017-09-12,1099,FALSE,TRUE,81
VRSTX620,Niesha Huffines,GTX Plus Basic,Condax,Won,2017-06-23,2017-07-02,932,FALSE,TRUE,9
Y6IIUECA,Reed Clapper,GTX Plus Basic,Donquadtech,Won,2017-06-23,2017-07-04,880,FALSE,TRUE,11
LXWQDEU3,Reed Clapper,GTX Pro,Ganjaflex,Won,2017-06-23,2017-09-18,4801,FALSE,TRUE,87
P1E4KWF7,Rosie Papadopoulos,MG Special,Konex,Won,2017-06-23,2017-07-01,59,FALSE,TRUE,8
R8MZ10BW,Versie Hillebrand,MG Special,Ron-tech,Won,2017-06-23,2017-09-29,52,FALSE,TRUE,98
PI8RROK0,Versie Hillebrand,MG Advanced,Stanredtax,Won,2017-06-23,2017-09-21,2949,FALSE,TRUE,90
KDRIBXNQ,Violet Mclelland,MG Special,Konex,Won,2017-06-23,2017-08-15,50,FALSE,TRUE,53
TCK6V290,Violet Mclelland,MG Advanced,Plussunin,Won,2017-06-23,2017-06-30,3863,FALSE,TRUE,7
UKSS5YPE,Anna Snelling,MG Special,Stanredtax,Won,2017-06-24,2017-07-02,64,FALSE,TRUE,8
Z3QJESWJ,Corliss Cosme,GTX Plus Pro,Kinnamplus,Won,2017-06-24,2017-08-22,5038,FALSE,TRUE,59
PYIQ65W0,Corliss Cosme,GTX Pro,Zotware,Won,2017-06-24,2017-07-02,5088,FALSE,TRUE,8
RGRUF328,Gladys Colclough,MG Special,Statholdings,Won,2017-06-24,2017-08-14,48,FALSE,TRUE,51
EFA9E6WV,Kary Hendrixson,GTX Plus Pro,Lexiqvolax,Won,2017-06-24,2017-09-30,5056,FALSE,TRUE,98
YTSX7IW3,Markita Hansen,MG Special,Blackzim,Won,2017-06-24,2017-07-02,59,FALSE,TRUE,8
CMD0758L,Maureen Marcano,GTX Basic,Faxquote,Won,2017-06-24,2017-08-21,562,FALSE,TRUE,58
CM5MFWCO,Moses Frase,MG Special,Codehow,Won,2017-06-24,2017-09-10,63,FALSE,TRUE,78
0MNAGD91,Moses Frase,MG Advanced,Betatech,Won,2017-06-24,2017-07-05,3355,FALSE,TRUE,11
LBZY9VUG,Violet Mclelland,MG Special,Massive Dynamic,Won,2017-06-24,2017-09-17,55,FALSE,TRUE,85
6UUTR15S,Zane Levy,GTX Plus Pro,Newex,Won,2017-06-24,2017-09-23,4059,FALSE,TRUE,91
9SRU5CI6,Cecily Lampkin,GTX Plus Basic,Codehow,Won,2017-06-25,2017-08-09,1128,FALSE,TRUE,45
CM2GVLV6,Darcel Schlecht,GTX Plus Pro,Ron-tech,Won,2017-06-25,2017-07-08,5536,FALSE,TRUE,13
NZB45UZX,Darcel Schlecht,GTX Pro,Genco Pura Olive Oil Company,Won,2017-06-25,2017-09-03,4964,FALSE,TRUE,70
T2J83GFD,Darcel Schlecht,MG Special,Domzoom,Won,2017-06-25,2017-07-03,54,FALSE,TRUE,8
28S2Z15A,Darcel Schlecht,MG Special,Ron-tech,Won,2017-06-25,2017-08-02,56,FALSE,TRUE,38
EUOA0E47,Donn Cantrell,MG Advanced,Zotware,Won,2017-06-25,2017-07-05,3423,FALSE,TRUE,10
NMN9DVEV,Gladys Colclough,GTX Plus Basic,Rangreen,Won,2017-06-25,2017-09-14,1102,FALSE,TRUE,81
95V8BLR2,Kami Bicknell,GTX Basic,Goodsilron,Won,2017-06-25,2017-09-22,519,FALSE,TRUE,89
81DXTTI5,Lajuana Vencill,GTX Plus Pro,Isdom,Won,2017-06-25,2017-07-03,5536,FALSE,TRUE,8
95B6AKI1,Marty Freudenburg,GTX Plus Basic,Warephase,Won,2017-06-25,2017-07-02,839,FALSE,TRUE,7
N1G2CFCB,Maureen Marcano,GTX Basic,Dalttechnology,Won,2017-06-25,2017-09-06,500,FALSE,TRUE,73
40VSPND6,Moses Frase,MG Advanced,Rangreen,Won,2017-06-25,2017-09-24,3679,FALSE,TRUE,91
7RPM84Y4,Vicki Laflamme,MG Advanced,Goodsilron,Won,2017-06-25,2017-06-30,3815,FALSE,TRUE,5
LFN6XPK7,Vicki Laflamme,MG Advanced,Sunnamplex,Won,2017-06-25,2017-06-27,2753,FALSE,TRUE,2
18LZY55R,Violet Mclelland,MG Special,Xx-zobam,Won,2017-06-25,2017-07-02,60,FALSE,TRUE,7
UQALCAIV,Zane Levy,GTX Plus Basic,Rantouch,Won,2017-06-25,2017-07-03,1137,FALSE,TRUE,8
6E2Y3HKI,Boris Faz,GTX Plus Pro,Yearin,Won,2017-06-26,2017-07-04,5201,FALSE,TRUE,8
ZRZI054E,Cecily Lampkin,GTX Basic,Toughzap,Won,2017-06-26,2017-07-06,612,FALSE,TRUE,10
CN69EYQ1,Corliss Cosme,GTX Plus Pro,Donquadtech,Won,2017-06-26,2017-09-11,4905,FALSE,TRUE,77
NX4ODZY2,Darcel Schlecht,GTX Plus Basic,Streethex,Won,2017-06-26,2017-08-31,1028,FALSE,TRUE,66
L2QMWU4H,Darcel Schlecht,GTX Plus Pro,Codehow,Won,2017-06-26,2017-09-12,4430,FALSE,TRUE,78
XVYL67FL,Donn Cantrell,GTX Basic,Bioplex,Won,2017-06-26,2017-07-06,541,FALSE,TRUE,10
G1303HIC,Gladys Colclough,GTX Pro,Cancity,Won,2017-06-26,2017-07-02,5081,FALSE,TRUE,6
HVDQ4EEA,Gladys Colclough,MG Advanced,Rangreen,Won,2017-06-26,2017-06-28,3478,FALSE,TRUE,2
2RB900SL,James Ascencio,GTX Pro,J-Texon,Won,2017-06-26,2017-09-15,5541,FALSE,TRUE,81
AUS25SFH,Jonathan Berthelot,GTX Basic,Cancity,Won,2017-06-26,2017-07-03,504,FALSE,TRUE,7
Q3HYAWDW,Markita Hansen,MG Advanced,Golddex,Won,2017-06-26,2017-08-24,3838,FALSE,TRUE,59
94TA0AWF,Marty Freudenburg,GTX Plus Pro,Scottech,Won,2017-06-26,2017-08-26,5217,FALSE,TRUE,61
G1XX0IB4,Marty Freudenburg,GTX Plus Pro,Streethex,Won,2017-06-26,2017-07-05,4181,FALSE,TRUE,9
VIMY08JH,Maureen Marcano,GTX Basic,Hatfan,Won,2017-06-26,2017-07-06,518,FALSE,TRUE,10
WPTNE0QN,Moses Frase,GTX Basic,Streethex,Won,2017-06-26,2017-09-17,533,FALSE,TRUE,83
DLGW8Y7B,Rosalina Dieter,MG Advanced,Singletechno,Won,2017-06-26,2017-08-03,3855,FALSE,TRUE,38
HM4TKVET,Zane Levy,GTX Basic,Nam-zim,Won,2017-06-26,2017-07-04,617,FALSE,TRUE,8
Q81Q0PJK,Anna Snelling,GTX Plus Basic,Warephase,Won,2017-06-27,2017-07-06,991,FALSE,TRUE,9
Y5HR9J3G,Cecily Lampkin,GTX Basic,Domzoom,Won,2017-06-27,2017-08-01,513,FALSE,TRUE,35
STYLQ47K,Corliss Cosme,GTX Plus Pro,Ganjaflex,Won,2017-06-27,2017-07-07,5121,FALSE,TRUE,10
6CFONO4W,Darcel Schlecht,GTX Pro,Zumgoity,Won,2017-06-27,2017-07-06,4635,FALSE,TRUE,9
RKT3WVBC,Garret Kinder,GTX Basic,Iselectrics,Won,2017-06-27,2017-09-20,470,FALSE,TRUE,85
07WKR17A,Gladys Colclough,GTX Plus Pro,Treequote,Won,2017-06-27,2017-09-17,6193,FALSE,TRUE,82
7GM1XD9W,James Ascencio,GTX Pro,Faxquote,Won,2017-06-27,2017-09-16,4277,FALSE,TRUE,81
QM6GJ78P,Kami Bicknell,MG Special,Blackzim,Won,2017-06-27,2017-07-07,59,FALSE,TRUE,10
DQ0DSK7P,Marty Freudenburg,GTX Plus Basic,Globex Corporation,Won,2017-06-27,2017-07-02,1176,FALSE,TRUE,5
MIX6JTSN,Moses Frase,GTX Basic,Statholdings,Won,2017-06-27,2017-07-05,541,FALSE,TRUE,8
9KYX5G9K,Niesha Huffines,GTX Plus Pro,Domzoom,Won,2017-06-27,2017-07-01,4766,FALSE,TRUE,4
KWYKKVJC,Reed Clapper,GTX Pro,Vehement Capital Partners,Won,2017-06-27,2017-07-01,4785,FALSE,TRUE,4
T7TDUK3T,Versie Hillebrand,MG Advanced,Rangreen,Won,2017-06-27,2017-09-12,3046,FALSE,TRUE,77
42YPT5L7,Versie Hillebrand,MG Advanced,Ron-tech,Won,2017-06-27,2017-07-04,3548,FALSE,TRUE,7
ACZQMAR4,Vicki Laflamme,MG Advanced,Rantouch,Won,2017-06-27,2017-07-07,3615,FALSE,TRUE,10
TP9IE6PV,Anna Snelling,GTX Basic,Genco Pura Olive Oil Company,Won,2017-06-28,2017-09-11,631,FALSE,TRUE,75
8H19L55Y,Darcel Schlecht,GTX Pro,Streethex,Won,2017-06-28,2017-07-07,4162,FALSE,TRUE,9
TPNU79C1,Darcel Schlecht,MG Special,Toughzap,Won,2017-06-28,2017-09-29,54,FALSE,TRUE,93
TFQR150O,Donn Cantrell,GTX Pro,Iselectrics,Won,2017-06-28,2017-07-02,5064,FALSE,TRUE,4
6FUPOO3I,Gladys Colclough,MG Advanced,Conecom,Won,2017-06-28,2017-07-07,3865,FALSE,TRUE,9
K1OBT27J,James Ascencio,GTX Basic,Xx-holding,Won,2017-06-28,2017-08-10,553,FALSE,TRUE,43
5CFCTZ5K,Jonathan Berthelot,GTX Basic,Ron-tech,Won,2017-06-28,2017-09-02,501,FALSE,TRUE,66
EG5M02ZV,Kary Hendrixson,GTX Basic,J-Texon,Won,2017-06-28,2017-09-27,539,FALSE,TRUE,91
5UKQ16DK,Kary Hendrixson,GTX Plus Basic,Singletechno,Won,2017-06-28,2017-07-04,1028,FALSE,TRUE,6
C9M5B1N6,Kary Hendrixson,GTX Pro,Nam-zim,Won,2017-06-28,2017-09-13,3951,FALSE,TRUE,77
ZS4PKX65,Lajuana Vencill,GTX Basic,Finhigh,Won,2017-06-28,2017-08-11,560,FALSE,TRUE,44
Y5CP83V4,Moses Frase,GTX Basic,Isdom,Won,2017-06-28,2017-09-30,530,FALSE,TRUE,94
9Y2HDGST,Versie Hillebrand,GTX Basic,Dontechi,Won,2017-06-28,2017-07-02,462,FALSE,TRUE,4
7R0G2LC1,Vicki Laflamme,GTX Plus Basic,Blackzim,Won,2017-06-28,2017-09-07,1211,FALSE,TRUE,71
8FX574BJ,Vicki Laflamme,GTX Pro,Scotfind,Won,2017-06-28,2017-07-03,4264,FALSE,TRUE,5
AU5Q1XCW,Vicki Laflamme,MG Advanced,Faxquote,Won,2017-06-28,2017-09-09,3104,FALSE,TRUE,73
CUMYWQYP,Violet Mclelland,MG Special,Gekko & Co,Won,2017-06-28,2017-09-30,56,FALSE,TRUE,94
29ZDUK49,Anna Snelling,GTX Plus Basic,Betatech,Won,2017-06-29,2017-07-10,1047,FALSE,TRUE,11
CMCVD0N8,Darcel Schlecht,GTX Pro,Warephase,Won,2017-06-29,2017-07-08,5321,FALSE,TRUE,9
NNKWGFDH,Darcel Schlecht,MG Special,Globex Corporation,Won,2017-06-29,2017-07-06,57,FALSE,TRUE,7
YC6QEUJN,Garret Kinder,GTX Plus Basic,Kan-code,Won,2017-06-29,2017-07-08,950,FALSE,TRUE,9
794XWMYE,Garret Kinder,MG Special,Mathtouch,Won,2017-06-29,2017-09-07,61,FALSE,TRUE,70
FHK0BBGK,Garret Kinder,MG Special,Xx-zobam,Won,2017-06-29,2017-07-08,62,FALSE,TRUE,9
461LIUS7,Gladys Colclough,GTX Plus Basic,Isdom,Won,2017-06-29,2017-07-07,1105,FALSE,TRUE,8
Y9SCLUH8,Jonathan Berthelot,GTX Plus Basic,Ron-tech,Won,2017-06-29,2017-09-02,835,FALSE,TRUE,65
J75Y9C75,Kami Bicknell,GTX Plus Basic,Rantouch,Won,2017-06-29,2017-08-28,1104,FALSE,TRUE,60
PUP6JDT9,Kami Bicknell,MG Advanced,Kan-code,Won,2017-06-29,2017-09-12,3464,FALSE,TRUE,75
G087QT6R,Moses Frase,MG Advanced,Rundofase,Won,2017-06-29,2017-07-06,3676,FALSE,TRUE,7
PUTILZZG,Niesha Huffines,GTX Basic,Treequote,Won,2017-06-29,2017-08-09,568,FALSE,TRUE,41
QU7MSL36,Reed Clapper,GTX Pro,Plussunin,Won,2017-06-29,2017-07-09,4837,FALSE,TRUE,10
FEGSJ8QI,Rosalina Dieter,GTX Pro,Sonron,Won,2017-06-29,2017-08-19,4936,FALSE,TRUE,51
1SKIPYI7,Rosalina Dieter,MG Special,Groovestreet,Won,2017-06-29,2017-09-03,55,FALSE,TRUE,66
66Q03Q2P,Versie Hillebrand,GTX Basic,Konmatfix,Won,2017-06-29,2017-07-10,466,FALSE,TRUE,11
ZZCKQ2JV,Vicki Laflamme,GTX Pro,Newex,Won,2017-06-29,2017-07-04,4856,FALSE,TRUE,5
F3G00C56,Vicki Laflamme,MG Advanced,Plexzap,Won,2017-06-29,2017-07-08,3562,FALSE,TRUE,9
9824T94P,Violet Mclelland,GTX Pro,Mathtouch,Won,2017-06-29,2017-07-09,5159,FALSE,TRUE,10
B8TD9HCN,Violet Mclelland,MG Advanced,Kinnamplus,Won,2017-06-29,2017-07-11,3172,FALSE,TRUE,12
PEFTXK4Q,Wilburn Farren,MG Advanced,Kinnamplus,Won,2017-06-29,2017-09-10,3350,FALSE,TRUE,73
LUIEQRMQ,Zane Levy,GTX Basic,Goodsilron,Won,2017-06-29,2017-07-10,595,FALSE,TRUE,11
8QOUXQEV,Anna Snelling,GTX Basic,Betatech,Won,2017-06-30,2017-09-27,560,FALSE,TRUE,89
6SC26SGG,Boris Faz,GTX Plus Basic,Yearin,Won,2017-06-30,2017-07-02,1167,FALSE,TRUE,2
2Y9R7T2W,Cassey Cress,MG Advanced,Betasoloin,Won,2017-06-30,2017-09-26,3280,FALSE,TRUE,88
8U5GBXK1,Cecily Lampkin,MG Advanced,Genco Pura Olive Oil Company,Won,2017-06-30,2017-09-15,3427,FALSE,TRUE,77
G2EECJNG,Daniell Hammack,GTX Plus Basic,Iselectrics,Won,2017-06-30,2017-09-27,940,FALSE,TRUE,89
UZN5JBF3,Darcel Schlecht,GTX Basic,Warephase,Won,2017-06-30,2017-09-29,565,FALSE,TRUE,91
2CZVRGQ4,Darcel Schlecht,GTX Pro,Conecom,Won,2017-06-30,2017-07-06,4749,FALSE,TRUE,6
K5D2IP27,Elease Gluck,MG Special,Labdrill,Won,2017-06-30,2017-07-09,51,FALSE,TRUE,9
4HP16LRH,Marty Freudenburg,MG Advanced,Konmatfix,Won,2017-06-30,2017-07-09,3699,FALSE,TRUE,9
MNTHSHH6,Maureen Marcano,GTX Plus Pro,Cheers,Won,2017-06-30,2017-07-07,5909,FALSE,TRUE,7
5J1C46RJ,Reed Clapper,GTX Plus Pro,Massive Dynamic,Won,2017-06-30,2017-09-19,5927,FALSE,TRUE,81
0BSYDRMT,Reed Clapper,MG Special,Bluth Company,Won,2017-06-30,2017-09-18,60,FALSE,TRUE,80
NKERC6IA,Reed Clapper,MG Advanced,Zencorporation,Won,2017-06-30,2017-07-11,3351,FALSE,TRUE,11
H6AN87LE,Rosalina Dieter,MG Special,Nam-zim,Won,2017-06-30,2017-07-09,64,FALSE,TRUE,9
0XK80WX8,Versie Hillebrand,MG Special,dambase,Won,2017-06-30,2017-07-11,47,FALSE,TRUE,11
X4ARE2PT,Versie Hillebrand,MG Special,Dontechi,Won,2017-06-30,2017-07-01,53,FALSE,TRUE,1
7T9J42UX,Cecily Lampkin,GTX Plus Pro,Globex Corporation,Won,2017-07-01,2017-07-11,4391,FALSE,TRUE,10
2J649YC5,Darcel Schlecht,GTX Plus Basic,Statholdings,Won,2017-07-01,2017-07-11,1308,FALSE,TRUE,10
9N66Q1VO,Darcel Schlecht,GTX Pro,Rangreen,Won,2017-07-01,2017-09-23,4888,FALSE,TRUE,84
ZWXKCHOO,Donn Cantrell,GTX Basic,Condax,Won,2017-07-01,2017-09-25,535,FALSE,TRUE,86
4QTD5X53,Gladys Colclough,MG Advanced,Isdom,Won,2017-07-01,2017-07-06,3252,FALSE,TRUE,5
2IQ0ZY9W,Jonathan Berthelot,GTX Basic,Scottech,Won,2017-07-01,2017-07-11,574,FALSE,TRUE,10
N3TUSU37,Jonathan Berthelot,GTX Plus Basic,Codehow,Won,2017-07-01,2017-08-11,1012,FALSE,TRUE,41
O6LVMQ5R,Kary Hendrixson,GTX Basic,Dalttechnology,Won,2017-07-01,2017-07-07,576,FALSE,TRUE,6
LYAFXO9B,Markita Hansen,GTX Basic,J-Texon,Won,2017-07-01,2017-07-12,592,FALSE,TRUE,11
SNY2UWJ2,Markita Hansen,GTX Pro,Doncon,Won,2017-07-01,2017-07-09,4859,FALSE,TRUE,8
UFIAFP10,Markita Hansen,MG Special,Green-Plus,Won,2017-07-01,2017-07-02,50,FALSE,TRUE,1
MG7CZFIG,Markita Hansen,MG Advanced,Konex,Won,2017-07-01,2017-09-30,3225,FALSE,TRUE,91
H4U50AEW,Marty Freudenburg,GTX Plus Pro,Stanredtax,Won,2017-07-01,2017-07-09,5422,FALSE,TRUE,8
8PU9FIQS,Marty Freudenburg,MG Advanced,Domzoom,Won,2017-07-01,2017-07-11,3657,FALSE,TRUE,10
MJ12SZ89,Maureen Marcano,GTX Plus Pro,Goodsilron,Won,2017-07-01,2017-07-10,4974,FALSE,TRUE,9
B6F9PSRN,Maureen Marcano,GTX Pro,Lexiqvolax,Won,2017-07-01,2017-08-07,4689,FALSE,TRUE,37
TKKSOBRC,Niesha Huffines,MG Special,Warephase,Won,2017-07-01,2017-07-12,50,FALSE,TRUE,11
AX63HIS9,Reed Clapper,GTX Pro,Kan-code,Won,2017-07-01,2017-08-23,4611,FALSE,TRUE,53
YY3ACGA2,Vicki Laflamme,GTX Basic,Kan-code,Won,2017-07-01,2017-07-11,571,FALSE,TRUE,10
019I751P,Anna Snelling,GTX Plus Basic,Statholdings,Won,2017-07-02,2017-07-09,1180,FALSE,TRUE,7
PI0FYKXU,Cassey Cress,GTX Plus Pro,Zathunicon,Won,2017-07-02,2017-07-04,5274,FALSE,TRUE,2
I7QSO0VZ,Cecily Lampkin,GTX Basic,Rundofase,Won,2017-07-02,2017-07-04,480,FALSE,TRUE,2
5AU1SJA7,Corliss Cosme,GTX Pro,Ontomedia,Won,2017-07-02,2017-07-08,4830,FALSE,TRUE,6
A9Q7ERA4,Darcel Schlecht,GTX Plus Pro,Finhigh,Won,2017-07-02,2017-07-04,5333,FALSE,TRUE,2
0D95JSVW,James Ascencio,GTX Plus Pro,Hatfan,Won,2017-07-02,2017-09-16,6192,FALSE,TRUE,76
CMLYDJFN,Kami Bicknell,GTX Basic,Plexzap,Won,2017-07-02,2017-08-11,490,FALSE,TRUE,40
6TBAKLMX,Niesha Huffines,GTX Plus Basic,Funholding,Won,2017-07-02,2017-09-23,1157,FALSE,TRUE,83
OHJGW03I,Violet Mclelland,MG Special,Yearin,Won,2017-07-02,2017-07-13,55,FALSE,TRUE,11
AJQC76NI,Zane Levy,GTX Pro,Doncon,Won,2017-07-02,2017-08-26,4655,FALSE,TRUE,55
PH5GSB37,Boris Faz,GTX Pro,Massive Dynamic,Won,2017-07-03,2017-08-26,5833,FALSE,TRUE,54
9OLZU3WB,Cecily Lampkin,MG Special,Condax,Won,2017-07-03,2017-09-23,47,FALSE,TRUE,82
JDXET5H9,Cecily Lampkin,MG Special,Warephase,Won,2017-07-03,2017-08-31,51,FALSE,TRUE,59
AHIDE6VS,Donn Cantrell,GTX Basic,Kan-code,Won,2017-07-03,2017-07-12,540,FALSE,TRUE,9
YZJLPVJG,Donn Cantrell,GTX Plus Pro,Konex,Won,2017-07-03,2017-07-04,4915,FALSE,TRUE,1
M3MJY0CK,James Ascencio,GTX Plus Pro,Lexiqvolax,Won,2017-07-03,2017-09-27,6693,FALSE,TRUE,86
H2HNTSIP,Jonathan Berthelot,MG Advanced,Hottechi,Won,2017-07-03,2017-07-05,3101,FALSE,TRUE,2
RABLXW5E,Kami Bicknell,MG Special,Hatfan,Won,2017-07-03,2017-09-02,56,FALSE,TRUE,61
TJTOVN5K,Kary Hendrixson,GTX Plus Basic,Cheers,Won,2017-07-03,2017-07-12,935,FALSE,TRUE,9
1IG94UUQ,Kary Hendrixson,GTX Plus Basic,Singletechno,Won,2017-07-03,2017-07-13,1133,FALSE,TRUE,10
MN8UHP5B,Kary Hendrixson,GTX Pro,Y-corporation,Won,2017-07-03,2017-08-12,4904,FALSE,TRUE,40
D7JDQB12,Lajuana Vencill,MG Advanced,Bioholding,Won,2017-07-03,2017-09-23,2857,FALSE,TRUE,82
GWI45VGH,Lajuana Vencill,MG Advanced,Dontechi,Won,2017-07-03,2017-09-02,3118,FALSE,TRUE,61
G3TZD0CB,Marty Freudenburg,GTX Plus Basic,Funholding,Won,2017-07-03,2017-07-11,1204,FALSE,TRUE,8
WXCEZ7JY,Moses Frase,GTX Basic,Conecom,Won,2017-07-03,2017-09-06,376,FALSE,TRUE,65
WR45SVGN,Versie Hillebrand,GTX Basic,Toughzap,Won,2017-07-03,2017-11-02,511,FALSE,TRUE,122
WAFSPTW6,Vicki Laflamme,GTX Basic,Lexiqvolax,Won,2017-07-03,2017-07-14,491,FALSE,TRUE,11
3AX6QBR3,Wilburn Farren,MG Advanced,Donquadtech,Won,2017-07-03,2017-09-07,3101,FALSE,TRUE,66
24OSGLGF,Anna Snelling,MG Special,Dontechi,Won,2017-07-04,2017-07-06,56,FALSE,TRUE,2
AUPXRV8O,Darcel Schlecht,GTX Plus Basic,Ron-tech,Won,2017-07-04,2017-09-05,1300,FALSE,TRUE,63
CI00UV0Y,Darcel Schlecht,GTX Pro,Rundofase,Won,2017-07-04,2017-07-05,4544,FALSE,TRUE,1
TS2JEK3E,Donn Cantrell,GTX Basic,Betasoloin,Won,2017-07-04,2017-09-23,531,FALSE,TRUE,81
4R0TB2CL,Donn Cantrell,GTX Pro,Bubba Gump,Won,2017-07-04,2017-07-13,4669,FALSE,TRUE,9
XGMMHWZC,Moses Frase,GTX Basic,Domzoom,Won,2017-07-04,2017-09-25,475,FALSE,TRUE,83
7MK55ULJ,Moses Frase,GTX Plus Basic,Ron-tech,Won,2017-07-04,2017-07-05,1102,FALSE,TRUE,1
0VZIDVCC,Moses Frase,MG Special,Zumgoity,Won,2017-07-04,2017-07-09,55,FALSE,TRUE,5
YTQH4YM9,Versie Hillebrand,MG Special,Cancity,Won,2017-07-04,2017-07-05,63,FALSE,TRUE,1
IG734VZK,Vicki Laflamme,GTX Plus Pro,Plusstrip,Won,2017-07-04,2017-07-14,5971,FALSE,TRUE,10
W3C2KLXD,Wilburn Farren,GTX Plus Pro,Ganjaflex,Won,2017-07-04,2017-08-27,5710,FALSE,TRUE,54
IZJR1WDM,Zane Levy,MG Special,Plexzap,Won,2017-07-04,2017-09-21,52,FALSE,TRUE,79
5MRPZ44K,Anna Snelling,GTX Basic,Domzoom,Won,2017-07-05,2017-08-28,522,FALSE,TRUE,54
KDDN1E4O,Cassey Cress,GTX Plus Basic,Betasoloin,Won,2017-07-05,2017-07-14,1109,FALSE,TRUE,9
S8JALB62,Cassey Cress,MG Advanced,The New York Inquirer,Won,2017-07-05,2017-07-06,3508,FALSE,TRUE,1
J3N73B00,Darcel Schlecht,GTX Pro,Hottechi,Won,2017-07-05,2017-08-29,4346,FALSE,TRUE,55
09W047QT,Donn Cantrell,GTX Pro,Umbrella Corporation,Won,2017-07-05,2017-08-10,4565,FALSE,TRUE,36
VXOZC2CN,Garret Kinder,GTX Plus Basic,Vehement Capital Partners,Won,2017-07-05,2017-09-29,1319,FALSE,TRUE,86
JAMW5SWB,James Ascencio,GTX Pro,Hottechi,Won,2017-07-05,2017-07-06,5157,FALSE,TRUE,1
GVCWDG9Y,Jonathan Berthelot,GTX Pro,Globex Corporation,Won,2017-07-05,2017-07-17,4213,FALSE,TRUE,12
UEXJN3Y6,Kami Bicknell,GTX Plus Basic,Konex,Won,2017-07-05,2017-07-12,1230,FALSE,TRUE,7
MCQGU5EA,Kary Hendrixson,GTX Basic,Sunnamplex,Won,2017-07-05,2017-07-15,443,FALSE,TRUE,10
M0IN22XH,Kary Hendrixson,GTX Plus Basic,Zoomit,Won,2017-07-05,2017-09-26,1043,FALSE,TRUE,83
IEB855X8,Marty Freudenburg,MG Advanced,Codehow,Won,2017-07-05,2017-08-08,3458,FALSE,TRUE,34
R9V8QAPK,Rosie Papadopoulos,MG Special,Kan-code,Won,2017-07-05,2017-07-14,58,FALSE,TRUE,9
BXOIQHTS,Zane Levy,GTX Basic,Y-corporation,Won,2017-07-05,2017-09-20,658,FALSE,TRUE,77
K8VBNOW9,Cassey Cress,GTX Plus Pro,Plussunin,Won,2017-07-06,2017-09-01,4791,FALSE,TRUE,57
3GEDSDVN,Cecily Lampkin,GTX Basic,Inity,Won,2017-07-06,2017-07-08,590,FALSE,TRUE,2
R0ZYAJFM,Cecily Lampkin,GTX Plus Pro,Isdom,Won,2017-07-06,2017-07-14,5629,FALSE,TRUE,8
CDGA1SD7,Darcel Schlecht,GTX Pro,Streethex,Won,2017-07-06,2017-09-12,4323,FALSE,TRUE,68
SBILEY2W,Darcel Schlecht,GTX Pro,Treequote,Won,2017-07-06,2017-07-12,5085,FALSE,TRUE,6
JMTKEPXF,Donn Cantrell,MG Advanced,Zotware,Won,2017-07-06,2017-07-17,2996,FALSE,TRUE,11
937CNF5D,Garret Kinder,GTX Pro,Condax,Won,2017-07-06,2017-07-14,4682,FALSE,TRUE,8
EQ399D3M,Hayden Neloms,MG Advanced,Sonron,Won,2017-07-06,2017-07-14,3250,FALSE,TRUE,8
E7TDBIDS,Kary Hendrixson,GTX Pro,Kan-code,Won,2017-07-06,2017-09-06,5323,FALSE,TRUE,62
LXDCC260,Marty Freudenburg,GTX Plus Pro,Funholding,Won,2017-07-06,2017-07-07,5966,FALSE,TRUE,1
1Z72JRDI,Maureen Marcano,MG Advanced,Labdrill,Won,2017-07-06,2017-07-16,3452,FALSE,TRUE,10
MON3JWUF,Vicki Laflamme,GTX Basic,Faxquote,Won,2017-07-06,2017-07-13,583,FALSE,TRUE,7
PMVKMS6A,Zane Levy,GTX Basic,J-Texon,Won,2017-07-06,2017-09-27,507,FALSE,TRUE,83
611J0LEK,Boris Faz,GTX Basic,Betasoloin,Won,2017-07-07,2017-07-09,574,FALSE,TRUE,2
ZWA2ES4F,Cassey Cress,MG Special,Opentech,Won,2017-07-07,2017-09-07,48,FALSE,TRUE,62
CPQ348W9,Cecily Lampkin,GTX Basic,Isdom,Won,2017-07-07,2017-07-15,458,FALSE,TRUE,8
UZ0MRAFU,Cecily Lampkin,GTX Plus Pro,Codehow,Won,2017-07-07,2017-09-18,5455,FALSE,TRUE,73
GE5SORJX,Corliss Cosme,GTX Plus Pro,Kan-code,Won,2017-07-07,2017-09-17,5666,FALSE,TRUE,72
03O9FNTZ,Daniell Hammack,GTX Plus Basic,Bluth Company,Won,2017-07-07,2017-07-09,1107,FALSE,TRUE,2
FIQIRK37,Daniell Hammack,GTX Pro,Acme Corporation,Won,2017-07-07,2017-07-08,4089,FALSE,TRUE,1
M6J6VNVQ,Donn Cantrell,GTX Basic,Ontomedia,Won,2017-07-07,2017-09-08,498,FALSE,TRUE,63
ZPKCSV3R,Jonathan Berthelot,MG Special,Dontechi,Won,2017-07-07,2017-07-11,64,FALSE,TRUE,4
PMQCN4PR,Kary Hendrixson,GTX Basic,Finjob,Won,2017-07-07,2017-07-09,565,FALSE,TRUE,2
CBIFB5BB,Kary Hendrixson,GTX Basic,Kan-code,Won,2017-07-07,2017-07-17,579,FALSE,TRUE,10
BSVZWUXR,Lajuana Vencill,MG Special,Hottechi,Won,2017-07-07,2017-09-11,56,FALSE,TRUE,66
PU2UJDTV,Markita Hansen,GTX Pro,Scotfind,Won,2017-07-07,2017-09-05,4063,FALSE,TRUE,60
LN9NU0A8,Marty Freudenburg,GTX Plus Basic,Inity,Won,2017-07-07,2017-07-17,1193,FALSE,TRUE,10
FN50OJHN,Niesha Huffines,GTX Plus Basic,Betatech,Won,2017-07-07,2017-07-11,1088,FALSE,TRUE,4
90K2ZTKB,Rosalina Dieter,MG Special,Xx-holding,Won,2017-07-07,2017-09-11,58,FALSE,TRUE,66
Y1GEH2EG,Vicki Laflamme,GTX Plus Pro,Green-Plus,Won,2017-07-07,2017-07-13,4466,FALSE,TRUE,6
4MTCQ31T,Anna Snelling,MG Special,Gogozoom,Won,2017-07-08,2017-11-06,55,FALSE,TRUE,121
COGZW25D,Cassey Cress,GTX Plus Basic,Konex,Won,2017-07-08,2017-07-16,861,FALSE,TRUE,8
BOG3D6D7,Corliss Cosme,GTX Pro,Umbrella Corporation,Won,2017-07-08,2017-07-19,5137,FALSE,TRUE,11
J03H7OQF,Darcel Schlecht,MG Special,Betatech,Won,2017-07-08,2017-07-16,54,FALSE,TRUE,8
DJXM9LIW,Donn Cantrell,GTX Plus Basic,Kinnamplus,Won,2017-07-08,2017-07-14,1020,FALSE,TRUE,6
6XH71PH8,Donn Cantrell,GTX Plus Basic,Yearin,Won,2017-07-08,2017-09-28,1136,FALSE,TRUE,82
AW1U6QKR,Donn Cantrell,MG Special,Konex,Won,2017-07-08,2017-07-14,55,FALSE,TRUE,6
MAVEITJH,Elease Gluck,GTX Pro,Groovestreet,Won,2017-07-08,2017-09-09,5097,FALSE,TRUE,63
GUJNYTXN,Garret Kinder,GTX Basic,Kinnamplus,Won,2017-07-08,2017-07-09,483,FALSE,TRUE,1
ELLLRB7A,James Ascencio,GTX Basic,Zoomit,Won,2017-07-08,2017-08-29,587,FALSE,TRUE,52
F4EHCQIC,James Ascencio,GTX Plus Pro,Kan-code,Won,2017-07-08,2017-07-16,5284,FALSE,TRUE,8
00XBYXIB,Kary Hendrixson,GTX Plus Basic,Green-Plus,Won,2017-07-08,2017-07-09,993,FALSE,TRUE,1
SHS9HQX4,Maureen Marcano,GTX Pro,Finjob,Won,2017-07-08,2017-09-19,4642,FALSE,TRUE,73
S9DVJGUO,Reed Clapper,GTX Pro,Kan-code,Won,2017-07-08,2017-07-15,4530,FALSE,TRUE,7
UIA0FO51,Rosie Papadopoulos,MG Advanced,Xx-zobam,Won,2017-07-08,2017-07-09,3569,FALSE,TRUE,1
48J7F1A2,Vicki Laflamme,MG Advanced,Hottechi,Won,2017-07-08,2017-08-31,3276,FALSE,TRUE,54
045D5MZO,Zane Levy,GTX Plus Pro,Kan-code,Won,2017-07-08,2017-07-17,5576,FALSE,TRUE,9
K1UREXI5,Anna Snelling,GTX Basic,Genco Pura Olive Oil Company,Won,2017-07-09,2017-09-16,460,FALSE,TRUE,69
M7Y1LHHA,Boris Faz,GTX Basic,Zathunicon,Won,2017-07-09,2017-07-16,457,FALSE,TRUE,7
SGI5I4X1,Corliss Cosme,GTX Basic,Gekko & Co,Won,2017-07-09,2017-07-10,665,FALSE,TRUE,1
U07VUUGP,Corliss Cosme,GTX Plus Basic,Zathunicon,Won,2017-07-09,2017-07-15,1122,FALSE,TRUE,6
SEC6K7X2,Corliss Cosme,GTX Plus Pro,Umbrella Corporation,Won,2017-07-09,2017-07-18,5578,FALSE,TRUE,9
MXVBWIE5,Darcel Schlecht,GTX Basic,Rundofase,Won,2017-07-09,2017-09-08,460,FALSE,TRUE,61
794F5VJB,Donn Cantrell,GTX Plus Basic,Donware,Won,2017-07-09,2017-08-31,1133,FALSE,TRUE,53
TNEB1XNK,Donn Cantrell,GTX Plus Basic,Gekko & Co,Won,2017-07-09,2017-09-18,1194,FALSE,TRUE,71
P60PIE95,Donn Cantrell,GTX Plus Pro,Yearin,Won,2017-07-09,2017-09-16,5861,FALSE,TRUE,69
NC7V5K1T,Gladys Colclough,GTX Plus Basic,Stanredtax,Won,2017-07-09,2017-08-28,1194,FALSE,TRUE,50
XTAPYDDI,Gladys Colclough,GTX Pro,Funholding,Won,2017-07-09,2017-07-11,4440,FALSE,TRUE,2
0CTHPQGT,Jonathan Berthelot,MG Special,Cancity,Won,2017-07-09,2017-07-19,53,FALSE,TRUE,10
02SSRMSA,Lajuana Vencill,GTX Plus Basic,Inity,Won,2017-07-09,2017-07-13,1192,FALSE,TRUE,4
HBJPBF3P,Marty Freudenburg,MG Special,Conecom,Won,2017-07-09,2017-09-01,54,FALSE,TRUE,54
OUMM04QV,Moses Frase,GTX Plus Pro,Warephase,Won,2017-07-09,2017-07-18,4651,FALSE,TRUE,9
66KFPHBT,Niesha Huffines,GTX Plus Pro,Betatech,Won,2017-07-09,2017-09-24,5944,FALSE,TRUE,77
6178B4JM,Anna Snelling,GTX Plus Basic,Domzoom,Won,2017-07-10,2017-07-17,962,FALSE,TRUE,7
WC7KCJ2N,Boris Faz,GTX Plus Basic,Silis,Won,2017-07-10,2017-07-21,1063,FALSE,TRUE,11
9GOWJ93R,Darcel Schlecht,MG Advanced,Domzoom,Won,2017-07-10,2017-09-03,2572,FALSE,TRUE,55
9B9VDAFU,Gladys Colclough,GTX Pro,Warephase,Won,2017-07-10,2017-07-18,4631,FALSE,TRUE,8
L9F6QP4P,Gladys Colclough,MG Advanced,Isdom,Won,2017-07-10,2017-07-19,3230,FALSE,TRUE,9
1D5AYQO6,Hayden Neloms,MG Special,Condax,Won,2017-07-10,2017-07-19,59,FALSE,TRUE,9
6WR7JQ3C,James Ascencio,MG Advanced,Labdrill,Won,2017-07-10,2017-11-03,3624,FALSE,TRUE,116
MN34I4DD,Kami Bicknell,GTX Plus Pro,Hatfan,Won,2017-07-10,2017-09-22,5848,FALSE,TRUE,74
9CQ6TMET,Kami Bicknell,MG Special,Dalttechnology,Won,2017-07-10,2017-07-11,42,FALSE,TRUE,1
0FGWN6O0,Moses Frase,GTX Basic,Isdom,Won,2017-07-10,2017-07-19,588,FALSE,TRUE,9
8IGYTN3H,Reed Clapper,MG Special,Yearin,Won,2017-07-10,2017-07-17,54,FALSE,TRUE,7
OTNZ5ZCN,Vicki Laflamme,GTX Pro,Singletechno,Won,2017-07-10,2017-09-06,5099,FALSE,TRUE,58
DKUVKTIT,Daniell Hammack,GTX Plus Pro,Initech,Won,2017-07-11,2017-07-19,4881,FALSE,TRUE,8
X2EH33CU,Gladys Colclough,MG Advanced,Genco Pura Olive Oil Company,Won,2017-07-11,2017-07-12,2878,FALSE,TRUE,1
U3ZMURXR,Hayden Neloms,MG Advanced,Finjob,Won,2017-07-11,2017-09-08,3121,FALSE,TRUE,59
KHWG1W75,James Ascencio,MG Special,Goodsilron,Won,2017-07-11,2017-07-18,57,FALSE,TRUE,7
MWAW08I7,Jonathan Berthelot,GTX Basic,Treequote,Won,2017-07-11,2017-07-12,576,FALSE,TRUE,1
0QV1LRME,Jonathan Berthelot,GTX Plus Basic,Konmatfix,Won,2017-07-11,2017-07-18,1258,FALSE,TRUE,7
VBRZZAP8,Kary Hendrixson,GTX Basic,Hottechi,Won,2017-07-11,2017-07-20,491,FALSE,TRUE,9
JR76K5YA,Markita Hansen,GTX Basic,Sunnamplex,Won,2017-07-11,2017-08-23,494,FALSE,TRUE,43
RGUC0V54,Maureen Marcano,GTX Plus Basic,Zoomit,Won,2017-07-11,2017-09-19,882,FALSE,TRUE,70
M93A8LTF,Reed Clapper,GTX Plus Basic,Konex,Won,2017-07-11,2017-07-20,1076,FALSE,TRUE,9
6XLFG3VK,Rosalina Dieter,MG Special,Zoomit,Won,2017-07-11,2017-07-19,57,FALSE,TRUE,8
856VG3CS,Boris Faz,GTX Plus Basic,Plussunin,Won,2017-07-12,2017-09-28,1100,FALSE,TRUE,78
J80ZEYYM,Cassey Cress,MG Advanced,Donquadtech,Won,2017-07-12,2017-09-18,3630,FALSE,TRUE,68
HUNM56HY,Hayden Neloms,MG Advanced,Sunnamplex,Won,2017-07-12,2017-07-23,3741,FALSE,TRUE,11
SIONXEMH,Hayden Neloms,MG Advanced,Y-corporation,Won,2017-07-12,2017-07-14,2905,FALSE,TRUE,2
BUJ1TX7Y,Maureen Marcano,GTX Plus Basic,Finjob,Won,2017-07-12,2017-09-14,1023,FALSE,TRUE,64
6C70OX62,Maureen Marcano,MG Advanced,Y-corporation,Won,2017-07-12,2017-09-24,3257,FALSE,TRUE,74
3N6BHLN6,Niesha Huffines,GTX Plus Basic,Streethex,Won,2017-07-12,2017-08-20,960,FALSE,TRUE,39
32K5LEDV,Reed Clapper,GTX Plus Pro,Silis,Won,2017-07-12,2017-07-18,5538,FALSE,TRUE,6
XW1ONOVO,Boris Faz,MG Advanced,Kan-code,Won,2017-07-13,2017-07-23,3420,FALSE,TRUE,10
YYRYSVOO,Darcel Schlecht,GTX Pro,Bioholding,Won,2017-07-13,2017-07-16,5382,FALSE,TRUE,3
GC1TSADL,Elease Gluck,GTX Pro,Faxquote,Won,2017-07-13,2017-07-18,5703,FALSE,TRUE,5
QF1I965E,Garret Kinder,MG Advanced,Mathtouch,Won,2017-07-13,2017-09-30,3340,FALSE,TRUE,79
YKBRF0NG,Kary Hendrixson,GTX Plus Basic,Nam-zim,Won,2017-07-13,2017-08-09,1014,FALSE,TRUE,27
OP2DIRC2,Lajuana Vencill,GTX Basic,Inity,Won,2017-07-13,2017-07-19,536,FALSE,TRUE,6
IC4J0BIZ,Niesha Huffines,GTX Basic,Codehow,Won,2017-07-13,2017-07-24,550,FALSE,TRUE,11
BNMJAOF4,Niesha Huffines,GTX Basic,Gogozoom,Won,2017-07-13,2017-09-28,469,FALSE,TRUE,77
VSWHUBD0,Niesha Huffines,GTX Basic,Ron-tech,Won,2017-07-13,2017-07-14,585,FALSE,TRUE,1
7ZWN0JO9,Niesha Huffines,GTX Plus Basic,Scottech,Won,2017-07-13,2017-08-29,943,FALSE,TRUE,47
U3M8XTMY,Reed Clapper,GTX Plus Basic,Plussunin,Won,2017-07-13,2017-08-01,1319,FALSE,TRUE,19
P89VI9EN,Reed Clapper,GTX Pro,Bubba Gump,Won,2017-07-13,2017-07-22,5873,FALSE,TRUE,9
185PGG0J,Anna Snelling,MG Special,Treequote,Won,2017-07-14,2017-07-17,44,FALSE,TRUE,3
8EF4D82U,Boris Faz,GTX Pro,Mathtouch,Won,2017-07-14,2017-09-14,3834,FALSE,TRUE,62
2X86737Q,Cecily Lampkin,GTX Plus Pro,Inity,Won,2017-07-14,2017-07-16,5537,FALSE,TRUE,2
HSZOPWWT,Corliss Cosme,GTX Basic,Donware,Won,2017-07-14,2017-09-15,530,FALSE,TRUE,63
1KVGSF08,Corliss Cosme,GTX Plus Pro,Konex,Won,2017-07-14,2017-09-23,4989,FALSE,TRUE,71
516C0X9F,Darcel Schlecht,GTX Plus Basic,Statholdings,Won,2017-07-14,2017-07-26,1144,FALSE,TRUE,12
DDD515FB,Hayden Neloms,MG Advanced,Xx-holding,Won,2017-07-14,2017-07-15,3362,FALSE,TRUE,1
8M6TB2ZX,James Ascencio,GTX Plus Pro,Goodsilron,Won,2017-07-14,2017-07-21,5013,FALSE,TRUE,7
9CE6F4NZ,Kary Hendrixson,GTX Basic,Plusstrip,Won,2017-07-14,2017-08-27,431,FALSE,TRUE,44
Z9KNL9A1,Kary Hendrixson,GTX Pro,Groovestreet,Won,2017-07-14,2017-07-24,5161,FALSE,TRUE,10
7JBR36G8,Lajuana Vencill,GTX Basic,Genco Pura Olive Oil Company,Won,2017-07-14,2017-07-16,579,FALSE,TRUE,2
EYTBRK2B,Lajuana Vencill,MG Advanced,Warephase,Won,2017-07-14,2017-07-24,3411,FALSE,TRUE,10
SJ62BMK5,Markita Hansen,MG Advanced,Plusstrip,Won,2017-07-14,2017-07-15,3973,FALSE,TRUE,1
GHDAXC7T,Reed Clapper,GTX Plus Basic,Zathunicon,Won,2017-07-14,2017-07-15,1029,FALSE,TRUE,1
FQQ2JJZ1,Rosie Papadopoulos,MG Special,Gekko & Co,Won,2017-07-14,2017-07-23,59,FALSE,TRUE,9
8SGMUWET,Vicki Laflamme,GTX Basic,Goodsilron,Won,2017-07-14,2017-09-29,534,FALSE,TRUE,77
3KVS08NL,Violet Mclelland,MG Special,Iselectrics,Won,2017-07-14,2017-07-15,48,FALSE,TRUE,1
CLIIR1T0,Zane Levy,MG Special,Finjob,Won,2017-07-14,2017-07-25,57,FALSE,TRUE,11
6K7LDRKR,Darcel Schlecht,GTX Plus Pro,Stanredtax,Won,2017-07-15,2017-11-11,4009,FALSE,TRUE,119
J6UOUH6Y,Darcel Schlecht,MG Advanced,dambase,Won,2017-07-15,2017-09-03,3255,FALSE,TRUE,50
2EYTB3PX,Donn Cantrell,MG Advanced,Condax,Won,2017-07-15,2017-07-25,3724,FALSE,TRUE,10
568NS3GO,Markita Hansen,MG Advanced,Cheers,Won,2017-07-15,2017-08-27,2791,FALSE,TRUE,43
TQLO6QP6,Niesha Huffines,MG Advanced,Cancity,Won,2017-07-15,2017-09-02,3501,FALSE,TRUE,49
C75RV9DY,Reed Clapper,GTX Basic,Ganjaflex,Won,2017-07-15,2017-07-16,555,FALSE,TRUE,1
EUQCW0ZA,Rosalina Dieter,GTX Basic,Lexiqvolax,Won,2017-07-15,2017-07-23,650,FALSE,TRUE,8
TT5QRQTF,Vicki Laflamme,MG Special,Konex,Won,2017-07-15,2017-07-21,61,FALSE,TRUE,6
5NXD4U83,Vicki Laflamme,MG Special,Newex,Won,2017-07-15,2017-07-17,54,FALSE,TRUE,2
OQYDQCTM,Anna Snelling,MG Special,Rangreen,Won,2017-07-16,2017-07-25,59,FALSE,TRUE,9
M1VNX1D7,Cassey Cress,GTX Pro,Acme Corporation,Won,2017-07-16,2017-07-28,5318,FALSE,TRUE,12
TWO2Q99P,Cecily Lampkin,GTX Plus Pro,Conecom,Won,2017-07-16,2017-09-30,5753,FALSE,TRUE,76
72UVDOKU,Cecily Lampkin,MG Special,Konmatfix,Won,2017-07-16,2017-07-24,62,FALSE,TRUE,8
DMSQ0TSG,Cecily Lampkin,MG Advanced,Isdom,Won,2017-07-16,2017-08-12,3146,FALSE,TRUE,27
FEWIDJGH,Darcel Schlecht,GTX Basic,Rundofase,Won,2017-07-16,2017-07-18,538,FALSE,TRUE,2
AUZM3MLU,Darcel Schlecht,GTX Plus Basic,Betatech,Won,2017-07-16,2017-09-18,1071,FALSE,TRUE,64
GS2CLR52,Darcel Schlecht,GTX Pro,Betatech,Won,2017-07-16,2017-07-17,4488,FALSE,TRUE,1
HYP3SXPV,Darcel Schlecht,MG Advanced,Isdom,Won,2017-07-16,2017-08-02,2837,FALSE,TRUE,17
9G93P7SV,Donn Cantrell,MG Advanced,Kan-code,Won,2017-07-16,2017-09-30,3593,FALSE,TRUE,76
7XSAHM67,Elease Gluck,GTX Basic,Hottechi,Won,2017-07-16,2017-09-28,583,FALSE,TRUE,74
UB2UAI38,Kami Bicknell,GTX Plus Basic,Singletechno,Won,2017-07-16,2017-07-21,1109,FALSE,TRUE,5
B00OD1IF,Kami Bicknell,GTX Plus Basic,Zoomit,Won,2017-07-16,2017-07-23,1106,FALSE,TRUE,7
I6ZC5V1K,Kary Hendrixson,GTX Plus Pro,Labdrill,Won,2017-07-16,2017-07-26,5008,FALSE,TRUE,10
1N3G9WG2,Kary Hendrixson,GTX Pro,Y-corporation,Won,2017-07-16,2017-07-19,5621,FALSE,TRUE,3
JHNXPUNX,Lajuana Vencill,GTX Basic,Rangreen,Won,2017-07-16,2017-07-17,550,FALSE,TRUE,1
NPHD3ZTC,Moses Frase,GTX Basic,Rangreen,Won,2017-07-16,2017-09-03,574,FALSE,TRUE,49
YCA44Q4U,Wilburn Farren,MG Special,Kinnamplus,Won,2017-07-16,2017-07-25,52,FALSE,TRUE,9
FR4GTSEQ,Zane Levy,GTX Basic,Xx-holding,Won,2017-07-16,2017-09-15,477,FALSE,TRUE,61
P6BJ24ZP,Cassey Cress,GTX Plus Basic,Plussunin,Won,2017-07-17,2017-07-20,1202,FALSE,TRUE,3
ZFRPQV2M,Cecily Lampkin,MG Special,Funholding,Won,2017-07-17,2017-11-03,51,FALSE,TRUE,109
BMQEY089,Darcel Schlecht,GTX Plus Basic,Scottech,Won,2017-07-17,2017-09-16,1203,FALSE,TRUE,61
CYOJ4G39,Darcel Schlecht,GTX Pro,Isdom,Won,2017-07-17,2017-07-19,5673,FALSE,TRUE,2
5IOG6X00,Donn Cantrell,GTX Plus Pro,Gekko & Co,Won,2017-07-17,2017-09-08,6205,FALSE,TRUE,53
CAXTE48L,Hayden Neloms,MG Advanced,Cheers,Won,2017-07-17,2017-07-24,3363,FALSE,TRUE,7
OO3BM7A9,Hayden Neloms,MG Advanced,Konex,Won,2017-07-17,2017-11-03,3700,FALSE,TRUE,109
VE334W2U,Jonathan Berthelot,GTX Basic,Codehow,Won,2017-07-17,2017-09-23,546,FALSE,TRUE,68
AX7WS66G,Jonathan Berthelot,GTX Basic,Toughzap,Won,2017-07-17,2017-07-24,617,FALSE,TRUE,7
OB8UCQ17,Jonathan Berthelot,GTX Basic,Warephase,Won,2017-07-17,2017-07-26,490,FALSE,TRUE,9
3L965RUK,Kary Hendrixson,MG Advanced,Kan-code,Won,2017-07-17,2017-07-26,3665,FALSE,TRUE,9
YVGDC8L2,Marty Freudenburg,MG Special,Rangreen,Won,2017-07-17,2017-07-26,53,FALSE,TRUE,9
ZEWNPF3K,Maureen Marcano,GTX Plus Basic,Singletechno,Won,2017-07-17,2017-11-13,1075,FALSE,TRUE,119
6T64JWH9,Maureen Marcano,GTX Pro,Sonron,Won,2017-07-17,2017-07-25,4683,FALSE,TRUE,8
E7RTG575,Niesha Huffines,GTX Plus Basic,Statholdings,Won,2017-07-17,2017-07-27,1114,FALSE,TRUE,10
I9U5PCM3,Reed Clapper,GTX Pro,Betasoloin,Won,2017-07-17,2017-11-17,5452,FALSE,TRUE,123
H1Y2W48V,Rosalina Dieter,GTX Pro,Groovestreet,Won,2017-07-17,2017-09-07,5561,FALSE,TRUE,52
YFNRXR7X,Rosie Papadopoulos,MG Special,Plussunin,Won,2017-07-17,2017-07-25,57,FALSE,TRUE,8
VBN56JMP,Vicki Laflamme,GTX Basic,Goodsilron,Won,2017-07-17,2017-07-18,496,FALSE,TRUE,1
7ITUU2YO,Vicki Laflamme,GTX Pro,Lexiqvolax,Won,2017-07-17,2017-09-17,5054,FALSE,TRUE,62
6ALH2N0I,Violet Mclelland,MG Special,Gekko & Co,Won,2017-07-17,2017-08-20,55,FALSE,TRUE,34
QABD6SAS,Zane Levy,GTX Plus Basic,Singletechno,Won,2017-07-17,2017-09-21,1064,FALSE,TRUE,66
GUJCRHYU,Zane Levy,GTX Pro,Goodsilron,Won,2017-07-17,2017-07-28,5268,FALSE,TRUE,11
SHKTBB71,Anna Snelling,MG Special,Condax,Won,2017-07-18,2017-07-27,54,FALSE,TRUE,9
G0L0B1QC,Cassey Cress,MG Advanced,Opentech,Won,2017-07-18,2017-07-28,3407,FALSE,TRUE,10
O3K5RKMI,Darcel Schlecht,GTX Plus Basic,Treequote,Won,2017-07-18,2017-07-19,752,FALSE,TRUE,1
75P6HFA0,Darcel Schlecht,MG Advanced,Statholdings,Won,2017-07-18,2017-09-03,3727,FALSE,TRUE,47
W01768VM,Elease Gluck,GTX Basic,Zoomit,Won,2017-07-18,2017-07-28,532,FALSE,TRUE,10
GOGIZWW6,Gladys Colclough,MG Advanced,Condax,Won,2017-07-18,2017-09-27,3139,FALSE,TRUE,71
DOPOI0R5,Hayden Neloms,MG Advanced,Finjob,Won,2017-07-18,2017-07-28,3403,FALSE,TRUE,10
69V1WQLK,James Ascencio,GTX Plus Pro,Plusstrip,Won,2017-07-18,2017-07-27,5440,FALSE,TRUE,9
FEDXQCKJ,Marty Freudenburg,GTX Plus Pro,Globex Corporation,Won,2017-07-18,2017-07-26,5698,FALSE,TRUE,8
CKDPWHTZ,Moses Frase,GTX Basic,Genco Pura Olive Oil Company,Won,2017-07-18,2017-07-28,563,FALSE,TRUE,10
944H7LRC,Vicki Laflamme,GTX Plus Pro,Sonron,Won,2017-07-18,2017-07-27,4673,FALSE,TRUE,9
F0OWRRLN,Vicki Laflamme,MG Advanced,Konex,Won,2017-07-18,2017-07-28,3405,FALSE,TRUE,10
P4RLJHR3,Violet Mclelland,GTX Basic,Umbrella Corporation,Won,2017-07-18,2017-11-15,566,FALSE,TRUE,120
M10S36W3,Wilburn Farren,GTX Plus Pro,Konex,Won,2017-07-18,2017-11-06,5559,FALSE,TRUE,111
GR6C7GQ9,Zane Levy,GTX Pro,Goodsilron,Won,2017-07-18,2017-09-16,4797,FALSE,TRUE,60
BP45IP77,Anna Snelling,MG Special,Betatech,Won,2017-07-19,2017-07-25,53,FALSE,TRUE,6
XP7YG96H,Corliss Cosme,GTX Plus Basic,Donquadtech,Won,2017-07-19,2017-07-30,955,FALSE,TRUE,11
NDHQMBA0,Darcel Schlecht,GTX Plus Basic,Globex Corporation,Won,2017-07-19,2017-08-03,1060,FALSE,TRUE,15
XV03TJV1,Darcel Schlecht,GTX Pro,Gogozoom,Won,2017-07-19,2017-07-26,5401,FALSE,TRUE,7
FQ5A489H,Garret Kinder,GTX Plus Pro,Kan-code,Won,2017-07-19,2017-07-26,4895,FALSE,TRUE,7
3PZ6Y6AJ,Gladys Colclough,GTX Plus Pro,Treequote,Won,2017-07-19,2017-07-21,4907,FALSE,TRUE,2
W7VULS00,Hayden Neloms,GTX Plus Basic,Sunnamplex,Won,2017-07-19,2017-09-30,1170,FALSE,TRUE,73
PLW3NMLJ,Hayden Neloms,MG Advanced,Faxquote,Won,2017-07-19,2017-07-28,2718,FALSE,TRUE,9
OB3K0SVW,Kary Hendrixson,GTX Basic,Goodsilron,Won,2017-07-19,2017-08-08,624,FALSE,TRUE,20
ALMZ6ZUI,Lajuana Vencill,GTX Basic,Genco Pura Olive Oil Company,Won,2017-07-19,2017-07-29,537,FALSE,TRUE,10
B4UIGJRX,Lajuana Vencill,GTX Plus Basic,Dontechi,Won,2017-07-19,2017-07-30,1089,FALSE,TRUE,11
ZCAEQT06,Lajuana Vencill,MG Advanced,Codehow,Won,2017-07-19,2017-07-27,3352,FALSE,TRUE,8
U1SBKB0U,Markita Hansen,GTX Basic,Singletechno,Won,2017-07-19,2017-07-23,535,FALSE,TRUE,4
8S7IAR2D,Marty Freudenburg,GTX Basic,Rangreen,Won,2017-07-19,2017-09-25,571,FALSE,TRUE,68
RWQKOD1W,Maureen Marcano,MG Advanced,Cheers,Won,2017-07-19,2017-09-29,3535,FALSE,TRUE,72
6TOOTFQV,Moses Frase,MG Advanced,Bioholding,Won,2017-07-19,2017-07-27,3985,FALSE,TRUE,8
I776MNA8,Rosie Papadopoulos,MG Advanced,Massive Dynamic,Won,2017-07-19,2017-07-21,3568,FALSE,TRUE,2
F7R8ICT8,Versie Hillebrand,MG Special,Funholding,Won,2017-07-19,2017-07-27,65,FALSE,TRUE,8
KULR6FMD,Versie Hillebrand,MG Special,Funholding,Won,2017-07-19,2017-07-25,47,FALSE,TRUE,6
SV3T5L5N,Anna Snelling,GTX Plus Basic,Ron-tech,Won,2017-07-20,2017-07-21,1160,FALSE,TRUE,1
THRXY3SV,Anna Snelling,GTX Plus Pro,Stanredtax,Won,2017-07-20,2017-08-23,5847,FALSE,TRUE,34
IHOU09D6,Boris Faz,GTX Plus Basic,Yearin,Won,2017-07-20,2017-09-20,1029,FALSE,TRUE,62
1D1L6FJX,Darcel Schlecht,GTX Pro,Treequote,Won,2017-07-20,2017-08-17,5058,FALSE,TRUE,28
PCTOIQZA,Gladys Colclough,MG Advanced,Rangreen,Won,2017-07-20,2017-11-14,3552,FALSE,TRUE,117
8AK1G9IT,Hayden Neloms,GTX Plus Pro,Kan-code,Won,2017-07-20,2017-11-08,5526,FALSE,TRUE,111
AEMGFUYH,Kary Hendrixson,GTX Pro,Plexzap,Won,2017-07-20,2017-07-26,4428,FALSE,TRUE,6
6GLF0PU0,Maureen Marcano,GTX Basic,Singletechno,Won,2017-07-20,2017-07-27,523,FALSE,TRUE,7
ULY6LFT1,Rosie Papadopoulos,GTX Pro,Mathtouch,Won,2017-07-20,2017-07-31,5392,FALSE,TRUE,11
2QHB4SYK,Violet Mclelland,MG Special,Zencorporation,Won,2017-07-20,2017-07-28,55,FALSE,TRUE,8
L3DT2WVO,Boris Faz,GTX Pro,Gekko & Co,Won,2017-07-21,2017-11-20,4197,FALSE,TRUE,122
OCMCRBJR,Boris Faz,MG Advanced,Mathtouch,Won,2017-07-21,2017-09-18,3830,FALSE,TRUE,59
II0SKLFO,Cassey Cress,GTX Basic,Donware,Won,2017-07-21,2017-07-30,494,FALSE,TRUE,9
LIYJSU0E,Daniell Hammack,GTX Plus Pro,Konex,Won,2017-07-21,2017-07-22,5118,FALSE,TRUE,1
SEDTNUD7,Darcel Schlecht,GTX Plus Basic,Toughzap,Won,2017-07-21,2017-07-28,1000,FALSE,TRUE,7
9UO306XU,Darcel Schlecht,GTX Pro,Conecom,Won,2017-07-21,2017-07-26,5347,FALSE,TRUE,5
TBXMDI2Q,Donn Cantrell,GTX Plus Pro,Plussunin,Won,2017-07-21,2017-08-23,5340,FALSE,TRUE,33
RNCYPVJO,Gladys Colclough,MG Advanced,Stanredtax,Won,2017-07-21,2017-07-31,2970,FALSE,TRUE,10
PAUXUGK3,Kary Hendrixson,GTX Plus Basic,Sonron,Won,2017-07-21,2017-07-30,997,FALSE,TRUE,9
P5B6BZWO,Moses Frase,GTX Basic,Finhigh,Won,2017-07-21,2017-07-30,526,FALSE,TRUE,9
N0UCNVKJ,Niesha Huffines,GTX Basic,Dontechi,Won,2017-07-21,2017-07-30,418,FALSE,TRUE,9
5OAWTEIU,Niesha Huffines,MG Special,Streethex,Won,2017-07-21,2017-07-28,54,FALSE,TRUE,7
55NG8O95,Rosalina Dieter,GTX Basic,Groovestreet,Won,2017-07-21,2017-09-07,622,FALSE,TRUE,48
DL3Q5HAD,Rosie Papadopoulos,GTX Plus Pro,Umbrella Corporation,Won,2017-07-21,2017-08-23,4930,FALSE,TRUE,33
0T9EBKZL,Versie Hillebrand,MG Special,Scottech,Won,2017-07-21,2017-07-28,51,FALSE,TRUE,7
6KOHYTT4,Versie Hillebrand,MG Advanced,Betatech,Won,2017-07-21,2017-07-30,3167,FALSE,TRUE,9
3L8ECZK8,Versie Hillebrand,MG Advanced,Globex Corporation,Won,2017-07-21,2017-09-27,3038,FALSE,TRUE,68
JAH8NGC2,Vicki Laflamme,MG Advanced,Xx-holding,Won,2017-07-21,2017-09-24,2851,FALSE,TRUE,65
7B3DXNZL,Zane Levy,GTX Pro,Doncon,Won,2017-07-21,2017-07-22,5283,FALSE,TRUE,1
DZAFN4I1,Zane Levy,MG Special,Doncon,Won,2017-07-21,2017-07-23,49,FALSE,TRUE,2
6U7RD3TG,Cassey Cress,MG Advanced,Initech,Won,2017-07-22,2017-07-23,3684,FALSE,TRUE,1
610D6711,Cassey Cress,MG Advanced,Silis,Won,2017-07-22,2017-11-23,2986,FALSE,TRUE,124
3Z5NBGAT,Cecily Lampkin,MG Special,Stanredtax,Won,2017-07-22,2017-07-23,50,FALSE,TRUE,1
676KO0LG,Darcel Schlecht,GTX Plus Basic,Gogozoom,Won,2017-07-22,2017-07-29,927,FALSE,TRUE,7
D6PFP040,Darcel Schlecht,GTX Pro,dambase,Won,2017-07-22,2017-09-05,5113,FALSE,TRUE,45
MHMD41XY,Elease Gluck,MG Special,Blackzim,Won,2017-07-22,2017-07-23,51,FALSE,TRUE,1
LRLER1XS,Hayden Neloms,MG Special,Finjob,Won,2017-07-22,2017-09-14,64,FALSE,TRUE,54
12HRYJQH,Kary Hendrixson,GTX Basic,Konex,Won,2017-07-22,2017-07-23,442,FALSE,TRUE,1
Y7AC2LSL,Markita Hansen,MG Advanced,Blackzim,Won,2017-07-22,2017-09-30,3015,FALSE,TRUE,70
S7T5AHQH,Moses Frase,GTX Plus Basic,Stanredtax,Won,2017-07-22,2017-07-23,1174,FALSE,TRUE,1
48UPZJ45,Niesha Huffines,MG Advanced,Rangreen,Won,2017-07-22,2017-09-28,3696,FALSE,TRUE,68
YCQABCDI,Reed Clapper,MG Advanced,Betasoloin,Won,2017-07-22,2017-11-03,3252,FALSE,TRUE,104
1TJ6WP5R,Vicki Laflamme,MG Special,Hottechi,Won,2017-07-22,2017-09-23,65,FALSE,TRUE,63
WHF75273,Cassey Cress,GTX Plus Basic,Yearin,Won,2017-07-23,2017-09-05,904,FALSE,TRUE,44
AH58AQ3B,Cecily Lampkin,GTX Basic,Toughzap,Won,2017-07-23,2017-07-24,541,FALSE,TRUE,1
292W4P09,Corliss Cosme,GTX Basic,Kinnamplus,Won,2017-07-23,2017-07-25,630,FALSE,TRUE,2
MG0LTCCE,Daniell Hammack,GTX Plus Basic,Xx-zobam,Won,2017-07-23,2017-07-30,1231,FALSE,TRUE,7
ANNUH4KM,Darcel Schlecht,GTX Basic,Domzoom,Won,2017-07-23,2017-11-20,556,FALSE,TRUE,120
L3V8UK9H,Darcel Schlecht,GTX Plus Basic,Stanredtax,Won,2017-07-23,2017-07-31,1070,FALSE,TRUE,8
2CRE26AC,Elease Gluck,MG Special,Newex,Won,2017-07-23,2017-07-25,57,FALSE,TRUE,2
4PDYHVX1,James Ascencio,GTX Plus Pro,J-Texon,Won,2017-07-23,2017-07-25,4824,FALSE,TRUE,2
BICJY3FZ,Jonathan Berthelot,GTX Plus Pro,Streethex,Won,2017-07-23,2017-11-19,6049,FALSE,TRUE,119
4P12PLQA,Kami Bicknell,MG Special,Doncon,Won,2017-07-23,2017-07-28,58,FALSE,TRUE,5
4942W0E7,Kami Bicknell,MG Advanced,Konex,Won,2017-07-23,2017-08-20,3335,FALSE,TRUE,28
BNIU5YZ2,Marty Freudenburg,GTX Plus Basic,Toughzap,Won,2017-07-23,2017-08-07,1006,FALSE,TRUE,15
CPK36NED,Marty Freudenburg,MG Advanced,Streethex,Won,2017-07-23,2017-08-02,3367,FALSE,TRUE,10
YT5I3AUS,Reed Clapper,GTX Basic,Xx-zobam,Won,2017-07-23,2017-07-31,494,FALSE,TRUE,8
IS8Z2CQA,Reed Clapper,GTX Pro,Ontomedia,Won,2017-07-23,2017-07-30,4434,FALSE,TRUE,7
757V8R2Z,Violet Mclelland,MG Special,Initech,Won,2017-07-23,2017-09-01,54,FALSE,TRUE,40
7KUYF1U3,Violet Mclelland,MG Special,Kan-code,Won,2017-07-23,2017-08-06,48,FALSE,TRUE,14
7QE84GCH,Violet Mclelland,MG Advanced,Donware,Won,2017-07-23,2017-09-12,2855,FALSE,TRUE,51
1WA46LC9,Wilburn Farren,GTX Basic,Kinnamplus,Won,2017-07-23,2017-07-30,538,FALSE,TRUE,7
GHB3UIDV,Corliss Cosme,GTX Basic,Zotware,Won,2017-07-24,2017-07-26,458,FALSE,TRUE,2
23R03LTJ,Darcel Schlecht,GTX Plus Basic,Warephase,Won,2017-07-24,2017-08-07,996,FALSE,TRUE,14
AHUTOSMS,Darcel Schlecht,GTX Pro,Genco Pura Olive Oil Company,Won,2017-07-24,2017-07-31,4772,FALSE,TRUE,7
2T3QDLXY,Donn Cantrell,GTX Pro,Initech,Won,2017-07-24,2017-07-26,4490,FALSE,TRUE,2
J5DVK5F3,Donn Cantrell,MG Advanced,Gekko & Co,Won,2017-07-24,2017-11-02,3260,FALSE,TRUE,101
M3PCMYJ0,Elease Gluck,GTX Basic,Doncon,Won,2017-07-24,2017-08-06,584,FALSE,TRUE,13
H5RRJOD9,Elease Gluck,MG Advanced,Kan-code,Won,2017-07-24,2017-07-30,3371,FALSE,TRUE,6
BUQ655AB,Gladys Colclough,GTX Pro,Condax,Won,2017-07-24,2017-09-27,4868,FALSE,TRUE,65
QDNA6HW3,Gladys Colclough,MG Advanced,Rangreen,Won,2017-07-24,2017-08-07,3271,FALSE,TRUE,14
CA3BRUJO,Marty Freudenburg,GTX Plus Basic,Konmatfix,Won,2017-07-24,2017-07-25,1171,FALSE,TRUE,1
U5K1Y35J,Moses Frase,MG Special,Inity,Won,2017-07-24,2017-07-25,58,FALSE,TRUE,1
IT2UBEW4,Rosie Papadopoulos,MG Special,Zotware,Won,2017-07-24,2017-07-25,59,FALSE,TRUE,1
X19CKKZ1,Versie Hillebrand,MG Special,Hottechi,Won,2017-07-24,2017-07-31,50,FALSE,TRUE,7
JND57DH5,Boris Faz,MG Special,Iselectrics,Won,2017-07-25,2017-08-01,48,FALSE,TRUE,7
8PUH80YZ,Cassey Cress,GTX Basic,Bubba Gump,Won,2017-07-25,2017-08-21,511,FALSE,TRUE,27
22WVAXR2,Cassey Cress,GTX Plus Basic,Massive Dynamic,Won,2017-07-25,2017-07-29,1311,FALSE,TRUE,4
LJ5FQGLZ,Daniell Hammack,GTX Plus Pro,Plussunin,Won,2017-07-25,2017-07-27,6100,FALSE,TRUE,2
KMJMLQ4P,Daniell Hammack,MG Special,Silis,Won,2017-07-25,2017-08-01,61,FALSE,TRUE,7
6UUZ4IJ5,Darcel Schlecht,GTX Basic,Ron-tech,Won,2017-07-25,2017-08-03,528,FALSE,TRUE,9
6EXXL6M4,Darcel Schlecht,GTX Basic,Stanredtax,Won,2017-07-25,2017-07-31,581,FALSE,TRUE,6
L9BTE2RA,Darcel Schlecht,GTX Plus Pro,Toughzap,Won,2017-07-25,2017-09-29,5947,FALSE,TRUE,66
D28ANNYX,Kami Bicknell,GTX Basic,Green-Plus,Won,2017-07-25,2017-12-02,508,FALSE,TRUE,130
10ICDVM2,Lajuana Vencill,GTX Basic,Konmatfix,Won,2017-07-25,2017-07-30,537,FALSE,TRUE,5
IVANA47K,Marty Freudenburg,GTX Plus Basic,Cancity,Won,2017-07-25,2017-07-27,1031,FALSE,TRUE,2
4KP2GEFF,Niesha Huffines,GTX Plus Basic,dambase,Won,2017-07-25,2017-11-03,1077,FALSE,TRUE,101
WOB1ULFR,Versie Hillebrand,MG Advanced,Dontechi,Won,2017-07-25,2017-11-04,3306,FALSE,TRUE,102
7IKDD9UG,Violet Mclelland,GTX Basic,Bioplex,Won,2017-07-25,2017-07-26,491,FALSE,TRUE,1
59SUBXGP,Anna Snelling,MG Special,Streethex,Won,2017-07-26,2017-12-02,53,FALSE,TRUE,129
TFL3C3JS,Cassey Cress,GTX Plus Pro,Initech,Won,2017-07-26,2017-09-27,5228,FALSE,TRUE,63
V2JOV5MF,Darcel Schlecht,GTX Pro,Domzoom,Won,2017-07-26,2017-07-27,4677,FALSE,TRUE,1
0MKW8IPC,Donn Cantrell,GTX Basic,Xx-zobam,Won,2017-07-26,2017-07-28,554,FALSE,TRUE,2
P8P9MKJL,Gladys Colclough,GTX Plus Pro,dambase,Won,2017-07-26,2017-09-23,5548,FALSE,TRUE,59
S7PY8R2V,Gladys Colclough,MG Advanced,Funholding,Won,2017-07-26,2017-07-28,3809,FALSE,TRUE,2
CEWDZ3ZD,Kary Hendrixson,MG Special,Scotfind,Won,2017-07-26,2017-08-10,53,FALSE,TRUE,15
BR18O9U1,Marty Freudenburg,GTX Plus Basic,Ron-tech,Won,2017-07-26,2017-07-28,1044,FALSE,TRUE,2
KO7UWLAU,Wilburn Farren,MG Advanced,Xx-zobam,Won,2017-07-26,2017-07-28,3596,FALSE,TRUE,2
AWFSNZ2U,Zane Levy,GTX Plus Basic,Singletechno,Won,2017-07-26,2017-12-01,1091,FALSE,TRUE,128
S3E48VE0,Zane Levy,GTX Pro,Plexzap,Won,2017-07-26,2017-09-26,6000,FALSE,TRUE,62
SCR1IKLQ,Anna Snelling,GTX Plus Pro,Bioholding,Won,2017-07-27,2017-07-29,5068,FALSE,TRUE,2
IF8PILJR,Anna Snelling,MG Special,Globex Corporation,Won,2017-07-27,2017-07-29,46,FALSE,TRUE,2
HTY5G7DI,Cecily Lampkin,MG Advanced,Scottech,Won,2017-07-27,2017-08-02,3025,FALSE,TRUE,6
2GQH9FKJ,Darcel Schlecht,GTX Pro,dambase,Won,2017-07-27,2017-08-09,4790,FALSE,TRUE,13
MW3K8553,Darcel Schlecht,GTX Pro,Zumgoity,Won,2017-07-27,2017-08-23,4861,FALSE,TRUE,27
RDFUGEA2,James Ascencio,GTX Basic,Hottechi,Won,2017-07-27,2017-09-15,586,FALSE,TRUE,50
I8TEUO2C,Kami Bicknell,GTX Basic,Scotfind,Won,2017-07-27,2017-08-10,514,FALSE,TRUE,14
BY1TB6D2,Markita Hansen,GTX Pro,Konex,Won,2017-07-27,2017-07-28,4209,FALSE,TRUE,1
8IOAX81S,Marty Freudenburg,GTX Plus Basic,Domzoom,Won,2017-07-27,2017-08-07,965,FALSE,TRUE,11
YUGFGRUT,Vicki Laflamme,GTX Basic,Groovestreet,Won,2017-07-27,2017-08-06,651,FALSE,TRUE,10
Z6FPHRV7,Corliss Cosme,GTX Basic,Ganjaflex,Won,2017-07-28,2017-11-11,550,FALSE,TRUE,106
80S3ED8B,Darcel Schlecht,GTX Basic,Conecom,Won,2017-07-28,2017-08-23,589,FALSE,TRUE,26
2IKGOPW1,Darcel Schlecht,GTX Pro,Inity,Won,2017-07-28,2017-07-30,4387,FALSE,TRUE,2
7Y10BR02,Darcel Schlecht,GTX Pro,Streethex,Won,2017-07-28,2017-07-30,4555,FALSE,TRUE,2
9T954T67,Elease Gluck,GTX Basic,Green-Plus,Won,2017-07-28,2017-07-29,514,FALSE,TRUE,1
I5FVCO24,Jonathan Berthelot,GTX Pro,Cancity,Won,2017-07-28,2017-07-29,4671,FALSE,TRUE,1
NFKUICVA,Kami Bicknell,GTX Basic,Singletechno,Won,2017-07-28,2017-11-15,518,FALSE,TRUE,110
8UCQBI6J,Marty Freudenburg,GTX Pro,Cancity,Won,2017-07-28,2017-07-29,4172,FALSE,TRUE,1
BZNGP0DN,Reed Clapper,MG Special,Massive Dynamic,Won,2017-07-28,2017-08-10,53,FALSE,TRUE,13
E4KNZB95,Versie Hillebrand,MG Special,Bioholding,Won,2017-07-28,2017-08-19,53,FALSE,TRUE,22
PJDA3RWU,Versie Hillebrand,MG Special,Condax,Won,2017-07-28,2017-08-03,60,FALSE,TRUE,6
YUORNX7C,Versie Hillebrand,MG Special,Inity,Won,2017-07-28,2017-11-01,53,FALSE,TRUE,96
WCCEBK6E,Anna Snelling,GTX Plus Pro,Isdom,Won,2017-07-29,2017-08-05,4603,FALSE,TRUE,7
5SCMRQ9N,Cecily Lampkin,GTX Basic,Finhigh,Won,2017-07-29,2017-09-05,610,FALSE,TRUE,38
A3I4JHP0,Daniell Hammack,GTX Plus Basic,Konex,Won,2017-07-29,2017-08-06,1189,FALSE,TRUE,8
BC53PQMQ,Donn Cantrell,GTX Plus Pro,Sumace,Won,2017-07-29,2017-07-31,5480,FALSE,TRUE,2
AU1OZUN8,Elease Gluck,MG Special,Sonron,Won,2017-07-29,2017-11-02,56,FALSE,TRUE,96
D6CRJSEP,Garret Kinder,GTX Plus Basic,Zotware,Won,2017-07-29,2017-09-16,983,FALSE,TRUE,49
5G9WEZTP,Garret Kinder,GTX Pro,Massive Dynamic,Won,2017-07-29,2017-08-16,5319,FALSE,TRUE,18
KRK5YFGW,James Ascencio,GTX Pro,Konex,Won,2017-07-29,2017-08-08,4941,FALSE,TRUE,10
GJQFUUWI,James Ascencio,MG Advanced,Sunnamplex,Won,2017-07-29,2017-08-02,3260,FALSE,TRUE,4
VZ1ETER5,Kami Bicknell,GTX Plus Pro,Goodsilron,Won,2017-07-29,2017-07-31,4842,FALSE,TRUE,2
YOFRJU68,Kami Bicknell,MG Advanced,Blackzim,Won,2017-07-29,2017-09-29,3463,FALSE,TRUE,62
4MTIOMFQ,Reed Clapper,GTX Pro,Mathtouch,Won,2017-07-29,2017-08-08,4252,FALSE,TRUE,10
J096XFZG,Rosie Papadopoulos,GTX Pro,Zotware,Won,2017-07-29,2017-09-04,4906,FALSE,TRUE,37
D6U1NYBU,Corliss Cosme,MG Advanced,Umbrella Corporation,Won,2017-07-30,2017-11-18,3113,FALSE,TRUE,111
9Q2SYGPP,Daniell Hammack,GTX Plus Basic,Bluth Company,Won,2017-07-30,2017-08-10,1097,FALSE,TRUE,11
KQLS98VW,Darcel Schlecht,GTX Plus Basic,Condax,Won,2017-07-30,2017-12-04,1245,FALSE,TRUE,127
LKQL4GRO,Darcel Schlecht,GTX Plus Basic,Scottech,Won,2017-07-30,2017-08-04,1160,FALSE,TRUE,5
4DKUZ8JE,Darcel Schlecht,MG Special,Bioholding,Won,2017-07-30,2017-07-31,53,FALSE,TRUE,1
S5NZI5UN,James Ascencio,GTX Pro,Cheers,Won,2017-07-30,2017-09-10,5031,FALSE,TRUE,42
XQQ3JS90,Jonathan Berthelot,GTX Pro,Rangreen,Won,2017-07-30,2017-07-31,5741,FALSE,TRUE,1
5SED9K1C,Kami Bicknell,GTX Plus Basic,Plusstrip,Won,2017-07-30,2017-08-09,1038,FALSE,TRUE,10
PST4NDK4,Lajuana Vencill,GTX Basic,Funholding,Won,2017-07-30,2017-08-09,502,FALSE,TRUE,10
8U9DLK26,Maureen Marcano,GTX Pro,Nam-zim,Won,2017-07-30,2017-07-31,4913,FALSE,TRUE,1
DDWSCXZA,Moses Frase,MG Advanced,Rundofase,Won,2017-07-30,2017-09-19,3457,FALSE,TRUE,51
T2UA7F7Z,Reed Clapper,GTX Plus Pro,Opentech,Won,2017-07-30,2017-08-08,5204,FALSE,TRUE,9
FOGOYZ75,Rosie Papadopoulos,MG Advanced,Plussunin,Won,2017-07-30,2017-08-07,3019,FALSE,TRUE,8
I9IJS5BM,Rosie Papadopoulos,MG Advanced,Sumace,Won,2017-07-30,2017-08-18,3453,FALSE,TRUE,19
2HU8CPJ3,Vicki Laflamme,MG Advanced,Labdrill,Won,2017-07-30,2017-11-13,3464,FALSE,TRUE,106
M2UI5MKB,Violet Mclelland,MG Advanced,Zathunicon,Won,2017-07-30,2017-08-19,2937,FALSE,TRUE,20
HWVR6IJ7,Wilburn Farren,GTX Basic,Kan-code,Won,2017-07-30,2017-08-15,463,FALSE,TRUE,16
V0XFS245,Boris Faz,GTX Pro,Bluth Company,Won,2017-07-31,2017-09-11,4096,FALSE,TRUE,42
XN43RX9C,Markita Hansen,MG Advanced,Sunnamplex,Won,2017-07-31,2017-08-10,3187,FALSE,TRUE,10
XUU1PPTJ,Moses Frase,GTX Plus Pro,Rangreen,Won,2017-07-31,2017-11-10,5234,FALSE,TRUE,102
KZMZH8L6,Reed Clapper,GTX Plus Pro,Zotware,Won,2017-07-31,2017-09-28,6180,FALSE,TRUE,59
7WU2BQ2P,Versie Hillebrand,MG Special,Inity,Won,2017-07-31,2017-08-10,53,FALSE,TRUE,10
6YCDG16T,Vicki Laflamme,MG Advanced,Cheers,Won,2017-07-31,2017-08-12,3687,FALSE,TRUE,12
BVKAXY66,Zane Levy,GTX Pro,Konex,Won,2017-07-31,2017-08-20,6069,FALSE,TRUE,20
7CYRCTXI,Anna Snelling,MG Advanced,Konmatfix,Won,2017-08-01,2017-08-16,3452,FALSE,TRUE,15
IH4M0XTK,Cassey Cress,MG Advanced,Kinnamplus,Won,2017-08-01,2017-08-09,3156,FALSE,TRUE,8
6BBYA0L3,Hayden Neloms,GTX Plus Basic,Rantouch,Won,2017-08-01,2017-08-06,1157,FALSE,TRUE,5
S3J60BK0,James Ascencio,GTX Plus Basic,Plexzap,Won,2017-08-01,2017-11-22,1040,FALSE,TRUE,113
IKIJHQPN,Jonathan Berthelot,MG Special,Streethex,Won,2017-08-01,2017-12-16,49,FALSE,TRUE,137
OJ9KBQML,Lajuana Vencill,GTX Basic,Inity,Won,2017-08-01,2017-09-19,454,FALSE,TRUE,49
W66UPKL4,Markita Hansen,GTX Plus Basic,Zoomit,Won,2017-08-01,2017-11-18,1106,FALSE,TRUE,109
2S7CMLRJ,Maureen Marcano,GTX Plus Basic,Goodsilron,Won,2017-08-01,2017-08-08,1143,FALSE,TRUE,7
18KMXL8N,Maureen Marcano,GTX Plus Pro,J-Texon,Won,2017-08-01,2017-11-06,4434,FALSE,TRUE,97
K44PIQTN,Vicki Laflamme,GTX Plus Basic,Rantouch,Won,2017-08-01,2017-09-26,1193,FALSE,TRUE,56
NWQHHVEM,Vicki Laflamme,GTX Pro,Goodsilron,Won,2017-08-01,2017-08-21,5049,FALSE,TRUE,20
ZJ76J97A,Vicki Laflamme,GTX Pro,Konex,Won,2017-08-01,2017-08-19,5300,FALSE,TRUE,18
4Q1A27SA,Vicki Laflamme,MG Advanced,Singletechno,Won,2017-08-01,2017-11-20,3597,FALSE,TRUE,111
FOQK8G8Y,Zane Levy,GTX Basic,Sonron,Won,2017-08-01,2017-08-06,606,FALSE,TRUE,5
OEUK1UW5,Corliss Cosme,GTX Plus Basic,Condax,Won,2017-08-02,2017-11-09,1123,FALSE,TRUE,99
LF45YLLR,Corliss Cosme,GTX Pro,Initech,Won,2017-08-02,2017-08-12,5205,FALSE,TRUE,10
RYYTO9Z5,Daniell Hammack,GTX Basic,Yearin,Won,2017-08-02,2017-11-01,592,FALSE,TRUE,91
R9VR53F3,Daniell Hammack,GTX Plus Pro,Umbrella Corporation,Won,2017-08-02,2017-08-14,6284,FALSE,TRUE,12
R1X6U9CU,James Ascencio,GTX Plus Pro,Kan-code,Won,2017-08-02,2017-08-05,4231,FALSE,TRUE,3
R0O1UYNW,Violet Mclelland,MG Special,Bluth Company,Won,2017-08-02,2017-08-10,53,FALSE,TRUE,8
G44S6CLC,Anna Snelling,MG Special,Cancity,Won,2017-08-03,2017-08-16,52,FALSE,TRUE,13
IMLB4653,Boris Faz,GTX Plus Basic,Gekko & Co,Won,2017-08-03,2017-08-22,938,FALSE,TRUE,19
6KPKOR79,Donn Cantrell,GTX Plus Basic,Bioplex,Won,2017-08-03,2017-09-13,1050,FALSE,TRUE,41
D42GA3LC,Donn Cantrell,MG Advanced,Vehement Capital Partners,Won,2017-08-03,2017-08-11,3440,FALSE,TRUE,8
U4BPFJC5,Niesha Huffines,GTX Plus Basic,Inity,Won,2017-08-03,2017-08-21,1126,FALSE,TRUE,18
MJ3XHBY0,Reed Clapper,GTX Pro,Donquadtech,Won,2017-08-03,2017-08-14,3963,FALSE,TRUE,11
LT75S3LM,Reed Clapper,GTX Pro,Kinnamplus,Won,2017-08-03,2017-08-11,5401,FALSE,TRUE,8
O9MGYBG4,Rosie Papadopoulos,GTX Plus Basic,Silis,Won,2017-08-03,2017-12-02,965,FALSE,TRUE,121
FLH1KDV2,Versie Hillebrand,GTX Basic,Hottechi,Won,2017-08-03,2017-11-01,534,FALSE,TRUE,90
GVSAAKF4,Wilburn Farren,MG Special,Massive Dynamic,Won,2017-08-03,2017-11-21,50,FALSE,TRUE,110
R6F1053X,Donn Cantrell,GTX Pro,Konex,Won,2017-08-04,2017-08-11,5186,FALSE,TRUE,7
OB2PHGFR,Elease Gluck,MG Advanced,J-Texon,Won,2017-08-04,2017-11-04,3308,FALSE,TRUE,92
Y2X0X0WQ,Gladys Colclough,MG Advanced,Finhigh,Won,2017-08-04,2017-12-07,3367,FALSE,TRUE,125
7WYZ9HMC,Kary Hendrixson,GTX Basic,Scotfind,Won,2017-08-04,2017-09-16,518,FALSE,TRUE,43
P0YQ3HNN,Reed Clapper,GTX Plus Basic,Kan-code,Won,2017-08-04,2017-09-11,1128,FALSE,TRUE,38
TGI9B9AD,Reed Clapper,GTX Plus Pro,Bioplex,Won,2017-08-04,2017-12-16,6318,FALSE,TRUE,134
EFUIZFRA,Daniell Hammack,GTX Pro,Ontomedia,Won,2017-08-05,2017-09-19,4935,FALSE,TRUE,45
D4ZMTQLE,Darcel Schlecht,GTX Plus Basic,Scottech,Won,2017-08-05,2017-12-20,1013,FALSE,TRUE,137
QFXZT1TV,Donn Cantrell,GTX Basic,Yearin,Won,2017-08-05,2017-12-20,573,FALSE,TRUE,137
3Q8GSOKD,Donn Cantrell,GTX Basic,Zathunicon,Won,2017-08-05,2017-12-04,535,FALSE,TRUE,121
G2KW3DWD,Lajuana Vencill,GTX Plus Basic,Condax,Won,2017-08-05,2017-11-02,1080,FALSE,TRUE,89
IK72767Q,Marty Freudenburg,GTX Basic,Finhigh,Won,2017-08-05,2017-12-14,609,FALSE,TRUE,131
1V1L46NV,Versie Hillebrand,GTX Basic,Rundofase,Won,2017-08-05,2017-11-09,563,FALSE,TRUE,96
UADVV91I,Corliss Cosme,MG Special,Bluth Company,Won,2017-08-06,2017-12-01,59,FALSE,TRUE,117
E9PMCMA3,Corliss Cosme,MG Special,Donquadtech,Won,2017-08-06,2017-11-14,54,FALSE,TRUE,100
QYUZ3KVU,Donn Cantrell,MG Advanced,Mathtouch,Won,2017-08-06,2017-08-11,3114,FALSE,TRUE,5
5TOZM59X,Elease Gluck,MG Special,Rantouch,Won,2017-08-06,2017-08-17,60,FALSE,TRUE,11
IQAFSIV4,Garret Kinder,GTX Basic,Kan-code,Won,2017-08-06,2017-08-27,422,FALSE,TRUE,21
EETBBG75,Garret Kinder,MG Advanced,Konex,Won,2017-08-06,2017-09-20,3971,FALSE,TRUE,45
6W7QAH1B,Kami Bicknell,GTX Basic,Konex,Won,2017-08-06,2017-12-18,510,FALSE,TRUE,134
KXLD5YKX,Kami Bicknell,MG Advanced,Scotfind,Won,2017-08-06,2017-11-19,4032,FALSE,TRUE,105
ZDSAVCDQ,Rosie Papadopoulos,MG Special,Plussunin,Won,2017-08-06,2017-08-12,52,FALSE,TRUE,6
TXPUCPT8,Cecily Lampkin,MG Advanced,Globex Corporation,Won,2017-08-07,2017-11-17,3684,FALSE,TRUE,102
4335LVQT,Corliss Cosme,GTX Plus Pro,Zotware,Won,2017-08-07,2017-11-19,4648,FALSE,TRUE,104
MJ0RRDLN,Corliss Cosme,GTX Pro,Gekko & Co,Won,2017-08-07,2017-12-05,4639,FALSE,TRUE,120
4XLLUO6J,Darcel Schlecht,GTX Plus Pro,Inity,Won,2017-08-07,2017-09-17,6360,FALSE,TRUE,41
FB0Q3FYP,Gladys Colclough,GTX Pro,Inity,Won,2017-08-07,2017-09-22,4722,FALSE,TRUE,46
RB54V758,James Ascencio,MG Advanced,Sunnamplex,Won,2017-08-07,2017-08-17,3039,FALSE,TRUE,10
38C7HEG6,Jonathan Berthelot,GTX Plus Basic,Rundofase,Won,2017-08-07,2017-11-01,1080,FALSE,TRUE,86
DSPMSOTB,Lajuana Vencill,MG Advanced,Globex Corporation,Won,2017-08-07,2017-12-13,3063,FALSE,TRUE,128
R2DID6L7,Violet Mclelland,MG Special,Acme Corporation,Won,2017-08-07,2017-11-04,52,FALSE,TRUE,89
WHS3UZHR,Violet Mclelland,MG Special,Bluth Company,Won,2017-08-07,2017-11-09,51,FALSE,TRUE,94
5UFQONQU,Zane Levy,GTX Pro,Condax,Won,2017-08-07,2017-11-27,4480,FALSE,TRUE,112
RRQIGS7E,Anna Snelling,MG Special,dambase,Won,2017-08-08,2017-08-18,53,FALSE,TRUE,10
1VFRN1GB,Cassey Cress,GTX Basic,Xx-zobam,Won,2017-08-08,2017-08-27,582,FALSE,TRUE,19
PWKFVQFA,Cecily Lampkin,MG Advanced,Warephase,Won,2017-08-08,2017-11-08,3354,FALSE,TRUE,92
0SIWRBDT,Daniell Hammack,GTX Plus Basic,Konex,Won,2017-08-08,2017-12-22,1135,FALSE,TRUE,136
VQB0ZCYJ,Donn Cantrell,GTX Pro,Initech,Won,2017-08-08,2017-08-11,4859,FALSE,TRUE,3
6IMKESNY,Jonathan Berthelot,GTX Plus Basic,Toughzap,Won,2017-08-08,2017-08-17,1085,FALSE,TRUE,9
TCBW39GW,Marty Freudenburg,GTX Plus Basic,Zumgoity,Won,2017-08-08,2017-11-07,1196,FALSE,TRUE,91
F9QHNS68,Marty Freudenburg,GTX Plus Pro,Warephase,Won,2017-08-08,2017-08-19,5572,FALSE,TRUE,11
7DA7E2K7,Maureen Marcano,MG Advanced,J-Texon,Won,2017-08-08,2017-11-06,3415,FALSE,TRUE,90
S0WEFDP2,Daniell Hammack,GTX Plus Basic,Plussunin,Won,2017-08-09,2017-09-24,1176,FALSE,TRUE,46
PXXIJWXD,Darcel Schlecht,GTX Pro,Streethex,Won,2017-08-09,2017-11-02,4313,FALSE,TRUE,85
AQFXE1TA,Donn Cantrell,GTX Pro,Konex,Won,2017-08-09,2017-09-15,4662,FALSE,TRUE,37
XMVJ5X59,Garret Kinder,MG Advanced,Plussunin,Won,2017-08-09,2017-11-07,2715,FALSE,TRUE,90
SX73M3HS,James Ascencio,GTX Basic,Hottechi,Won,2017-08-09,2017-12-19,511,FALSE,TRUE,132
YDUL6H8V,Markita Hansen,GTX Plus Basic,Goodsilron,Won,2017-08-09,2017-12-08,1017,FALSE,TRUE,121
3F9NDPA0,Maureen Marcano,GTX Plus Basic,Konex,Won,2017-08-09,2017-08-10,1102,FALSE,TRUE,1
UMKU4ZGE,Maureen Marcano,MG Special,Kan-code,Won,2017-08-09,2017-12-04,67,FALSE,TRUE,117
56SRDF1B,Moses Frase,MG Special,Genco Pura Olive Oil Company,Won,2017-08-09,2017-09-09,59,FALSE,TRUE,31
6UQTAD4C,Niesha Huffines,GTX Basic,Hottechi,Won,2017-08-09,2017-12-09,569,FALSE,TRUE,122
HT17GEXI,Reed Clapper,GTX Basic,Xx-zobam,Won,2017-08-09,2017-12-13,517,FALSE,TRUE,126
JVKP9OCT,Boris Faz,GTX Plus Basic,Donware,Won,2017-08-10,2017-08-22,1171,FALSE,TRUE,12
533RTCAL,Corliss Cosme,GTX Plus Basic,Donquadtech,Won,2017-08-10,2017-08-20,1143,FALSE,TRUE,10
NUBMO8S7,Daniell Hammack,GTX Pro,Kan-code,Won,2017-08-10,2017-12-07,5315,FALSE,TRUE,119
X7V78ZY0,Elease Gluck,MG Special,Scotfind,Won,2017-08-10,2017-08-16,49,FALSE,TRUE,6
DMN53GAI,Hayden Neloms,MG Advanced,J-Texon,Won,2017-08-10,2017-08-13,3511,FALSE,TRUE,3
C23N9DE9,Marty Freudenburg,GTX Plus Basic,Codehow,Won,2017-08-10,2017-08-27,1108,FALSE,TRUE,17
GN9SQ77J,Niesha Huffines,GTX Plus Pro,Inity,Won,2017-08-10,2017-08-25,5671,FALSE,TRUE,15
W0TOD23Z,Versie Hillebrand,GTX Basic,Bioholding,Won,2017-08-10,2017-09-24,546,FALSE,TRUE,45
2SI35CTV,Vicki Laflamme,MG Special,Golddex,Won,2017-08-10,2017-12-06,57,FALSE,TRUE,118
58CZCKFN,Vicki Laflamme,MG Advanced,Doncon,Won,2017-08-10,2017-09-28,3195,FALSE,TRUE,49
ZHXBOIJ6,Anna Snelling,MG Special,Dontechi,Won,2017-08-11,2017-08-18,46,FALSE,TRUE,7
FBVCN3BA,Anna Snelling,MG Special,Streethex,Won,2017-08-11,2017-11-07,65,FALSE,TRUE,88
KJGZN9D4,Jonathan Berthelot,GTX Basic,Rangreen,Won,2017-08-11,2017-11-11,526,FALSE,TRUE,92
MITXNS42,Jonathan Berthelot,GTX Pro,Genco Pura Olive Oil Company,Won,2017-08-11,2017-11-10,4809,FALSE,TRUE,91
ORJRH2SQ,Markita Hansen,GTX Plus Basic,Green-Plus,Won,2017-08-11,2017-08-14,1105,FALSE,TRUE,3
SBCNMFUN,Vicki Laflamme,MG Special,Sunnamplex,Won,2017-08-11,2017-08-16,56,FALSE,TRUE,5
XTCCGBYM,Cassey Cress,GTX Pro,Ganjaflex,Won,2017-08-12,2017-11-10,4161,FALSE,TRUE,90
0UB5IQXA,Cecily Lampkin,MG Special,Codehow,Won,2017-08-12,2017-11-23,65,FALSE,TRUE,103
ASVOOKMY,Corliss Cosme,GTX Basic,Zathunicon,Won,2017-08-12,2017-09-03,524,FALSE,TRUE,22
J6TNURHV,Darcel Schlecht,GTX Basic,Inity,Won,2017-08-12,2017-11-20,481,FALSE,TRUE,100
9PG07FPP,Darcel Schlecht,GTX Basic,Treequote,Won,2017-08-12,2017-11-11,520,FALSE,TRUE,91
U3HKMX4U,Darcel Schlecht,GTX Pro,Codehow,Won,2017-08-12,2017-11-04,4582,FALSE,TRUE,84
A7YPY8KI,Elease Gluck,MG Special,Fasehatice,Won,2017-08-12,2017-08-21,53,FALSE,TRUE,9
XE0H6MOP,Maureen Marcano,GTX Basic,Hottechi,Won,2017-08-12,2017-09-22,559,FALSE,TRUE,41
3OA6FZUD,Versie Hillebrand,MG Advanced,Treequote,Won,2017-08-12,2017-11-29,3165,FALSE,TRUE,109
SUOT8GB6,Vicki Laflamme,MG Advanced,Blackzim,Won,2017-08-12,2017-11-14,3779,FALSE,TRUE,94
Q3TDGMAR,Violet Mclelland,MG Special,Donquadtech,Won,2017-08-12,2017-11-12,48,FALSE,TRUE,92
HQ2QSZUP,Anna Snelling,MG Special,Streethex,Won,2017-08-13,2017-11-02,50,FALSE,TRUE,81
AIU1UWJZ,Corliss Cosme,GTX Pro,Zotware,Won,2017-08-13,2017-08-22,4498,FALSE,TRUE,9
C205FMDE,Corliss Cosme,MG Special,Zencorporation,Won,2017-08-13,2017-09-01,59,FALSE,TRUE,19
OF5AZQID,Darcel Schlecht,GTX Pro,Dontechi,Won,2017-08-13,2017-11-05,4810,FALSE,TRUE,84
8H0UQYXW,James Ascencio,MG Advanced,Kan-code,Won,2017-08-13,2017-11-07,3972,FALSE,TRUE,86
96MOALT0,Kary Hendrixson,GTX Basic,Konex,Won,2017-08-13,2017-08-18,573,FALSE,TRUE,5
B5WZQP1F,Markita Hansen,GTX Pro,Zoomit,Won,2017-08-13,2017-11-28,5540,FALSE,TRUE,107
4BUQW2T0,Maureen Marcano,GTX Plus Basic,Cheers,Won,2017-08-13,2017-08-24,1130,FALSE,TRUE,11
ZHOK77B4,Reed Clapper,GTX Pro,Zotware,Won,2017-08-13,2017-11-02,4743,FALSE,TRUE,81
TP4SDOPW,Reed Clapper,MG Advanced,Plussunin,Won,2017-08-13,2017-08-29,3732,FALSE,TRUE,16
BUZMB3Q4,Vicki Laflamme,MG Special,Finjob,Won,2017-08-13,2017-11-26,59,FALSE,TRUE,105
JTXYATXL,Zane Levy,GTX Basic,Konex,Won,2017-08-13,2017-11-15,510,FALSE,TRUE,94
P2PVED7R,Cassey Cress,GTX Plus Basic,Kan-code,Won,2017-08-14,2017-08-30,907,FALSE,TRUE,16
LFMMI05H,Cassey Cress,GTX Plus Pro,Acme Corporation,Won,2017-08-14,2017-12-21,5881,FALSE,TRUE,129
2ICN8RJP,Darcel Schlecht,GTX Pro,Rundofase,Won,2017-08-14,2017-11-04,3902,FALSE,TRUE,82
N0XWYRBU,Kami Bicknell,GTX Plus Pro,Goodsilron,Won,2017-08-14,2017-11-10,6186,FALSE,TRUE,88
HY9VGF58,Kary Hendrixson,GTX Plus Basic,Plexzap,Won,2017-08-14,2017-08-24,1094,FALSE,TRUE,10
MVU1OZVS,Versie Hillebrand,MG Special,Rangreen,Won,2017-08-14,2017-11-30,53,FALSE,TRUE,108
1BAF1ZYL,Vicki Laflamme,GTX Basic,Plexzap,Won,2017-08-14,2017-08-19,551,FALSE,TRUE,5
MTBQF6FE,Anna Snelling,MG Special,Globex Corporation,Won,2017-08-15,2017-11-05,57,FALSE,TRUE,82
3S3O03ZV,Cassey Cress,GTX Basic,Gekko & Co,Won,2017-08-15,2017-08-25,552,FALSE,TRUE,10
94JT388Y,Corliss Cosme,GTX Plus Pro,The New York Inquirer,Won,2017-08-15,2017-09-01,4520,FALSE,TRUE,17
AKC9GNVA,Corliss Cosme,GTX Pro,Umbrella Corporation,Won,2017-08-15,2017-11-09,5868,FALSE,TRUE,86
0R1F3OIN,Daniell Hammack,MG Advanced,Bioplex,Won,2017-08-15,2017-08-22,2682,FALSE,TRUE,7
ANZJNT1Q,Darcel Schlecht,GTX Plus Basic,Rundofase,Won,2017-08-15,2017-08-25,1104,FALSE,TRUE,10
MX3QZ682,Darcel Schlecht,GTX Pro,Globex Corporation,Won,2017-08-15,2017-11-09,5107,FALSE,TRUE,86
WMJDLTEF,Donn Cantrell,GTX Basic,Ontomedia,Won,2017-08-15,2017-11-25,533,FALSE,TRUE,102
3XUKEIQF,Donn Cantrell,GTX Plus Pro,Plussunin,Won,2017-08-15,2017-12-11,5454,FALSE,TRUE,118
3UOIHNKR,James Ascencio,GTX Plus Pro,Plusstrip,Won,2017-08-15,2017-09-03,5533,FALSE,TRUE,19
5WVY52IX,Jonathan Berthelot,MG Special,Statholdings,Won,2017-08-15,2017-11-12,57,FALSE,TRUE,89
3K3LQ0H5,Kami Bicknell,GTX Basic,Scotfind,Won,2017-08-15,2017-08-23,557,FALSE,TRUE,8
H45TYGRR,Markita Hansen,MG Advanced,Fasehatice,Won,2017-08-15,2017-08-26,3271,FALSE,TRUE,11
DCNA3CA1,Moses Frase,GTX Basic,Scottech,Won,2017-08-15,2017-12-18,716,FALSE,TRUE,125
484WREJQ,Reed Clapper,GTX Plus Basic,Zencorporation,Won,2017-08-15,2017-09-03,1024,FALSE,TRUE,19
6H1MBBVR,Reed Clapper,GTX Pro,Mathtouch,Won,2017-08-15,2017-08-23,4545,FALSE,TRUE,8
IDYA1X6O,Violet Mclelland,MG Special,Donquadtech,Won,2017-08-15,2017-11-23,55,FALSE,TRUE,100
U83R2K8I,Anna Snelling,MG Special,Treequote,Won,2017-08-16,2017-08-29,53,FALSE,TRUE,13
PH1IKJ0W,Boris Faz,GTX Pro,Kan-code,Won,2017-08-16,2017-11-26,4732,FALSE,TRUE,102
8BP0QGNP,Cassey Cress,GTX Basic,Zencorporation,Won,2017-08-16,2017-11-16,578,FALSE,TRUE,92
BIH4D0JL,Kami Bicknell,GTX Basic,Blackzim,Won,2017-08-16,2017-08-23,557,FALSE,TRUE,7
M49ZMLGL,Kami Bicknell,MG Special,Finjob,Won,2017-08-16,2017-09-04,57,FALSE,TRUE,19
FRRJMFIJ,Rosie Papadopoulos,GTX Basic,Kan-code,Won,2017-08-16,2017-09-24,501,FALSE,TRUE,39
QROXE17S,Versie Hillebrand,GTX Plus Basic,Rangreen,Won,2017-08-16,2017-08-29,1084,FALSE,TRUE,13
H3ZR0CQW,Versie Hillebrand,MG Special,Dontechi,Won,2017-08-16,2017-09-02,56,FALSE,TRUE,17
X2GXIKND,Anna Snelling,GTX Plus Pro,Hottechi,Won,2017-08-17,2017-11-22,5468,FALSE,TRUE,97
KP1L9SXH,Cassey Cress,GTX Basic,Zencorporation,Won,2017-08-17,2017-11-19,567,FALSE,TRUE,94
DVAOMCYK,Darcel Schlecht,GTX Plus Basic,Dontechi,Won,2017-08-17,2017-11-19,1029,FALSE,TRUE,94
9LJAADWH,Kary Hendrixson,GTX Basic,Fasehatice,Won,2017-08-17,2017-11-08,430,FALSE,TRUE,83
8BGC94TT,Maureen Marcano,GTX Pro,Kan-code,Won,2017-08-17,2017-11-17,5316,FALSE,TRUE,92
HIOHPBO1,Rosie Papadopoulos,MG Advanced,Kan-code,Won,2017-08-17,2017-09-04,3913,FALSE,TRUE,18
5A4Q7X1W,Zane Levy,GTX Basic,Hottechi,Won,2017-08-17,2017-09-03,655,FALSE,TRUE,17
UGXAZ29V,Zane Levy,MG Special,Groovestreet,Won,2017-08-17,2017-08-31,46,FALSE,TRUE,14
58CABL04,Corliss Cosme,GTX Plus Pro,Silis,Won,2017-08-18,2017-11-04,6372,FALSE,TRUE,78
0WERZ67T,Darcel Schlecht,GTX Plus Basic,Warephase,Won,2017-08-18,2017-11-13,986,FALSE,TRUE,87
ENGMZL6Y,Darcel Schlecht,GTX Pro,Betatech,Won,2017-08-18,2017-09-01,4817,FALSE,TRUE,14
ZA2MIHIM,Hayden Neloms,GTX Plus Pro,Green-Plus,Won,2017-08-18,2017-08-20,6529,FALSE,TRUE,2
1IY7Y42E,Kary Hendrixson,GTX Plus Pro,Condax,Won,2017-08-18,2017-11-14,4454,FALSE,TRUE,88
M0PGP5H2,Markita Hansen,GTX Plus Basic,Cheers,Won,2017-08-18,2017-09-14,1002,FALSE,TRUE,27
PJ21R88K,Markita Hansen,MG Special,Green-Plus,Won,2017-08-18,2017-11-04,63,FALSE,TRUE,78
E3L02XMN,Marty Freudenburg,GTX Basic,Ron-tech,Won,2017-08-18,2017-12-30,580,FALSE,TRUE,134
S3HMUXS1,Violet Mclelland,MG Special,Vehement Capital Partners,Won,2017-08-18,2017-12-07,49,FALSE,TRUE,111
5HKITTHD,Boris Faz,GTX Plus Pro,Mathtouch,Won,2017-08-19,2017-12-03,5703,FALSE,TRUE,106
8N3GXBI5,Jonathan Berthelot,GTX Plus Basic,Funholding,Won,2017-08-19,2017-12-01,1148,FALSE,TRUE,104
ON2ZRW1X,Kary Hendrixson,GTX Pro,Hottechi,Won,2017-08-19,2017-12-24,4009,FALSE,TRUE,127
TXUDSYGY,Lajuana Vencill,MG Advanced,Rangreen,Won,2017-08-19,2017-11-02,3024,FALSE,TRUE,75
SYSPNKUR,Vicki Laflamme,GTX Pro,Doncon,Won,2017-08-19,2017-11-27,5058,FALSE,TRUE,100
2GVXOWDF,Cassey Cress,GTX Basic,Bluth Company,Won,2017-08-20,2017-09-11,566,FALSE,TRUE,22
R2DKRFDD,Cassey Cress,GTX Basic,Donquadtech,Won,2017-08-20,2017-11-02,578,FALSE,TRUE,74
F3FJ3DYK,Darcel Schlecht,GTX Basic,Toughzap,Won,2017-08-20,2017-08-30,620,FALSE,TRUE,10
W3W3KPBH,Darcel Schlecht,GTX Pro,Finhigh,Won,2017-08-20,2017-09-03,4310,FALSE,TRUE,14
PVYIL0X4,Hayden Neloms,MG Advanced,Scotfind,Won,2017-08-20,2017-08-21,3448,FALSE,TRUE,1
05915PPX,Kami Bicknell,MG Advanced,Xx-holding,Won,2017-08-20,2017-11-19,3517,FALSE,TRUE,91
87TZLMU7,Maureen Marcano,GTX Pro,Kan-code,Won,2017-08-20,2017-12-25,3854,FALSE,TRUE,127
P858PP0L,Moses Frase,MG Advanced,Stanredtax,Won,2017-08-20,2017-12-17,3894,FALSE,TRUE,119
O916VMU7,Vicki Laflamme,MG Advanced,Rantouch,Won,2017-08-20,2017-12-22,2833,FALSE,TRUE,124
KEE51TPD,Anna Snelling,MG Special,Domzoom,Won,2017-08-21,2017-11-03,54,FALSE,TRUE,74
IYU5CGUM,Darcel Schlecht,GTX Basic,Funholding,Won,2017-08-21,2017-11-12,509,FALSE,TRUE,83
669805IQ,Gladys Colclough,MG Advanced,Treequote,Won,2017-08-21,2017-12-06,3436,FALSE,TRUE,107
A3JRUDX3,Hayden Neloms,MG Advanced,Plusstrip,Won,2017-08-21,2017-11-27,3514,FALSE,TRUE,98
NY197B1A,Jonathan Berthelot,GTX Basic,Rangreen,Won,2017-08-21,2017-12-30,611,FALSE,TRUE,131
6AD8WNA2,Kary Hendrixson,MG Special,Doncon,Won,2017-08-21,2017-11-08,58,FALSE,TRUE,79
R9ZOFUBX,Lajuana Vencill,GTX Basic,Streethex,Won,2017-08-21,2017-12-13,513,FALSE,TRUE,114
696VNI6G,Versie Hillebrand,MG Special,Treequote,Won,2017-08-21,2017-09-08,54,FALSE,TRUE,18
1I1K838F,Vicki Laflamme,GTX Basic,Nam-zim,Won,2017-08-21,2017-12-23,547,FALSE,TRUE,124
2O7MVJ1T,Violet Mclelland,GTX Basic,Ganjaflex,Won,2017-08-21,2017-08-26,592,FALSE,TRUE,5
NNLNVB7E,Corliss Cosme,GTX Plus Pro,The New York Inquirer,Won,2017-08-22,2017-11-06,5529,FALSE,TRUE,76
W3CLJLES,Corliss Cosme,GTX Pro,Gekko & Co,Won,2017-08-22,2017-09-02,5002,FALSE,TRUE,11
YVJ3V0ZI,James Ascencio,GTX Basic,Green-Plus,Won,2017-08-22,2017-12-20,476,FALSE,TRUE,120
Q1CFR580,Markita Hansen,MG Special,Dalttechnology,Won,2017-08-22,2017-11-18,56,FALSE,TRUE,88
MPVD0JVF,Maureen Marcano,GTX Basic,Singletechno,Won,2017-08-22,2017-11-30,601,FALSE,TRUE,100
KZQGC4TA,Maureen Marcano,GTX Plus Basic,Doncon,Won,2017-08-22,2017-12-28,1005,FALSE,TRUE,128
FKOA9EF9,Moses Frase,GTX Plus Pro,Warephase,Won,2017-08-22,2017-11-11,4731,FALSE,TRUE,81
04YBYVPV,Reed Clapper,GTX Pro,Ganjaflex,Won,2017-08-22,2017-09-02,4649,FALSE,TRUE,11
2UZXS1I2,Rosie Papadopoulos,GTX Pro,Umbrella Corporation,Won,2017-08-22,2017-09-01,4787,FALSE,TRUE,10
KU7COUGK,Wilburn Farren,MG Advanced,The New York Inquirer,Won,2017-08-22,2017-12-22,2994,FALSE,TRUE,122
X7DYUDEB,Anna Snelling,MG Special,Condax,Won,2017-08-23,2017-11-14,58,FALSE,TRUE,83
EMGB7S71,Cecily Lampkin,GTX Plus Basic,Betatech,Won,2017-08-23,2017-11-13,1074,FALSE,TRUE,82
EWAMDI1N,Cecily Lampkin,MG Special,Isdom,Won,2017-08-23,2017-08-26,54,FALSE,TRUE,3
Q9BUCL60,Daniell Hammack,GTX Plus Basic,Ganjaflex,Won,2017-08-23,2017-12-03,1054,FALSE,TRUE,102
AEZIAPTN,Darcel Schlecht,GTX Pro,Betatech,Won,2017-08-23,2017-11-14,4833,FALSE,TRUE,83
IAW2UHNH,Darcel Schlecht,GTX Pro,Dontechi,Won,2017-08-23,2017-12-20,4744,FALSE,TRUE,119
5IMH88MT,James Ascencio,GTX Basic,Labdrill,Won,2017-08-23,2017-11-29,508,FALSE,TRUE,98
I86DM1B9,Jonathan Berthelot,MG Special,Gogozoom,Won,2017-08-23,2017-11-19,57,FALSE,TRUE,88
FBEP7939,Kary Hendrixson,GTX Pro,Scotfind,Won,2017-08-23,2017-11-15,5280,FALSE,TRUE,84
NH44FYAA,Kary Hendrixson,MG Special,Sunnamplex,Won,2017-08-23,2017-08-25,62,FALSE,TRUE,2
8V3XDZ0D,Lajuana Vencill,GTX Basic,Inity,Won,2017-08-23,2017-11-21,528,FALSE,TRUE,90
18T73EHS,Maureen Marcano,GTX Plus Basic,Labdrill,Won,2017-08-23,2017-08-27,993,FALSE,TRUE,4
RKTTVMMP,Maureen Marcano,GTX Plus Basic,Y-corporation,Won,2017-08-23,2017-09-10,1121,FALSE,TRUE,18
UDXG59P0,Maureen Marcano,GTX Plus Pro,Faxquote,Won,2017-08-23,2017-12-03,5110,FALSE,TRUE,102
VMOGUQA7,Moses Frase,MG Special,Conecom,Won,2017-08-23,2017-12-13,51,FALSE,TRUE,112
3THBBYXS,Violet Mclelland,GTX Basic,Ganjaflex,Won,2017-08-23,2017-12-08,542,FALSE,TRUE,107
XHDAW1SQ,Violet Mclelland,GTX Basic,Yearin,Won,2017-08-23,2017-12-21,576,FALSE,TRUE,120
H56FMPGG,James Ascencio,GTX Basic,Hottechi,Won,2017-08-24,2017-08-30,551,FALSE,TRUE,6
IH4O3JXV,Kami Bicknell,GTX Basic,Singletechno,Won,2017-08-24,2017-09-10,597,FALSE,TRUE,17
B6L071P2,Kary Hendrixson,GTX Plus Basic,Lexiqvolax,Won,2017-08-24,2017-11-13,948,FALSE,TRUE,81
3ISHFT20,Kary Hendrixson,MG Special,Zoomit,Won,2017-08-24,2017-12-18,62,FALSE,TRUE,116
OBFCOV33,Markita Hansen,MG Advanced,Scotfind,Won,2017-08-24,2017-12-08,4139,FALSE,TRUE,106
78OETKRD,Marty Freudenburg,GTX Plus Pro,dambase,Won,2017-08-24,2017-11-03,6322,FALSE,TRUE,71
Y1FWLR93,Reed Clapper,GTX Plus Pro,Kan-code,Won,2017-08-24,2017-09-02,5415,FALSE,TRUE,9
ORUHS3Q2,Rosalina Dieter,GTX Basic,Sonron,Won,2017-08-24,2017-11-17,432,FALSE,TRUE,85
9RLSCMM9,Rosalina Dieter,MG Special,Condax,Won,2017-08-24,2017-08-30,53,FALSE,TRUE,6
3QS2B6IN,Versie Hillebrand,MG Special,Rundofase,Won,2017-08-24,2017-09-03,57,FALSE,TRUE,10
XCB9CPID,Versie Hillebrand,MG Special,Streethex,Won,2017-08-24,2017-12-09,56,FALSE,TRUE,107
7EJJ9KVZ,Violet Mclelland,MG Special,Donware,Won,2017-08-24,2017-09-03,55,FALSE,TRUE,10
M4MOGAS4,Violet Mclelland,MG Advanced,Acme Corporation,Won,2017-08-24,2017-08-25,3146,FALSE,TRUE,1
ZNU9YDS9,Anna Snelling,MG Special,Stanredtax,Won,2017-08-25,2017-11-03,67,FALSE,TRUE,70
PDI7F0LR,Cassey Cress,MG Advanced,Ganjaflex,Won,2017-08-25,2017-12-04,2613,FALSE,TRUE,101
KJ93MS4W,Corliss Cosme,GTX Plus Basic,Yearin,Won,2017-08-25,2017-11-02,977,FALSE,TRUE,69
PRQ96EWX,Daniell Hammack,GTX Pro,Gekko & Co,Won,2017-08-25,2017-09-07,4445,FALSE,TRUE,13
9RGQ8HED,Garret Kinder,MG Special,Zotware,Won,2017-08-25,2017-12-29,54,FALSE,TRUE,126
RSSYISWE,Hayden Neloms,MG Advanced,Labdrill,Won,2017-08-25,2017-12-01,3331,FALSE,TRUE,98
67ORNLJ3,Jonathan Berthelot,GTX Basic,Dontechi,Won,2017-08-25,2017-09-05,474,FALSE,TRUE,11
DIVKSHY7,Kami Bicknell,GTX Plus Basic,Condax,Won,2017-08-25,2017-11-13,994,FALSE,TRUE,80
RLTHGLLJ,Kami Bicknell,GTX Plus Pro,Singletechno,Won,2017-08-25,2017-11-23,4773,FALSE,TRUE,90
PWOX6RY8,Niesha Huffines,MG Special,Rangreen,Won,2017-08-25,2017-11-22,63,FALSE,TRUE,89
0VG9PGMI,Rosalina Dieter,GTX Plus Pro,Hatfan,Won,2017-08-25,2017-09-13,6391,FALSE,TRUE,19
LKFYC5X3,Rosie Papadopoulos,MG Special,Donware,Won,2017-08-25,2017-12-15,58,FALSE,TRUE,112
984H5OG0,Versie Hillebrand,MG Special,Finhigh,Won,2017-08-25,2017-12-04,54,FALSE,TRUE,101
1SKGHPHL,Vicki Laflamme,GTX Plus Pro,Rantouch,Won,2017-08-25,2017-11-21,5129,FALSE,TRUE,88
6HE07D76,Zane Levy,GTX Basic,Hatfan,Won,2017-08-25,2017-11-19,454,FALSE,TRUE,86
64CTQ6C5,Anna Snelling,GTX Plus Pro,Bioholding,Won,2017-08-26,2017-11-02,6659,FALSE,TRUE,68
5J4Z0RYC,Cassey Cress,GTX Basic,Bioplex,Won,2017-08-26,2017-09-08,572,FALSE,TRUE,13
ERWWQ79N,Corliss Cosme,GTX Plus Basic,Bubba Gump,Won,2017-08-26,2017-11-19,1046,FALSE,TRUE,85
08O63ECM,Donn Cantrell,MG Advanced,Gekko & Co,Won,2017-08-26,2017-12-01,3281,FALSE,TRUE,97
DUJ52ZYK,Hayden Neloms,MG Advanced,Singletechno,Won,2017-08-26,2017-09-10,3462,FALSE,TRUE,15
N2C3ASJ9,James Ascencio,GTX Plus Pro,Scotfind,Won,2017-08-26,2017-09-06,6029,FALSE,TRUE,11
62WFO2I3,Kami Bicknell,GTX Basic,Finjob,Won,2017-08-26,2017-12-04,566,FALSE,TRUE,100
ZQHJNTDK,Moses Frase,GTX Plus Basic,Isdom,Won,2017-08-26,2017-11-13,1042,FALSE,TRUE,79
K0IV66AV,Reed Clapper,GTX Basic,Betasoloin,Won,2017-08-26,2017-11-07,539,FALSE,TRUE,73
KJ4NAGS5,Rosalina Dieter,MG Special,Kan-code,Won,2017-08-26,2017-11-16,56,FALSE,TRUE,82
70A4A2GV,Versie Hillebrand,MG Special,Gogozoom,Won,2017-08-26,2017-11-28,60,FALSE,TRUE,94
43FW6W9O,Vicki Laflamme,MG Advanced,Sunnamplex,Won,2017-08-26,2017-11-04,3966,FALSE,TRUE,70
41S0S9KP,Wilburn Farren,GTX Basic,Umbrella Corporation,Won,2017-08-26,2017-11-23,471,FALSE,TRUE,89
JESVHYTG,Anna Snelling,GTX Basic,Cancity,Won,2017-08-27,2017-09-05,597,FALSE,TRUE,9
P3HO0L6P,Anna Snelling,MG Special,Condax,Won,2017-08-27,2017-11-14,53,FALSE,TRUE,79
6GDZDVTV,Anna Snelling,MG Special,Dontechi,Won,2017-08-27,2017-09-13,59,FALSE,TRUE,17
Y5A5G2L5,Cassey Cress,GTX Basic,Bubba Gump,Won,2017-08-27,2017-12-08,606,FALSE,TRUE,103
M40Z4KWL,Donn Cantrell,GTX Pro,Zotware,Won,2017-08-27,2017-11-25,5305,FALSE,TRUE,90
FMMAQM87,Kami Bicknell,GTX Basic,Green-Plus,Won,2017-08-27,2017-09-09,596,FALSE,TRUE,13
46UITTY6,Kary Hendrixson,GTX Basic,Singletechno,Won,2017-08-27,2017-11-04,545,FALSE,TRUE,69
KK5YBPU6,Markita Hansen,GTX Basic,Labdrill,Won,2017-08-27,2017-08-29,548,FALSE,TRUE,2
G2C5RKTN,Reed Clapper,GTX Basic,Umbrella Corporation,Won,2017-08-27,2017-09-21,415,FALSE,TRUE,25
UNSJB0L7,Vicki Laflamme,GTX Pro,Singletechno,Won,2017-08-27,2017-08-28,3754,FALSE,TRUE,1
UJT04PL7,Zane Levy,GTX Basic,Plusstrip,Won,2017-08-27,2017-11-29,498,FALSE,TRUE,94
DCIFTBM0,Boris Faz,GTX Basic,Condax,Won,2017-08-28,2017-12-21,489,FALSE,TRUE,115
BTZ06Z6O,Boris Faz,GTX Plus Basic,Ontomedia,Won,2017-08-28,2017-09-05,1022,FALSE,TRUE,8
ZTYHMEQY,Darcel Schlecht,GTX Basic,Cancity,Won,2017-08-28,2017-09-11,525,FALSE,TRUE,14
IOTAHMQX,Darcel Schlecht,GTX Plus Basic,Codehow,Won,2017-08-28,2017-09-07,1252,FALSE,TRUE,10
1T91NEIV,Gladys Colclough,MG Special,Conecom,Won,2017-08-28,2017-09-11,63,FALSE,TRUE,14
G0QOVMMS,Kami Bicknell,GTX Basic,Zoomit,Won,2017-08-28,2017-12-28,474,FALSE,TRUE,122
FG79OR5X,Kami Bicknell,GTX Plus Basic,Xx-holding,Won,2017-08-28,2017-11-19,1132,FALSE,TRUE,83
VY0QPLGN,Lajuana Vencill,GTX Plus Basic,dambase,Won,2017-08-28,2017-11-12,1215,FALSE,TRUE,76
XP1PQSPC,Markita Hansen,GTX Plus Basic,Kan-code,Won,2017-08-28,2017-09-27,1081,FALSE,TRUE,30
K3KT8S1F,Markita Hansen,MG Special,Sonron,Won,2017-08-28,2017-11-07,49,FALSE,TRUE,71
5CIT07UC,Maureen Marcano,GTX Basic,Hottechi,Won,2017-08-28,2017-09-14,653,FALSE,TRUE,17
0WGCUB3L,Niesha Huffines,GTX Plus Basic,Rundofase,Won,2017-08-28,2017-09-13,1105,FALSE,TRUE,16
QCN2DZQQ,Reed Clapper,GTX Plus Basic,The New York Inquirer,Won,2017-08-28,2017-09-21,948,FALSE,TRUE,24
233HYDSP,Anna Snelling,MG Special,Gogozoom,Won,2017-08-29,2017-12-03,44,FALSE,TRUE,96
EXXFSC3O,Cassey Cress,GTX Pro,Opentech,Won,2017-08-29,2017-11-15,4343,FALSE,TRUE,78
U68B4UQU,Cecily Lampkin,GTX Plus Pro,Treequote,Won,2017-08-29,2017-09-13,5096,FALSE,TRUE,15
73EBDWP4,Cecily Lampkin,GTX Plus Pro,Warephase,Won,2017-08-29,2017-09-30,4994,FALSE,TRUE,32
FQQ3XQNG,Corliss Cosme,GTX Plus Basic,Donquadtech,Won,2017-08-29,2017-12-01,1251,FALSE,TRUE,94
C4KZVTYR,Donn Cantrell,GTX Basic,Gekko & Co,Won,2017-08-29,2017-11-11,602,FALSE,TRUE,74
HWXJWHGI,Donn Cantrell,GTX Basic,Sumace,Won,2017-08-29,2017-09-08,600,FALSE,TRUE,10
W36MU0PW,Donn Cantrell,GTX Basic,Yearin,Won,2017-08-29,2017-09-09,595,FALSE,TRUE,11
DC2NI04U,Hayden Neloms,MG Advanced,Hottechi,Won,2017-08-29,2017-12-31,3064,FALSE,TRUE,124
J3K9EXW0,Reed Clapper,GTX Plus Pro,Acme Corporation,Won,2017-08-29,2017-12-25,5790,FALSE,TRUE,118
N9KFQCOH,Rosie Papadopoulos,GTX Pro,Vehement Capital Partners,Won,2017-08-29,2017-09-05,5688,FALSE,TRUE,7
GSPDR7BH,Versie Hillebrand,GTX Basic,Cancity,Won,2017-08-29,2017-11-02,672,FALSE,TRUE,65
MB0XTICR,Versie Hillebrand,MG Special,Bioholding,Won,2017-08-29,2017-12-08,62,FALSE,TRUE,101
04SQ7RNY,Vicki Laflamme,GTX Pro,Fasehatice,Won,2017-08-29,2017-12-19,4577,FALSE,TRUE,112
O3Q5B86F,Anna Snelling,GTX Plus Basic,Warephase,Won,2017-08-30,2017-12-26,1118,FALSE,TRUE,118
PE3P7M7S,Anna Snelling,MG Special,Statholdings,Won,2017-08-30,2017-09-08,55,FALSE,TRUE,9
401BY1PW,Boris Faz,GTX Pro,Ganjaflex,Won,2017-08-30,2017-12-21,5052,FALSE,TRUE,113
9RQ8FZYQ,Boris Faz,GTX Pro,Zotware,Won,2017-08-30,2017-09-04,4023,FALSE,TRUE,5
G7NU2YCG,Cassey Cress,MG Special,Iselectrics,Won,2017-08-30,2017-09-08,57,FALSE,TRUE,9
R9RWFEEJ,Corliss Cosme,MG Special,Gekko & Co,Won,2017-08-30,2017-11-23,59,FALSE,TRUE,85
LDIBOTNO,Daniell Hammack,GTX Pro,Kinnamplus,Won,2017-08-30,2017-09-07,5544,FALSE,TRUE,8
9S8E95EI,Darcel Schlecht,GTX Pro,Condax,Won,2017-08-30,2017-09-18,4598,FALSE,TRUE,19
RLHNEVYY,Darcel Schlecht,GTX Pro,Conecom,Won,2017-08-30,2017-09-10,5008,FALSE,TRUE,11
OFP1MLFY,Darcel Schlecht,GTX Pro,Statholdings,Won,2017-08-30,2017-12-09,3932,FALSE,TRUE,101
CQELCLO0,Donn Cantrell,GTX Plus Basic,Zathunicon,Won,2017-08-30,2017-12-29,1166,FALSE,TRUE,121
VBKF5FPB,Hayden Neloms,GTX Plus Basic,Dalttechnology,Won,2017-08-30,2017-09-06,1195,FALSE,TRUE,7
EFB0NFP3,Jonathan Berthelot,GTX Basic,Genco Pura Olive Oil Company,Won,2017-08-30,2017-12-23,551,FALSE,TRUE,115
CB0NZYB2,Jonathan Berthelot,GTX Basic,Globex Corporation,Won,2017-08-30,2017-09-08,623,FALSE,TRUE,9
LWCKCV0M,Markita Hansen,GTX Pro,Xx-holding,Won,2017-08-30,2017-09-15,4592,FALSE,TRUE,16
L40FW06K,Marty Freudenburg,GTX Basic,Condax,Won,2017-08-30,2017-12-22,555,FALSE,TRUE,114
XXXM7BMA,Marty Freudenburg,MG Advanced,Dontechi,Won,2017-08-30,2017-11-14,3703,FALSE,TRUE,76
F7S1OPQS,Maureen Marcano,GTX Plus Basic,Scotfind,Won,2017-08-30,2017-12-13,942,FALSE,TRUE,105
U5JFEXOI,Maureen Marcano,GTX Plus Pro,Groovestreet,Won,2017-08-30,2017-12-08,6489,FALSE,TRUE,100
9EICLJHY,Rosalina Dieter,MG Special,Sunnamplex,Won,2017-08-30,2017-11-17,63,FALSE,TRUE,79
01FNZW2T,Rosie Papadopoulos,GTX Pro,Bubba Gump,Won,2017-08-30,2017-12-08,3974,FALSE,TRUE,100
3CS2IXT0,Versie Hillebrand,MG Special,Conecom,Won,2017-08-30,2017-11-16,66,FALSE,TRUE,78
O9MHRAK6,Vicki Laflamme,GTX Basic,Finjob,Won,2017-08-30,2017-12-14,532,FALSE,TRUE,106
KPW4J1CR,Zane Levy,GTX Basic,Dalttechnology,Won,2017-08-30,2017-12-21,503,FALSE,TRUE,113
KAPPUUYY,Anna Snelling,GTX Basic,Zumgoity,Won,2017-08-31,2017-11-24,594,FALSE,TRUE,85
WRLAVDPH,Cassey Cress,GTX Pro,Ganjaflex,Won,2017-08-31,2017-09-02,4958,FALSE,TRUE,2
1W5FOS69,Cassey Cress,GTX Pro,Mathtouch,Won,2017-08-31,2017-11-30,4201,FALSE,TRUE,91
CDAMI76Z,Darcel Schlecht,GTX Plus Pro,Finhigh,Won,2017-08-31,2017-09-10,5293,FALSE,TRUE,10
6M77EGH7,Donn Cantrell,MG Advanced,Ganjaflex,Won,2017-08-31,2017-11-26,4456,FALSE,TRUE,87
GEFQNRF3,Jonathan Berthelot,GTX Basic,Globex Corporation,Won,2017-08-31,2017-12-20,525,FALSE,TRUE,111
PCQUKUM5,Marty Freudenburg,GTX Plus Pro,Dontechi,Won,2017-08-31,2017-09-16,4809,FALSE,TRUE,16
MZ987882,Moses Frase,GTX Plus Basic,Warephase,Won,2017-08-31,2017-12-17,1374,FALSE,TRUE,108
02EC1993,Moses Frase,MG Special,Scottech,Won,2017-08-31,2017-11-08,57,FALSE,TRUE,69
UQCPNZO1,Versie Hillebrand,GTX Basic,Zumgoity,Won,2017-08-31,2017-09-15,552,FALSE,TRUE,15
0NP0XPLQ,Versie Hillebrand,MG Special,Toughzap,Won,2017-08-31,2017-09-03,59,FALSE,TRUE,3
S2WRH3QA,Versie Hillebrand,MG Advanced,Betatech,Won,2017-08-31,2017-09-30,4011,FALSE,TRUE,30
QJV1UWL5,Vicki Laflamme,MG Special,Rantouch,Won,2017-08-31,2017-12-20,54,FALSE,TRUE,111
GNAX12Z6,Vicki Laflamme,MG Advanced,Green-Plus,Won,2017-08-31,2017-09-07,3337,FALSE,TRUE,7
62NZ0THZ,Violet Mclelland,MG Special,Yearin,Won,2017-08-31,2017-09-22,60,FALSE,TRUE,22
PSKWV2JJ,Zane Levy,GTX Plus Basic,Blackzim,Won,2017-08-31,2017-11-19,1011,FALSE,TRUE,80
05HLE3JL,Anna Snelling,GTX Basic,Stanredtax,Won,2017-09-01,2017-12-03,514,FALSE,TRUE,93
CAF97SA2,Anna Snelling,GTX Plus Basic,Streethex,Won,2017-09-01,2017-11-13,1060,FALSE,TRUE,73
AAFPTXEB,Anna Snelling,MG Special,Treequote,Won,2017-09-01,2017-11-08,58,FALSE,TRUE,68
VAV3N62C,Darcel Schlecht,GTX Pro,Cancity,Won,2017-09-01,2017-09-12,4375,FALSE,TRUE,11
OK7R7I2A,Darcel Schlecht,GTX Pro,Rundofase,Won,2017-09-01,2017-12-04,4819,FALSE,TRUE,94
IOMVIZR8,Gladys Colclough,GTX Pro,Stanredtax,Won,2017-09-01,2017-11-04,5729,FALSE,TRUE,64
BTT2TM8O,Gladys Colclough,MG Advanced,Warephase,Won,2017-09-01,2017-11-06,3447,FALSE,TRUE,66
FYNL84HO,James Ascencio,GTX Plus Pro,Doncon,Won,2017-09-01,2017-11-13,6101,FALSE,TRUE,73
ZBB9CDO4,Kami Bicknell,GTX Plus Basic,J-Texon,Won,2017-09-01,2017-09-18,1088,FALSE,TRUE,17
IV5UVG0R,Kami Bicknell,GTX Plus Pro,Sunnamplex,Won,2017-09-01,2017-09-17,5431,FALSE,TRUE,16
TDHFX8SC,Kami Bicknell,MG Special,Hottechi,Won,2017-09-01,2017-12-13,50,FALSE,TRUE,103
7OXU784Y,Kami Bicknell,MG Special,Konex,Won,2017-09-01,2017-11-25,62,FALSE,TRUE,85
MA6F51AR,Kary Hendrixson,MG Special,Zoomit,Won,2017-09-01,2017-11-29,57,FALSE,TRUE,89
WDT43Q6O,Niesha Huffines,GTX Plus Basic,Zumgoity,Won,2017-09-01,2017-09-14,1098,FALSE,TRUE,13
XKYHE3OH,Rosie Papadopoulos,GTX Plus Basic,Umbrella Corporation,Won,2017-09-01,2017-11-16,975,FALSE,TRUE,76
R65NL57V,Rosie Papadopoulos,MG Special,Plussunin,Won,2017-09-01,2017-11-05,56,FALSE,TRUE,65
AKBRVLRZ,Versie Hillebrand,MG Special,Globex Corporation,Won,2017-09-01,2017-09-14,63,FALSE,TRUE,13
8FZ7CWPP,Versie Hillebrand,MG Special,Isdom,Won,2017-09-01,2017-09-11,61,FALSE,TRUE,10
EQPGDVWK,Zane Levy,GTX Basic,Labdrill,Won,2017-09-01,2017-12-03,614,FALSE,TRUE,93
XO8TRDKK,Garret Kinder,MG Special,Acme Corporation,Won,2017-09-02,2017-09-17,57,FALSE,TRUE,15
74YNCNQM,Gladys Colclough,MG Special,Domzoom,Won,2017-09-02,2017-12-04,58,FALSE,TRUE,93
SS0ZF7SG,Hayden Neloms,MG Advanced,Goodsilron,Won,2017-09-02,2017-12-15,3482,FALSE,TRUE,104
ZP5Q4YUJ,James Ascencio,GTX Basic,Plusstrip,Won,2017-09-02,2017-11-24,529,FALSE,TRUE,83
HEZ8H6MK,Kary Hendrixson,GTX Basic,Plusstrip,Won,2017-09-02,2017-11-08,505,FALSE,TRUE,67
50AWO49B,Markita Hansen,GTX Basic,Sonron,Won,2017-09-02,2017-12-27,456,FALSE,TRUE,116
8OMML4E8,Vicki Laflamme,GTX Basic,Lexiqvolax,Won,2017-09-02,2017-09-16,555,FALSE,TRUE,14
283Y9ULR,Vicki Laflamme,MG Special,Konex,Won,2017-09-02,2017-09-23,47,FALSE,TRUE,21
C0LNV4PU,Zane Levy,GTX Basic,Finjob,Won,2017-09-02,2017-12-04,585,FALSE,TRUE,93
YB6UP71G,Anna Snelling,MG Special,Bioholding,Won,2017-09-03,2017-09-06,64,FALSE,TRUE,3
A30VAQHM,Anna Snelling,MG Special,Inity,Won,2017-09-03,2017-11-21,58,FALSE,TRUE,79
ZH2TBHVZ,Donn Cantrell,GTX Basic,Gekko & Co,Won,2017-09-03,2017-09-08,635,FALSE,TRUE,5
UKJO54QY,Donn Cantrell,GTX Pro,Donquadtech,Won,2017-09-03,2017-09-13,5626,FALSE,TRUE,10
9868N4GB,Donn Cantrell,MG Advanced,Xx-zobam,Won,2017-09-03,2017-12-14,3595,FALSE,TRUE,102
7DDPLMQ5,Gladys Colclough,GTX Pro,Inity,Won,2017-09-03,2017-12-02,4981,FALSE,TRUE,90
4KVZVHNN,James Ascencio,GTX Basic,Hatfan,Won,2017-09-03,2017-09-14,524,FALSE,TRUE,11
ULWQ61OZ,James Ascencio,MG Special,Nam-zim,Won,2017-09-03,2017-12-06,54,FALSE,TRUE,94
FKU9TS06,Jonathan Berthelot,GTX Pro,Funholding,Won,2017-09-03,2017-09-16,5080,FALSE,TRUE,13
OPFBXGFV,Markita Hansen,MG Special,Scotfind,Won,2017-09-03,2017-12-12,50,FALSE,TRUE,100
UCV49FYZ,Maureen Marcano,GTX Plus Pro,Nam-zim,Won,2017-09-03,2017-09-09,6656,FALSE,TRUE,6
F58R70DY,Reed Clapper,GTX Pro,Donquadtech,Won,2017-09-03,2017-09-10,4641,FALSE,TRUE,7
1H2PVLZ3,Rosalina Dieter,GTK 500,Xx-holding,Won,2017-09-03,2017-11-10,26186,FALSE,TRUE,68
DV6WD759,Vicki Laflamme,MG Advanced,Newex,Won,2017-09-03,2017-09-14,4251,FALSE,TRUE,11
SBC67V5T,Violet Mclelland,MG Special,Ganjaflex,Won,2017-09-03,2017-09-11,51,FALSE,TRUE,8
IDGLZJRX,Violet Mclelland,MG Special,Gekko & Co,Won,2017-09-03,2017-11-09,62,FALSE,TRUE,67
92IDH7MB,Anna Snelling,MG Special,Scottech,Won,2017-09-04,2017-11-21,58,FALSE,TRUE,78
NR1JSUPQ,Boris Faz,GTX Plus Basic,Donware,Won,2017-09-04,2017-11-11,973,FALSE,TRUE,68
ZNOARPNW,Boris Faz,GTX Plus Pro,Kinnamplus,Won,2017-09-04,2017-09-13,4954,FALSE,TRUE,9
FNKZKHTJ,Cassey Cress,GTX Pro,Condax,Won,2017-09-04,2017-09-06,5113,FALSE,TRUE,2
UAVOPRPV,Corliss Cosme,GTX Plus Pro,Xx-zobam,Won,2017-09-04,2017-12-26,4631,FALSE,TRUE,113
VMUTS9GK,Daniell Hammack,GTX Plus Pro,Condax,Won,2017-09-04,2017-11-01,5807,FALSE,TRUE,58
9EGLQG3N,Gladys Colclough,GTX Basic,Zumgoity,Won,2017-09-04,2017-12-14,640,FALSE,TRUE,101
BL23633Z,Gladys Colclough,MG Advanced,Konmatfix,Won,2017-09-04,2017-11-25,3830,FALSE,TRUE,82
87G25M68,James Ascencio,GTX Plus Pro,Cheers,Won,2017-09-04,2017-12-28,5285,FALSE,TRUE,115
TKI8MEZZ,Moses Frase,GTX Plus Basic,Domzoom,Won,2017-09-04,2017-12-31,975,FALSE,TRUE,118
QSHP9AHU,Moses Frase,GTX Plus Basic,Funholding,Won,2017-09-04,2017-12-13,847,FALSE,TRUE,100
MIDW7Q49,Niesha Huffines,MG Advanced,Rangreen,Won,2017-09-04,2017-12-15,2814,FALSE,TRUE,102
PW7QNSFG,Rosalina Dieter,MG Advanced,Lexiqvolax,Won,2017-09-04,2017-11-06,3275,FALSE,TRUE,63
WGYE40NI,Versie Hillebrand,MG Special,Betatech,Won,2017-09-04,2017-12-26,41,FALSE,TRUE,113
HLX6W646,Vicki Laflamme,GTX Plus Pro,Dalttechnology,Won,2017-09-04,2017-11-19,5185,FALSE,TRUE,76
6VMQQKLJ,Vicki Laflamme,GTX Pro,Dalttechnology,Won,2017-09-04,2017-09-15,5191,FALSE,TRUE,11
FYS6IZO4,Violet Mclelland,MG Special,Mathtouch,Won,2017-09-04,2017-11-07,59,FALSE,TRUE,64
7OSD4T24,Violet Mclelland,MG Special,Silis,Won,2017-09-04,2017-12-08,54,FALSE,TRUE,95
H29A7E6X,Corliss Cosme,GTX Plus Basic,Iselectrics,Won,2017-09-05,2017-11-17,1076,FALSE,TRUE,73
IDN254QN,Daniell Hammack,GTX Basic,Plussunin,Won,2017-09-05,2017-11-20,490,FALSE,TRUE,76
KUJ5M6J3,Kary Hendrixson,GTX Pro,Labdrill,Won,2017-09-05,2017-12-27,5663,FALSE,TRUE,113
STVHD67J,Niesha Huffines,GTX Plus Basic,Dontechi,Won,2017-09-05,2017-09-16,1166,FALSE,TRUE,11
2WPEOPIF,Vicki Laflamme,GTX Basic,Lexiqvolax,Won,2017-09-05,2017-12-04,491,FALSE,TRUE,90
XMCRTC2K,Vicki Laflamme,GTX Plus Pro,Green-Plus,Won,2017-09-05,2017-11-07,5532,FALSE,TRUE,63
ZDVZB8PX,Vicki Laflamme,MG Advanced,Blackzim,Won,2017-09-05,2017-11-14,3930,FALSE,TRUE,70
5JS6JI3P,Vicki Laflamme,MG Advanced,Labdrill,Won,2017-09-05,2017-11-21,2689,FALSE,TRUE,77
8DPUST4Y,Darcel Schlecht,GTX Pro,Codehow,Won,2017-09-06,2017-11-19,5987,FALSE,TRUE,74
L1QNLM08,Darcel Schlecht,GTX Pro,Treequote,Won,2017-09-06,2017-12-30,5141,FALSE,TRUE,115
S4YQYJPM,Darcel Schlecht,MG Special,Codehow,Won,2017-09-06,2017-09-13,48,FALSE,TRUE,7
XAS0EL71,Donn Cantrell,MG Advanced,Xx-zobam,Won,2017-09-06,2017-09-20,3206,FALSE,TRUE,14
GQNM1QP8,Elease Gluck,MG Special,Labdrill,Won,2017-09-06,2017-11-29,61,FALSE,TRUE,84
J96E49Z1,Gladys Colclough,GTX Pro,Konmatfix,Won,2017-09-06,2017-11-22,5078,FALSE,TRUE,77
JJDL1F8R,Jonathan Berthelot,GTX Basic,Streethex,Won,2017-09-06,2017-11-07,532,FALSE,TRUE,62
0J24X1Y0,Kami Bicknell,MG Special,Lexiqvolax,Won,2017-09-06,2017-09-15,56,FALSE,TRUE,9
SEYFLN8Y,Markita Hansen,GTX Plus Basic,Scotfind,Won,2017-09-06,2017-12-09,1182,FALSE,TRUE,94
EID3MR9L,Marty Freudenburg,GTX Plus Pro,Funholding,Won,2017-09-06,2017-12-20,5788,FALSE,TRUE,105
T3W0Z8KP,Versie Hillebrand,MG Special,Cancity,Won,2017-09-06,2017-09-12,61,FALSE,TRUE,6
2WZU46RL,Vicki Laflamme,GTX Pro,Scotfind,Won,2017-09-06,2017-12-16,5115,FALSE,TRUE,101
576N6HHJ,Vicki Laflamme,GTX Pro,Y-corporation,Won,2017-09-06,2017-09-15,5227,FALSE,TRUE,9
WOS93VI5,Wilburn Farren,GTX Plus Basic,Zathunicon,Won,2017-09-06,2017-12-06,1144,FALSE,TRUE,91
D9CS7EIY,Anna Snelling,GTX Plus Basic,Ron-tech,Won,2017-09-07,2017-12-12,1249,FALSE,TRUE,96
J1VGTXQS,Boris Faz,GTX Plus Basic,Sumace,Won,2017-09-07,2017-12-03,1106,FALSE,TRUE,87
T87FD71P,Cassey Cress,GTX Plus Basic,Bubba Gump,Won,2017-09-07,2017-11-18,1251,FALSE,TRUE,72
RLJI4F93,Corliss Cosme,GTX Pro,Donware,Won,2017-09-07,2017-09-18,4975,FALSE,TRUE,11
AE306TJU,Corliss Cosme,MG Special,Umbrella Corporation,Won,2017-09-07,2017-09-17,54,FALSE,TRUE,10
D3BO9JDM,Darcel Schlecht,GTX Pro,Ron-tech,Won,2017-09-07,2017-11-09,3975,FALSE,TRUE,63
DPDUK8RG,Darcel Schlecht,MG Advanced,Codehow,Won,2017-09-07,2017-09-12,2969,FALSE,TRUE,5
AR35V2L2,Garret Kinder,GTX Basic,Sumace,Won,2017-09-07,2017-09-13,558,FALSE,TRUE,6
9SU2A73Y,Jonathan Berthelot,GTX Basic,Betatech,Won,2017-09-07,2017-09-18,585,FALSE,TRUE,11
98R4AZA8,Kary Hendrixson,GTX Basic,Plexzap,Won,2017-09-07,2017-12-17,566,FALSE,TRUE,101
9FE75D1D,Markita Hansen,GTX Pro,Scotfind,Won,2017-09-07,2017-11-16,4722,FALSE,TRUE,70
S5NVSXEX,Moses Frase,GTX Plus Basic,Condax,Won,2017-09-07,2017-12-11,1033,FALSE,TRUE,95
C6F5DTFR,Niesha Huffines,GTX Basic,Dontechi,Won,2017-09-07,2017-12-19,587,FALSE,TRUE,103
8FULX0EA,Versie Hillebrand,MG Special,Funholding,Won,2017-09-07,2017-11-02,62,FALSE,TRUE,56
WA5NRVIG,Versie Hillebrand,MG Special,Konmatfix,Won,2017-09-07,2017-12-12,54,FALSE,TRUE,96
XO7D3NYR,Vicki Laflamme,GTX Basic,Condax,Won,2017-09-07,2017-11-03,499,FALSE,TRUE,57
BFH34LVO,Zane Levy,GTX Basic,Faxquote,Won,2017-09-07,2017-11-26,458,FALSE,TRUE,80
QHVGK8DM,Zane Levy,MG Special,Condax,Won,2017-09-07,2017-11-30,61,FALSE,TRUE,84
3Y6REURA,Anna Snelling,GTX Plus Pro,Funholding,Won,2017-09-08,2017-09-24,5600,FALSE,TRUE,16
8AKZH8QS,Boris Faz,GTX Plus Basic,Zotware,Won,2017-09-08,2017-12-17,1259,FALSE,TRUE,100
FAS1KT97,Boris Faz,GTX Plus Basic,Zotware,Won,2017-09-08,2017-09-14,1114,FALSE,TRUE,6
RAPX57I3,Boris Faz,MG Special,Kinnamplus,Won,2017-09-08,2017-11-25,57,FALSE,TRUE,78
SSEOGPPI,Darcel Schlecht,MG Advanced,Funholding,Won,2017-09-08,2017-09-10,3346,FALSE,TRUE,2
E28C318S,James Ascencio,GTX Basic,Newex,Won,2017-09-08,2017-11-04,546,FALSE,TRUE,57
MOSX49BG,Kami Bicknell,GTX Basic,Finjob,Won,2017-09-08,2017-11-24,596,FALSE,TRUE,77
WSKZBAYI,Kary Hendrixson,GTX Plus Basic,Fasehatice,Won,2017-09-08,2017-12-08,1171,FALSE,TRUE,91
19H5KFIC,Marty Freudenburg,GTX Plus Basic,Globex Corporation,Won,2017-09-08,2017-12-03,1021,FALSE,TRUE,86
1A1BI5VB,Boris Faz,GTX Pro,Mathtouch,Won,2017-09-09,2017-09-22,4609,FALSE,TRUE,13
DR2H05BG,Cecily Lampkin,GTX Basic,Bioholding,Won,2017-09-09,2017-09-22,600,FALSE,TRUE,13
M765WQ4W,Corliss Cosme,GTX Pro,Konex,Won,2017-09-09,2017-09-13,5067,FALSE,TRUE,4
2PXZ68OA,Darcel Schlecht,GTX Pro,Scottech,Won,2017-09-09,2017-12-05,5127,FALSE,TRUE,87
TDVM9PDL,Donn Cantrell,GTX Basic,Ganjaflex,Won,2017-09-09,2017-12-26,547,FALSE,TRUE,108
IX8AYR6F,Kami Bicknell,GTX Basic,Faxquote,Won,2017-09-09,2017-12-14,582,FALSE,TRUE,96
4LVXK5H1,Kami Bicknell,GTX Plus Basic,J-Texon,Won,2017-09-09,2017-09-25,1047,FALSE,TRUE,16
2LOQKW1C,Niesha Huffines,GTX Basic,Domzoom,Won,2017-09-09,2017-09-24,568,FALSE,TRUE,15
MA1LQG9S,Niesha Huffines,GTX Plus Pro,Inity,Won,2017-09-09,2017-11-27,6255,FALSE,TRUE,79
YR4EFQ4C,Reed Clapper,GTX Pro,Bubba Gump,Won,2017-09-09,2017-12-03,4647,FALSE,TRUE,85
KB7DTUXO,Rosie Papadopoulos,GTX Pro,Vehement Capital Partners,Won,2017-09-09,2017-11-08,5042,FALSE,TRUE,60
JMQRT3TC,Versie Hillebrand,MG Special,Dontechi,Won,2017-09-09,2017-12-31,57,FALSE,TRUE,113
XETHS437,Versie Hillebrand,MG Special,Rundofase,Won,2017-09-09,2017-12-07,53,FALSE,TRUE,89
6EYTZB6F,Versie Hillebrand,MG Advanced,Konmatfix,Won,2017-09-09,2017-12-12,3811,FALSE,TRUE,94
DXY9EZ55,Vicki Laflamme,GTX Basic,Hottechi,Won,2017-09-09,2017-12-12,456,FALSE,TRUE,94
ITDTMROU,Cassey Cress,MG Advanced,Xx-zobam,Won,2017-09-10,2017-12-05,3371,FALSE,TRUE,86
IFO74RWI,Cecily Lampkin,GTX Plus Basic,Treequote,Won,2017-09-10,2017-11-29,1151,FALSE,TRUE,80
4O6T16XI,Cecily Lampkin,MG Advanced,Scottech,Won,2017-09-10,2017-12-25,3748,FALSE,TRUE,106
SUPA1RHK,Corliss Cosme,GTX Plus Pro,Umbrella Corporation,Won,2017-09-10,2017-09-15,5717,FALSE,TRUE,5
MDHD11QD,Corliss Cosme,GTX Pro,Donquadtech,Won,2017-09-10,2017-09-15,5027,FALSE,TRUE,5
PERK5YXJ,Daniell Hammack,GTX Plus Basic,Iselectrics,Won,2017-09-10,2017-12-13,1111,FALSE,TRUE,94
MUUNQNG2,Darcel Schlecht,GTX Plus Basic,Bioholding,Won,2017-09-10,2017-09-17,1159,FALSE,TRUE,7
J1SCD7QL,Darcel Schlecht,MG Advanced,Rangreen,Won,2017-09-10,2017-11-06,3251,FALSE,TRUE,57
S5R9O6TL,Gladys Colclough,GTX Plus Basic,Codehow,Won,2017-09-10,2017-12-18,1083,FALSE,TRUE,99
N78A330G,Gladys Colclough,MG Special,Bioholding,Won,2017-09-10,2017-11-08,54,FALSE,TRUE,59
ZHI12PI4,Hayden Neloms,MG Advanced,Blackzim,Won,2017-09-10,2017-12-29,3302,FALSE,TRUE,110
38ZR3URJ,James Ascencio,GTX Basic,Golddex,Won,2017-09-10,2017-11-25,552,FALSE,TRUE,76
6DJ817MW,James Ascencio,GTX Basic,Singletechno,Won,2017-09-10,2017-11-16,468,FALSE,TRUE,67
R7LGVRHC,Kami Bicknell,GTX Pro,J-Texon,Won,2017-09-10,2017-11-12,4467,FALSE,TRUE,63
3KLVZN6M,Kary Hendrixson,GTX Basic,Cheers,Won,2017-09-10,2017-12-05,538,FALSE,TRUE,86
WGSLK719,Kary Hendrixson,MG Advanced,Y-corporation,Won,2017-09-10,2017-12-12,3021,FALSE,TRUE,93
0MMDQ1OR,Lajuana Vencill,GTX Basic,Codehow,Won,2017-09-10,2017-11-12,511,FALSE,TRUE,63
SMQV0BRI,Maureen Marcano,GTX Plus Pro,Blackzim,Won,2017-09-10,2017-09-21,5832,FALSE,TRUE,11
NR9UD54C,Versie Hillebrand,MG Special,Warephase,Won,2017-09-10,2017-11-27,50,FALSE,TRUE,78
T94JAB4C,Vicki Laflamme,MG Special,Plexzap,Won,2017-09-10,2017-11-22,58,FALSE,TRUE,73
8G2OTKLL,Violet Mclelland,MG Special,Mathtouch,Won,2017-09-10,2017-09-27,66,FALSE,TRUE,17
VYJ20GOM,Anna Snelling,MG Special,Cancity,Won,2017-09-11,2017-11-17,44,FALSE,TRUE,67
GIWI7CWJ,Boris Faz,GTX Plus Basic,Konex,Won,2017-09-11,2017-12-30,1140,FALSE,TRUE,110
VTO3SNNX,Cassey Cress,GTX Plus Pro,Zencorporation,Won,2017-09-11,2017-09-21,5245,FALSE,TRUE,10
OVPNOM6O,Cecily Lampkin,GTX Plus Pro,Gogozoom,Won,2017-09-11,2017-12-04,5520,FALSE,TRUE,84
ZCFAVNF3,Gladys Colclough,MG Special,Streethex,Won,2017-09-11,2017-09-20,53,FALSE,TRUE,9
RDMKSDT0,Kami Bicknell,GTX Plus Pro,Plusstrip,Won,2017-09-11,2017-12-10,4872,FALSE,TRUE,90
Y93GK95W,Markita Hansen,MG Advanced,Hatfan,Won,2017-09-11,2017-09-21,3138,FALSE,TRUE,10
ZDAJ4PFJ,Moses Frase,GTX Basic,Bioholding,Won,2017-09-11,2017-12-03,513,FALSE,TRUE,83
EHPG1PNC,Violet Mclelland,GTX Basic,Kan-code,Won,2017-09-11,2017-12-18,644,FALSE,TRUE,98
1MTLDVU8,Zane Levy,GTX Basic,Newex,Won,2017-09-11,2017-09-19,560,FALSE,TRUE,8
Y25T06D2,Anna Snelling,GTX Plus Basic,dambase,Won,2017-09-12,2017-12-26,866,FALSE,TRUE,105
WRSA8PVU,Darcel Schlecht,GTX Basic,Finhigh,Won,2017-09-12,2017-12-16,626,FALSE,TRUE,95
965CJ4YG,Darcel Schlecht,GTX Pro,Toughzap,Won,2017-09-12,2017-12-03,4079,FALSE,TRUE,82
ML5QMJPM,Garret Kinder,MG Advanced,Konex,Won,2017-09-12,2017-12-05,3497,FALSE,TRUE,84
EWEW7ZMQ,Garret Kinder,MG Advanced,Opentech,Won,2017-09-12,2017-11-16,3072,FALSE,TRUE,65
JFBWABB1,Hayden Neloms,MG Advanced,Labdrill,Won,2017-09-12,2017-11-26,3473,FALSE,TRUE,75
A0Z6FYRO,Jonathan Berthelot,GTX Basic,Conecom,Won,2017-09-12,2017-09-19,530,FALSE,TRUE,7
51AC0Q99,Jonathan Berthelot,GTX Plus Basic,Gogozoom,Won,2017-09-12,2017-12-16,1066,FALSE,TRUE,95
897MKBP9,Jonathan Berthelot,MG Special,Cancity,Won,2017-09-12,2017-12-18,64,FALSE,TRUE,97
Y5IRSKVA,Jonathan Berthelot,MG Special,Rangreen,Won,2017-09-12,2017-12-25,59,FALSE,TRUE,104
QS440NN9,Kary Hendrixson,GTX Plus Basic,Goodsilron,Won,2017-09-12,2017-11-30,1077,FALSE,TRUE,79
JOKH5C6I,Kary Hendrixson,GTX Pro,Sunnamplex,Won,2017-09-12,2017-11-21,4999,FALSE,TRUE,70
1MZ8GDLF,Marty Freudenburg,MG Special,Betatech,Won,2017-09-12,2017-09-21,72,FALSE,TRUE,9
64SDWSQH,Maureen Marcano,GTX Plus Pro,Kan-code,Won,2017-09-12,2017-09-20,4870,FALSE,TRUE,8
2MH79C2B,Versie Hillebrand,MG Special,Konmatfix,Won,2017-09-12,2017-09-26,54,FALSE,TRUE,14
3YZFYEMI,Versie Hillebrand,MG Special,Toughzap,Won,2017-09-12,2017-12-09,50,FALSE,TRUE,88
SWXO4J19,Zane Levy,GTX Plus Basic,Konex,Won,2017-09-12,2017-11-20,1029,FALSE,TRUE,69
07DPEL0B,Anna Snelling,GTX Basic,Cancity,Won,2017-09-13,2017-11-25,629,FALSE,TRUE,73
7GDRCAJR,Cassey Cress,GTX Basic,Iselectrics,Won,2017-09-13,2017-09-24,600,FALSE,TRUE,11
G7HADWB0,Corliss Cosme,GTX Pro,Kinnamplus,Won,2017-09-13,2017-09-18,4535,FALSE,TRUE,5
H6SE0L31,Gladys Colclough,GTX Pro,Conecom,Won,2017-09-13,2017-09-29,4805,FALSE,TRUE,16
J9V49YC3,Kary Hendrixson,GTX Plus Pro,Labdrill,Won,2017-09-13,2017-12-12,5158,FALSE,TRUE,90
H3ZS0FBT,Marty Freudenburg,GTX Basic,Cancity,Won,2017-09-13,2017-11-21,477,FALSE,TRUE,69
GIIHTQGY,Maureen Marcano,GTX Plus Pro,Lexiqvolax,Won,2017-09-13,2017-11-16,4972,FALSE,TRUE,64
0LTBCZHI,Niesha Huffines,MG Advanced,Treequote,Won,2017-09-13,2017-11-30,3902,FALSE,TRUE,78
8U0BUWUQ,Reed Clapper,GTX Plus Basic,Plussunin,Won,2017-09-13,2017-12-14,1176,FALSE,TRUE,92
ROD5WJDM,Reed Clapper,GTX Pro,Yearin,Won,2017-09-13,2017-12-14,4140,FALSE,TRUE,92
86GSJWQW,Rosalina Dieter,MG Special,Golddex,Won,2017-09-13,2017-11-30,54,FALSE,TRUE,78
B7BT5DB8,Vicki Laflamme,MG Special,Dalttechnology,Won,2017-09-13,2017-11-29,51,FALSE,TRUE,77
NJTWATVH,Zane Levy,GTX Basic,Labdrill,Won,2017-09-13,2017-09-21,518,FALSE,TRUE,8
ZLIQCT7V,Zane Levy,GTX Basic,Sonron,Won,2017-09-13,2017-12-06,505,FALSE,TRUE,84
0U0GUDIX,Anna Snelling,GTX Plus Pro,Stanredtax,Won,2017-09-14,2017-09-18,5421,FALSE,TRUE,4
MN4ZHCUZ,Cassey Cress,GTX Pro,Kan-code,Won,2017-09-14,2017-11-23,3822,FALSE,TRUE,70
GBRQN296,Donn Cantrell,MG Advanced,Ontomedia,Won,2017-09-14,2017-12-17,3331,FALSE,TRUE,94
59O0CDJE,James Ascencio,GTX Basic,Newex,Won,2017-09-14,2017-12-20,504,FALSE,TRUE,97
RU9Y6GR1,James Ascencio,GTX Plus Basic,Plexzap,Won,2017-09-14,2017-12-10,1117,FALSE,TRUE,87
GIZAD3ZN,James Ascencio,GTX Pro,Lexiqvolax,Won,2017-09-14,2017-12-07,5230,FALSE,TRUE,84
6CXJOT2A,Kami Bicknell,GTX Pro,Fasehatice,Won,2017-09-14,2017-09-16,4844,FALSE,TRUE,2
Y9NTV3K5,Kami Bicknell,MG Advanced,Labdrill,Won,2017-09-14,2017-09-23,3596,FALSE,TRUE,9
LI9RCAQ6,Kary Hendrixson,GTX Pro,Scotfind,Won,2017-09-14,2017-11-01,4593,FALSE,TRUE,48
DT8SWPLT,Lajuana Vencill,GTX Basic,dambase,Won,2017-09-14,2017-12-12,545,FALSE,TRUE,89
URRBXP0V,Lajuana Vencill,MG Advanced,Rangreen,Won,2017-09-14,2017-11-08,3362,FALSE,TRUE,55
CNAQ6R7T,Marty Freudenburg,GTX Plus Basic,Bioholding,Won,2017-09-14,2017-12-14,1086,FALSE,TRUE,91
ZJAIST7C,Rosie Papadopoulos,GTX Pro,Konex,Won,2017-09-14,2017-12-31,5153,FALSE,TRUE,108
F0KWRLK1,Vicki Laflamme,GTX Pro,Konex,Won,2017-09-14,2017-11-15,5348,FALSE,TRUE,62
HHP6R0IX,Zane Levy,GTX Pro,Finjob,Won,2017-09-14,2017-11-05,5170,FALSE,TRUE,52
XMRZQ8PR,Zane Levy,GTX Pro,Scotfind,Won,2017-09-14,2017-09-25,4050,FALSE,TRUE,11
DK6L8Y0Y,Daniell Hammack,GTX Plus Basic,Vehement Capital Partners,Won,2017-09-15,2017-09-29,1221,FALSE,TRUE,14
8ARRIREI,Darcel Schlecht,GTX Plus Pro,Warephase,Won,2017-09-15,2017-12-09,5669,FALSE,TRUE,85
W3LRLMKP,Gladys Colclough,GTX Plus Pro,Finhigh,Won,2017-09-15,2017-12-19,5385,FALSE,TRUE,95
6R6T68GL,Markita Hansen,MG Special,Zoomit,Won,2017-09-15,2017-12-09,48,FALSE,TRUE,85
PGT70Q4T,Markita Hansen,MG Advanced,Plexzap,Won,2017-09-15,2017-12-01,3663,FALSE,TRUE,77
EMORZ8R8,Maureen Marcano,GTX Pro,Groovestreet,Won,2017-09-15,2017-09-30,4695,FALSE,TRUE,15
GRYWAPXY,Zane Levy,MG Advanced,Rantouch,Won,2017-09-15,2017-11-07,2712,FALSE,TRUE,53
ZIEI8JM3,Anna Snelling,MG Special,Ron-tech,Won,2017-09-16,2017-12-07,65,FALSE,TRUE,82
QDYFLOZW,Anna Snelling,MG Special,Statholdings,Won,2017-09-16,2017-09-23,55,FALSE,TRUE,7
55YURJ2E,Anna Snelling,MG Special,Streethex,Won,2017-09-16,2017-12-30,58,FALSE,TRUE,105
1PORK6E3,Cassey Cress,GTX Basic,Ontomedia,Won,2017-09-16,2017-09-27,512,FALSE,TRUE,11
ENDKZ399,Corliss Cosme,GTX Plus Pro,Kan-code,Won,2017-09-16,2017-09-24,5820,FALSE,TRUE,8
87KZX1UX,Darcel Schlecht,GTX Plus Basic,Codehow,Won,2017-09-16,2017-11-25,1179,FALSE,TRUE,70
PLRBC69J,Darcel Schlecht,GTX Plus Basic,Rangreen,Won,2017-09-16,2017-09-26,1153,FALSE,TRUE,10
RZB6Q4FX,Donn Cantrell,GTX Plus Basic,Ganjaflex,Won,2017-09-16,2017-09-21,892,FALSE,TRUE,5
ASK5U1TD,Donn Cantrell,GTX Plus Basic,Zathunicon,Won,2017-09-16,2017-11-22,1231,FALSE,TRUE,67
T49Q4GWU,Donn Cantrell,MG Advanced,Plussunin,Won,2017-09-16,2017-12-25,3091,FALSE,TRUE,100
JJ17IHID,Garret Kinder,GTX Basic,Xx-zobam,Won,2017-09-16,2017-11-24,547,FALSE,TRUE,69
JG1CD65M,James Ascencio,GTX Plus Pro,Goodsilron,Won,2017-09-16,2017-09-18,5919,FALSE,TRUE,2
YIK15TLW,James Ascencio,GTX Plus Pro,Groovestreet,Won,2017-09-16,2017-11-10,5745,FALSE,TRUE,55
85LVQ6PB,Markita Hansen,GTX Plus Basic,Singletechno,Won,2017-09-16,2017-12-15,1252,FALSE,TRUE,90
ZFIT4XWO,Moses Frase,MG Advanced,Stanredtax,Won,2017-09-16,2017-12-05,3039,FALSE,TRUE,80
XH69FGJJ,Niesha Huffines,GTX Basic,Treequote,Won,2017-09-16,2017-11-19,637,FALSE,TRUE,64
S8Y9AAWC,Rosalina Dieter,GTX Pro,Zoomit,Won,2017-09-16,2017-12-08,4614,FALSE,TRUE,83
I2DLJ6C3,Rosie Papadopoulos,MG Special,Gekko & Co,Won,2017-09-16,2017-11-27,51,FALSE,TRUE,72
M3QL68T6,Vicki Laflamme,GTX Basic,Plexzap,Won,2017-09-16,2017-12-04,595,FALSE,TRUE,79
Q3K6K5V9,Vicki Laflamme,MG Special,Zoomit,Won,2017-09-16,2017-12-26,52,FALSE,TRUE,101
PEGFPDVU,Violet Mclelland,GTX Pro,Konex,Won,2017-09-16,2017-09-30,5604,FALSE,TRUE,14
VA0I9SDD,Zane Levy,GTX Pro,Konex,Won,2017-09-16,2017-09-27,5360,FALSE,TRUE,11
F8F6MA24,Corliss Cosme,GTX Basic,Sumace,Won,2017-09-17,2017-12-19,538,FALSE,TRUE,93
L7CFCOR6,Darcel Schlecht,GTX Plus Pro,Conecom,Won,2017-09-17,2017-11-28,5668,FALSE,TRUE,72
AAUTJ747,Darcel Schlecht,GTX Pro,Warephase,Won,2017-09-17,2017-12-11,5220,FALSE,TRUE,85
X7VUR49L,Donn Cantrell,GTX Pro,Betasoloin,Won,2017-09-17,2017-09-26,5763,FALSE,TRUE,9
THNEGVH2,Kary Hendrixson,GTX Plus Basic,Lexiqvolax,Won,2017-09-17,2017-11-14,948,FALSE,TRUE,58
D1ANNMSO,Lajuana Vencill,GTX Basic,Rundofase,Won,2017-09-17,2017-11-19,487,FALSE,TRUE,63
LMVQ6B9P,Lajuana Vencill,GTX Plus Basic,Funholding,Won,2017-09-17,2017-11-18,1072,FALSE,TRUE,62
OQBVGILR,Markita Hansen,MG Special,Singletechno,Won,2017-09-17,2017-12-16,56,FALSE,TRUE,90
7IZQJIPA,Maureen Marcano,GTX Pro,Kan-code,Won,2017-09-17,2017-12-27,4812,FALSE,TRUE,101
RENW2N0H,Reed Clapper,GTX Pro,Bioplex,Won,2017-09-17,2017-11-19,5186,FALSE,TRUE,63
9F407X6U,Rosalina Dieter,MG Special,Konex,Won,2017-09-17,2017-12-02,49,FALSE,TRUE,76
S0MZHYQC,Zane Levy,GTX Pro,Konex,Won,2017-09-17,2017-09-27,4800,FALSE,TRUE,10
HP9TUR60,Daniell Hammack,GTX Pro,Initech,Won,2017-09-18,2017-12-24,5627,FALSE,TRUE,97
USL5PZ4O,Darcel Schlecht,GTX Pro,Stanredtax,Won,2017-09-18,2017-12-06,3779,FALSE,TRUE,79
3DM5SSI5,Darcel Schlecht,GTX Pro,Warephase,Won,2017-09-18,2017-11-05,5231,FALSE,TRUE,48
8W35TVOQ,Hayden Neloms,MG Advanced,Faxquote,Won,2017-09-18,2017-12-02,2918,FALSE,TRUE,75
58QZ1YGK,Jonathan Berthelot,GTX Pro,Finhigh,Won,2017-09-18,2017-09-27,4902,FALSE,TRUE,9
OU42AWAE,Kami Bicknell,GTX Basic,Hatfan,Won,2017-09-18,2017-11-22,531,FALSE,TRUE,65
MENKE9IV,Kary Hendrixson,GTX Basic,Singletechno,Won,2017-09-18,2017-11-30,526,FALSE,TRUE,73
5PIJNVMB,Lajuana Vencill,GTX Basic,Konmatfix,Won,2017-09-18,2017-11-17,485,FALSE,TRUE,60
ZLFKHXXI,Moses Frase,GTX Basic,Rundofase,Won,2017-09-18,2017-12-25,520,FALSE,TRUE,98
WIDRX5N6,Niesha Huffines,GTX Plus Basic,Dontechi,Won,2017-09-18,2017-12-23,1020,FALSE,TRUE,96
T2EM55FZ,Rosie Papadopoulos,GTX Pro,Donquadtech,Won,2017-09-18,2017-11-15,4205,FALSE,TRUE,58
0WGAPLOI,Darcel Schlecht,GTX Pro,dambase,Won,2017-09-19,2017-12-07,4990,FALSE,TRUE,79
GXPA5D3A,Darcel Schlecht,GTX Pro,Domzoom,Won,2017-09-19,2017-09-29,5450,FALSE,TRUE,10
8598PVIX,Elease Gluck,MG Special,Groovestreet,Won,2017-09-19,2017-11-11,53,FALSE,TRUE,53
VKM2BCMV,Jonathan Berthelot,GTX Pro,Inity,Won,2017-09-19,2017-09-25,3678,FALSE,TRUE,6
3IBBBGM4,Kary Hendrixson,GTX Basic,Fasehatice,Won,2017-09-19,2017-11-18,555,FALSE,TRUE,60
T32P6LSX,Lajuana Vencill,GTX Basic,Rangreen,Won,2017-09-19,2017-12-16,492,FALSE,TRUE,88
QXWLE549,Marty Freudenburg,GTX Basic,Gogozoom,Won,2017-09-19,2017-11-17,574,FALSE,TRUE,59
R0R0V2O5,Maureen Marcano,GTX Pro,Finjob,Won,2017-09-19,2017-12-09,4709,FALSE,TRUE,81
D3O1PCMO,Niesha Huffines,MG Advanced,Condax,Won,2017-09-19,2017-12-04,3079,FALSE,TRUE,76
G53492IF,Reed Clapper,GTX Pro,Massive Dynamic,Won,2017-09-19,2017-09-24,4369,FALSE,TRUE,5
RW6QS352,Versie Hillebrand,GTX Plus Pro,Statholdings,Won,2017-09-19,2017-12-31,6000,FALSE,TRUE,103
1374WYJG,Violet Mclelland,MG Advanced,Kan-code,Won,2017-09-19,2017-12-31,3248,FALSE,TRUE,103
1T8R8X79,Zane Levy,MG Advanced,Nam-zim,Won,2017-09-19,2017-11-19,4249,FALSE,TRUE,61
0ZXS3AIR,Boris Faz,GTX Basic,Betasoloin,Won,2017-09-20,2017-12-26,563,FALSE,TRUE,97
SBTVPORC,Corliss Cosme,GTX Pro,Gekko & Co,Won,2017-09-20,2017-09-29,5037,FALSE,TRUE,9
XZKZYO55,Daniell Hammack,GTX Pro,Kan-code,Won,2017-09-20,2017-12-16,4865,FALSE,TRUE,87
AMCOSQZC,Darcel Schlecht,GTX Pro,Warephase,Won,2017-09-20,2017-12-18,5192,FALSE,TRUE,89
VQQR3OUI,Elease Gluck,MG Special,Doncon,Won,2017-09-20,2017-12-31,41,FALSE,TRUE,102
UWYFOEMO,Hayden Neloms,MG Special,Dalttechnology,Won,2017-09-20,2017-09-26,59,FALSE,TRUE,6
KHG4UMKP,James Ascencio,MG Special,Blackzim,Won,2017-09-20,2017-11-24,58,FALSE,TRUE,65
5R7N3RKQ,Jonathan Berthelot,GTX Pro,Ron-tech,Won,2017-09-20,2017-09-30,4361,FALSE,TRUE,10
TEM0I59X,Kami Bicknell,GTX Plus Pro,Lexiqvolax,Won,2017-09-20,2017-12-09,4906,FALSE,TRUE,80
1WPZ1MCO,Markita Hansen,GTX Basic,Goodsilron,Won,2017-09-20,2017-09-29,587,FALSE,TRUE,9
1AQKM7VU,Markita Hansen,GTX Pro,Y-corporation,Won,2017-09-20,2017-11-24,4487,FALSE,TRUE,65
VTVYSUZG,Moses Frase,MG Advanced,Cancity,Won,2017-09-20,2017-12-28,3627,FALSE,TRUE,99
6ZSAKAHX,Rosalina Dieter,GTX Plus Basic,Plexzap,Won,2017-09-20,2017-12-22,920,FALSE,TRUE,93
7TIWLFZD,Vicki Laflamme,GTX Basic,Golddex,Won,2017-09-20,2017-10-01,552,FALSE,TRUE,11
HXRF96S3,Vicki Laflamme,MG Special,Labdrill,Won,2017-09-20,2017-12-15,54,FALSE,TRUE,86
WTEAOER0,Violet Mclelland,GTX Basic,Bubba Gump,Won,2017-09-20,2017-12-14,472,FALSE,TRUE,85
ABMOVF1A,Anna Snelling,MG Special,Toughzap,Won,2017-09-21,2017-09-30,66,FALSE,TRUE,9
J0WKJLR6,Cassey Cress,GTX Plus Basic,Massive Dynamic,Won,2017-09-21,2017-11-21,1039,FALSE,TRUE,61
OAMR9KPA,Corliss Cosme,GTX Basic,Bluth Company,Won,2017-09-21,2017-12-21,550,FALSE,TRUE,91
MP9PICCD,Darcel Schlecht,GTX Pro,Treequote,Won,2017-09-21,2017-12-30,4570,FALSE,TRUE,100
DHJ8KOUV,Gladys Colclough,GTX Plus Pro,Condax,Won,2017-09-21,2017-12-05,5138,FALSE,TRUE,75
JYNYK957,James Ascencio,MG Advanced,Labdrill,Won,2017-09-21,2017-12-02,3063,FALSE,TRUE,72
BUHR2X8U,Kary Hendrixson,GTX Basic,Green-Plus,Won,2017-09-21,2017-12-30,613,FALSE,TRUE,100
4OPFJFRO,Kary Hendrixson,GTX Pro,Plexzap,Won,2017-09-21,2017-11-14,4808,FALSE,TRUE,54
MLV2QDU6,Lajuana Vencill,GTX Plus Pro,Condax,Won,2017-09-21,2017-11-26,5160,FALSE,TRUE,66
V7T9ZP6C,Markita Hansen,GTX Basic,J-Texon,Won,2017-09-21,2017-10-01,566,FALSE,TRUE,10
WYS1XI44,Marty Freudenburg,MG Special,Warephase,Won,2017-09-21,2017-09-27,68,FALSE,TRUE,6
YCQXHVMZ,Reed Clapper,GTX Pro,The New York Inquirer,Won,2017-09-21,2017-12-22,5600,FALSE,TRUE,92
4PLSG7A3,Versie Hillebrand,MG Special,dambase,Won,2017-09-21,2017-12-12,61,FALSE,TRUE,82
YPSXMDRH,Daniell Hammack,GTX Pro,The New York Inquirer,Won,2017-09-22,2017-12-23,4976,FALSE,TRUE,92
DT0ZJ9Z2,Darcel Schlecht,GTX Pro,Inity,Won,2017-09-22,2017-12-24,4991,FALSE,TRUE,93
6PQS93V2,Donn Cantrell,GTX Pro,Vehement Capital Partners,Won,2017-09-22,2017-10-04,5868,FALSE,TRUE,12
LDYYOH6W,Gladys Colclough,GTX Pro,Bioholding,Won,2017-09-22,2017-11-24,4938,FALSE,TRUE,63
4MFY8UXP,Gladys Colclough,MG Advanced,Ron-tech,Won,2017-09-22,2017-12-14,3772,FALSE,TRUE,83
EBJMZ5VE,James Ascencio,GTX Plus Pro,Cheers,Won,2017-09-22,2017-10-02,5784,FALSE,TRUE,10
CMXOTVL7,Jonathan Berthelot,GTX Pro,Conecom,Won,2017-09-22,2017-10-02,3485,FALSE,TRUE,10
9XF2B7RS,Kami Bicknell,GTX Basic,Fasehatice,Won,2017-09-22,2017-09-28,675,FALSE,TRUE,6
W5EGDYPK,Rosalina Dieter,MG Special,Newex,Won,2017-09-22,2017-10-01,55,FALSE,TRUE,9
389D515R,Versie Hillebrand,GTX Plus Pro,Inity,Won,2017-09-22,2017-10-01,5775,FALSE,TRUE,9
2751GWVC,Vicki Laflamme,GTX Basic,Hottechi,Won,2017-09-22,2017-11-18,651,FALSE,TRUE,57
0UFUDIYT,Vicki Laflamme,GTX Basic,Scotfind,Won,2017-09-22,2017-11-22,570,FALSE,TRUE,61
Y3QBGJLM,Vicki Laflamme,MG Special,Blackzim,Won,2017-09-22,2017-12-30,54,FALSE,TRUE,99
O7U4I96P,Vicki Laflamme,MG Special,Scotfind,Won,2017-09-22,2017-09-29,47,FALSE,TRUE,7
Q0R3ZBNT,Wilburn Farren,MG Special,Silis,Won,2017-09-22,2017-11-08,56,FALSE,TRUE,47
ZKFWTRRT,Darcel Schlecht,GTX Pro,Bioholding,Won,2017-09-23,2017-09-30,4422,FALSE,TRUE,7
941SDVVZ,Darcel Schlecht,GTX Pro,Hottechi,Won,2017-09-23,2017-10-02,5357,FALSE,TRUE,9
0TICPBMF,Gladys Colclough,GTX Plus Basic,Conecom,Won,2017-09-23,2017-09-27,1047,FALSE,TRUE,4
WANX7LM0,Gladys Colclough,GTX Pro,Ron-tech,Won,2017-09-23,2017-12-29,5013,FALSE,TRUE,97
9F2MDA5R,Hayden Neloms,MG Advanced,Finjob,Won,2017-09-23,2017-09-25,3197,FALSE,TRUE,2
YD3D41E0,Jonathan Berthelot,GTX Plus Basic,Zumgoity,Won,2017-09-23,2017-10-02,1127,FALSE,TRUE,9
RX8711KI,Kami Bicknell,GTX Basic,Plexzap,Won,2017-09-23,2017-12-24,468,FALSE,TRUE,92
F3BJAMUL,Kami Bicknell,MG Special,Rantouch,Won,2017-09-23,2017-11-19,55,FALSE,TRUE,57
HZS2YVRN,Kary Hendrixson,MG Special,Finjob,Won,2017-09-23,2017-10-01,57,FALSE,TRUE,8
MGR0TSPK,Lajuana Vencill,GTX Plus Basic,Rangreen,Won,2017-09-23,2017-11-27,946,FALSE,TRUE,65
O04P1WN6,Vicki Laflamme,GTX Pro,Hottechi,Won,2017-09-23,2017-12-17,4415,FALSE,TRUE,85
600FP406,Violet Mclelland,MG Special,Bioplex,Won,2017-09-23,2017-10-02,60,FALSE,TRUE,9
2EFTTOAV,Zane Levy,GTX Plus Pro,Green-Plus,Won,2017-09-23,2017-10-01,5865,FALSE,TRUE,8
WLQC2XK4,Cecily Lampkin,MG Special,Rundofase,Won,2017-09-24,2017-10-02,54,FALSE,TRUE,8
A4CVM3PM,Corliss Cosme,GTX Pro,Opentech,Won,2017-09-24,2017-12-27,5069,FALSE,TRUE,94
CNLE5EJ2,Daniell Hammack,GTX Plus Pro,Konex,Won,2017-09-24,2017-10-05,5378,FALSE,TRUE,11
D3HUUVPL,Daniell Hammack,GTX Pro,Mathtouch,Won,2017-09-24,2017-12-04,5255,FALSE,TRUE,71
R2E45IQ8,Darcel Schlecht,GTX Plus Pro,Conecom,Won,2017-09-24,2017-10-03,5144,FALSE,TRUE,9
VM0A3057,James Ascencio,GTX Plus Pro,Plusstrip,Won,2017-09-24,2017-10-03,5527,FALSE,TRUE,9
L6AOARQ9,Lajuana Vencill,GTX Basic,dambase,Won,2017-09-24,2017-12-21,452,FALSE,TRUE,88
10984DDU,Moses Frase,GTX Plus Pro,Toughzap,Won,2017-09-24,2017-12-28,7300,FALSE,TRUE,95
UWZHNMR4,Vicki Laflamme,GTX Plus Pro,Blackzim,Won,2017-09-24,2017-11-26,5196,FALSE,TRUE,63
TRET6F45,Vicki Laflamme,GTX Plus Pro,Faxquote,Won,2017-09-24,2017-12-26,5624,FALSE,TRUE,93
8DDC9RLE,Vicki Laflamme,MG Advanced,J-Texon,Won,2017-09-24,2017-12-15,4110,FALSE,TRUE,82
4YXXI2OI,Anna Snelling,MG Special,Codehow,Won,2017-09-25,2017-12-18,53,FALSE,TRUE,84
3C7A75LH,Cassey Cress,GTX Pro,Massive Dynamic,Won,2017-09-25,2017-09-27,5727,FALSE,TRUE,2
02LUGFJS,Cassey Cress,GTX Pro,Plussunin,Won,2017-09-25,2017-09-28,4308,FALSE,TRUE,3
KPF0GREK,Cassey Cress,MG Advanced,Plussunin,Won,2017-09-25,2017-12-09,3329,FALSE,TRUE,75
RAUWH0GP,Kami Bicknell,GTX Plus Pro,Labdrill,Won,2017-09-25,2017-11-27,6105,FALSE,TRUE,63
I86I0TJG,Kary Hendrixson,GTX Basic,Xx-holding,Won,2017-09-25,2017-11-13,549,FALSE,TRUE,49
TFW3KAYZ,Kary Hendrixson,GTX Pro,Doncon,Won,2017-09-25,2017-11-12,4828,FALSE,TRUE,48
KU0YOR3J,Niesha Huffines,GTX Plus Basic,Zumgoity,Won,2017-09-25,2017-10-04,1189,FALSE,TRUE,9
BRGJCWO1,Niesha Huffines,MG Special,Hottechi,Won,2017-09-25,2017-11-28,51,FALSE,TRUE,64
VKB9RFJT,Versie Hillebrand,MG Special,Condax,Won,2017-09-25,2017-11-20,55,FALSE,TRUE,56
Y9HHGGOQ,Versie Hillebrand,MG Special,dambase,Won,2017-09-25,2017-10-04,53,FALSE,TRUE,9
LUXAXNBV,Wilburn Farren,GTX Plus Pro,Donquadtech,Won,2017-09-25,2017-12-09,5960,FALSE,TRUE,75
0XBMBVFP,Zane Levy,MG Advanced,Groovestreet,Won,2017-09-25,2017-10-04,3438,FALSE,TRUE,9
Q06QD8ZW,Anna Snelling,MG Special,Globex Corporation,Won,2017-09-26,2017-11-03,54,FALSE,TRUE,38
3LYVAV6P,Cecily Lampkin,MG Special,Statholdings,Won,2017-09-26,2017-10-03,55,FALSE,TRUE,7
LN0DF2XI,Elease Gluck,MG Special,Sonron,Won,2017-09-26,2017-11-27,48,FALSE,TRUE,62
DTCHPCBB,Hayden Neloms,MG Advanced,Finjob,Won,2017-09-26,2017-12-14,3553,FALSE,TRUE,79
QFKL9UK2,Kary Hendrixson,GTX Pro,J-Texon,Won,2017-09-26,2017-10-05,4727,FALSE,TRUE,9
MC3OSDV0,Kary Hendrixson,MG Special,Sunnamplex,Won,2017-09-26,2017-10-02,65,FALSE,TRUE,6
C7DOYN5Y,Lajuana Vencill,GTX Basic,Rangreen,Won,2017-09-26,2017-12-25,585,FALSE,TRUE,90
MZSCFJZS,Marty Freudenburg,GTX Plus Pro,Konmatfix,Won,2017-09-26,2017-10-07,5708,FALSE,TRUE,11
69Z30MBF,Moses Frase,GTX Basic,Bioholding,Won,2017-09-26,2017-11-15,571,FALSE,TRUE,50
SH0BSL0Z,Moses Frase,GTX Basic,Scottech,Won,2017-09-26,2017-12-24,619,FALSE,TRUE,89
Q5E0NILP,Reed Clapper,MG Advanced,Donware,Won,2017-09-26,2017-10-03,2984,FALSE,TRUE,7
RFTDQJ0U,Rosie Papadopoulos,GTX Basic,Bioplex,Won,2017-09-26,2017-10-01,558,FALSE,TRUE,5
76NU9866,Rosie Papadopoulos,MG Special,Condax,Won,2017-09-26,2017-12-02,57,FALSE,TRUE,67
13O8NTOT,Violet Mclelland,MG Special,Initech,Won,2017-09-26,2017-11-30,61,FALSE,TRUE,65
AS3IYIRO,Anna Snelling,GTX Basic,Hottechi,Won,2017-09-27,2017-12-26,543,FALSE,TRUE,90
L1WPBDZG,Boris Faz,GTX Pro,Zotware,Won,2017-09-27,2017-12-12,4125,FALSE,TRUE,76
QK98E62R,Cassey Cress,GTX Plus Pro,Ganjaflex,Won,2017-09-27,2017-12-29,5301,FALSE,TRUE,93
F9THW1PW,Corliss Cosme,GTX Basic,Kinnamplus,Won,2017-09-27,2017-10-05,495,FALSE,TRUE,8
LQJISQSD,Corliss Cosme,GTX Plus Basic,Bioplex,Won,2017-09-27,2017-10-05,955,FALSE,TRUE,8
84SZ58S9,Daniell Hammack,GTX Plus Basic,Iselectrics,Won,2017-09-27,2017-10-04,1225,FALSE,TRUE,7
6BSKCQCX,Darcel Schlecht,GTX Basic,Conecom,Won,2017-09-27,2017-12-25,608,FALSE,TRUE,89
UKQD4DPD,Darcel Schlecht,GTX Pro,Warephase,Won,2017-09-27,2017-11-13,4515,FALSE,TRUE,47
6XP6FVMN,Elease Gluck,MG Advanced,Green-Plus,Won,2017-09-27,2017-12-18,3772,FALSE,TRUE,82
IGFQGZDK,Gladys Colclough,GTX Basic,Bioholding,Won,2017-09-27,2017-12-08,540,FALSE,TRUE,72
Y2DLFFN6,Gladys Colclough,MG Advanced,Cancity,Won,2017-09-27,2017-09-30,2800,FALSE,TRUE,3
I6UCM2J9,Gladys Colclough,MG Advanced,Stanredtax,Won,2017-09-27,2017-10-05,3250,FALSE,TRUE,8
PT0I4XSM,Hayden Neloms,GTX Plus Basic,Plexzap,Won,2017-09-27,2017-10-07,1232,FALSE,TRUE,10
X718EF6Y,Hayden Neloms,MG Advanced,Hatfan,Won,2017-09-27,2017-10-04,2811,FALSE,TRUE,7
VUAFV8SS,James Ascencio,GTX Plus Basic,Lexiqvolax,Won,2017-09-27,2017-12-07,1178,FALSE,TRUE,71
SXPV3WCV,Jonathan Berthelot,GTX Pro,Treequote,Won,2017-09-27,2017-12-22,4869,FALSE,TRUE,86
XR4PPDOB,Lajuana Vencill,GTX Basic,Condax,Won,2017-09-27,2017-12-18,507,FALSE,TRUE,82
EK06CNRW,Lajuana Vencill,MG Advanced,Bioholding,Won,2017-09-27,2017-10-06,3681,FALSE,TRUE,9
K8Y7CK9T,Marty Freudenburg,GTX Plus Pro,Treequote,Won,2017-09-27,2017-10-05,5280,FALSE,TRUE,8
ADS3CQ4B,Rosalina Dieter,MG Special,Finjob,Won,2017-09-27,2017-11-27,50,FALSE,TRUE,61
9UBU6UW4,Versie Hillebrand,MG Special,Genco Pura Olive Oil Company,Won,2017-09-27,2017-09-29,59,FALSE,TRUE,2
ZP9HW0LH,Vicki Laflamme,MG Advanced,Kan-code,Won,2017-09-27,2017-10-03,3794,FALSE,TRUE,6
WV41OJHX,Wilburn Farren,MG Advanced,Ganjaflex,Won,2017-09-27,2017-10-03,3786,FALSE,TRUE,6
369V78M2,Donn Cantrell,GTX Pro,Mathtouch,Won,2017-09-28,2017-10-07,5553,FALSE,TRUE,9
792JYPG1,Donn Cantrell,MG Advanced,Konex,Won,2017-09-28,2017-10-08,3557,FALSE,TRUE,10
Y6Q7Z0SO,Elease Gluck,MG Special,Green-Plus,Won,2017-09-28,2017-10-08,63,FALSE,TRUE,10
GXY3QZ2V,Lajuana Vencill,MG Advanced,Scottech,Won,2017-09-28,2017-10-06,3704,FALSE,TRUE,8
OR0PEAIV,Marty Freudenburg,GTX Plus Basic,Ron-tech,Won,2017-09-28,2017-11-30,1133,FALSE,TRUE,63
EGOU8GB1,Maureen Marcano,GTX Plus Basic,Konex,Won,2017-09-28,2017-12-09,1292,FALSE,TRUE,72
IIKN6Q8E,Rosalina Dieter,MG Advanced,Plusstrip,Won,2017-09-28,2017-12-04,3278,FALSE,TRUE,67
VTX8GPN8,Versie Hillebrand,MG Special,Codehow,Won,2017-09-28,2017-10-05,55,FALSE,TRUE,7
DVGY4X7E,Vicki Laflamme,GTX Basic,Finjob,Won,2017-09-28,2017-12-23,498,FALSE,TRUE,86
W9LAIASV,Vicki Laflamme,MG Special,Sunnamplex,Won,2017-09-28,2017-12-30,55,FALSE,TRUE,93
1JFYPP8R,Zane Levy,GTX Basic,Cheers,Won,2017-09-28,2017-10-05,571,FALSE,TRUE,7
A62JDGQK,Daniell Hammack,GTX Pro,Bubba Gump,Won,2017-09-29,2017-10-05,4942,FALSE,TRUE,6
VJD27D8U,Elease Gluck,GTX Pro,Singletechno,Won,2017-09-29,2017-10-01,5340,FALSE,TRUE,2
LEPH90QI,Gladys Colclough,GTX Plus Pro,Isdom,Won,2017-09-29,2017-10-09,5689,FALSE,TRUE,10
94P229FH,Lajuana Vencill,MG Special,Dontechi,Won,2017-09-29,2017-12-30,52,FALSE,TRUE,92
Q6F9JWTY,Lajuana Vencill,MG Advanced,Rangreen,Won,2017-09-29,2017-12-10,3131,FALSE,TRUE,72
I6RH33SU,Marty Freudenburg,MG Advanced,Toughzap,Won,2017-09-29,2017-10-05,3957,FALSE,TRUE,6
STCU1IXE,Niesha Huffines,GTX Basic,Treequote,Won,2017-09-29,2017-12-30,523,FALSE,TRUE,92
E3CR358L,Niesha Huffines,GTX Plus Basic,Treequote,Won,2017-09-29,2017-12-21,1156,FALSE,TRUE,83
1B2WYHTY,Rosalina Dieter,MG Advanced,Plexzap,Won,2017-09-29,2017-11-30,3509,FALSE,TRUE,62
W40IER4O,Vicki Laflamme,MG Special,Sonron,Won,2017-09-29,2017-12-08,59,FALSE,TRUE,70
6K31TYOR,Zane Levy,GTX Basic,J-Texon,Won,2017-09-29,2017-10-05,502,FALSE,TRUE,6
T4SSD24J,Boris Faz,GTX Basic,Silis,Won,2017-09-30,2017-12-05,541,FALSE,TRUE,66
ZDB6D35R,Cassey Cress,GTX Plus Pro,Ontomedia,Won,2017-09-30,2017-12-19,5026,FALSE,TRUE,80
8RVTZBQO,Cecily Lampkin,MG Advanced,Dontechi,Won,2017-09-30,2017-10-10,3148,FALSE,TRUE,10
IHOTG9ZQ,Darcel Schlecht,MG Advanced,Rundofase,Won,2017-09-30,2017-10-09,3006,FALSE,TRUE,9
12HOWQMI,Garret Kinder,GTX Pro,Kan-code,Won,2017-09-30,2017-10-07,5203,FALSE,TRUE,7
IIOVCSHC,Hayden Neloms,MG Advanced,Xx-holding,Won,2017-09-30,2017-12-10,2927,FALSE,TRUE,71
C563WHG1,Lajuana Vencill,GTX Plus Pro,Betatech,Won,2017-09-30,2017-10-11,6156,FALSE,TRUE,11
D9WBSJRC,Marty Freudenburg,GTX Pro,Warephase,Won,2017-09-30,2017-10-09,5007,FALSE,TRUE,9
X8P0Q1EU,Maureen Marcano,MG Special,Scotfind,Won,2017-09-30,2017-12-06,59,FALSE,TRUE,67
PBGB323I,Moses Frase,GTX Basic,Cancity,Won,2017-09-30,2017-10-07,549,FALSE,TRUE,7
V5THS9V8,Niesha Huffines,GTX Plus Basic,Isdom,Won,2017-09-30,2017-11-27,1117,FALSE,TRUE,58
579RHB6S,Versie Hillebrand,MG Special,Stanredtax,Won,2017-09-30,2017-10-08,57,FALSE,TRUE,8
U3UT9B1U,Violet Mclelland,MG Special,Silis,Won,2017-09-30,2017-12-24,55,FALSE,TRUE,85
HY7D36UC,Violet Mclelland,MG Special,Umbrella Corporation,Won,2017-09-30,2017-12-22,63,FALSE,TRUE,83
9YVTJF6C,Zane Levy,GTX Plus Basic,Rantouch,Won,2017-09-30,2017-10-08,1108,FALSE,TRUE,8
JGZVNKMT,Zane Levy,GTX Plus Basic,Y-corporation,Won,2017-09-30,2017-12-10,944,FALSE,TRUE,71
IFVL4WL5,Cecily Lampkin,GTX Plus Pro,Streethex,Won,2017-10-01,2017-12-10,3704,FALSE,TRUE,70
HZNNKQ0T,Corliss Cosme,GTX Plus Basic,Donquadtech,Won,2017-10-01,2017-10-03,1076,FALSE,TRUE,2
Z6ETLZQU,Corliss Cosme,GTX Plus Pro,Mathtouch,Won,2017-10-01,2017-12-18,5528,FALSE,TRUE,78
RMFG5C6C,Darcel Schlecht,GTX Pro,Globex Corporation,Won,2017-10-01,2017-10-09,4594,FALSE,TRUE,8
U2JOATN3,Darcel Schlecht,GTX Pro,Scottech,Won,2017-10-01,2017-12-06,6166,FALSE,TRUE,66
FHCSKQ4K,Donn Cantrell,GTX Plus Pro,Bluth Company,Won,2017-10-01,2017-12-30,5270,FALSE,TRUE,90
I4OJHXIN,Hayden Neloms,MG Advanced,Cheers,Won,2017-10-01,2017-10-05,3169,FALSE,TRUE,4
NE300YJ0,Jonathan Berthelot,GTX Basic,Treequote,Won,2017-10-01,2017-11-24,571,FALSE,TRUE,54
M3SQPUB1,Kami Bicknell,GTX Plus Pro,Green-Plus,Won,2017-10-01,2017-10-13,6304,FALSE,TRUE,12
BJLJV8XE,Marty Freudenburg,GTX Pro,Condax,Won,2017-10-01,2017-12-15,4578,FALSE,TRUE,75
AQH7ORZZ,Reed Clapper,MG Special,Bluth Company,Won,2017-10-01,2017-12-18,62,FALSE,TRUE,78
GLG1IOHT,Rosalina Dieter,MG Special,J-Texon,Won,2017-10-01,2017-10-08,51,FALSE,TRUE,7
89MUGU6K,Rosie Papadopoulos,GTX Pro,Bluth Company,Won,2017-10-01,2017-11-30,4881,FALSE,TRUE,60
F5OETS8V,Vicki Laflamme,GTX Basic,Golddex,Won,2017-10-01,2017-12-18,544,FALSE,TRUE,78
CU7KT53A,Vicki Laflamme,MG Advanced,Goodsilron,Won,2017-10-01,2017-12-16,2941,FALSE,TRUE,76
SLXPTSGS,Wilburn Farren,MG Special,Condax,Won,2017-10-01,2017-10-11,44,FALSE,TRUE,10
FZGGKS2D,Zane Levy,GTX Plus Pro,Doncon,Won,2017-10-01,2017-12-23,4910,FALSE,TRUE,83
CTZ5I5R5,Cassey Cress,GTX Plus Pro,Bioplex,Won,2017-10-02,2017-12-05,5469,FALSE,TRUE,64
TAPH7KQO,Cecily Lampkin,GTX Basic,Zumgoity,Won,2017-10-02,2017-12-07,568,FALSE,TRUE,66
UKXRWZ3P,Darcel Schlecht,GTX Plus Pro,Codehow,Won,2017-10-02,2017-10-04,5263,FALSE,TRUE,2
C5XXGXUE,Darcel Schlecht,GTX Pro,Toughzap,Won,2017-10-02,2017-10-09,4201,FALSE,TRUE,7
VSN0PA06,Kami Bicknell,GTX Plus Basic,Sunnamplex,Won,2017-10-02,2017-10-03,1048,FALSE,TRUE,1
FQODPHUL,Kary Hendrixson,GTX Basic,Hatfan,Won,2017-10-02,2017-11-04,631,FALSE,TRUE,33
SCYV3JPO,Lajuana Vencill,GTX Basic,Betatech,Won,2017-10-02,2017-10-12,536,FALSE,TRUE,10
T91ZAQRH,Lajuana Vencill,GTX Plus Basic,Genco Pura Olive Oil Company,Won,2017-10-02,2017-12-18,1127,FALSE,TRUE,77
UDKH3AM0,Marty Freudenburg,MG Special,Cancity,Won,2017-10-02,2017-10-09,56,FALSE,TRUE,7
H4ZSZQ9V,Reed Clapper,GTX Pro,Bluth Company,Won,2017-10-02,2017-10-10,4186,FALSE,TRUE,8
2GQAAHG6,Reed Clapper,MG Advanced,Konex,Won,2017-10-02,2017-10-12,3670,FALSE,TRUE,10
7OGPA4I3,Reed Clapper,MG Advanced,Umbrella Corporation,Won,2017-10-02,2017-10-12,3482,FALSE,TRUE,10
AJKE7ACY,Violet Mclelland,MG Special,Kinnamplus,Won,2017-10-02,2017-10-11,50,FALSE,TRUE,9
JPPLGVUS,Violet Mclelland,MG Advanced,Massive Dynamic,Won,2017-10-02,2017-12-31,3629,FALSE,TRUE,90
OOB372R5,Zane Levy,GTX Basic,Condax,Won,2017-10-02,2017-10-12,544,FALSE,TRUE,10
6V0QV9CU,Cecily Lampkin,MG Advanced,Stanredtax,Won,2017-10-03,2017-10-10,3415,FALSE,TRUE,7
0MXZ36G7,Corliss Cosme,GTX Basic,Bubba Gump,Won,2017-10-03,2017-10-04,616,FALSE,TRUE,1
LMCHDMJX,Daniell Hammack,GTX Plus Basic,Donware,Won,2017-10-03,2017-10-08,1050,FALSE,TRUE,5
4HBU57OV,Darcel Schlecht,MG Special,Toughzap,Won,2017-10-03,2017-10-10,58,FALSE,TRUE,7
AOIM2Y7M,Donn Cantrell,MG Advanced,Zotware,Won,2017-10-03,2017-10-05,3858,FALSE,TRUE,2
GRQZZNQB,Gladys Colclough,MG Advanced,Inity,Won,2017-10-03,2017-11-08,3207,FALSE,TRUE,36
1D8XLZQ8,Hayden Neloms,MG Advanced,Konex,Won,2017-10-03,2017-11-21,3795,FALSE,TRUE,49
ZVEH26GP,Kami Bicknell,GTX Plus Basic,J-Texon,Won,2017-10-03,2017-10-08,1028,FALSE,TRUE,5
G7QR0SCP,Kami Bicknell,MG Special,Doncon,Won,2017-10-03,2017-10-15,64,FALSE,TRUE,12
CCCQGBSY,Reed Clapper,GTX Plus Basic,Bluth Company,Won,2017-10-03,2017-12-09,1284,FALSE,TRUE,67
C5Z2806X,Reed Clapper,GTX Pro,Iselectrics,Won,2017-10-03,2017-12-28,5044,FALSE,TRUE,86
FZKX09GE,Versie Hillebrand,MG Advanced,Rangreen,Won,2017-10-03,2017-10-09,3254,FALSE,TRUE,6
N2ESTUQT,Wilburn Farren,GTX Pro,Vehement Capital Partners,Won,2017-10-03,2017-10-10,5127,FALSE,TRUE,7
3QSM7X3W,Zane Levy,GTX Pro,Green-Plus,Won,2017-10-03,2017-11-06,4194,FALSE,TRUE,34
UG4BHJRQ,Zane Levy,GTX Pro,Singletechno,Won,2017-10-03,2017-10-11,4105,FALSE,TRUE,8
L6WEVHEN,Anna Snelling,MG Special,Gogozoom,Won,2017-10-04,2017-12-16,59,FALSE,TRUE,73
CPVW06O2,Boris Faz,MG Special,Bubba Gump,Won,2017-10-04,2017-10-11,54,FALSE,TRUE,7
2KNVLXA4,Cassey Cress,GTX Plus Pro,Plussunin,Won,2017-10-04,2017-10-14,5989,FALSE,TRUE,10
L7TT9ZL4,Darcel Schlecht,GTX Plus Pro,Finhigh,Won,2017-10-04,2017-12-21,4735,FALSE,TRUE,78
JD6WHH6G,Darcel Schlecht,GTX Pro,Rangreen,Won,2017-10-04,2017-10-10,5055,FALSE,TRUE,6
93OFIHMF,James Ascencio,GTX Plus Pro,Fasehatice,Won,2017-10-04,2017-12-05,4527,FALSE,TRUE,62
MK2YTCZN,Jonathan Berthelot,MG Special,Inity,Won,2017-10-04,2017-10-06,58,FALSE,TRUE,2
LHG76MIU,Markita Hansen,MG Special,Rantouch,Won,2017-10-04,2017-12-03,62,FALSE,TRUE,60
SGAJAIP9,Maureen Marcano,GTX Pro,Blackzim,Won,2017-10-04,2017-12-20,5026,FALSE,TRUE,77
KDY5FEUO,Vicki Laflamme,GTX Basic,Y-corporation,Won,2017-10-04,2017-12-20,496,FALSE,TRUE,77
ZRMZJVWK,Zane Levy,GTX Pro,Plusstrip,Won,2017-10-04,2017-12-28,5491,FALSE,TRUE,85
WQTR95J3,Cecily Lampkin,GTX Basic,Stanredtax,Won,2017-10-05,2017-10-11,622,FALSE,TRUE,6
B9KFRY53,Darcel Schlecht,GTX Plus Basic,Rangreen,Won,2017-10-05,2017-10-10,1132,FALSE,TRUE,5
ZRCY8P4P,Darcel Schlecht,GTX Plus Pro,Condax,Won,2017-10-05,2017-12-14,5422,FALSE,TRUE,70
M3RME16Q,Darcel Schlecht,GTX Pro,Inity,Won,2017-10-05,2017-10-14,5170,FALSE,TRUE,9
YPRHMUIB,Darcel Schlecht,GTX Pro,Stanredtax,Won,2017-10-05,2017-12-22,5009,FALSE,TRUE,78
3JMB4J8E,Garret Kinder,GTX Plus Pro,Acme Corporation,Won,2017-10-05,2017-10-07,5331,FALSE,TRUE,2
NDAFT4KV,James Ascencio,GTX Plus Basic,Hatfan,Won,2017-10-05,2017-10-18,1132,FALSE,TRUE,13
BO1GBSM0,James Ascencio,GTX Plus Pro,Blackzim,Won,2017-10-05,2017-10-11,5004,FALSE,TRUE,6
FSVEMKSG,Jonathan Berthelot,GTX Basic,Inity,Won,2017-10-05,2017-10-10,556,FALSE,TRUE,5
V0XQVHQV,Jonathan Berthelot,MG Special,Gogozoom,Won,2017-10-05,2017-10-12,53,FALSE,TRUE,7
TFZMFOH9,Kami Bicknell,GTX Pro,Finjob,Won,2017-10-05,2017-11-24,4362,FALSE,TRUE,50
8T9ANK4E,Marty Freudenburg,GTX Basic,Warephase,Won,2017-10-05,2017-12-24,550,FALSE,TRUE,80
76WXMI88,Moses Frase,MG Special,Stanredtax,Won,2017-10-05,2017-12-28,50,FALSE,TRUE,84
WX3CPDYD,Reed Clapper,GTX Pro,Gekko & Co,Won,2017-10-05,2017-12-31,4651,FALSE,TRUE,87
3DF5FIAM,Reed Clapper,MG Advanced,Umbrella Corporation,Won,2017-10-05,2017-12-17,3285,FALSE,TRUE,73
9AOPLD0O,Rosie Papadopoulos,MG Advanced,Umbrella Corporation,Won,2017-10-05,2017-10-11,3002,FALSE,TRUE,6
FJEL0TDN,Versie Hillebrand,MG Special,Conecom,Won,2017-10-05,2017-10-07,58,FALSE,TRUE,2
3Q5R6HAY,Vicki Laflamme,MG Advanced,Doncon,Won,2017-10-05,2017-10-08,3435,FALSE,TRUE,3
KFZ37330,Boris Faz,GTX Basic,Konex,Won,2017-10-06,2017-12-14,492,FALSE,TRUE,69
T64JVA4T,Boris Faz,GTX Pro,Xx-zobam,Won,2017-10-06,2017-10-07,4401,FALSE,TRUE,1
Y5C1Q7UR,Cassey Cress,MG Special,Zathunicon,Won,2017-10-06,2017-12-26,50,FALSE,TRUE,81
VN0XOAB6,Cassey Cress,MG Advanced,Bubba Gump,Won,2017-10-06,2017-11-12,3333,FALSE,TRUE,37
MVZG0BSG,Corliss Cosme,GTX Plus Basic,Donware,Won,2017-10-06,2017-10-16,1095,FALSE,TRUE,10
EM1W738H,Darcel Schlecht,GTX Plus Pro,dambase,Won,2017-10-06,2017-11-22,5595,FALSE,TRUE,47
13WLN2MJ,Darcel Schlecht,GTX Pro,Finhigh,Won,2017-10-06,2017-10-08,4461,FALSE,TRUE,2
U3FTUG3T,Gladys Colclough,GTX Basic,Streethex,Won,2017-10-06,2017-11-20,415,FALSE,TRUE,45
RS13M1ZP,Gladys Colclough,MG Advanced,Stanredtax,Won,2017-10-06,2017-10-08,3212,FALSE,TRUE,2
10B65ZN9,James Ascencio,GTX Basic,Groovestreet,Won,2017-10-06,2017-12-31,457,FALSE,TRUE,86
LVMPJ8JN,Jonathan Berthelot,GTX Basic,Codehow,Won,2017-10-06,2017-12-31,546,FALSE,TRUE,86
0ISX53T3,Lajuana Vencill,GTX Basic,Globex Corporation,Won,2017-10-06,2017-12-21,453,FALSE,TRUE,76
Q4KZSJ6Q,Moses Frase,GTX Basic,dambase,Won,2017-10-06,2017-10-07,510,FALSE,TRUE,1
1IABHXOP,Moses Frase,GTX Basic,Gogozoom,Won,2017-10-06,2017-10-14,552,FALSE,TRUE,8
2RE0MZGV,Reed Clapper,MG Advanced,Zencorporation,Won,2017-10-06,2017-10-07,3203,FALSE,TRUE,1
JLKLRCFZ,Rosie Papadopoulos,GTX Plus Pro,The New York Inquirer,Won,2017-10-06,2017-10-14,6228,FALSE,TRUE,8
2X9KWWCP,Versie Hillebrand,MG Special,dambase,Won,2017-10-06,2017-10-11,59,FALSE,TRUE,5
GU4HXZ55,Zane Levy,GTX Plus Basic,Condax,Won,2017-10-06,2017-12-23,1129,FALSE,TRUE,78
JQK0EF45,Anna Snelling,GTX Plus Pro,Streethex,Won,2017-10-07,2017-10-13,5349,FALSE,TRUE,6
YUUD6GIT,Boris Faz,GTX Plus Basic,Umbrella Corporation,Won,2017-10-07,2017-11-19,1148,FALSE,TRUE,43
SQMPV6L6,Cecily Lampkin,MG Special,Toughzap,Won,2017-10-07,2017-10-19,52,FALSE,TRUE,12
N9ZBEJFI,Cecily Lampkin,MG Advanced,Finhigh,Won,2017-10-07,2017-12-28,3253,FALSE,TRUE,82
EKXXH9IK,Daniell Hammack,GTX Plus Basic,Gekko & Co,Won,2017-10-07,2017-11-04,1267,FALSE,TRUE,28
OC6ZMTK5,Daniell Hammack,GTX Plus Basic,Initech,Won,2017-10-07,2017-10-13,1096,FALSE,TRUE,6
1XO519P4,Darcel Schlecht,MG Special,Genco Pura Olive Oil Company,Won,2017-10-07,2017-12-30,54,FALSE,TRUE,84
UBWO7HIV,Hayden Neloms,MG Advanced,Green-Plus,Won,2017-10-07,2017-12-13,3293,FALSE,TRUE,67
00X8VEYH,Jonathan Berthelot,GTX Pro,Rundofase,Won,2017-10-07,2017-12-22,4404,FALSE,TRUE,76
ZJ11PBUV,Jonathan Berthelot,GTX Pro,Zumgoity,Won,2017-10-07,2017-10-09,5212,FALSE,TRUE,2
MF6S92GQ,Kary Hendrixson,GTX Basic,Dalttechnology,Won,2017-10-07,2017-12-08,488,FALSE,TRUE,62
KTZDTM8W,Lajuana Vencill,GTX Basic,Globex Corporation,Won,2017-10-07,2017-10-13,594,FALSE,TRUE,6
SH0S5N6U,Markita Hansen,GTX Basic,Singletechno,Won,2017-10-07,2017-12-30,464,FALSE,TRUE,84
M3306MKK,Markita Hansen,MG Special,Cheers,Won,2017-10-07,2017-12-13,53,FALSE,TRUE,67
FCEJCRKY,Marty Freudenburg,GTX Basic,Streethex,Won,2017-10-07,2017-10-08,661,FALSE,TRUE,1
FTVBHHFC,Marty Freudenburg,GTX Plus Basic,Genco Pura Olive Oil Company,Won,2017-10-07,2017-10-14,1240,FALSE,TRUE,7
CXE6ORIJ,Marty Freudenburg,MG Advanced,Isdom,Won,2017-10-07,2017-12-20,2763,FALSE,TRUE,74
QFIEJY21,Maureen Marcano,GTX Basic,Condax,Won,2017-10-07,2017-12-05,610,FALSE,TRUE,59
4OUTIJAR,Maureen Marcano,MG Special,Hatfan,Won,2017-10-07,2017-12-14,59,FALSE,TRUE,68
R19OP4QL,Moses Frase,GTX Basic,Rangreen,Won,2017-10-07,2017-10-19,577,FALSE,TRUE,12
O7WVUMZ5,Vicki Laflamme,GTX Plus Basic,Finjob,Won,2017-10-07,2017-10-09,1139,FALSE,TRUE,2
NRMFYPAD,Anna Snelling,GTX Plus Pro,Treequote,Won,2017-10-08,2017-12-30,6038,FALSE,TRUE,83
63HMAJCZ,Boris Faz,GTX Pro,Umbrella Corporation,Won,2017-10-08,2017-10-14,4605,FALSE,TRUE,6
MR49QBLO,Boris Faz,MG Advanced,Konex,Won,2017-10-08,2017-11-21,3264,FALSE,TRUE,44
V7C6RT5S,Cassey Cress,MG Advanced,Betasoloin,Won,2017-10-08,2017-10-17,3472,FALSE,TRUE,9
G1POINXI,Cecily Lampkin,GTX Plus Basic,Rangreen,Won,2017-10-08,2017-10-15,1186,FALSE,TRUE,7
5J7T0GZU,Daniell Hammack,GTX Pro,Sumace,Won,2017-10-08,2017-12-14,4964,FALSE,TRUE,67
G8C3GRPO,Garret Kinder,MG Advanced,Vehement Capital Partners,Won,2017-10-08,2017-10-20,2812,FALSE,TRUE,12
IEJHIQYI,Hayden Neloms,MG Advanced,Blackzim,Won,2017-10-08,2017-12-22,3517,FALSE,TRUE,75
1ZT4IROS,Kami Bicknell,GTX Basic,Xx-holding,Won,2017-10-08,2017-10-10,608,FALSE,TRUE,2
60QEB2FZ,Kary Hendrixson,GTX Plus Pro,Fasehatice,Won,2017-10-08,2017-10-16,4989,FALSE,TRUE,8
2PX317QP,Kary Hendrixson,GTX Pro,Newex,Won,2017-10-08,2017-11-23,4780,FALSE,TRUE,46
8ZIX3LAF,Vicki Laflamme,MG Advanced,Newex,Won,2017-10-08,2017-10-09,3023,FALSE,TRUE,1
H9M21153,Anna Snelling,MG Advanced,Ron-tech,Won,2017-10-09,2017-10-20,3100,FALSE,TRUE,11
JV0KXH4X,Boris Faz,GTX Plus Pro,Donquadtech,Won,2017-10-09,2017-12-30,6406,FALSE,TRUE,82
V9UM2K16,Corliss Cosme,GTX Plus Pro,Kinnamplus,Won,2017-10-09,2017-10-15,5711,FALSE,TRUE,6
SRV6TQ2E,Daniell Hammack,MG Special,Ontomedia,Won,2017-10-09,2017-10-18,58,FALSE,TRUE,9
B24YQ6LA,Garret Kinder,GTX Basic,Zotware,Won,2017-10-09,2017-10-10,552,FALSE,TRUE,1
RYELEM60,Garret Kinder,MG Advanced,The New York Inquirer,Won,2017-10-09,2017-10-20,3215,FALSE,TRUE,11
JKIAA2TF,James Ascencio,GTX Plus Basic,Finjob,Won,2017-10-09,2017-11-23,1112,FALSE,TRUE,45
SPRK2YOB,Jonathan Berthelot,GTX Plus Basic,Warephase,Won,2017-10-09,2017-11-25,1190,FALSE,TRUE,47
8F7VHV02,Kami Bicknell,GTX Basic,Finjob,Won,2017-10-09,2017-12-22,446,FALSE,TRUE,74
7FGVY6GK,Kami Bicknell,GTX Basic,Konex,Won,2017-10-09,2017-10-10,565,FALSE,TRUE,1
C35YI5NJ,Markita Hansen,GTX Pro,Singletechno,Won,2017-10-09,2017-12-25,4753,FALSE,TRUE,77
JIH6P53I,Niesha Huffines,GTX Plus Basic,Stanredtax,Won,2017-10-09,2017-10-10,1129,FALSE,TRUE,1
WKTVP5WY,Rosalina Dieter,MG Special,Sunnamplex,Won,2017-10-09,2017-10-10,56,FALSE,TRUE,1
10N0ZBYO,Rosalina Dieter,MG Advanced,Singletechno,Won,2017-10-09,2017-10-11,3435,FALSE,TRUE,2
IUVAUQ6I,Versie Hillebrand,MG Advanced,Rangreen,Won,2017-10-09,2017-10-14,3860,FALSE,TRUE,5
03H4RXBI,Zane Levy,GTX Basic,Y-corporation,Won,2017-10-09,2017-12-17,482,FALSE,TRUE,69
OHD4TPKZ,Anna Snelling,GTX Plus Basic,Gogozoom,Won,2017-10-10,2017-10-11,1166,FALSE,TRUE,1
MKI4TLUN,Daniell Hammack,GTX Pro,Zencorporation,Won,2017-10-10,2017-12-18,5112,FALSE,TRUE,69
GQT2DFWZ,Jonathan Berthelot,MG Advanced,Treequote,Won,2017-10-10,2017-10-20,3892,FALSE,TRUE,10
IQ9GMTBR,Kami Bicknell,GTX Basic,Dalttechnology,Won,2017-10-10,2017-10-11,473,FALSE,TRUE,1
VB26KWQ6,Kary Hendrixson,GTX Basic,Faxquote,Won,2017-10-10,2017-11-20,511,FALSE,TRUE,41
7J1UD7ZW,Kary Hendrixson,GTX Basic,Hottechi,Won,2017-10-10,2017-10-12,509,FALSE,TRUE,2
VR6NO9FA,Kary Hendrixson,GTX Basic,Labdrill,Won,2017-10-10,2017-10-22,528,FALSE,TRUE,12
O8QGRK5P,Kary Hendrixson,GTX Basic,Sunnamplex,Won,2017-10-10,2017-10-14,549,FALSE,TRUE,4
60RDU2SZ,Marty Freudenburg,MG Advanced,Globex Corporation,Won,2017-10-10,2017-10-17,3578,FALSE,TRUE,7
X2I316HD,Moses Frase,GTX Basic,dambase,Won,2017-10-10,2017-12-29,523,FALSE,TRUE,80
K5DNNWYT,Rosie Papadopoulos,GTX Pro,Zencorporation,Won,2017-10-10,2017-10-11,4575,FALSE,TRUE,1
941E65Z7,Vicki Laflamme,GTX Pro,Plusstrip,Won,2017-10-10,2017-10-12,4552,FALSE,TRUE,2
VR1XYM23,Zane Levy,GTX Basic,Blackzim,Won,2017-10-10,2017-12-23,551,FALSE,TRUE,74
TQ6BTW2Z,Zane Levy,GTX Basic,Faxquote,Won,2017-10-10,2017-10-18,545,FALSE,TRUE,8
IVSOSC0E,Zane Levy,GTX Plus Basic,Y-corporation,Won,2017-10-10,2017-10-15,1134,FALSE,TRUE,5
4VZ0JIVZ,Anna Snelling,MG Advanced,Scottech,Won,2017-10-11,2017-10-16,3434,FALSE,TRUE,5
FNCXBWHQ,Boris Faz,GTX Basic,Condax,Won,2017-10-11,2017-12-27,505,FALSE,TRUE,77
Q306R9K4,Boris Faz,GTX Plus Basic,Ganjaflex,Won,2017-10-11,2017-10-21,1066,FALSE,TRUE,10
KHRY7J40,Cassey Cress,GTX Basic,Zathunicon,Won,2017-10-11,2017-11-12,580,FALSE,TRUE,32
AP9MLRZJ,Corliss Cosme,GTX Pro,Initech,Won,2017-10-11,2017-12-20,4501,FALSE,TRUE,70
X4LSK4OE,Darcel Schlecht,GTX Plus Pro,Treequote,Won,2017-10-11,2017-11-03,6182,FALSE,TRUE,23
M1ZZYSTB,Donn Cantrell,GTX Pro,Bubba Gump,Won,2017-10-11,2017-10-12,4763,FALSE,TRUE,1
0UOIGVEO,Donn Cantrell,MG Advanced,Gekko & Co,Won,2017-10-11,2017-10-20,3024,FALSE,TRUE,9
TS3P4VMD,James Ascencio,GTX Plus Pro,Goodsilron,Won,2017-10-11,2017-10-19,6751,FALSE,TRUE,8
8PEB9FHX,James Ascencio,MG Special,Goodsilron,Won,2017-10-11,2017-10-18,54,FALSE,TRUE,7
V1YT1LP1,Jonathan Berthelot,GTX Basic,Stanredtax,Won,2017-10-11,2017-12-25,592,FALSE,TRUE,75
DTIZX4YN,Jonathan Berthelot,GTX Plus Basic,Cancity,Won,2017-10-11,2017-10-22,969,FALSE,TRUE,11
KMBY0IGV,Kami Bicknell,MG Special,Dalttechnology,Won,2017-10-11,2017-10-12,48,FALSE,TRUE,1
SBF5S7LF,Kary Hendrixson,GTX Plus Pro,Hatfan,Won,2017-10-11,2017-10-21,6555,FALSE,TRUE,10
TVBY6CND,Marty Freudenburg,GTX Plus Pro,Bioholding,Won,2017-10-11,2017-12-15,5271,FALSE,TRUE,65
47QKNXLO,Rosie Papadopoulos,GTX Basic,Yearin,Won,2017-10-11,2017-12-10,472,FALSE,TRUE,60
VW2PJALW,Versie Hillebrand,GTX Plus Pro,Cancity,Won,2017-10-11,2017-11-29,5211,FALSE,TRUE,49
GVLIYD9A,Vicki Laflamme,GTX Basic,Y-corporation,Won,2017-10-11,2017-12-11,430,FALSE,TRUE,61
4P5BOQB5,Zane Levy,GTX Pro,Singletechno,Won,2017-10-11,2017-12-22,4545,FALSE,TRUE,72
35HVN8Q3,Jonathan Berthelot,GTX Basic,Scottech,Won,2017-10-12,2017-10-21,528,FALSE,TRUE,9
PNNZM0OZ,Jonathan Berthelot,GTX Pro,Conecom,Won,2017-10-12,2017-12-28,5064,FALSE,TRUE,77
UYZQCWAC,Jonathan Berthelot,MG Advanced,Conecom,Won,2017-10-12,2017-12-06,3203,FALSE,TRUE,55
K0YFUK4X,Kami Bicknell,GTX Basic,Scotfind,Won,2017-10-12,2017-11-02,549,FALSE,TRUE,21
TUL0TZSR,Kary Hendrixson,GTX Basic,Dalttechnology,Won,2017-10-12,2017-10-23,594,FALSE,TRUE,11
82LY53FE,Markita Hansen,GTX Basic,Labdrill,Won,2017-10-12,2017-11-01,529,FALSE,TRUE,20
XRJTRP20,Maureen Marcano,GTX Pro,Fasehatice,Won,2017-10-12,2017-10-17,4505,FALSE,TRUE,5
D00FIU21,Moses Frase,GTX Basic,Finhigh,Won,2017-10-12,2017-12-11,457,FALSE,TRUE,60
C48I5WD9,Moses Frase,MG Advanced,Warephase,Won,2017-10-12,2017-10-13,3090,FALSE,TRUE,1
HG0N3NJ4,Reed Clapper,MG Special,Zencorporation,Won,2017-10-12,2017-10-14,53,FALSE,TRUE,2
5ZUKTSJV,Violet Mclelland,GTX Plus Basic,Gekko & Co,Won,2017-10-12,2017-10-17,1004,FALSE,TRUE,5
MBYY3F5P,Zane Levy,GTX Basic,J-Texon,Won,2017-10-12,2017-10-21,696,FALSE,TRUE,9
76GEYK0T,Cassey Cress,GTX Plus Basic,Opentech,Won,2017-10-13,2017-10-23,888,FALSE,TRUE,10
H54N095V,Darcel Schlecht,GTX Pro,Gogozoom,Won,2017-10-13,2017-10-24,4767,FALSE,TRUE,11
FQPECFYO,Darcel Schlecht,GTX Pro,Hottechi,Won,2017-10-13,2017-12-20,4869,FALSE,TRUE,68
933OT3AE,Darcel Schlecht,MG Advanced,Ron-tech,Won,2017-10-13,2017-10-14,3475,FALSE,TRUE,1
3IQ19UZ2,Hayden Neloms,MG Advanced,Kan-code,Won,2017-10-13,2017-10-14,3250,FALSE,TRUE,1
GZYL4SG1,Moses Frase,GTX Plus Basic,Rangreen,Won,2017-10-13,2017-10-26,978,FALSE,TRUE,13
7ZASHEBX,Reed Clapper,MG Special,Bubba Gump,Won,2017-10-13,2017-12-14,49,FALSE,TRUE,62
WJ9JNMJ2,Versie Hillebrand,MG Special,Stanredtax,Won,2017-10-13,2017-10-24,49,FALSE,TRUE,11
8U3LICIW,Vicki Laflamme,GTX Basic,Hottechi,Won,2017-10-13,2017-12-10,563,FALSE,TRUE,58
MJXPSHYT,Violet Mclelland,MG Special,Zencorporation,Won,2017-10-13,2017-10-24,53,FALSE,TRUE,11
AF8SULB0,Cecily Lampkin,GTX Plus Basic,Rangreen,Won,2017-10-14,2017-10-26,1168,FALSE,TRUE,12
N8BM4XEP,Corliss Cosme,GTX Basic,The New York Inquirer,Won,2017-10-14,2017-11-17,560,FALSE,TRUE,34
KG9R5M1Y,Darcel Schlecht,GTX Pro,Dontechi,Won,2017-10-14,2017-10-18,4810,FALSE,TRUE,4
3W1Y39BY,Donn Cantrell,GTX Pro,Silis,Won,2017-10-14,2017-10-24,4521,FALSE,TRUE,10
93AE6QM4,Hayden Neloms,GTX Plus Basic,Hatfan,Won,2017-10-14,2017-10-15,881,FALSE,TRUE,1
ICD9OMSF,Jonathan Berthelot,GTX Basic,Conecom,Won,2017-10-14,2017-10-22,472,FALSE,TRUE,8
IHJEX21Z,Kami Bicknell,GTX Basic,Newex,Won,2017-10-14,2017-12-03,562,FALSE,TRUE,50
0NKINI7S,Lajuana Vencill,MG Special,Toughzap,Won,2017-10-14,2017-10-16,42,FALSE,TRUE,2
OB3OK8BQ,Marty Freudenburg,GTX Basic,Dontechi,Won,2017-10-14,2017-12-26,615,FALSE,TRUE,73
FDMK85GD,Versie Hillebrand,MG Special,Scottech,Won,2017-10-14,2017-10-22,58,FALSE,TRUE,8
CYAL1N0B,Zane Levy,GTX Pro,Xx-holding,Won,2017-10-14,2017-10-15,4882,FALSE,TRUE,1
BUFF2EP5,Daniell Hammack,GTX Pro,Kinnamplus,Won,2017-10-15,2017-11-01,5113,FALSE,TRUE,17
IQRA0Q8C,Darcel Schlecht,GTX Plus Basic,Ron-tech,Won,2017-10-15,2017-10-16,1154,FALSE,TRUE,1
14P6935C,Darcel Schlecht,GTX Pro,Dontechi,Won,2017-10-15,2017-10-16,4885,FALSE,TRUE,1
U220GK9W,Darcel Schlecht,GTX Pro,Streethex,Won,2017-10-15,2017-10-16,4936,FALSE,TRUE,1
03R1VC7O,Donn Cantrell,GTX Plus Basic,Condax,Won,2017-10-15,2017-10-28,1062,FALSE,TRUE,13
C0H6SU2X,Hayden Neloms,GTX Plus Basic,Groovestreet,Won,2017-10-15,2017-12-20,954,FALSE,TRUE,66
XFNYWN7B,Kary Hendrixson,GTX Plus Basic,Xx-holding,Won,2017-10-15,2017-10-16,868,FALSE,TRUE,1
6NFIUDKS,Kary Hendrixson,GTX Plus Pro,Doncon,Won,2017-10-15,2017-11-26,5867,FALSE,TRUE,42
4TD018BE,Kary Hendrixson,GTX Pro,Fasehatice,Won,2017-10-15,2017-10-16,5344,FALSE,TRUE,1
LFM4SMIA,Moses Frase,GTX Plus Pro,Codehow,Won,2017-10-15,2017-10-23,5449,FALSE,TRUE,8
UDXS7H12,Reed Clapper,GTX Plus Pro,Initech,Won,2017-10-15,2017-11-28,4500,FALSE,TRUE,44
X4KAK55N,Wilburn Farren,MG Special,Sumace,Won,2017-10-15,2017-10-23,51,FALSE,TRUE,8
AHOYDL01,Zane Levy,GTX Plus Pro,Dalttechnology,Won,2017-10-15,2017-10-23,6637,FALSE,TRUE,8
R5ILWVDD,Anna Snelling,MG Special,Stanredtax,Won,2017-10-16,2017-12-13,57,FALSE,TRUE,58
J5WP57XS,Cecily Lampkin,GTX Plus Basic,Statholdings,Won,2017-10-16,2017-11-03,990,FALSE,TRUE,18
VPD4G16I,Corliss Cosme,GTX Pro,Zencorporation,Won,2017-10-16,2017-10-17,4247,FALSE,TRUE,1
Z173R82Y,Daniell Hammack,GTX Plus Basic,Sumace,Won,2017-10-16,2017-12-25,1008,FALSE,TRUE,70
OWGXQLJS,Darcel Schlecht,GTX Pro,Ron-tech,Won,2017-10-16,2017-10-25,4834,FALSE,TRUE,9
Y4SN1R3L,Darcel Schlecht,MG Advanced,Conecom,Won,2017-10-16,2017-10-17,3490,FALSE,TRUE,1
JLB353E4,Hayden Neloms,MG Advanced,Cheers,Won,2017-10-16,2017-10-20,3744,FALSE,TRUE,4
48HBI36Y,Kary Hendrixson,GTX Basic,Nam-zim,Won,2017-10-16,2017-11-12,591,FALSE,TRUE,27
ME7IZ1WY,Kary Hendrixson,MG Special,Dalttechnology,Won,2017-10-16,2017-10-24,48,FALSE,TRUE,8
STC921ZX,Markita Hansen,GTX Plus Basic,Golddex,Won,2017-10-16,2017-10-23,1060,FALSE,TRUE,7
W2QJUK1Y,Moses Frase,GTX Basic,Betatech,Won,2017-10-16,2017-10-28,562,FALSE,TRUE,12
P570QB1D,Versie Hillebrand,MG Special,Isdom,Won,2017-10-16,2017-10-17,57,FALSE,TRUE,1
IWS4PKPP,Vicki Laflamme,GTX Basic,Green-Plus,Won,2017-10-16,2017-12-21,535,FALSE,TRUE,66
GB3S67FY,Vicki Laflamme,GTX Pro,Condax,Won,2017-10-16,2017-10-25,4580,FALSE,TRUE,9
0W8VWJDS,Vicki Laflamme,MG Special,Lexiqvolax,Won,2017-10-16,2017-10-18,56,FALSE,TRUE,2
5J9ELX2Y,Zane Levy,GTX Plus Pro,Goodsilron,Won,2017-10-16,2017-10-23,4942,FALSE,TRUE,7
SQE6KE7V,Anna Snelling,MG Special,dambase,Won,2017-10-17,2017-10-23,55,FALSE,TRUE,6
0SQM849O,Cassey Cress,GTX Pro,Xx-zobam,Won,2017-10-17,2017-10-29,5144,FALSE,TRUE,12
C933ZQBB,Darcel Schlecht,GTX Pro,Cancity,Won,2017-10-17,2017-10-23,5458,FALSE,TRUE,6
M2VKMZPH,Jonathan Berthelot,GTX Pro,Stanredtax,Won,2017-10-17,2017-10-19,5046,FALSE,TRUE,2
1UPVYK3H,Marty Freudenburg,MG Special,dambase,Won,2017-10-17,2017-10-26,64,FALSE,TRUE,9
MUODVNBC,Versie Hillebrand,MG Special,Betatech,Won,2017-10-17,2017-10-27,54,FALSE,TRUE,10
02G0NJCN,Vicki Laflamme,MG Special,Xx-holding,Won,2017-10-17,2017-10-26,68,FALSE,TRUE,9
NXHAAD08,Zane Levy,GTX Plus Basic,Kan-code,Won,2017-10-17,2017-12-10,1129,FALSE,TRUE,54
9Q710H4R,Cecily Lampkin,GTX Plus Basic,Inity,Won,2017-10-18,2017-10-20,1200,FALSE,TRUE,2
4QU2EXEY,Cecily Lampkin,MG Advanced,Globex Corporation,Won,2017-10-18,2017-12-19,3164,FALSE,TRUE,62
42CA70FG,Corliss Cosme,MG Advanced,Zotware,Won,2017-10-18,2017-10-26,3225,FALSE,TRUE,8
PY96Q77S,Darcel Schlecht,GTX Pro,Rangreen,Won,2017-10-18,2017-10-20,4130,FALSE,TRUE,2
Z216TKEU,Elease Gluck,MG Special,Singletechno,Won,2017-10-18,2017-10-20,47,FALSE,TRUE,2
9EHFBSBG,Garret Kinder,GTX Plus Pro,Konex,Won,2017-10-18,2017-10-25,4751,FALSE,TRUE,7
V2YD7XYV,Hayden Neloms,MG Special,Y-corporation,Won,2017-10-18,2017-12-20,51,FALSE,TRUE,63
1GVU0QTO,Hayden Neloms,MG Advanced,Singletechno,Won,2017-10-18,2017-10-22,3696,FALSE,TRUE,4
IHBYI8IO,Kami Bicknell,MG Advanced,Groovestreet,Won,2017-10-18,2017-10-24,3536,FALSE,TRUE,6
VVM450RP,Kary Hendrixson,MG Special,Plusstrip,Won,2017-10-18,2017-12-17,59,FALSE,TRUE,60
60KWQS2V,Lajuana Vencill,GTX Basic,Funholding,Won,2017-10-18,2017-10-20,474,FALSE,TRUE,2
1RND0S0B,Marty Freudenburg,MG Special,Bioholding,Won,2017-10-18,2017-10-30,43,FALSE,TRUE,12
WI0LMD20,Marty Freudenburg,MG Special,Hottechi,Won,2017-10-18,2017-12-19,60,FALSE,TRUE,62
5UEA6KVU,Niesha Huffines,GTX Basic,Ron-tech,Won,2017-10-18,2017-10-27,461,FALSE,TRUE,9
3Y1LN6CQ,Reed Clapper,MG Special,Gekko & Co,Won,2017-10-18,2017-10-19,54,FALSE,TRUE,1
DXAO9R8N,Vicki Laflamme,MG Advanced,Rantouch,Won,2017-10-18,2017-10-27,3363,FALSE,TRUE,9
PN0IWJ0N,Anna Snelling,GTX Plus Basic,Hottechi,Won,2017-10-19,2017-10-30,1089,FALSE,TRUE,11
7FVUE0GY,Cassey Cress,GTX Plus Basic,Acme Corporation,Won,2017-10-19,2017-10-21,1096,FALSE,TRUE,2
FAIFAGJM,Cecily Lampkin,MG Special,Ron-tech,Won,2017-10-19,2017-10-29,62,FALSE,TRUE,10
BP3I9G0F,Corliss Cosme,GTX Plus Basic,Konex,Won,2017-10-19,2017-10-21,1105,FALSE,TRUE,2
5YIWOUOZ,Daniell Hammack,GTX Pro,Bioplex,Won,2017-10-19,2017-10-24,4353,FALSE,TRUE,5
UUCSEHJX,Darcel Schlecht,GTX Plus Pro,Warephase,Won,2017-10-19,2017-10-27,6276,FALSE,TRUE,8
OQQWTFSZ,Darcel Schlecht,GTX Pro,Betatech,Won,2017-10-19,2017-10-27,4688,FALSE,TRUE,8
YDZZNTEZ,Garret Kinder,MG Advanced,Opentech,Won,2017-10-19,2017-11-01,3422,FALSE,TRUE,13
Q6MGPT50,Gladys Colclough,GTX Pro,Inity,Won,2017-10-19,2017-12-09,5192,FALSE,TRUE,51
ENL7MDL2,Hayden Neloms,GTX Plus Basic,Hottechi,Won,2017-10-19,2017-10-28,1226,FALSE,TRUE,9
CLHPJZHP,Hayden Neloms,GTX Plus Pro,J-Texon,Won,2017-10-19,2017-10-25,4552,FALSE,TRUE,6
XO4ZYI3G,James Ascencio,GTX Plus Pro,Xx-holding,Won,2017-10-19,2017-10-26,5569,FALSE,TRUE,7
RSBEC5KF,James Ascencio,GTX Pro,Fasehatice,Won,2017-10-19,2017-10-20,4389,FALSE,TRUE,1
MV4DK68W,Lajuana Vencill,GTX Basic,Ron-tech,Won,2017-10-19,2017-10-26,451,FALSE,TRUE,7
1CT3EWJ8,Markita Hansen,GTX Basic,Goodsilron,Won,2017-10-19,2017-10-21,553,FALSE,TRUE,2
R6OM4EDE,Maureen Marcano,GTX Basic,Blackzim,Won,2017-10-19,2017-11-01,524,FALSE,TRUE,13
SCN3BY47,Versie Hillebrand,MG Special,Inity,Won,2017-10-19,2017-10-27,53,FALSE,TRUE,8
HFF39KOB,Versie Hillebrand,MG Advanced,Statholdings,Won,2017-10-19,2017-10-20,2749,FALSE,TRUE,1
WA0NRLP7,Vicki Laflamme,GTX Plus Pro,Groovestreet,Won,2017-10-19,2017-10-20,5368,FALSE,TRUE,1
GHOQQYQM,Wilburn Farren,GTX Pro,Kan-code,Won,2017-10-19,2017-12-25,4734,FALSE,TRUE,67
6OXOIJ4D,Wilburn Farren,MG Advanced,Condax,Won,2017-10-19,2017-12-16,3089,FALSE,TRUE,58
RELG4CYQ,Anna Snelling,MG Special,Gogozoom,Won,2017-10-20,2017-10-30,54,FALSE,TRUE,10
PLV91KH7,Cassey Cress,GTX Pro,Silis,Won,2017-10-20,2017-10-27,4345,FALSE,TRUE,7
U289K4V3,Cecily Lampkin,MG Advanced,Warephase,Won,2017-10-20,2017-10-27,3848,FALSE,TRUE,7
PDXFX23P,Corliss Cosme,GTX Pro,Initech,Won,2017-10-20,2017-10-26,4287,FALSE,TRUE,6
LULNYY3C,Darcel Schlecht,GTX Pro,Codehow,Won,2017-10-20,2017-10-27,4435,FALSE,TRUE,7
NJ1YGDZW,Darcel Schlecht,GTX Pro,Stanredtax,Won,2017-10-20,2017-10-28,4699,FALSE,TRUE,8
MDBKYL2Q,Gladys Colclough,MG Special,Stanredtax,Won,2017-10-20,2017-10-30,60,FALSE,TRUE,10
M9EU34FE,Hayden Neloms,GTX Plus Pro,Hatfan,Won,2017-10-20,2017-10-21,6026,FALSE,TRUE,1
WGJB2VDU,James Ascencio,GTX Plus Pro,Newex,Won,2017-10-20,2017-12-25,5095,FALSE,TRUE,66
JSLSL3SU,Kami Bicknell,GTX Basic,Sunnamplex,Won,2017-10-20,2017-12-16,565,FALSE,TRUE,57
N1B45KIT,Maureen Marcano,GTX Plus Pro,Y-corporation,Won,2017-10-20,2017-12-22,5883,FALSE,TRUE,63
30UA0RS8,Niesha Huffines,GTX Plus Basic,Funholding,Won,2017-10-20,2017-12-12,1135,FALSE,TRUE,53
R1Z8J1JL,Reed Clapper,GTX Plus Basic,Konex,Won,2017-10-20,2017-12-21,903,FALSE,TRUE,62
DQIKGS2U,Vicki Laflamme,MG Special,Dalttechnology,Won,2017-10-20,2017-11-03,48,FALSE,TRUE,14
EZNAGRVB,Zane Levy,GTX Plus Pro,Hatfan,Won,2017-10-20,2017-10-30,5388,FALSE,TRUE,10
C1M1RST0,Zane Levy,GTX Pro,Plexzap,Won,2017-10-20,2017-10-27,4109,FALSE,TRUE,7
BMQYRJC7,Anna Snelling,GTX Plus Pro,Codehow,Won,2017-10-21,2017-12-16,5543,FALSE,TRUE,56
09AILR04,Darcel Schlecht,GTX Pro,Statholdings,Won,2017-10-21,2017-10-29,4732,FALSE,TRUE,8
KSYI5DDW,Darcel Schlecht,MG Special,Codehow,Won,2017-10-21,2017-11-07,55,FALSE,TRUE,17
M4EHG2ZB,Gladys Colclough,MG Special,Konmatfix,Won,2017-10-21,2017-10-30,52,FALSE,TRUE,9
A0FVQ8KO,Kary Hendrixson,GTX Basic,Labdrill,Won,2017-10-21,2017-10-27,575,FALSE,TRUE,6
MHF6GSB6,Reed Clapper,MG Advanced,Plussunin,Won,2017-10-21,2017-10-29,3612,FALSE,TRUE,8
4P0SDD91,Wilburn Farren,GTX Pro,Iselectrics,Won,2017-10-21,2017-12-15,4970,FALSE,TRUE,55
ZZ4X9VN3,Wilburn Farren,MG Advanced,Ganjaflex,Won,2017-10-21,2017-10-31,2995,FALSE,TRUE,10
0J3UU8PZ,Boris Faz,GTX Basic,Zathunicon,Won,2017-10-22,2017-12-30,546,FALSE,TRUE,69
UYPF6FZ3,Boris Faz,GTX Plus Basic,Gekko & Co,Won,2017-10-22,2017-12-20,1184,FALSE,TRUE,59
2HKRINHL,Cassey Cress,GTX Plus Pro,Plussunin,Won,2017-10-22,2017-10-24,5500,FALSE,TRUE,2
G5JXIYRO,Cecily Lampkin,MG Advanced,Domzoom,Won,2017-10-22,2017-10-24,3616,FALSE,TRUE,2
CC2ICRAG,Darcel Schlecht,GTX Plus Basic,Rundofase,Won,2017-10-22,2017-12-29,1087,FALSE,TRUE,68
RDC531P5,Darcel Schlecht,GTX Pro,Inity,Won,2017-10-22,2017-10-30,3578,FALSE,TRUE,8
9QX62IL2,Elease Gluck,GTX Basic,Finjob,Won,2017-10-22,2017-10-29,544,FALSE,TRUE,7
3GRTE6VM,Elease Gluck,MG Advanced,Dalttechnology,Won,2017-10-22,2017-10-29,3082,FALSE,TRUE,7
E4BPOOL6,Elease Gluck,MG Advanced,Hottechi,Won,2017-10-22,2017-10-24,3450,FALSE,TRUE,2
B894QWQM,Garret Kinder,GTX Pro,Kan-code,Won,2017-10-22,2017-10-29,5360,FALSE,TRUE,7
U9QMLC5Z,James Ascencio,GTX Pro,Cheers,Won,2017-10-22,2017-11-01,4991,FALSE,TRUE,10
VCQBM844,James Ascencio,MG Advanced,Cheers,Won,2017-10-22,2017-10-30,3294,FALSE,TRUE,8
W5ABRRKC,Markita Hansen,GTX Plus Basic,Rantouch,Won,2017-10-22,2017-10-31,981,FALSE,TRUE,9
CTM8WFGW,Marty Freudenburg,GTX Plus Pro,Streethex,Won,2017-10-22,2017-10-23,6233,FALSE,TRUE,1
RFUJTKVO,Marty Freudenburg,MG Special,Domzoom,Won,2017-10-22,2017-11-28,55,FALSE,TRUE,37
LO2BMO33,Niesha Huffines,GTX Plus Pro,Conecom,Won,2017-10-22,2017-12-10,6142,FALSE,TRUE,49
OFEUX5PI,Vicki Laflamme,GTX Pro,Hatfan,Won,2017-10-22,2017-10-28,5190,FALSE,TRUE,6
TTYSSNJH,Cassey Cress,GTX Plus Basic,Gekko & Co,Won,2017-10-23,2017-11-01,1027,FALSE,TRUE,9
LROWI84G,Darcel Schlecht,GTX Plus Basic,Dontechi,Won,2017-10-23,2017-10-31,1237,FALSE,TRUE,8
IQAP70OD,Darcel Schlecht,GTX Plus Basic,Streethex,Won,2017-10-23,2017-10-29,965,FALSE,TRUE,6
JWWVG8KG,Darcel Schlecht,GTX Pro,Inity,Won,2017-10-23,2017-11-03,5729,FALSE,TRUE,11
7PEL3AIZ,Darcel Schlecht,GTX Pro,Isdom,Won,2017-10-23,2017-10-24,5685,FALSE,TRUE,1
NXQR7LX6,Darcel Schlecht,GTX Pro,Rundofase,Won,2017-10-23,2017-10-26,4024,FALSE,TRUE,3
JL358E5T,Donn Cantrell,GTX Basic,Silis,Won,2017-10-23,2017-12-12,511,FALSE,TRUE,50
4Z84VV2P,Kary Hendrixson,GTX Pro,Y-corporation,Won,2017-10-23,2017-11-05,4382,FALSE,TRUE,13
1SKNSG2B,Marty Freudenburg,GTX Plus Pro,Treequote,Won,2017-10-23,2017-10-30,5516,FALSE,TRUE,7
CUJIRCWV,Vicki Laflamme,MG Special,Condax,Won,2017-10-23,2017-12-28,51,FALSE,TRUE,66
OX0NE27G,Zane Levy,GTX Plus Basic,Kan-code,Won,2017-10-23,2017-10-31,1195,FALSE,TRUE,8
YT5GLR6D,Cassey Cress,MG Advanced,Kinnamplus,Won,2017-10-24,2017-11-02,3588,FALSE,TRUE,9
S3GVO59B,Darcel Schlecht,GTX Pro,Stanredtax,Won,2017-10-24,2017-12-01,5542,FALSE,TRUE,38
L8POFR0T,James Ascencio,MG Advanced,Finjob,Won,2017-10-24,2017-12-31,3296,FALSE,TRUE,68
MV7NPCI9,Jonathan Berthelot,GTX Basic,Betatech,Won,2017-10-24,2017-10-29,519,FALSE,TRUE,5
TSN98FPQ,Jonathan Berthelot,GTX Plus Basic,Betatech,Won,2017-10-24,2017-10-25,1243,FALSE,TRUE,1
PGG2DUPO,Lajuana Vencill,GTX Plus Basic,Ron-tech,Won,2017-10-24,2017-10-31,1133,FALSE,TRUE,7
S56NVD4M,Maureen Marcano,GTX Plus Pro,Dalttechnology,Won,2017-10-24,2017-11-10,4945,FALSE,TRUE,17
DSY9VD0O,Vicki Laflamme,GTX Basic,Cheers,Won,2017-10-24,2017-10-26,535,FALSE,TRUE,2
8W9YXI59,Anna Snelling,MG Special,Cancity,Won,2017-10-25,2017-11-26,59,FALSE,TRUE,32
YEH9VQCD,Daniell Hammack,GTX Basic,Condax,Won,2017-10-25,2017-10-27,526,FALSE,TRUE,2
35GT4NM9,Donn Cantrell,GTX Basic,Acme Corporation,Won,2017-10-25,2017-11-05,586,FALSE,TRUE,11
D4ABG4I1,Jonathan Berthelot,GTX Pro,Rundofase,Won,2017-10-25,2017-11-10,4356,FALSE,TRUE,16
EMK9P63G,Markita Hansen,GTX Basic,Condax,Won,2017-10-25,2017-10-26,566,FALSE,TRUE,1
7GWM1WT0,Moses Frase,GTX Basic,Hottechi,Won,2017-10-25,2017-12-30,537,FALSE,TRUE,66
U0XWF9TW,Violet Mclelland,MG Special,The New York Inquirer,Won,2017-10-25,2017-12-21,47,FALSE,TRUE,57
E8L9I3QP,Zane Levy,GTX Basic,Condax,Won,2017-10-25,2017-11-03,447,FALSE,TRUE,9
63S5SNBC,Anna Snelling,GTX Plus Basic,Domzoom,Won,2017-10-26,2017-10-27,1103,FALSE,TRUE,1
3PIPAOVU,Anna Snelling,MG Special,Finhigh,Won,2017-10-26,2017-12-28,57,FALSE,TRUE,63
UX9D17FS,Corliss Cosme,GTX Pro,Ontomedia,Won,2017-10-26,2017-11-04,4525,FALSE,TRUE,9
8UU0I29V,Elease Gluck,GTX Basic,Fasehatice,Won,2017-10-26,2017-10-28,504,FALSE,TRUE,2
UGAEAB27,Marty Freudenburg,GTX Pro,Scottech,Won,2017-10-26,2017-10-31,4377,FALSE,TRUE,5
U2JI00ER,Marty Freudenburg,MG Advanced,Betatech,Won,2017-10-26,2017-10-27,3353,FALSE,TRUE,1
O2CFE5KX,Maureen Marcano,MG Special,Fasehatice,Won,2017-10-26,2017-11-03,50,FALSE,TRUE,8
IE1N4OUS,Anna Snelling,GTX Plus Pro,Rundofase,Won,2017-10-27,2017-12-07,5269,FALSE,TRUE,41
A5IABHP1,Boris Faz,GTX Pro,Bioplex,Won,2017-10-27,2017-10-28,5275,FALSE,TRUE,1
GXQJVJQT,Corliss Cosme,GTX Basic,Mathtouch,Won,2017-10-27,2017-10-29,601,FALSE,TRUE,2
7TOPAQ9Y,Darcel Schlecht,MG Special,Finhigh,Won,2017-10-27,2017-12-29,53,FALSE,TRUE,63
7NJS374V,Elease Gluck,MG Special,Groovestreet,Won,2017-10-27,2017-11-10,46,FALSE,TRUE,14
PJJMVZAL,Jonathan Berthelot,GTX Basic,Treequote,Won,2017-10-27,2017-10-29,538,FALSE,TRUE,2
MFYR7SSG,Kami Bicknell,MG Special,Plexzap,Won,2017-10-27,2017-12-15,53,FALSE,TRUE,49
F2F1LPTA,Lajuana Vencill,MG Advanced,Dontechi,Won,2017-10-27,2017-11-03,3296,FALSE,TRUE,7
7FZMWZJT,Marty Freudenburg,MG Advanced,Isdom,Won,2017-10-27,2017-11-07,3561,FALSE,TRUE,11
8THGVJ52,Maureen Marcano,GTX Plus Pro,Singletechno,Won,2017-10-27,2017-11-06,5655,FALSE,TRUE,10
M827K2PI,Moses Frase,GTX Basic,Domzoom,Won,2017-10-27,2017-12-14,656,FALSE,TRUE,48
4ETZYSN3,Reed Clapper,MG Advanced,Donquadtech,Won,2017-10-27,2017-11-05,3258,FALSE,TRUE,9
SZDGWQLT,Rosalina Dieter,GTX Basic,Goodsilron,Won,2017-10-27,2017-11-12,577,FALSE,TRUE,16
YM5F751C,Versie Hillebrand,MG Special,Statholdings,Won,2017-10-27,2017-10-28,50,FALSE,TRUE,1
FRNGLIYS,Anna Snelling,MG Special,dambase,Won,2017-10-28,2017-10-29,66,FALSE,TRUE,1
OY08XJ2E,Corliss Cosme,GTX Plus Basic,Gekko & Co,Won,2017-10-28,2017-11-12,1079,FALSE,TRUE,15
H3K2E35I,Elease Gluck,GTK 500,Cheers,Won,2017-10-28,2017-10-29,27971,FALSE,TRUE,1
LB6S2ONR,Markita Hansen,GTX Basic,Y-corporation,Won,2017-10-28,2017-11-11,598,FALSE,TRUE,14
VMGCRSWP,Violet Mclelland,MG Special,Bluth Company,Won,2017-10-28,2017-11-14,61,FALSE,TRUE,17
DJY7S9AI,Zane Levy,MG Advanced,Plusstrip,Won,2017-10-28,2017-11-12,3082,FALSE,TRUE,15
TLAWJR5V,Corliss Cosme,GTX Plus Pro,Ontomedia,Won,2017-10-29,2017-11-11,5646,FALSE,TRUE,13
L3PLDC1Y,Darcel Schlecht,GTX Pro,Codehow,Won,2017-10-29,2017-10-30,4733,FALSE,TRUE,1
HMG6NWSR,Gladys Colclough,MG Advanced,Cancity,Won,2017-10-29,2017-12-30,2931,FALSE,TRUE,62
KNH4ZX85,Jonathan Berthelot,MG Special,Bioholding,Won,2017-10-29,2017-10-31,62,FALSE,TRUE,2
DDQ0MDYY,Zane Levy,GTX Pro,Green-Plus,Won,2017-10-29,2017-10-31,4178,FALSE,TRUE,2
HFER9GET,Cassey Cress,GTX Pro,Kinnamplus,Won,2017-10-30,2017-11-04,5239,FALSE,TRUE,5
005JS57S,Gladys Colclough,GTX Basic,Treequote,Won,2017-10-30,2017-11-11,539,FALSE,TRUE,12
TWDNQ9TX,Jonathan Berthelot,GTX Plus Basic,Rangreen,Won,2017-10-30,2017-10-31,973,FALSE,TRUE,1
P2YWZPES,Vicki Laflamme,GTX Basic,Konex,Won,2017-10-30,2017-11-04,622,FALSE,TRUE,5
XRMOUF1R,Boris Faz,MG Advanced,Condax,Won,2017-10-31,2017-11-07,4172,FALSE,TRUE,7
TL0UILCV,Cassey Cress,GTX Pro,Umbrella Corporation,Won,2017-10-31,2017-11-14,4529,FALSE,TRUE,14
FAS4V07H,Cassey Cress,MG Advanced,Konex,Won,2017-10-31,2017-12-10,2695,FALSE,TRUE,40
8MQPNCCU,Donn Cantrell,GTX Basic,Ganjaflex,Won,2017-10-31,2017-11-09,486,FALSE,TRUE,9
2DT70XCQ,Donn Cantrell,GTX Basic,Plussunin,Won,2017-10-31,2017-11-08,450,FALSE,TRUE,8
WXOL5HTS,Garret Kinder,GTX Plus Pro,Ontomedia,Won,2017-10-31,2017-11-08,6818,FALSE,TRUE,8
F15SU034,Gladys Colclough,MG Advanced,Condax,Won,2017-10-31,2017-12-21,3298,FALSE,TRUE,51
KLBW3TOH,Kami Bicknell,GTX Plus Pro,Goodsilron,Won,2017-10-31,2017-11-09,5512,FALSE,TRUE,9
ESNS1OS9,Kami Bicknell,GTX Plus Pro,Kan-code,Won,2017-10-31,2017-11-07,4742,FALSE,TRUE,7
HDUZC4G9,Kary Hendrixson,GTX Basic,Y-corporation,Won,2017-10-31,2017-11-02,653,FALSE,TRUE,2
0OXJ2HOP,Markita Hansen,MG Advanced,Dalttechnology,Won,2017-10-31,2017-11-11,4058,FALSE,TRUE,11
RCGBY4IA,Reed Clapper,GTX Basic,Condax,Won,2017-10-31,2017-11-01,553,FALSE,TRUE,1
MG3X7625,Cecily Lampkin,GTX Plus Pro,Isdom,Won,2017-11-01,2017-12-22,5504,FALSE,TRUE,51
8JR8LXEU,Gladys Colclough,MG Special,Betatech,Won,2017-11-01,2017-11-05,53,FALSE,TRUE,4
JRCD2VQY,Kami Bicknell,MG Advanced,Fasehatice,Won,2017-11-01,2017-11-06,3064,FALSE,TRUE,5
FXKBY5FR,Maureen Marcano,MG Advanced,Rantouch,Won,2017-11-01,2017-11-14,2866,FALSE,TRUE,13
GIDII30C,Vicki Laflamme,GTX Plus Basic,Lexiqvolax,Won,2017-11-01,2017-11-10,960,FALSE,TRUE,9
IVVBVNDH,Vicki Laflamme,MG Special,Nam-zim,Won,2017-11-01,2017-11-02,55,FALSE,TRUE,1
FBKK68G6,Boris Faz,GTX Pro,Donquadtech,Won,2017-11-02,2017-11-07,4155,FALSE,TRUE,5
VSMB0KJW,Donn Cantrell,GTX Basic,Bubba Gump,Won,2017-11-02,2017-11-28,532,FALSE,TRUE,26
UVS5WJRG,Jonathan Berthelot,GTX Basic,Cancity,Won,2017-11-02,2017-11-03,479,FALSE,TRUE,1
5HHFR0VZ,Markita Hansen,GTX Pro,Xx-holding,Won,2017-11-02,2017-11-29,4521,FALSE,TRUE,27
0DYZ71WX,Reed Clapper,GTX Basic,Ganjaflex,Won,2017-11-02,2017-11-16,585,FALSE,TRUE,14
9KV5GM4U,Vicki Laflamme,GTX Basic,Sonron,Won,2017-11-02,2017-11-06,430,FALSE,TRUE,4
IIZV9WFC,Jonathan Berthelot,GTX Basic,Genco Pura Olive Oil Company,Won,2017-11-03,2017-12-02,577,FALSE,TRUE,29
WTZ2AHNW,Marty Freudenburg,GTX Pro,Treequote,Won,2017-11-03,2017-12-18,4591,FALSE,TRUE,45
RQ5FNR4O,Maureen Marcano,GTX Basic,Groovestreet,Won,2017-11-03,2017-11-18,662,FALSE,TRUE,15
9BZBU2GY,Maureen Marcano,GTX Plus Pro,Plusstrip,Won,2017-11-03,2017-12-31,5091,FALSE,TRUE,58
1FMCUSFS,Boris Faz,GTX Plus Pro,Plussunin,Won,2017-11-04,2017-12-08,5737,FALSE,TRUE,34
ZQSSHSL7,Cassey Cress,GTX Basic,Donquadtech,Won,2017-11-04,2017-11-06,583,FALSE,TRUE,2
62UFJ4IQ,James Ascencio,GTX Plus Pro,Sunnamplex,Won,2017-11-04,2017-11-10,5031,FALSE,TRUE,6
D9LUG4D8,Reed Clapper,GTX Pro,Plussunin,Won,2017-11-04,2017-11-21,4237,FALSE,TRUE,17
YAVTI45C,Zane Levy,GTX Basic,Fasehatice,Won,2017-11-04,2017-12-12,481,FALSE,TRUE,38
XZUEXEUH,Anna Snelling,GTX Basic,Betatech,Won,2017-11-05,2017-11-09,480,FALSE,TRUE,4
6Z3EP424,Elease Gluck,MG Special,Nam-zim,Won,2017-11-05,2017-11-16,51,FALSE,TRUE,11
F98UFHM2,Gladys Colclough,MG Special,Gogozoom,Won,2017-11-05,2017-12-31,52,FALSE,TRUE,56
JB7JEEI5,James Ascencio,GTX Plus Basic,Sunnamplex,Won,2017-11-05,2017-11-22,1218,FALSE,TRUE,17
FQP39JQV,Kary Hendrixson,GTX Plus Pro,Plusstrip,Won,2017-11-05,2017-11-12,5681,FALSE,TRUE,7
3UA6O3NG,Reed Clapper,GTX Plus Pro,Konex,Won,2017-11-05,2017-11-07,6767,FALSE,TRUE,2
3ML02CAH,Versie Hillebrand,MG Special,Cancity,Won,2017-11-05,2017-11-11,61,FALSE,TRUE,6
9BMWYLQV,Zane Levy,MG Special,Scotfind,Won,2017-11-05,2017-11-17,62,FALSE,TRUE,12
VAD1MF34,Gladys Colclough,MG Special,Konmatfix,Won,2017-11-06,2017-12-19,48,FALSE,TRUE,43
WOD9UKMP,Cecily Lampkin,GTX Plus Basic,Stanredtax,Won,2017-11-07,2017-11-18,1059,FALSE,TRUE,11
T482GHJQ,Darcel Schlecht,GTX Pro,Konmatfix,Won,2017-11-07,2017-12-20,5031,FALSE,TRUE,43
JFIL5JU0,Lajuana Vencill,GTX Basic,dambase,Won,2017-11-07,2017-12-22,557,FALSE,TRUE,45
3GVL1I1G,Rosie Papadopoulos,MG Advanced,Bluth Company,Won,2017-11-07,2017-11-14,3426,FALSE,TRUE,7
72C58IRY,Cecily Lampkin,MG Advanced,Funholding,Won,2017-11-08,2017-11-26,2968,FALSE,TRUE,18
MMIYELAE,Gladys Colclough,GTX Plus Basic,Genco Pura Olive Oil Company,Won,2017-11-08,2017-11-19,1071,FALSE,TRUE,11
N22XN5IM,Kami Bicknell,GTX Plus Basic,Plusstrip,Won,2017-11-08,2017-12-04,1082,FALSE,TRUE,26
OTQTFK48,Kary Hendrixson,GTX Plus Basic,Plexzap,Won,2017-11-08,2017-11-11,1203,FALSE,TRUE,3
K6TJSGUB,Marty Freudenburg,GTX Plus Basic,Warephase,Won,2017-11-08,2017-11-17,985,FALSE,TRUE,9
CSXOYE1C,Niesha Huffines,GTX Plus Basic,Scottech,Won,2017-11-08,2017-11-20,1133,FALSE,TRUE,12
4ATO2S4S,Violet Mclelland,MG Special,Bubba Gump,Won,2017-11-08,2017-12-27,56,FALSE,TRUE,49
GCCBRJF8,Garret Kinder,GTX Plus Pro,Sumace,Won,2017-11-09,2017-11-27,4884,FALSE,TRUE,18
G7ZZG9DI,James Ascencio,GTX Basic,Kan-code,Won,2017-11-09,2017-11-22,443,FALSE,TRUE,13
TY9RBWLT,Kami Bicknell,GTX Basic,Goodsilron,Won,2017-11-09,2017-11-23,562,FALSE,TRUE,14
NNREN4Q5,Kami Bicknell,GTX Basic,Groovestreet,Won,2017-11-09,2017-11-21,437,FALSE,TRUE,12
49TIKZ5B,Kary Hendrixson,GTX Basic,Kan-code,Won,2017-11-09,2017-11-14,606,FALSE,TRUE,5
ZM1HKZRS,Markita Hansen,MG Special,Sonron,Won,2017-11-09,2017-12-10,56,FALSE,TRUE,31
04G3DK6T,Moses Frase,MG Special,Warephase,Won,2017-11-09,2017-11-21,54,FALSE,TRUE,12
C3KQJVDU,Corliss Cosme,GTX Basic,Acme Corporation,Won,2017-11-10,2017-11-18,577,FALSE,TRUE,8
F46Q34LY,Darcel Schlecht,GTX Pro,Ron-tech,Won,2017-11-10,2017-11-20,4480,FALSE,TRUE,10
5C13TAA8,Kary Hendrixson,GTX Plus Pro,Lexiqvolax,Won,2017-11-10,2017-12-22,6299,FALSE,TRUE,42
BFB6C54U,Kary Hendrixson,GTX Pro,Condax,Won,2017-11-10,2017-12-01,4673,FALSE,TRUE,21
VNJQD4Z7,Reed Clapper,GTX Plus Pro,Zathunicon,Won,2017-11-10,2017-12-29,4659,FALSE,TRUE,49
50OYB2YN,Corliss Cosme,GTX Plus Basic,Kinnamplus,Won,2017-11-11,2017-11-20,1180,FALSE,TRUE,9
T2G750N6,Jonathan Berthelot,MG Special,Treequote,Won,2017-11-11,2017-12-04,57,FALSE,TRUE,23
Y1JFDUVB,Versie Hillebrand,MG Special,Codehow,Won,2017-11-11,2017-12-20,48,FALSE,TRUE,39
7FCXBW1M,Violet Mclelland,MG Special,Bioplex,Won,2017-11-11,2017-11-13,51,FALSE,TRUE,2
V1458D23,Corliss Cosme,GTX Plus Basic,Umbrella Corporation,Won,2017-11-12,2017-11-13,1138,FALSE,TRUE,1
LJEAX51Q,Darcel Schlecht,MG Special,Streethex,Won,2017-11-12,2017-12-21,49,FALSE,TRUE,39
WPJ0AS7T,Gladys Colclough,GTX Basic,Genco Pura Olive Oil Company,Won,2017-11-12,2017-12-28,650,FALSE,TRUE,46
4J8IA9GL,Kary Hendrixson,GTX Basic,Lexiqvolax,Won,2017-11-12,2017-12-29,470,FALSE,TRUE,47
76RZPT87,Lajuana Vencill,GTX Basic,Isdom,Won,2017-11-12,2017-12-31,567,FALSE,TRUE,49
9E3UNPHY,Markita Hansen,MG Advanced,Newex,Won,2017-11-12,2017-12-25,3836,FALSE,TRUE,43
CQ8UELF8,Marty Freudenburg,GTX Plus Pro,Rangreen,Won,2017-11-12,2017-11-14,5916,FALSE,TRUE,2
4E5E9MYV,Maureen Marcano,GTX Plus Basic,Cheers,Won,2017-11-12,2017-11-22,938,FALSE,TRUE,10
24BCH90I,Maureen Marcano,GTX Plus Basic,Kan-code,Won,2017-11-12,2017-11-15,1124,FALSE,TRUE,3
LWVZKYI0,Versie Hillebrand,MG Special,Gogozoom,Won,2017-11-12,2017-12-01,61,FALSE,TRUE,19
8977L373,Wilburn Farren,MG Advanced,Mathtouch,Won,2017-11-12,2017-11-19,4011,FALSE,TRUE,7
50JIFEWD,Zane Levy,GTX Pro,Plusstrip,Won,2017-11-12,2017-11-17,5144,FALSE,TRUE,5
MTZQ55RH,Boris Faz,GTX Basic,Zotware,Won,2017-11-13,2017-11-24,493,FALSE,TRUE,11
AIBZQM42,Daniell Hammack,GTX Plus Basic,Kinnamplus,Won,2017-11-13,2017-11-20,1224,FALSE,TRUE,7
V8ELYA6F,Anna Snelling,GTX Plus Pro,Treequote,Won,2017-11-14,2017-11-15,5276,FALSE,TRUE,1
N3YVDYY2,Marty Freudenburg,GTX Plus Basic,Ron-tech,Won,2017-11-14,2017-11-23,947,FALSE,TRUE,9
SH1NTXPV,Violet Mclelland,MG Advanced,Kinnamplus,Won,2017-11-14,2017-11-29,3342,FALSE,TRUE,15
MKAKCFBQ,Boris Faz,GTX Plus Pro,Ganjaflex,Won,2017-11-15,2017-12-30,5610,FALSE,TRUE,45
RO8TURF5,Cassey Cress,GTX Basic,Donquadtech,Won,2017-11-15,2017-11-30,557,FALSE,TRUE,15
MDLJKQ5B,Darcel Schlecht,GTX Pro,dambase,Won,2017-11-15,2017-11-30,5600,FALSE,TRUE,15
7OIR36P2,Donn Cantrell,GTX Pro,Acme Corporation,Won,2017-11-15,2017-12-27,4980,FALSE,TRUE,42
B5OXRZTT,Zane Levy,GTX Basic,Kan-code,Won,2017-11-15,2017-11-25,530,FALSE,TRUE,10
FX1RWO67,Anna Snelling,MG Advanced,Hottechi,Won,2017-11-16,2017-12-31,3300,FALSE,TRUE,45
2AGA3ALY,Hayden Neloms,MG Advanced,Konex,Won,2017-11-16,2017-11-20,3664,FALSE,TRUE,4
PBGAZKMQ,Jonathan Berthelot,GTX Basic,Stanredtax,Won,2017-11-16,2017-11-22,575,FALSE,TRUE,6
20NZO7TT,Maureen Marcano,MG Advanced,J-Texon,Won,2017-11-16,2017-12-01,3271,FALSE,TRUE,15
6NWIZG2N,Reed Clapper,GTX Plus Basic,Mathtouch,Won,2017-11-16,2017-11-24,1035,FALSE,TRUE,8
90D20NZU,Darcel Schlecht,GTX Plus Pro,Inity,Won,2017-11-17,2017-11-24,4880,FALSE,TRUE,7
P214KAH8,Donn Cantrell,MG Advanced,Yearin,Won,2017-11-17,2017-11-29,3644,FALSE,TRUE,12
HEMKK91Z,Elease Gluck,MG Advanced,Plusstrip,Won,2017-11-17,2017-12-13,3538,FALSE,TRUE,26
BI36TLO5,Reed Clapper,GTX Pro,Bubba Gump,Won,2017-11-17,2017-12-06,4154,FALSE,TRUE,19
TYQFCQBN,Rosie Papadopoulos,GTX Pro,Donware,Won,2017-11-17,2017-11-26,4620,FALSE,TRUE,9
DH4WEPQ5,Versie Hillebrand,GTX Plus Pro,Domzoom,Won,2017-11-17,2017-11-18,5653,FALSE,TRUE,1
VM6SAQYT,Violet Mclelland,MG Special,Donquadtech,Won,2017-11-17,2017-11-26,65,FALSE,TRUE,9
E2LVAU2T,Zane Levy,GTX Basic,Newex,Won,2017-11-17,2017-12-05,497,FALSE,TRUE,18
CNAOGH7N,Boris Faz,GTX Pro,Sumace,Won,2017-11-18,2017-12-07,4645,FALSE,TRUE,19
0ONK3WET,Cassey Cress,GTX Pro,Massive Dynamic,Won,2017-11-18,2017-11-21,4243,FALSE,TRUE,3
UIE5G6GW,Darcel Schlecht,GTX Pro,Cancity,Won,2017-11-18,2017-11-29,4617,FALSE,TRUE,11
GB6C2UK5,Elease Gluck,GTK 500,Xx-holding,Won,2017-11-18,2017-12-04,29220,FALSE,TRUE,16
820NH7ZA,Kami Bicknell,GTX Basic,Konex,Won,2017-11-18,2017-12-04,643,FALSE,TRUE,16
5SJP2J1J,Boris Faz,GTX Plus Basic,Mathtouch,Won,2017-11-19,2017-11-20,886,FALSE,TRUE,1
R5V9DX5U,Cecily Lampkin,MG Advanced,Rangreen,Won,2017-11-19,2017-11-28,3206,FALSE,TRUE,9
PGCWLU4L,Daniell Hammack,GTX Basic,Gekko & Co,Won,2017-11-19,2017-11-20,678,FALSE,TRUE,1
RVI6ARFW,Darcel Schlecht,GTX Basic,Funholding,Won,2017-11-19,2017-11-20,549,FALSE,TRUE,1
QVWPMJ8R,Donn Cantrell,GTX Plus Pro,Kan-code,Won,2017-11-19,2017-11-28,6540,FALSE,TRUE,9
KU4GX1KD,Niesha Huffines,GTX Basic,Isdom,Won,2017-11-19,2017-11-28,662,FALSE,TRUE,9
GSE8QWMU,Vicki Laflamme,GTX Pro,Finjob,Won,2017-11-19,2017-11-24,4540,FALSE,TRUE,5
6MTK51P5,Anna Snelling,MG Special,Rundofase,Won,2017-11-20,2017-11-29,52,FALSE,TRUE,9
T58EDFV0,Kami Bicknell,GTX Basic,Goodsilron,Won,2017-11-20,2017-12-08,504,FALSE,TRUE,18
C09PGOZG,Kary Hendrixson,GTX Basic,Kan-code,Won,2017-11-20,2017-12-04,589,FALSE,TRUE,14
IG9RPWOZ,Moses Frase,GTX Plus Pro,Stanredtax,Won,2017-11-20,2017-12-09,5756,FALSE,TRUE,19
3GFZ7SN4,Moses Frase,MG Advanced,Streethex,Won,2017-11-20,2017-11-23,3161,FALSE,TRUE,3
DC1E84LC,Wilburn Farren,GTX Plus Pro,Umbrella Corporation,Won,2017-11-20,2017-12-08,5209,FALSE,TRUE,18
EQIV6PMF,Cecily Lampkin,MG Special,dambase,Won,2017-11-21,2017-12-08,58,FALSE,TRUE,17
SK3A12HI,Corliss Cosme,MG Special,Massive Dynamic,Won,2017-11-21,2017-12-21,57,FALSE,TRUE,30
F28BOUE5,Donn Cantrell,GTX Pro,Bubba Gump,Won,2017-11-21,2017-12-10,5466,FALSE,TRUE,19
9E3H6ONP,James Ascencio,GTX Plus Pro,Lexiqvolax,Won,2017-11-21,2017-11-25,6932,FALSE,TRUE,4
FVTCAFCL,Kary Hendrixson,GTX Basic,Newex,Won,2017-11-21,2017-12-22,597,FALSE,TRUE,31
33JYWJ1X,Maureen Marcano,GTX Basic,Cheers,Won,2017-11-21,2017-12-29,619,FALSE,TRUE,38
L11T0DYF,Vicki Laflamme,MG Advanced,Faxquote,Won,2017-11-21,2017-12-01,2590,FALSE,TRUE,10
WAEWV7YD,Cassey Cress,GTX Basic,Yearin,Won,2017-11-22,2017-12-07,609,FALSE,TRUE,15
3RJPZ634,Corliss Cosme,GTX Pro,Konex,Won,2017-11-22,2017-12-06,4492,FALSE,TRUE,14
U0XDMZK8,Violet Mclelland,MG Special,Kan-code,Won,2017-11-22,2017-12-05,47,FALSE,TRUE,13
6AT4VS58,Kary Hendrixson,GTX Basic,Sonron,Won,2017-11-23,2017-12-08,484,FALSE,TRUE,15
Z7GJE1K0,Rosalina Dieter,MG Special,Dalttechnology,Won,2017-11-23,2017-12-07,49,FALSE,TRUE,14
N6ZLW0OG,Cassey Cress,GTX Plus Basic,Ganjaflex,Won,2017-11-24,2017-12-05,927,FALSE,TRUE,11
IJ2CLOLZ,Daniell Hammack,GTX Pro,Acme Corporation,Won,2017-11-24,2017-12-09,4445,FALSE,TRUE,15
K4N74V6U,Darcel Schlecht,GTX Pro,Codehow,Won,2017-11-24,2017-12-04,5110,FALSE,TRUE,10
H7GFLCDH,Elease Gluck,MG Special,Blackzim,Won,2017-11-24,2017-12-18,62,FALSE,TRUE,24
0QMOIDET,James Ascencio,GTX Plus Basic,Konex,Won,2017-11-24,2017-12-11,1049,FALSE,TRUE,17
33JWQH71,Kami Bicknell,GTX Plus Basic,Labdrill,Won,2017-11-24,2017-12-05,885,FALSE,TRUE,11
7ACIXBSY,Violet Mclelland,MG Advanced,Gekko & Co,Won,2017-11-24,2017-12-05,3612,FALSE,TRUE,11
MEIBOSW7,Wilburn Farren,GTX Pro,Zencorporation,Won,2017-11-24,2017-11-29,5106,FALSE,TRUE,5
NBUHFAKW,Anna Snelling,MG Advanced,Genco Pura Olive Oil Company,Won,2017-11-25,2017-12-28,2477,FALSE,TRUE,33
RDZ2FC3A,Darcel Schlecht,GTX Basic,Warephase,Won,2017-11-25,2017-12-11,537,FALSE,TRUE,16
R7GYOI0M,James Ascencio,GTX Plus Pro,Hatfan,Won,2017-11-25,2017-12-10,5547,FALSE,TRUE,15
Z1IF1M5M,Moses Frase,GTX Plus Basic,Konmatfix,Won,2017-11-25,2017-11-29,1001,FALSE,TRUE,4
H0HDYIYJ,Wilburn Farren,GTX Pro,Umbrella Corporation,Won,2017-11-25,2017-11-29,5077,FALSE,TRUE,4
EBMBP7JQ,Anna Snelling,MG Advanced,dambase,Won,2017-11-26,2017-12-07,3844,FALSE,TRUE,11
20048JO2,Corliss Cosme,GTX Plus Basic,Opentech,Won,2017-11-26,2017-12-14,1204,FALSE,TRUE,18
Y3EVBV53,Gladys Colclough,GTX Basic,Stanredtax,Won,2017-11-26,2017-12-07,562,FALSE,TRUE,11
YA8CL4UM,Kami Bicknell,GTX Basic,Sunnamplex,Won,2017-11-26,2017-12-01,460,FALSE,TRUE,5
43WRAJ1I,Versie Hillebrand,MG Special,Rundofase,Won,2017-11-26,2017-12-11,66,FALSE,TRUE,15
DA7BZMMO,Versie Hillebrand,MG Advanced,Cancity,Won,2017-11-26,2017-12-12,3309,FALSE,TRUE,16
348COZ5O,Darcel Schlecht,GTX Pro,Genco Pura Olive Oil Company,Won,2017-11-27,2017-11-30,4888,FALSE,TRUE,3
GLUYX9KN,Hayden Neloms,GTX Plus Basic,J-Texon,Won,2017-11-27,2017-12-12,1192,FALSE,TRUE,15
WE03969I,Donn Cantrell,GTX Plus Basic,Gekko & Co,Won,2017-11-28,2017-12-09,1131,FALSE,TRUE,11
3SOLZEZX,Hayden Neloms,GTX Plus Pro,Goodsilron,Won,2017-11-28,2017-12-12,5702,FALSE,TRUE,14
MAA6TJMM,Kami Bicknell,GTX Basic,Cheers,Won,2017-11-28,2017-12-13,563,FALSE,TRUE,15
0DY00J6O,Maureen Marcano,GTX Plus Pro,Xx-holding,Won,2017-11-28,2017-12-11,5886,FALSE,TRUE,13
RCDG00F7,Zane Levy,GTX Basic,Rantouch,Won,2017-11-28,2017-12-04,601,FALSE,TRUE,6
XAKK81WB,Elease Gluck,MG Special,Sonron,Won,2017-11-29,2017-12-18,58,FALSE,TRUE,19
B6CHA7CX,Hayden Neloms,MG Special,Blackzim,Won,2017-11-29,2017-12-14,58,FALSE,TRUE,15
V263VR1Y,Hayden Neloms,MG Advanced,Finjob,Won,2017-11-29,2017-12-14,3285,FALSE,TRUE,15
A2PTJA6G,Reed Clapper,MG Advanced,Plussunin,Won,2017-11-29,2017-12-08,3494,FALSE,TRUE,9
MDK5NQJA,Donn Cantrell,GTX Plus Pro,Initech,Won,2017-11-30,2017-12-14,5204,FALSE,TRUE,14
GB1K3Y4Y,Garret Kinder,GTX Basic,The New York Inquirer,Won,2017-11-30,2017-12-15,579,FALSE,TRUE,15
KKOU11ZD,Kary Hendrixson,GTX Plus Basic,Cheers,Won,2017-11-30,2017-12-14,1195,FALSE,TRUE,14
KHZ3IOKH,Lajuana Vencill,GTX Plus Pro,Streethex,Won,2017-11-30,2017-12-29,6340,FALSE,TRUE,29
Q34UWP01,Wilburn Farren,GTX Plus Basic,Zathunicon,Won,2017-11-30,2017-12-19,1179,FALSE,TRUE,19
X70BM5FO,Anna Snelling,GTX Plus Basic,Condax,Won,2017-12-01,2017-12-22,1243,FALSE,TRUE,21
NCF02FA5,Elease Gluck,GTX Plus Basic,Zoomit,Won,2017-12-01,2017-12-15,953,FALSE,TRUE,14
XF54BYUH,Moses Frase,GTX Plus Pro,Genco Pura Olive Oil Company,Won,2017-12-01,2017-12-09,5619,FALSE,TRUE,8
7L89U5DU,Hayden Neloms,MG Advanced,Plexzap,Won,2017-12-02,2017-12-20,3547,FALSE,TRUE,18
KNN6C4O3,Kami Bicknell,GTX Pro,Green-Plus,Won,2017-12-02,2017-12-15,4899,FALSE,TRUE,13
CXAEFADQ,Kary Hendrixson,GTX Plus Basic,Singletechno,Won,2017-12-02,2017-12-20,993,FALSE,TRUE,18
G6433A35,James Ascencio,MG Special,Doncon,Won,2017-12-03,2017-12-10,54,FALSE,TRUE,7
TJJFAU52,Rosie Papadopoulos,MG Special,Initech,Won,2017-12-03,2017-12-24,58,FALSE,TRUE,21
JCJ5PJDH,Anna Snelling,MG Special,Hottechi,Won,2017-12-04,2017-12-13,57,FALSE,TRUE,9
MG3ZJ8F3,Gladys Colclough,GTX Plus Basic,Inity,Won,2017-12-04,2017-12-11,1110,FALSE,TRUE,7
R892OD1B,Versie Hillebrand,MG Special,Rundofase,Won,2017-12-04,2017-12-08,57,FALSE,TRUE,4
9WUYZLBE,Zane Levy,MG Special,Nam-zim,Won,2017-12-04,2017-12-15,64,FALSE,TRUE,11
RV7ERUUT,Boris Faz,GTX Plus Pro,Zotware,Won,2017-12-05,2017-12-07,5172,FALSE,TRUE,2
I6FIZ2S5,Niesha Huffines,GTX Plus Pro,Funholding,Won,2017-12-05,2017-12-19,6141,FALSE,TRUE,14
7EYDG0CV,Anna Snelling,MG Special,Statholdings,Won,2017-12-06,2017-12-14,56,FALSE,TRUE,8
UFAABKQJ,Cecily Lampkin,GTX Basic,Dontechi,Won,2017-12-06,2017-12-12,515,FALSE,TRUE,6
7ZU2A8L1,Donn Cantrell,GTX Basic,Donware,Won,2017-12-06,2017-12-23,698,FALSE,TRUE,17
O1HKZ4ZF,Donn Cantrell,GTX Basic,Yearin,Won,2017-12-06,2017-12-30,481,FALSE,TRUE,24
A2OLLGWZ,Versie Hillebrand,MG Special,Rangreen,Won,2017-12-06,2017-12-14,49,FALSE,TRUE,8
WKIRY6KE,Kary Hendrixson,GTX Plus Basic,Xx-holding,Won,2017-12-07,2017-12-18,1111,FALSE,TRUE,11
EJYFAV40,Marty Freudenburg,GTX Plus Pro,Toughzap,Won,2017-12-07,2017-12-28,5862,FALSE,TRUE,21
8A1EB728,Rosalina Dieter,MG Special,J-Texon,Won,2017-12-07,2017-12-16,54,FALSE,TRUE,9
2KWQ6RAZ,Anna Snelling,MG Special,Cancity,Won,2017-12-08,2017-12-18,60,FALSE,TRUE,10
YY4VFPND,Kary Hendrixson,GTX Plus Basic,Golddex,Won,2017-12-08,2017-12-29,1168,FALSE,TRUE,21
RYLBEZ4N,Violet Mclelland,MG Special,Gekko & Co,Won,2017-12-08,2017-12-18,48,FALSE,TRUE,10
Y4UIUIEG,Cecily Lampkin,GTX Plus Basic,Cancity,Won,2017-12-09,2017-12-24,986,FALSE,TRUE,15
1HG8VLHU,Cecily Lampkin,MG Advanced,Toughzap,Won,2017-12-09,2017-12-16,3843,FALSE,TRUE,7
0OJE7J6C,Corliss Cosme,GTX Plus Pro,Gekko & Co,Won,2017-12-09,2017-12-17,5143,FALSE,TRUE,8
OCVCCWPQ,Gladys Colclough,MG Special,Codehow,Won,2017-12-09,2017-12-24,52,FALSE,TRUE,15
S2KBTW2O,James Ascencio,GTX Plus Pro,Scotfind,Won,2017-12-09,2017-12-23,5576,FALSE,TRUE,14
QJ9H7Y8W,Kami Bicknell,MG Special,Sunnamplex,Won,2017-12-09,2017-12-18,59,FALSE,TRUE,9
FNA51WN6,Kary Hendrixson,GTX Pro,J-Texon,Won,2017-12-09,2017-12-27,4178,FALSE,TRUE,18
921APYA3,Markita Hansen,GTX Plus Basic,Lexiqvolax,Won,2017-12-09,2017-12-25,1192,FALSE,TRUE,16
CPC83NKN,Niesha Huffines,GTX Plus Basic,Conecom,Won,2017-12-09,2017-12-24,1047,FALSE,TRUE,15
TBS5Y874,Reed Clapper,GTX Plus Pro,Kan-code,Won,2017-12-09,2017-12-17,6456,FALSE,TRUE,8
7GXUCFW5,Darcel Schlecht,GTX Pro,Inity,Won,2017-12-10,2017-12-17,4755,FALSE,TRUE,7
E66UG7VC,Maureen Marcano,MG Special,Y-corporation,Won,2017-12-10,2017-12-25,55,FALSE,TRUE,15
7IAHPFT9,Vicki Laflamme,MG Advanced,Faxquote,Won,2017-12-10,2017-12-18,3078,FALSE,TRUE,8
04AOWMXV,Anna Snelling,GTX Basic,Codehow,Won,2017-12-11,2017-12-28,537,FALSE,TRUE,17
XZ9YR78K,Gladys Colclough,GTX Plus Basic,Hottechi,Won,2017-12-11,2017-12-18,1220,FALSE,TRUE,7
WZKN6PO4,Markita Hansen,MG Special,Finjob,Won,2017-12-11,2017-12-21,53,FALSE,TRUE,10
WQSUMJRZ,Versie Hillebrand,MG Special,Scottech,Won,2017-12-11,2017-12-18,60,FALSE,TRUE,7
1RIO9PCD,Vicki Laflamme,GTX Basic,Hottechi,Won,2017-12-11,2017-12-29,494,FALSE,TRUE,18
TQV7CO87,Jonathan Berthelot,GTX Basic,Genco Pura Olive Oil Company,Won,2017-12-12,2017-12-18,480,FALSE,TRUE,6
AUJE7IZR,Maureen Marcano,GTX Plus Basic,Hottechi,Won,2017-12-12,2017-12-26,1075,FALSE,TRUE,14
TVU1PQEL,Jonathan Berthelot,GTX Plus Basic,Conecom,Won,2017-12-13,2017-12-28,1166,FALSE,TRUE,15
3RGNKYWW,Kary Hendrixson,GTX Plus Basic,Hatfan,Won,2017-12-13,2017-12-26,921,FALSE,TRUE,13
HNCSYU4T,Markita Hansen,MG Advanced,Faxquote,Won,2017-12-13,2017-12-27,3442,FALSE,TRUE,14
1PXQZ40I,Versie Hillebrand,MG Advanced,Zumgoity,Won,2017-12-13,2017-12-27,3735,FALSE,TRUE,14
FYAVINLC,Vicki Laflamme,MG Special,Finjob,Won,2017-12-13,2017-12-17,50,FALSE,TRUE,4
60JGDDRO,Darcel Schlecht,GTX Pro,Domzoom,Won,2017-12-14,2017-12-19,5052,FALSE,TRUE,5
X4XN0M8A,Kary Hendrixson,MG Special,Hatfan,Won,2017-12-14,2017-12-30,44,FALSE,TRUE,16
USJ0JACE,Violet Mclelland,GTX Plus Basic,Massive Dynamic,Won,2017-12-14,2017-12-16,960,FALSE,TRUE,2
2SMQAWOA,Boris Faz,GTX Plus Pro,Zotware,Won,2017-12-15,2017-12-30,6469,FALSE,TRUE,15
JAYXM4QB,Maureen Marcano,GTX Plus Basic,Cheers,Won,2017-12-15,2017-12-19,914,FALSE,TRUE,4
19MLD9YF,Rosalina Dieter,MG Advanced,J-Texon,Won,2017-12-16,2017-12-24,3379,FALSE,TRUE,8
PLQ50D2O,Anna Snelling,MG Advanced,Domzoom,Won,2017-12-17,2017-12-26,3240,FALSE,TRUE,9
3VPQNW5Y,James Ascencio,GTX Plus Basic,Cheers,Won,2017-12-17,2017-12-31,1007,FALSE,TRUE,14
FXYOCA0G,Markita Hansen,MG Special,J-Texon,Won,2017-12-17,2017-12-28,54,FALSE,TRUE,11
SK30SEKS,Rosalina Dieter,MG Special,Golddex,Won,2017-12-17,2017-12-25,49,FALSE,TRUE,8
T1GPPZXH,Violet Mclelland,MG Special,Konex,Won,2017-12-17,2017-12-24,55,FALSE,TRUE,7
WL31FAI3,Zane Levy,GTX Pro,Blackzim,Won,2017-12-17,2017-12-26,5196,FALSE,TRUE,9
6SNUFVQP,Anna Snelling,MG Special,Rundofase,Won,2017-12-18,2017-12-31,54,FALSE,TRUE,13
5U83YWZB,Elease Gluck,GTX Pro,Doncon,Won,2017-12-18,2017-12-26,4953,FALSE,TRUE,8
ZFXYBJEY,Wilburn Farren,MG Advanced,Zotware,Won,2017-12-18,2017-12-24,3155,FALSE,TRUE,6
6GBGF19R,Rosie Papadopoulos,GTX Pro,Plussunin,Won,2017-12-19,2017-12-30,4566,FALSE,TRUE,11
5XADPM6R,Versie Hillebrand,MG Special,Bioholding,Won,2017-12-19,2017-12-28,58,FALSE,TRUE,9
YZX90X8X,Wilburn Farren,GTX Pro,Umbrella Corporation,Won,2017-12-19,2017-12-28,4315,FALSE,TRUE,9
9M88QXFW,Rosie Papadopoulos,GTX Pro,Vehement Capital Partners,Won,2017-12-20,2017-12-29,5574,FALSE,TRUE,9
B50N6RL3,Gladys Colclough,MG Advanced,Genco Pura Olive Oil Company,Won,2017-12-21,2017-12-30,3494,FALSE,TRUE,9
HLXSEMXV,Kami Bicknell,MG Special,Doncon,Won,2017-12-21,2017-12-28,50,FALSE,TRUE,7
MPMG4JTY,Vicki Laflamme,MG Special,Hottechi,Won,2017-12-21,2017-12-28,61,FALSE,TRUE,7
MSN4ZNU6,Violet Mclelland,MG Advanced,Betasoloin,Won,2017-12-22,2017-12-28,3673,FALSE,TRUE,6
3MXS2HRE,Cassey Cress,GTX Basic,Ganjaflex,Won,2017-12-23,2017-12-31,576,FALSE,TRUE,8
1YBATFAY,James Ascencio,GTX Basic,Singletechno,Won,2017-12-24,2017-12-26,538,FALSE,TRUE,2
2EBLR9N8,Lajuana Vencill,GTX Basic,Conecom,Won,2017-12-24,2017-12-26,622,FALSE,TRUE,2
VDGA4KXA,Violet Mclelland,GTX Plus Basic,Bluth Company,Won,2017-12-24,2017-12-30,1093,FALSE,TRUE,6
6WCNNK5J,Maureen Marcano,GTX Pro,Hottechi,Won,2017-12-26,2017-12-29,4433,FALSE,TRUE,3
YJTQSZ9D,Gladys Colclough,GTX Plus Basic,Inity,Won,2017-12-27,2017-12-30,1052,FALSE,TRUE,3
RB8GDYFY,Gladys Colclough,MG Special,Betatech,Won,2017-12-27,2017-12-29,67,FALSE,TRUE,2
